index,x,y,orientation
0,3.868748014569787e-07,8.000000287404026,-1.569999843442225
1,-1.667041737545711e-07,7.999991579279231,-1.5699989252621194
2,-8.725887871795005e-07,7.999970293241552,-1.5699973182772593
3,-1.2884614809025761e-06,7.99995543586367,-1.5699962119960276
4,-1.7417975216318148e-06,7.999937857335285,-1.569994887129672
5,-2.5680591049952433e-06,7.9999040092557845,-1.5699911875815606
6,-3.4944708382086243e-06,7.999883260234589,-1.5699861814131435
7,-4.477321508608779e-06,7.999875773560441,-1.5699805170078718
8,-5.475080520329274e-06,7.999881566927174,-1.5699747536887052
9,-6.458629970688193e-06,7.999900655118678,-1.5699693817252502
10,-5.9722705763241125e-06,7.999926902002499,-1.5699654731769488
11,-5.588079214108402e-06,7.999941698715991,-1.5699626639323823
12,-5.6038371024054185e-06,7.999943065648084,-1.5699601635714209
13,-5.860427701878069e-06,7.999932096173684,-1.5699576590021063
14,-5.893546566064933e-06,7.99990988456705,-1.5699544575683613
15,-4.924689108729747e-06,7.9998905817498684,-1.5699508583196586
16,-4.608891199311826e-06,7.999884490014128,-1.5699464140933137
17,-4.729685417554851e-06,7.999891661328589,-1.569941623823386
18,-2.4252451414897704e-06,7.999904948879657,-1.5699381237255747
19,-5.722366164902817e-07,7.999908625345838,-1.5699353951302337
20,5.951102903225392e-07,7.999900520804627,-1.5699330461273593
21,7.694805903516872e-07,7.999890075849664,-1.569929869050506
22,-3.704411936130889e-07,7.999887010077624,-1.569925522644816
23,-1.4761843722629848e-08,7.999889444242086,-1.5699218247048028
24,5.259223012708765e-07,7.999890767980132,-1.5699182945400385
25,2.1314288131860814e-07,7.999887962678,-1.5699145861540147
26,-2.2205850897009662e-07,7.99988339630113,-1.5699107843501572
27,-2.9216357272454857e-07,7.999881647706012,-1.569908905238761
28,-5.406429579980751e-08,7.999879685584173,-1.569905250132514
29,9.488013012820476e-08,7.999879388066385,-1.5699034374527439
30,1.9581826413195653e-07,7.99987908637558,-1.5699016177594851
31,2.2338763479390062e-07,7.999877796790885,-1.5698980432507312
32,8.805032652829491e-08,7.9998753609720765,-1.5698943731132013
33,-1.0742287484552608e-09,7.9998726795588775,-1.569890568311709
34,4.357280558469205e-08,7.999870512598973,-1.5698868133227561
35,1.0609665180032333e-07,7.999868896951352,-1.5698830708690423
36,6.119849410850967e-08,7.999867188511276,-1.5698793106932318
37,4.1094928198603744e-08,7.999865068363674,-1.5698755745374697
38,6.627362179668203e-08,7.999862919685694,-1.5698718735314419
39,2.945357314545079e-08,7.999860798484512,-1.5698681347973271
40,5.702771761831265e-09,7.9998588559848764,-1.5698643880701684
41,-4.117851059191173e-08,7.999857027842717,-1.5698606474495107
42,8.595579756328033e-08,7.999854976520989,-1.5698569879089779
43,1.5127636593120794e-07,7.999852972598941,-1.5698533034068327
44,-2.208851339729989e-08,7.999850822069696,-1.569849507332247
45,-1.0979911216124787e-07,7.999848891564072,-1.5698457497174894
46,9.900467618428042e-09,7.999846898170581,-1.5698420787937946
47,1.5774703256585737e-07,7.999844978275785,-1.5698384391273594
48,1.6506815142570804e-07,7.999842888692486,-1.5698347296510404
49,6.004271198606372e-08,7.999840918193933,-1.569830971480762
50,1.1759462811277393e-08,7.999838885764248,-1.5698272299091518
51,1.005407480918256e-07,7.9998369507273415,-1.569823554565773
52,1.4019017869782618e-07,7.999833869636624,-1.5698179950756648
53,8.448584436389652e-08,7.99983196273283,-1.5698142586650403
54,3.537818338910398e-08,7.999829890077986,-1.5698105121390238
55,6.394899629703611e-08,7.999827929949402,-1.5698068117235267
56,9.977658223528315e-08,7.999826927468198,-1.5698049678033235
57,1.4596732997337792e-07,7.999824861278709,-1.5698012795621772
58,2.0146619111483481e-07,7.999822879942654,-1.5697975881817534
59,1.8042794240479838e-07,7.999820888856188,-1.5697938689843578
60,1.2764208767625194e-07,7.999818941776219,-1.5697901266815226
61,5.5757955298552675e-08,7.9998168671423056,-1.5697863737435538
62,4.185242755160442e-08,7.999815917097114,-1.5697845163160922
63,9.231526363986688e-08,7.999814930532345,-1.5697826742236112
64,1.2107292250376617e-07,7.999812849421015,-1.5697789698495364
65,1.3688308913795978e-07,7.999811922669842,-1.569777123713725
66,1.280473733114177e-07,7.999810935265292,-1.5697752614812004
67,1.0851820897397507e-07,7.999808871058004,-1.5697715300262987
68,9.096769706210885e-08,7.999806927232466,-1.5697678099766574
69,8.094513834764076e-08,7.999804821074096,-1.569764084909732
70,9.43888558256304e-08,7.999802916765734,-1.5697603737590407
71,1.4322870818937925e-07,7.9998008719867615,-1.5697566733233337
72,1.1074190370771136e-07,7.9997989254638,-1.569752950004515
73,9.618407054126271e-08,7.999797909960936,-1.569751077603545
74,5.4823685531828394e-08,7.999795871567999,-1.5697473429961688
75,8.477158361796531e-08,7.9997938792913015,-1.5697436372937537
76,1.5718906382868426e-07,7.999791878365021,-1.569739955285632
77,1.7293182531694705e-07,7.999789920683588,-1.5697362464550555
78,1.4905500723187475e-07,7.999787864321735,-1.569732520199011
79,8.232221625883101e-08,7.999785912247986,-1.569728770029579
80,3.617966239520737e-08,7.999783832812586,-1.5697250261317648
81,9.432963718931695e-08,7.9997818878241125,-1.5697213379133024
82,1.377494429761184e-07,7.999779804826539,-1.569717638476558
83,1.5302437429991223e-07,7.9997778995813595,-1.5697139335534218
84,1.361180744478334e-07,7.999774874315264,-1.5697083485660155
85,1.1684090206909372e-07,7.999772866076126,-1.5697046224428017
86,1.2327952256396615e-07,7.999770874996131,-1.56970091008651
87,1.5188932473886766e-07,7.9997688738653165,-1.5696972023611855
88,1.5769344148757916e-07,7.999766862603717,-1.5696934931181592
89,1.623765513187328e-07,7.999764854446646,-1.5696897760891781
90,1.8456167216266101e-07,7.999761888894428,-1.5696842063306502
91,1.391092196376914e-07,7.999759796829012,-1.5696804709970453
92,1.1466510185288548e-07,7.999756831229626,-1.569674886383302
93,2.12238669852933e-07,7.999754858697077,-1.5696712138207427
94,1.8463852627643878e-07,7.999752863743762,-1.5696674855591248
95,1.0660576614228743e-07,7.999750807134426,-1.5696637298527845
96,6.936455748912073e-08,7.999748815926532,-1.5696599952002284
97,1.2638411369471656e-07,7.999747794494002,-1.5696581566761978
98,1.5138142167264286e-07,7.999746811383555,-1.5696563097331586
99,1.98522364695266e-07,7.999744844456247,-1.5696526092338556
100,1.856493060120126e-07,7.999743821493395,-1.5696507492288103
101,1.6114801122958727e-07,7.999741886444827,-1.569647021570932
102,2.3563675807662716e-07,7.999739846937454,-1.569643339184248
103,2.4200817722217027e-07,7.999737813086361,-1.5696396335824478
104,1.7601389440418834e-07,7.999735836576035,-1.5696358853627677
105,1.4449711549503662e-07,7.999733815703416,-1.5696321560688138
106,1.9093624711513407e-07,7.9997328444324625,-1.5696303128344407
107,2.1206421389967037e-07,7.999730800110001,-1.5696266041263351
108,1.7464769891897636e-07,7.999728829054524,-1.5696228730741628
109,1.4756164999416843e-07,7.999726803465037,-1.5696191451959354
110,2.326839804414707e-07,7.9997248111007515,-1.5696154674676572
111,2.5122874508817333e-07,7.999722818737148,-1.5696117617731526
112,2.33706463662188e-07,7.999720773086993,-1.569608037371137
113,2.2385247490134275e-07,7.999718797309804,-1.569604317301643
114,2.1441486561945035e-07,7.999716828008298,-1.5696005905487032
115,1.3808325491775647e-07,7.999714802305039,-1.5695968434285277
116,1.9725191452496064e-07,7.999712761932862,-1.5695931495019397
117,2.2586044872060867e-07,7.99971075699562,-1.5695894459820907
118,2.725748244454837e-07,7.999708816812479,-1.5695857542094447
119,2.6803097764258375e-07,7.999706837266689,-1.569582028759101
120,1.7800208342746398e-07,7.999704807803066,-1.5695782729613603
121,1.7184257096494786e-07,7.999702795940198,-1.5695745494820743
122,2.8298939622210533e-07,7.999699832981657,-1.5695690240474123
123,3.169831792615667e-07,7.9996977803220135,-1.5695653281652837
124,2.4117748610895e-07,7.9996957853734525,-1.569561580699847
125,1.947463456472847e-07,7.999693709649214,-1.5695578370261971
126,1.8567046236582294e-07,7.999691833234607,-1.569554112040312
127,2.518061498718177e-07,7.999689766851071,-1.569550424172093
128,2.702166029342225e-07,7.999687825347178,-1.5695467194678492
129,2.5507666423474316e-07,7.999685734497611,-1.5695429909469722
130,2.49830365949361e-07,7.999684779540041,-1.5695411330109768
131,2.3405651629913972e-07,7.999682795394863,-1.5695374060700173
132,2.3384495173476553e-07,7.999681754022057,-1.5695355431115923
133,2.421551480630219e-07,7.999679831311507,-1.5695318317055031
134,3.4989856403126426e-07,7.999677756612829,-1.5695281645924264
135,3.4354375200128164e-07,7.999675799844425,-1.569524448356966
136,1.366017238618873e-07,7.999673690540401,-1.569520634613171
137,1.4491707710543642e-08,7.999671750323716,-1.5695168555227308
138,1.6729748045600658e-07,7.999669733040472,-1.5695131939688856
139,3.397139392921635e-07,7.999667804582669,-1.5695095613250778
140,2.8210257089304126e-07,7.999665728675213,-1.5695058143248257
141,1.4095512024622366e-07,7.999663787581724,-1.569502034481848
142,2.0075176326897733e-07,7.999661721701068,-1.5694983412108674
143,3.18566678151941e-07,7.9996597753338605,-1.569494683201382
144,4.0458861086047577e-07,7.999657723734245,-1.5694910099164963
145,3.526223358599617e-07,7.99965578668559,-1.5694872781217126
146,3.246609109756411e-07,7.999653730221927,-1.5694835462751504
147,2.705684609274264e-07,7.999651809702154,-1.569479803972192
148,2.6613439195667724e-07,7.9996507625800515,-1.5694779400365908
149,3.287863285976141e-07,7.999648759872516,-1.5694742536672073
150,3.926199860482991e-07,7.999646783327639,-1.5694705650880783
151,3.6538710381289603e-07,7.99964471233275,-1.569466838387513
152,2.9106277425944054e-07,7.999642794846768,-1.5694630914100496
153,3.529084691992859e-07,7.999640722679931,-1.569459403849498
154,3.9900333333594177e-07,7.999638765991061,-1.5694557170844758
155,3.6903201997604626e-07,7.999636684147783,-1.569451986069274
156,3.316802265300147e-07,7.999634777865106,-1.569448254296837
157,2.956340827282798e-07,7.999632742597519,-1.5694445148962535
158,2.9031476852342935e-07,7.99963079010074,-1.5694407951654308
159,2.860353164979153e-07,7.999628679430847,-1.5694370725725362
160,2.9449906844024236e-07,7.9996267402844445,-1.569433361069784
161,3.3335329906517803e-07,7.999624700810841,-1.5694296577217286
162,3.1625276438387704e-07,7.99962280140057,-1.5694259295126811
163,3.0077666964432844e-07,7.999620716731447,-1.5694222060594396
164,3.5111538844629587e-07,7.9996187651915465,-1.5694185147422546
165,3.7104042815001195e-07,7.999617699581269,-1.5694166649024226
166,3.9797512949984895e-07,7.999616694701255,-1.569414819655905
167,3.855808655496866e-07,7.99961571841954,-1.5694129584568801
168,3.6002983321633476e-07,7.999613714329373,-1.5694092267828723
169,3.4933430814645663e-07,7.9996117516442045,-1.569405502426958
170,3.233962803065206e-07,7.999609731270302,-1.5694017719066582
171,3.335375082744128e-07,7.9996086991376325,-1.5693999156807823
172,4.2360544494428155e-07,7.999606772618372,-1.5693962452132078
173,4.563435112672134e-07,7.9996046743121445,-1.5693925411124752
174,2.683708477791326e-07,7.999602708529933,-1.5693887417263013
175,1.83437156105338e-07,7.999600603326793,-1.5693849724586681
176,1.476744353629757e-07,7.999598684680201,-1.569381227256679
177,2.764359465726949e-07,7.999596669349097,-1.5693775613150025
178,4.436802930935217e-07,7.99959476634944,-1.5693739208760613
179,4.4694878624752013e-07,7.999592679535432,-1.5693702165530348
180,3.9914967325117e-07,7.999590724951188,-1.569366479576001
181,3.2396725925078133e-07,7.999588630355685,-1.5693627283441123
182,3.011327786063032e-07,7.999586729438299,-1.5693589986083227
183,3.692979843434925e-07,7.999584690599052,-1.5693553089454224
184,4.819548972999981e-07,7.999582765947806,-1.5693516430648098
185,3.097841932491722e-07,7.999580631734027,-1.5693478474115876
186,1.710472041356877e-07,7.999578649669493,-1.569344058078458
187,3.1917509473518105e-07,7.999576612183415,-1.5693404038743173
188,4.957065161478476e-07,7.999574743810516,-1.5693367731479548
189,4.934256688363087e-07,7.999572723926302,-1.569333051668018
190,3.535446295175984e-07,7.999570684694539,-1.5693292776012062
191,2.614969092237843e-07,7.999568682942997,-1.5693255177687941
192,3.9369183088544827e-07,7.999566644945146,-1.5693218479282565
193,4.537153061533434e-07,7.999564710249356,-1.569318166875127
194,4.860487857896458e-07,7.999562665533496,-1.5693144601769065
195,4.62860065563691e-07,7.999560746390987,-1.5693107374317237
196,4.298120705300094e-07,7.999558650539685,-1.5693070081373572
197,4.373027556841921e-07,7.999556720975216,-1.5693032975969319
198,4.5510438372279943e-07,7.999555671580046,-1.569301444035479
199,4.4034608386410995e-07,7.999553715552128,-1.5692977240359856
200,4.4949458241553354e-07,7.999552729670579,-1.5692958682528855
201,4.37339533555771e-07,7.999550648350766,-1.5692921385550267
202,4.0495007493591004e-07,7.999549680732522,-1.5692902716373165
203,3.8898191827363325e-07,7.999547658130273,-1.5692865429959717
204,4.788367920251381e-07,7.999545706174259,-1.5692828708792914
205,5.596234156747043e-07,7.999543678980342,-1.5692791963321533
206,5.545380881103726e-07,7.999541650704496,-1.5692754832025602
207,4.945596132915519e-07,7.999539690977271,-1.569271741695578
208,4.257511652704102e-07,7.9995376354525085,-1.5692679878033244
209,3.8043349450679336e-07,7.99953569603591,-1.5692642522371731
210,4.861858189303946e-07,7.999533644335871,-1.5692605777157913
211,5.273590838368873e-07,7.99953270215661,-1.569258743204869
212,5.572225697378498e-07,7.999530652646754,-1.5692550379927355
213,4.981740858097121e-07,7.999528682807388,-1.5692513003492556
214,4.442600769340397e-07,7.99952670476575,-1.5692475535852703
215,4.3012434911361146e-07,7.999524698275634,-1.5692438283074575
216,5.145191733862162e-07,7.999522694615225,-1.569240149476388
217,5.651689494699998e-07,7.999520666954136,-1.5692364643801724
218,5.58822322538952e-07,7.999518690424332,-1.5692327430468747
219,4.849532131016031e-07,7.999516662747222,-1.569228992546758
220,5.443159002947137e-07,7.99951471612423,-1.5692253073041846
221,5.843759435982522e-07,7.999512612772944,-1.5692216119402094
222,5.338763633498759e-07,7.999510676720759,-1.56921787586269
223,5.057718531631405e-07,7.999508621687511,-1.5692141413241172
224,4.963971653398816e-07,7.999506712814197,-1.5692104219149872
225,4.917162011597726e-07,7.999504639440001,-1.569206698424071
226,5.774922023033142e-07,7.999502702896285,-1.5692030268252264
227,6.063959368961311e-07,7.99950167589013,-1.5692011764216491
228,5.773301031861482e-07,7.999499601063467,-1.5691974480086621
229,5.02063497443744e-07,7.999497679937447,-1.5691936997988662
230,5.366179313034649e-07,7.999495636353441,-1.569189996617203
231,6.260914128286532e-07,7.999493697138757,-1.569186320081324
232,4.4149630348840366e-07,7.999491565890629,-1.5691825177082745
233,3.08588809142126e-07,7.999489580311832,-1.5691787371923842
234,3.832648564000432e-07,7.99948852011068,-1.569176906427019
235,5.307785766272062e-07,7.999487524988881,-1.5691751118084027
236,6.813834181050969e-07,7.999486576029144,-1.5691733207708556
237,7.375576369125717e-07,7.999485647749026,-1.5691714954733553
238,7.074547909989863e-07,7.999484674469083,-1.5691696188677857
239,5.800125325519406e-07,7.999483637042277,-1.5691677044296717
240,4.2826401718281434e-07,7.999481680363101,-1.5691639184776829
241,4.539234001504686e-07,7.99948067936085,-1.5691620775994128
242,5.389922376167605e-07,7.999479652874144,-1.5691602537854306
243,5.835713037312966e-07,7.999477565564802,-1.5691565579330184
244,6.168653106425457e-07,7.999475613500731,-1.5691528612997319
245,6.361301259964852e-07,7.999473619400259,-1.5691491507426558
246,5.317769631886908e-07,7.999471650908021,-1.5691453869933913
247,5.660426034035881e-07,7.99946961025373,-1.5691416845579855
248,6.283212393074213e-07,7.99946762693489,-1.5691379998734296
249,6.590116848135659e-07,7.999465576185035,-1.569134291980799
250,5.803360557137325e-07,7.999463657225863,-1.5691305450085284
251,6.088168859626194e-07,7.999461614026326,-1.5691268407451964
252,6.609909783672407e-07,7.999459655172723,-1.5691231556177831
253,6.351851229453758e-07,7.999457569249808,-1.569119426399271
254,6.012542280486871e-07,7.999455658991156,-1.5691156962949957
255,5.680504355787137e-07,7.999453619901992,-1.5691119581620454
256,5.671366470773298e-07,7.99945167868682,-1.5691082454252006
257,6.555410801015378e-07,7.999449595946415,-1.56910456636656
258,6.789606729856762e-07,7.99944760953156,-1.5691008671580826
259,6.244034054529569e-07,7.999445589421301,-1.56909712329407
260,5.80081975378935e-07,7.999443640463226,-1.569093384952076
261,6.579819011175791e-07,7.999441620941453,-1.5690897030899895
262,7.157163285628885e-07,7.99943959517632,-1.5690860179043011
263,6.80779744276015e-07,7.99943762587072,-1.5690822866370344
264,6.197037168707181e-07,7.99943557884954,-1.569078539406314
265,5.39665942086062e-07,7.999433641573036,-1.569074779302638
266,5.871651735800483e-07,7.999431547091569,-1.569071080993288
267,6.594617886006804e-07,7.999429590148814,-1.5690674004543144
268,7.389558315952212e-07,7.999427567767758,-1.5690637259619418
269,7.465144807750947e-07,7.9994256323085065,-1.5690600124131355
270,6.271442083755828e-07,7.999423575551099,-1.5690562346413008
271,5.650292388771466e-07,7.999422577419146,-1.569054348951277
272,5.260858185486591e-07,7.999421619907223,-1.5690524770411252
273,5.574092100578143e-07,7.9994206227683415,-1.5690506248112264
274,6.20739456381929e-07,7.999418519417028,-1.5690469342541038
275,6.837290633198966e-07,7.999416539258343,-1.5690432477092897
276,7.466574474781612e-07,7.999414601353233,-1.5690395604358363
277,7.537182781321836e-07,7.999413643700767,-1.5690377056985036
278,7.06067229716534e-07,7.999411589209541,-1.5690339631391976
279,5.392125273198927e-07,7.999409614853106,-1.5690301715416572
280,4.870939215932755e-07,7.999408546244437,-1.5690282884615427
281,6.358965767078585e-07,7.99940652485798,-1.5690246305675932
282,7.252631014780746e-07,7.99940462249591,-1.569020956092614
283,7.051098730319008e-07,7.999402565624529,-1.5690172252509336
284,6.571732897392068e-07,7.999400627303231,-1.5690134937712912
285,7.17520785707188e-07,7.999398515944662,-1.569009804297672
286,7.780143355316972e-07,7.9993965867312395,-1.5690061219221012
287,8.114322715884278e-07,7.999394538666965,-1.5690024243378229
288,7.232120583749859e-07,7.99939260634942,-1.5689986696223936
289,6.069570993563907e-07,7.999390552755575,-1.5689948888421152
290,6.137161483681246e-07,7.999388563950541,-1.5689911769496758
291,7.486588254732091e-07,7.99938653174659,-1.5689875169587089
292,8.524200692369502e-07,7.9993845854997545,-1.5689838525299498
293,7.966192211699986e-07,7.99938255964458,-1.5689801135426498
294,7.065204980349497e-07,7.99938061667152,-1.5689763570289879
295,6.548939700415914e-07,7.999378584437729,-1.5689726112947555
296,7.067180608613473e-07,7.999376532065026,-1.5689689095966395
297,7.190980468266856e-07,7.999374533473988,-1.5689652033339099
298,7.646285075101203e-07,7.99937255229733,-1.568961509361169
299,7.933374335757046e-07,7.999370572646848,-1.5689578038475442
300,7.52665963126948e-07,7.999368601313353,-1.5689540687642962
301,7.502827125435775e-07,7.999366568046567,-1.5689503493527739
302,7.371202930812119e-07,7.999364578065275,-1.5689466263630112
303,7.519215670856066e-07,7.999362520944297,-1.5689429111760804
304,7.965710578816357e-07,7.999360614729081,-1.5689392136257871
305,8.036447689826215e-07,7.9993585470142925,-1.5689354986130837
306,7.559145172118977e-07,7.999356585333264,-1.56893176177382
307,7.357480077796176e-07,7.999355593817789,-1.5689298902288955
308,7.266008809036919e-07,7.999354527273291,-1.5689280255224574
309,8.053857493404302e-07,7.999352576815272,-1.5689243428721058
310,8.466496498571528e-07,7.999350548558517,-1.5689206459130194
311,8.360869544184978e-07,7.999349529343842,-1.5689187869226746
312,8.109703809204798e-07,7.999347597856093,-1.5689150604832085
313,7.978837393762569e-07,7.999345536594317,-1.5689113333414357
314,7.809428399639984e-07,7.999343599738854,-1.5689076095105352
315,8.05133016066704e-07,7.999341540752446,-1.5689039009149934
316,7.889893820080043e-07,7.999339606373367,-1.5689001755821639
317,8.177880732972602e-07,7.999337532641822,-1.5688964698905865
318,8.155963611863387e-07,7.999335617552368,-1.5688927525797618
319,8.422050083745511e-07,7.999333528484236,-1.5688890470885588
320,8.403894272816823e-07,7.999331595076215,-1.568885329074551
321,8.049051454958073e-07,7.999329515643995,-1.5688815934296967
322,8.397000083511925e-07,7.999327600266069,-1.5688778965503045
323,9.545239565448323e-07,7.999325517425818,-1.5688742351900047
324,9.780340180211751e-07,7.999323551303653,-1.5688705353838073
325,8.077125675436409e-07,7.999321534603344,-1.5688667386329256
326,6.763893016262747e-07,7.999319533431185,-1.5688629511962493
327,7.468142803029426e-07,7.999317556259663,-1.5688592604021898
328,8.657498030020179e-07,7.999315495685686,-1.5688556000562905
329,9.704217751257507e-07,7.999313519540475,-1.5688519325936714
330,9.838698123039592e-07,7.999311533086851,-1.5688482264505534
331,8.576684040255611e-07,7.999309602967467,-1.568844456907302
332,7.995632180731064e-07,7.999307520193548,-1.5688407102637711
333,8.573141026291439e-07,7.999305558790455,-1.5688370205788933
334,9.585139811392738e-07,7.999302549048439,-1.5688314970302373
335,9.688238959189536e-07,7.999300554723557,-1.5688277812518197
336,9.216866920058077e-07,7.999298519567204,-1.5688240466637775
337,8.548847217938747e-07,7.999296553371735,-1.568820295729669
338,8.818337712195484e-07,7.999294498747389,-1.568816589246414
339,9.157168990071778e-07,7.999292554578333,-1.5688128896517144
340,9.484171415902734e-07,7.999290519364866,-1.5688091865907081
341,9.500752468782351e-07,7.999289551421271,-1.5688073267192753
342,9.144617920670291e-07,7.9992875317838505,-1.568803591836788
343,8.674112726449049e-07,7.999285540608919,-1.5687998549545459
344,8.697431599229656e-07,7.999283498932899,-1.56879613519945
345,9.447887711512317e-07,7.999281552668345,-1.5687924554162205
346,1.02574809014776e-06,7.99927954347793,-1.5687887740689521
347,8.346839402891201e-07,7.999277514026124,-1.5687849706844617
348,6.714245343153936e-07,7.999275416336612,-1.5687811629886115
349,7.726618469832301e-07,7.999273477965222,-1.5687774873649962
350,9.036618098375206e-07,7.99927252475823,-1.5687756814938278
351,9.768469689340084e-07,7.999271523469478,-1.5687738595814087
352,1.0564989596765001e-06,7.999270499853803,-1.5687720383804515
353,9.405570624986466e-07,7.999268579962941,-1.5687682723110727
354,8.335611025504233e-07,7.99926648802709,-1.568764503665985
355,9.084512424096063e-07,7.999264542334143,-1.5687608199148708
356,1.015204745500746e-06,7.999262464156936,-1.5687571520736594
357,1.0676712575200217e-06,7.999260550291747,-1.5687534634466362
358,9.771019675090788e-07,7.999258523541516,-1.568749706445721
359,8.737766675738281e-07,7.999256526794539,-1.5687459384524378
360,8.848470395033501e-07,7.999254519422183,-1.5687422205655093
361,9.60883370651811e-07,7.999252486023433,-1.5687385393117834
362,1.03796142838129e-06,7.999250445183862,-1.5687348582102705
363,1.084020122341691e-06,7.9992485437810235,-1.5687311656375262
364,1.0054199732380525e-06,7.9992464890902175,-1.5687274125051862
365,9.808531624866875e-07,7.999244554485674,-1.568723681147891
366,9.361519170956286e-07,7.999242484246238,-1.5687199411068447
367,1.0110621048682616e-06,7.99924051667942,-1.5687162556736276
368,1.0471204591693626e-06,7.999238467039775,-1.568712559384436
369,1.0978722830009436e-06,7.999236547511524,-1.5687088667437963
370,1.0745910159935224e-06,7.999234517582195,-1.5687051423659033
371,1.0326696989197292e-06,7.999232516115857,-1.5687013974723454
372,9.511613415906441e-07,7.999230522605496,-1.5686976507772412
373,1.0102572966177396e-06,7.999228469254123,-1.5686939550191121
374,1.0208383141585905e-06,7.9992275200602485,-1.5686921035769994
375,1.0386558627144321e-06,7.999226497538135,-1.5686902514267034
376,1.0644938995905998e-06,7.99922546008483,-1.5686884037103588
377,1.0770184087408075e-06,7.999223560636035,-1.56868468973296
378,1.0487947180785533e-06,7.99922256711312,-1.568682820242497
379,1.0329522464725623e-06,7.999220480937142,-1.568679095163329
380,1.0174828289110625e-06,7.999218515148754,-1.5686753708523904
381,1.0377445623911347e-06,7.999216522894179,-1.568671661889327
382,1.144731991321807e-06,7.999214575674702,-1.5686679941044313
383,1.1281607823912357e-06,7.999212470744841,-1.5686642685366028
384,1.0447520076451e-06,7.999210511153883,-1.5686605176716433
385,1.0241344212836306e-06,7.999208486543014,-1.5686567867336658
386,1.094058177405569e-06,7.999206558811208,-1.5686530987778415
387,1.192896401435407e-06,7.999204493743805,-1.568649423077993
388,9.804680846090726e-07,7.999202482009605,-1.5686456072991706
389,7.997188867645287e-07,7.999200441213581,-1.5686417989733328
390,9.536868395276053e-07,7.999198505080856,-1.5686381366784625
391,1.1693365354973801e-06,7.999196485725912,-1.5686345184560744
392,1.2137465940093823e-06,7.999194540622581,-1.5686308281806771
393,9.587441634148753e-07,7.9991924322249535,-1.5686269911167143
394,9.307869453725233e-07,7.999190473036158,-1.5686232561729863
395,1.1386188418706229e-06,7.999188514481811,-1.5686196286861598
396,1.259406880199412e-06,7.999186511944359,-1.568615970945401
397,1.078397870751347e-06,7.999184486943424,-1.5686121773690436
398,9.712950436024304e-07,7.999182488219165,-1.5686084109397767
399,1.1415238137280463e-06,7.999179427971013,-1.5686029036177471
400,1.2408030920720078e-06,7.999177525497543,-1.568599234912211
401,1.2464823890610709e-06,7.9991754864257,-1.5685955217460543
402,1.1216377326079442e-06,7.999173514971925,-1.5685917539744652
403,1.0746176170888587e-06,7.9991714958585955,-1.5685880107263916
404,1.137057022467061e-06,7.999169459035485,-1.5685843224589777
405,1.2029933999830947e-06,7.999167414815865,-1.5685806364741826
406,1.273561432767953e-06,7.99916552121506,-1.5685769586720373
407,1.2523649523420022e-06,7.999163479074349,-1.568573228434292
408,1.1462237273165702e-06,7.999161517879714,-1.5685694653017046
409,1.0940932545905094e-06,7.999159453677169,-1.5685657147948031
410,1.0899865494490536e-06,7.999157513100521,-1.5685619986932058
411,1.156138814143801e-06,7.999156520550331,-1.56856016259984
412,1.1766231802777517e-06,7.99915546223785,-1.5685583136482026
413,1.2353185818918772e-06,7.99915352441303,-1.5685546268593495
414,1.2422346555206934e-06,7.999151506157775,-1.5685509070486547
415,1.2150825907898019e-06,7.999149528444005,-1.5685471787475724
416,1.1885646619993961e-06,7.99914855684399,-1.5685453097103585
417,1.1896434035025978e-06,7.999146455444581,-1.568541588957649
418,1.208299905217172e-06,7.999144539268829,-1.5685378885253813
419,1.2724134082318683e-06,7.9991424657008325,-1.5685341978533722
420,1.2746192029214573e-06,7.9991415264058805,-1.5685323449231643
421,1.241233425270765e-06,7.999139503027189,-1.5685286054761276
422,1.1999295243546954e-06,7.999137498961836,-1.568524871351856
423,1.2299570198230087e-06,7.999135495288111,-1.5685211652311815
424,1.344649033487311e-06,7.99913351701459,-1.5685175058039507
425,1.3403234613517344e-06,7.999131470443732,-1.5685137884265123
426,1.2372848159104167e-06,7.999129454517489,-1.5685100260885876
427,1.1905091136313796e-06,7.999127452678294,-1.568506279901261
428,1.260424957844019e-06,7.999125521071408,-1.5685025936289787
429,1.3180427607498766e-06,7.999123486757157,-1.568498899669235
430,1.2627178159805424e-06,7.999121478523494,-1.5684951612995888
431,1.2365128748734445e-06,7.999119446961094,-1.5684914279156343
432,1.29217279054936e-06,7.999117510752082,-1.568487736704261
433,1.408449405437802e-06,7.999115475277767,-1.568484072173026
434,1.2572368914450945e-06,7.999113456040252,-1.568480284518608
435,1.0502447003452443e-06,7.999111373883361,-1.568476461166788
436,1.2459860200211234e-06,7.9991085018722305,-1.5684709642090402
437,1.4244319896050021e-06,7.999106447687092,-1.5684673309876715
438,1.4077665858202888e-06,7.9991044983700546,-1.5684636140653463
439,1.1295761013310207e-06,7.999101408943131,-1.5684579001522747
440,1.1368493278815662e-06,7.999099459480417,-1.5684541843636177
441,1.3429086424365937e-06,7.999097444868847,-1.568450553070966
442,1.4522544340152006e-06,7.999095542778225,-1.568446894290225
443,1.335350678677448e-06,7.999093483584531,-1.5684431282068183
444,1.213209058061539e-06,7.999091455771447,-1.568439352323979
445,1.1555465372428352e-06,7.9990894009623075,-1.5684355961586802
446,1.1659231396243237e-06,7.999088424689813,-1.568433740973634
447,1.3349693493363843e-06,7.999086506382845,-1.5684300973376137
448,1.4131428337162467e-06,7.99908544345257,-1.5684282755068983
449,1.4705838947527425e-06,7.999084452933274,-1.56842644459425
450,1.5116375809233972e-06,7.999083482589691,-1.5684246073384551
451,1.3854403443477504e-06,7.9990815095908046,-1.5684208368647443
452,1.1703740604098095e-06,7.999079438422409,-1.568417014572429
453,1.1384126435915811e-06,7.9990774427953,-1.5684132748785067
454,1.3801541908167712e-06,7.999075442784453,-1.5684096586169485
455,1.5253891921597943e-06,7.999073525495828,-1.5684060107755795
456,1.390793374878778e-06,7.999071457982906,-1.5684022416968213
457,1.312191487829102e-06,7.999069478604523,-1.5683984867329686
458,1.3670006854742273e-06,7.999067473015204,-1.5683947932876081
459,1.4470056951026624e-06,7.999065476213794,-1.568391115060019
460,1.4916743387254794e-06,7.999063457735842,-1.5683874145088574
461,1.4221828865036975e-06,7.999061527546189,-1.568383671581989
462,1.3936378737474248e-06,7.999059459979054,-1.5683799407377972
463,1.3713434254421228e-06,7.999057511985026,-1.5683762112441482
464,1.462032524278529e-06,7.9990554514302215,-1.5683725309396122
465,1.5025065631065095e-06,7.999053518801955,-1.5683688366100867
466,1.4718025616027498e-06,7.999051446216541,-1.5683651056876646
467,1.40401713452819e-06,7.999049544604673,-1.5683613594335741
468,1.4710229187904248e-06,7.9990474769084985,-1.5683576715840977
469,1.5223052328186365e-06,7.99904551217954,-1.5683539849261523
470,1.5262734684994055e-06,7.999043442450281,-1.5683502694936304
471,1.5341389769033731e-06,7.999041500693525,-1.5683465580006046
472,1.482734284844457e-06,7.999039449782095,-1.5683428185480237
473,1.4598263092812275e-06,7.999037512062272,-1.5683390899839635
474,1.5163025832575649e-06,7.999035471021363,-1.5683353928889425
475,1.5525442410326601e-06,7.999033515980182,-1.5683317018555147
476,1.5533075097753249e-06,7.999031446218216,-1.568327979392086
477,1.4721829153923387e-06,7.999029497177936,-1.5683242276620433
478,1.5014015290707233e-06,7.99902749174506,-1.5683205206890665
479,1.5874899518416074e-06,7.999025504116213,-1.5683168481845278
480,1.6095098366565296e-06,7.999023479022293,-1.5683131393131915
481,1.5486817556766551e-06,7.999021489311638,-1.5683093990936872
482,1.4831723946268324e-06,7.9990195037930745,-1.5683056454991537
483,1.4718312413506119e-06,7.999017479305813,-1.568301921168186
484,1.5485977341895953e-06,7.999015509699237,-1.5682982385165483
485,1.5768002968720699e-06,7.999014450801089,-1.5682963937946863
486,1.6025349025234156e-06,7.999012479890132,-1.5682926859619677
487,1.5745728580564344e-06,7.9990115013131495,-1.5682908208063668
488,1.5769353429349516e-06,7.9990094431934695,-1.5682871051013973
489,1.5677582941265147e-06,7.999007516769804,-1.5682833834072452
490,1.5790232916864905e-06,7.999005480017589,-1.5682796685900728
491,1.5353487931062931e-06,7.999003526543426,-1.5682759287859587
492,1.5081101155079377e-06,7.999000499326186,-1.5682703431994387
493,1.589632667163103e-06,7.998998473558304,-1.5682666582494709
494,1.6134399550217114e-06,7.998996460453619,-1.5682629538302506
495,1.5924083251453166e-06,7.998994470925216,-1.5682592252804048
496,1.5963345689646982e-06,7.998992498442572,-1.5682555121283892
497,1.5760866804874884e-06,7.998990504646352,-1.5682517792067336
498,1.6060941952758447e-06,7.99898849228406,-1.5682480819686362
499,1.700314745241169e-06,7.998986501574062,-1.5682444096482635
500,1.6728187884645962e-06,7.998983450290927,-1.5682388282954187
501,1.6224705343006708e-06,7.998981425640129,-1.5682350853171712
502,1.6175630206216975e-06,7.998978546808568,-1.5682295031100504
503,1.6656482544909472e-06,7.998976454711328,-1.5682258081236529
504,1.711054243046315e-06,7.998973467465595,-1.5682202597266572
505,1.665989196624589e-06,7.998971415439563,-1.5682165202933387
506,1.6103252079479132e-06,7.998969467793228,-1.5682127741791088
507,1.6538341088892893e-06,7.998967475467648,-1.5682090732115659
508,1.7204249932945381e-06,7.998965516601962,-1.568205390467292
509,1.7414121577825984e-06,7.998963424004714,-1.5682016828166914
510,1.7243232760559579e-06,7.99896147744299,-1.568197966035058
511,1.656079267790161e-06,7.998959401414906,-1.568194211677268
512,1.6406331809611214e-06,7.998956493367905,-1.5681886227473074
513,1.7576943699233541e-06,7.998953497966841,-1.568183099427071
514,1.7544897400609575e-06,7.998950453152726,-1.5681775290645594
515,1.694911551622504e-06,7.998947440541197,-1.5681719241938032
516,1.6735388648588314e-06,7.998945507562733,-1.5681682020607328
517,1.7797861561563007e-06,7.998943433085796,-1.5681645291778683
518,1.8385815928859367e-06,7.998941450858265,-1.5681608482657585
519,1.7985050137389963e-06,7.998939463955618,-1.5681571051069012
520,1.6040241259058623e-06,7.998937422452918,-1.5681532907898872
521,1.5959103184815353e-06,7.998935469219852,-1.568149566077015
522,1.6665071790599932e-06,7.9989344690476765,-1.568147738391959
523,1.8376496436940772e-06,7.998932452597047,-1.568144104332999
524,1.90873550252938e-06,7.998930486080938,-1.5681404242201449
525,1.7532225810222419e-06,7.998928409952577,-1.5681366377715085
526,1.6277874349184961e-06,7.998926461975276,-1.5681328561553007
527,1.5937923688054849e-06,7.998924400945123,-1.5681291141189273
528,1.74318468314325e-06,7.998922491119431,-1.5681254627671037
529,1.8634469199332739e-06,7.998920427398951,-1.568121801155619
530,1.8682186909341772e-06,7.998918495956092,-1.5681180913805557
531,1.7657864953326691e-06,7.998916453816476,-1.5681143303679899
532,1.7099550085658447e-06,7.998914484434798,-1.568110584892185
533,1.7815916728355477e-06,7.998912445652916,-1.5681068979442587
534,1.870237896844939e-06,7.998910460020135,-1.5681032269050548
535,1.919124689150514e-06,7.998907414589976,-1.5680976727113802
536,1.8427292765561613e-06,7.998905470847501,-1.5680939269261907
537,1.819631066997025e-06,7.998902501874188,-1.5680883395122438
538,1.809887177999599e-06,7.998900441089474,-1.568084614782439
539,1.900857954415452e-06,7.998898485579146,-1.5680809415120067
540,1.9399241392199726e-06,7.998895415984572,-1.5680753795099733
541,1.85598170826836e-06,7.998893510268735,-1.5680716295207628
542,1.8097899839807792e-06,7.998890457352828,-1.5680660271054498
543,1.8323812890289031e-06,7.998888466316097,-1.5680623168862518
544,1.8995509994825104e-06,7.998886422100152,-1.5680586303626576
545,1.950274152029159e-06,7.9988844472857625,-1.568054939440268
546,1.974471420467001e-06,7.99888244982754,-1.568051227547764
547,1.910480284687757e-06,7.998880505886614,-1.5680474887316633
548,1.8509701384611273e-06,7.998878430786774,-1.568043736371279
549,1.8819277386990696e-06,7.9988764852870435,-1.5680400335493014
550,1.9044346000784963e-06,7.998874390649758,-1.5680363256370413
551,1.9449250061498093e-06,7.998871459335747,-1.568030769783673
552,1.9284885020501425e-06,7.9988695010601365,-1.5680270437525632
553,1.9013502708839383e-06,7.998866405288114,-1.5680214532876775
554,1.907538045500707e-06,7.998864495241646,-1.5680177385618566
555,1.995009124449338e-06,7.998862447597208,-1.568014060464878
556,1.992880464495687e-06,7.998859493735681,-1.56800848699007
557,1.9115904923486187e-06,7.9988564790742664,-1.5680028726752764
558,1.999415928023187e-06,7.998853471790196,-1.5679973315238316
559,2.067073907339247e-06,7.998851445314249,-1.567993639376752
560,1.843481901689982e-06,7.998849416541512,-1.5679898210008802
561,1.6852792169307795e-06,7.9988474011038555,-1.5679860214199828
562,1.8781281553054117e-06,7.9988454210326205,-1.5679823736440899
563,2.0836931129456907e-06,7.998843491355497,-1.5679787491097659
564,2.0966202655973222e-06,7.998841424226682,-1.5679750483468844
565,1.9074377402569524e-06,7.99883946122241,-1.5679712445187053
566,1.776930246393092e-06,7.998837362594937,-1.5679674532010845
567,1.8103883993910796e-06,7.998835445174623,-1.5679637483185322
568,2.025213151157144e-06,7.998833405508771,-1.5679601207230445
569,2.0480855688783085e-06,7.998830460537721,-1.5679545607038963
570,1.9230684467495072e-06,7.99882847569149,-1.5679507879658845
571,1.9505632956308095e-06,7.998826452913329,-1.5679470776133875
572,2.089812137209466e-06,7.998824492882237,-1.5679434270138495
573,2.146749091666208e-06,7.998822496107896,-1.5679397364175698
574,2.008018514896335e-06,7.998819443854912,-1.5679341004274376
575,1.956349195554255e-06,7.998817407375492,-1.5679303521730839
576,2.0495357318257146e-06,7.998814495906929,-1.5679248145096036
577,2.1569721537406396e-06,7.998812441231228,-1.5679211491883052
578,2.1461037036820556e-06,7.9988094350335555,-1.567915574890631
579,2.107708495534864e-06,7.998807518071536,-1.5679118420280742
580,2.1126272052958375e-06,7.998805470455899,-1.567908119681065
581,2.1370541030859784e-06,7.998802512669764,-1.5679025578417407
582,2.211608789500293e-06,7.998800457026194,-1.567898877075406
583,2.1974797666174406e-06,7.998798491901454,-1.5678951537871542
584,2.1054267043377494e-06,7.998795495071046,-1.5678895355553149
585,2.1859643914202478e-06,7.998793496547518,-1.5678858544489187
586,2.2458449476839688e-06,7.998791446981198,-1.5678821684505948
587,2.1937877395566914e-06,7.998788434859954,-1.5678765702647328
588,2.1450327452621443e-06,7.998786501087521,-1.5678728284383294
589,2.1422597506852464e-06,7.998783480075545,-1.5678672460174068
590,2.240011641350986e-06,7.998781538681546,-1.5678635755045693
591,2.0825555536571716e-06,7.998778466734393,-1.5678579251964104
592,1.989909596941842e-06,7.9987753657772,-1.567852286381593
593,2.2670464605260143e-06,7.998773480428857,-1.5678486945299326
594,2.3266349658816215e-06,7.99877148480273,-1.5678450050851405
595,2.202159560954747e-06,7.998769536944556,-1.5678412343096189
596,2.099355562461765e-06,7.998767469503732,-1.5678374666028083
597,2.102045089232146e-06,7.998766428135439,-1.567835609139967
598,2.230993093949958e-06,7.998764472205544,-1.567831949109429
599,2.252278771859593e-06,7.998762420875221,-1.5678282436431843
600,2.261031082767306e-06,7.998760526157078,-1.5678245354330296
601,2.2898660352137403e-06,7.9987584707905715,-1.5678208256741453
602,2.249249924041288e-06,7.998756512145738,-1.5678170945182028
603,2.221715667002301e-06,7.9987544623039595,-1.5678133657442686
604,2.304441990425441e-06,7.99875248536906,-1.5678096880933035
605,2.35563012886954e-06,7.998750456772099,-1.5678059924040546
606,2.334127334045404e-06,7.9987484648428016,-1.5678022654025605
607,2.2530037603783213e-06,7.998746506970243,-1.5677985182511451
608,2.337885630877368e-06,7.998744480360886,-1.5677948366772607
609,2.347168730788403e-06,7.998741468727812,-1.56778926620987
610,2.2964081688033495e-06,7.998739503245972,-1.5677855289584735
611,2.2885241230859816e-06,7.998736471550457,-1.5677799425422845
612,2.3236918146683226e-06,7.998734530019546,-1.5677762429969044
613,2.4065077883814685e-06,7.9987314763921,-1.5677707062980826
614,2.331035219728475e-06,7.998728426535207,-1.567765095396573
615,2.35747305172555e-06,7.998725539113618,-1.5677595293997362
616,2.460596412820976e-06,7.998722488870448,-1.5677540009671882
617,2.3713791118784096e-06,7.998719458628287,-1.5677483861203374
618,2.3276278713718703e-06,7.998717515115786,-1.567744648290203
619,2.3506465364710793e-06,7.998714511045708,-1.5677390845925323
620,2.4516734372358837e-06,7.998712499481344,-1.567735410109554
621,2.448719468916384e-06,7.998710464577228,-1.5677316881011125
622,2.3492661153641125e-06,7.998707420821324,-1.5677260653982388
623,2.3394445961867724e-06,7.9987055235665725,-1.567722345209999
624,2.469784075811807e-06,7.998703472784715,-1.5677186803592953
625,2.428361015750166e-06,7.998701511814314,-1.5677149444996563
626,2.2559342589887397e-06,7.998699407093411,-1.567711139965135
627,2.274970955501646e-06,7.998696404085284,-1.5677055582646215
628,2.5219423448722197e-06,7.998694501693781,-1.5677019536976424
629,2.5554699034721198e-06,7.998692504836782,-1.5676982537617998
630,2.401048678772918e-06,7.99868953068601,-1.567692611476096
631,2.4439193969743366e-06,7.998687419747478,-1.5676889105494318
632,2.52491819564689e-06,7.998684421242639,-1.5676833751581871
633,2.557832512225437e-06,7.998682538761732,-1.5676796751699615
634,2.5152174744528354e-06,7.998681535048855,-1.5676777948592229
635,2.4530010774314625e-06,7.998679499116942,-1.5676740476110433
636,2.4017412121535465e-06,7.998677517101817,-1.5676703009145585
637,2.4678393548273705e-06,7.9986754348996945,-1.5676666118038272
638,2.5710559905455223e-06,7.99867349714434,-1.5676629452374364
639,2.6540654975684254e-06,7.998671446852653,-1.567659268369702
640,2.502042440878366e-06,7.9986695201896945,-1.5676554802481373
641,2.3852839013679653e-06,7.9986674611850255,-1.5676517017428309
642,2.4549706642882954e-06,7.998665536708053,-1.5676480099048702
643,2.5608588214893796e-06,7.998663487802759,-1.5676443389064834
644,2.6352633150284574e-06,7.9986605041080665,-1.567638797466999
645,2.6183900526243778e-06,7.9986584710315425,-1.567635075458197
646,2.5446572896868954e-06,7.998656514581832,-1.567631328866798
647,2.6260313460729917e-06,7.998653565074928,-1.5676257937370242
648,2.6624052367940646e-06,7.9986514985143815,-1.5676220899356825
649,2.598421582177263e-06,7.998648542251936,-1.5676164891195556
650,2.565071888387277e-06,7.998646479574876,-1.5676127489920406
651,2.561690044376773e-06,7.998644546617356,-1.567609036694445
652,2.6612927840756776e-06,7.998642455084313,-1.5676053614970147
653,2.7185786858209932e-06,7.998640527888172,-1.5676016724394204
654,2.6900354174567427e-06,7.9986384650468105,-1.567597943598355
655,2.623636750559787e-06,7.998635552508463,-1.567592338356065
656,2.5917039451854192e-06,7.998633489764197,-1.5675886017803782
657,2.673248539755218e-06,7.998630479881834,-1.5675830637250805
658,2.728390303595897e-06,7.998628536586807,-1.5675793762397885
659,2.7198185931470604e-06,7.998625478055947,-1.56757379278219
660,2.6329978811183626e-06,7.9986225244781,-1.567568175208374
661,2.6668307942133423e-06,7.998619524601773,-1.567562613405816
662,2.7036594082459993e-06,7.998617450359253,-1.5675589099817033
663,2.718052777799022e-06,7.998615540507652,-1.5675552029280275
664,2.7031539856874435e-06,7.998612500164061,-1.5675496137286273
665,2.684057317412905e-06,7.99861053238421,-1.567545887408303
666,2.6956989233578285e-06,7.998608495478176,-1.5675421743303424
667,2.7604328036950815e-06,7.998606547689367,-1.5675384859782426
668,2.826996115943462e-06,7.998604517904723,-1.567534804903919
669,2.782635141903427e-06,7.998601456024517,-1.5675292092141733
670,2.741537748295723e-06,7.998599541948585,-1.5675254727202663
671,2.745589624323367e-06,7.998597515068013,-1.5675217518451108
672,2.74285800527891e-06,7.998595576916445,-1.5675180374755726
673,2.8234755450208936e-06,7.9985935123021985,-1.5675143532315434
674,2.844424548192816e-06,7.998591504684543,-1.5675106498394582
675,2.7871084193605943e-06,7.9985895083340095,-1.5675069030507236
676,2.7447996902058768e-06,7.998587537495115,-1.567503163358874
677,2.825626842593786e-06,7.998585541138178,-1.5674994812988254
678,2.8864327518118213e-06,7.998583493657857,-1.5674957947452657
679,2.8526645104510624e-06,7.998581546095325,-1.5674920632547498
680,2.816173239160833e-06,7.998579514363616,-1.5674883248208782
681,2.7782221261574824e-06,7.998577558937006,-1.5674845873657897
682,2.8400474586246456e-06,7.9985754786732315,-1.5674808974421919
683,2.896891617168542e-06,7.99857353841194,-1.567477211343334
684,2.9443913112880777e-06,7.998571477911445,-1.5674735163268905
685,2.903678910104116e-06,7.998569562204834,-1.5674697854725321
686,2.8573520599537936e-06,7.998567509385366,-1.5674660438885415
687,2.803385879431059e-06,7.998564530424174,-1.5674604434121615
688,2.8892501289308464e-06,7.998562485913497,-1.567456760005352
689,2.9430235049524955e-06,7.998559489074774,-1.5674512102782285
690,2.9261200299280317e-06,7.998557549223803,-1.5674474877248974
691,2.9005520996795426e-06,7.998555516149889,-1.5674437546130813
692,2.894625086836987e-06,7.9985525485717295,-1.567438172553058
693,2.893106249417034e-06,7.998550512162449,-1.567434450779673
694,2.9060050403832175e-06,7.998548548049633,-1.567430737630819
695,2.931897273167684e-06,7.9985465329344265,-1.567427029376003
696,2.9353093772186227e-06,7.998544551897898,-1.567423313848253
697,2.961671944707596e-06,7.99854156872913,-1.5674177542115226
698,2.941043067866797e-06,7.99853951601733,-1.5674140206650113
699,3.019368030430498e-06,7.9985365891930105,-1.567408487562544
700,3.0210003300084484e-06,7.998534490085827,-1.567404765392359
701,2.9864148231523927e-06,7.9985325411603085,-1.5674010400117697
702,3.0042014077296385e-06,7.9985295643096945,-1.5673954659521958
703,2.995660460402902e-06,7.998527539134953,-1.567391742350331
704,2.986167369581312e-06,7.99852553802744,-1.5673880174805426
705,2.9972590151799193e-06,7.998523495259318,-1.5673843052467749
706,3.0345368040084026e-06,7.998521563583927,-1.567380608129836
707,3.0130171450520943e-06,7.998518528075429,-1.5673750172854164
708,2.9912700220786194e-06,7.998516554594217,-1.5673712933063118
709,3.0839612045749722e-06,7.998514522168862,-1.5673676144750441
710,3.104005448738026e-06,7.998512574061419,-1.5673639104221782
711,3.093142373165961e-06,7.998510496078554,-1.5673601844762264
712,3.088700072214385e-06,7.998508571984358,-1.5673564618978097
713,3.0313536765373234e-06,7.998506510684188,-1.5673527174283923
714,3.0395370582631653e-06,7.998504582070302,-1.5673490032061905
715,3.133430791497726e-06,7.9985024806969,-1.5673453282492213
716,3.1799653650775748e-06,7.9984994987097755,-1.5673397713562738
717,2.91398385640373e-06,7.998497536372126,-1.5673359297838587
718,2.957863522130979e-06,7.998494490661881,-1.56733035892053
719,3.369379221805889e-06,7.9984914926287995,-1.567324973498074
720,3.196248222652808e-06,7.9984895350927285,-1.5673211862802492
721,2.9724998363220192e-06,7.99848748663096,-1.5673173634488349
722,3.0984233537429247e-06,7.99848457935351,-1.5673118450590593
723,3.2182221966551097e-06,7.998481580727969,-1.5673063224180028
724,3.1525634007527445e-06,7.99847957088497,-1.5673025716866364
725,3.019610432909442e-06,7.998476524888832,-1.5672969261512724
726,3.0060482257332663e-06,7.998474502877048,-1.567293190771179
727,3.2110475572962844e-06,7.998471546948285,-1.5672877004958334
728,3.3128330322618495e-06,7.998469622714384,-1.567284030206971
729,3.1065599707738013e-06,7.998466555456363,-1.567278363464143
730,3.1126928092171457e-06,7.998464571286444,-1.5672746428514732
731,3.257526948094817e-06,7.9984625332136625,-1.5672709932639997
732,3.3517827179944265e-06,7.998460559808739,-1.5672673184663706
733,3.205562598017135e-06,7.998458544207068,-1.5672635371457244
734,3.1212382578958416e-06,7.998456566243784,-1.5672597731258027
735,3.212890310603153e-06,7.998454537017803,-1.5672560937393532
736,3.3187820323358244e-06,7.998452576183874,-1.5672524219273216
737,3.3357305612936357e-06,7.998450558498693,-1.5672487192019646
738,3.2724680509702753e-06,7.998447567867284,-1.5672431162322837
739,3.2460989922894217e-06,7.998444618322919,-1.567237530615021
740,3.413785889876461e-06,7.998441594205566,-1.5672320297086577
741,3.3916370296917653e-06,7.998438527522336,-1.5672264509115874
742,3.284357180680759e-06,7.998435601733022,-1.5672208235266045
743,3.311888594969661e-06,7.998432580787426,-1.5672152506468249
744,3.3613342964631574e-06,7.998429572084688,-1.567209698530445
745,3.3631538586922063e-06,7.9984276341735425,-1.567205980379083
746,3.385371385249339e-06,7.998425558919302,-1.5672022702639739
747,3.349912713004382e-06,7.998423616148648,-1.5671985401925461
748,3.341874127326221e-06,7.9984225549253765,-1.5671966747975152
749,3.3485043381953746e-06,7.9984206390697565,-1.5671929602647114
750,3.3637586302297636e-06,7.998418591341566,-1.5671892473722937
751,3.3851132169923796e-06,7.99841661399241,-1.5671855407515596
752,3.3949008021187354e-06,7.99841455290351,-1.567181825349234
753,3.4177946053743372e-06,7.99841259861903,-1.5671781208643905
754,3.4393265923041765e-06,7.998410566759691,-1.5671744084297827
755,3.4151371050758695e-06,7.9984086462117245,-1.5671706790939077
756,3.4001239126675295e-06,7.998405567754614,-1.56716508952224
757,3.3989026796115703e-06,7.998403629647329,-1.5671613776877276
758,3.532621457208429e-06,7.998400606309263,-1.5671558635971579
759,3.4887265410453626e-06,7.998397546054787,-1.567150266398772
760,3.4745175841346416e-06,7.998394639130206,-1.5671446813216137
761,3.505100789734171e-06,7.998392611924479,-1.56714097941609
762,3.509305645166021e-06,7.9983906232382465,-1.5671372611090664
763,3.4801379148500916e-06,7.998388578180323,-1.5671335283096837
764,3.481341824095727e-06,7.998386593867086,-1.5671298077687168
765,3.581471194330536e-06,7.998383650805944,-1.567124281949382
766,3.547491071865749e-06,7.998380566765988,-1.5671186902697372
767,3.497565337288954e-06,7.99837859558887,-1.5671149458262934
768,3.5920790073134285e-06,7.998375681494203,-1.5671094132317769
769,3.5993700393943473e-06,7.998373575249272,-1.567105695119571
770,3.5464398130495975e-06,7.998371604249276,-1.5671019592843638
771,3.5468909718628024e-06,7.998369538901,-1.5670982347817812
772,3.5651582418817357e-06,7.9983676572001565,-1.5670945297216825
773,3.6597501340270994e-06,7.998365607861461,-1.5670908514808464
774,3.6516672194460318e-06,7.998363645368838,-1.5670871297079438
775,3.5828083297461804e-06,7.9983615765164195,-1.5670833788870404
776,3.63097833846409e-06,7.998359656928408,-1.5670796833550242
777,3.661291104901149e-06,7.998357600664194,-1.5670759783057748
778,3.6297094814788075e-06,7.998355650049356,-1.5670722494007627
779,3.6083269758261815e-06,7.998353607990591,-1.5670685224142162
780,3.6950476551304867e-06,7.998351638585056,-1.5670648464227632
781,3.7072517242423512e-06,7.998349636838527,-1.5670611346869356
782,3.6393381085265277e-06,7.998347591194201,-1.567057384127759
783,3.5953874751740825e-06,7.998345640212016,-1.5670536480727648
784,3.70216862513301e-06,7.998343622038668,-1.567049974442431
785,3.7533238895183506e-06,7.99834166265832,-1.5670462820871762
786,3.710308072375871e-06,7.998339589228382,-1.5670425443193257
787,3.69150621566514e-06,7.9983386643295304,-1.5670406809083988
788,3.644269622315515e-06,7.998336641154791,-1.5670369335371996
789,3.652972332758657e-06,7.998334645609418,-1.5670332241418679
790,3.7394212241931502e-06,7.998332626290317,-1.567029543300429
791,3.801631315236889e-06,7.9983306337027535,-1.567025860272247
792,3.804054369434022e-06,7.998328647547744,-1.5670221409175706
793,3.720004678469609e-06,7.998326630464087,-1.5670183814442973
794,3.65238258022709e-06,7.998324670336632,-1.567014628835066
795,3.7168221240251056e-06,7.9983225664516375,-1.567010934802426
796,3.7445783145769514e-06,7.998320614044716,-1.5670072366088976
797,3.828021359960431e-06,7.998317654655398,-1.5670017018373872
798,3.838943542161788e-06,7.998315645423159,-1.5669979823142943
799,3.7563682386841586e-06,7.9983136716255006,-1.5669942317654655
800,3.6827063858237515e-06,7.9983116091319095,-1.5669904707132598
801,3.732284108599425e-06,7.998309605678973,-1.5669867744610595
802,3.8301337235962515e-06,7.998307607542823,-1.5669831012460773
803,3.931113146222255e-06,7.998304678596661,-1.5669775764252356
804,3.838802093451021e-06,7.998302659627301,-1.5669738176831698
805,3.7349673259152083e-06,7.99830067045646,-1.5669700483660776
806,3.8091526419486557e-06,7.998297563331657,-1.5669644996363943
807,3.875574504956339e-06,7.998295633842993,-1.5669608155245687
808,3.952287827163174e-06,7.998293637592929,-1.5669571373886189
809,3.805148439753734e-06,7.998291662935405,-1.5669533430308242
810,3.6952544537516272e-06,7.998289627151947,-1.566949570038657
811,3.81657159617456e-06,7.998287653424845,-1.5669459218230575
812,3.954095642891748e-06,7.998285641445502,-1.566942265523538
813,4.0003426890439015e-06,7.998283720099273,-1.5669385646783263
814,3.931256107581803e-06,7.998281647502549,-1.5669348066356648
815,3.6790155270760038e-06,7.9982796478556395,-1.566930965335691
816,3.6777449259882577e-06,7.998277572371794,-1.5669272331052158
817,3.917471813247394e-06,7.998275697311916,-1.5669236223758343
818,4.118326241581715e-06,7.998273643601115,-1.566919999359758
819,4.026191079456749e-06,7.998271677873865,-1.5669162439011164
820,3.7154806839881734e-06,7.9982685924046235,-1.5669105155988758
821,3.7203468354051117e-06,7.998266640685523,-1.5669067925620557
822,4.154934258598051e-06,7.998263688446944,-1.5669014158549412
823,4.103850816366966e-06,7.998261672920335,-1.566897680219871
824,3.983913244927202e-06,7.998259728136076,-1.5668939163795228
825,3.886419701208069e-06,7.998257677715034,-1.5668901449479173
826,3.898090539968081e-06,7.998255660501916,-1.5668864292658888
827,3.993828648444294e-06,7.998253660485461,-1.566882753936801
828,4.092028201826061e-06,7.998251679312986,-1.5668790880222674
829,4.130475962564792e-06,7.998249682435452,-1.5668753881339474
830,4.0606473978437215e-06,7.998247707414113,-1.5668716443702855
831,4.0005024256980024e-06,7.998245724609699,-1.5668678927711799
832,3.98394643905956e-06,7.998243713869388,-1.5668641639004595
833,4.094307392144845e-06,7.998240629505779,-1.5668586372177409
834,4.150329742664925e-06,7.998238723843891,-1.566854951433243
835,4.149082825571455e-06,7.998235700616001,-1.5668493759546374
836,4.082276736349493e-06,7.9982337412971845,-1.566845623287435
837,4.0266268748191185e-06,7.998230733130688,-1.5668400232898239
838,4.188888147395486e-06,7.998227668608499,-1.56683451670954
839,4.219822473222157e-06,7.998224689955293,-1.5668289585741961
840,4.132298095305938e-06,7.998221758678865,-1.566823343421966
841,4.11927530304451e-06,7.998219669050644,-1.5668196134356913
842,4.167783597898202e-06,7.9982177548307405,-1.5668159212858324
843,4.248575407611872e-06,7.99821569339105,-1.5668122395458566
844,4.1870405892981535e-06,7.998213732381803,-1.5668084993473808
845,4.128131330215631e-06,7.998211633957236,-1.5668047480277056
846,4.1097215043070485e-06,7.998209737819353,-1.5668010162233545
847,4.264159830174284e-06,7.998206742608657,-1.566795511337184
848,4.30649749397709e-06,7.998204739917614,-1.5667918120836721
849,4.135360513657281e-06,7.998202659499855,-1.5667880128354446
850,3.998033561738461e-06,7.9982006908008785,-1.5667842191617312
851,4.061567373348212e-06,7.998198634566109,-1.5667805202065546
852,4.30183051449629e-06,7.998196760842815,-1.5667769155035796
853,4.354457510895251e-06,7.998194707894365,-1.5667732214011112
854,4.200398479269071e-06,7.998192772394042,-1.5667694392482898
855,4.179699313957947e-06,7.99819069408166,-1.566765707405185
856,4.235289607542367e-06,7.9981887324402665,-1.5667620157940518
857,4.307484156210506e-06,7.998186670870743,-1.5667583298340397
858,4.3445638377088275e-06,7.998184768913014,-1.566754633317253
859,4.34693467118814e-06,7.998182734686633,-1.5667509128074981
860,4.237767988791383e-06,7.998180781661496,-1.5667471440604355
861,4.2096793528026435e-06,7.9981797062420235,-1.5667452680107663
862,4.1980938171069045e-06,7.998177741293506,-1.5667415463558363
863,4.3205290712338375e-06,7.998175739772696,-1.5667378754076322
864,4.4225106182680146e-06,7.998173748708767,-1.566734206570388
865,4.438337662876578e-06,7.998171778423411,-1.5667305035529515
866,4.4183221517825815e-06,7.998169707154704,-1.5667267720599292
867,4.36063287004603e-06,7.998167766538834,-1.5667230352931043
868,4.3600130244577175e-06,7.998165760254365,-1.566719316213087
869,4.363436966098967e-06,7.998163796701469,-1.5667155988845138
870,4.38003083834135e-06,7.998161770232916,-1.5667118867104708
871,4.39423977761146e-06,7.99815978715818,-1.566708175777123
872,4.4176938962886756e-06,7.9981577417629826,-1.5667044685615839
873,4.426935203073943e-06,7.998155788913922,-1.5667007530439319
874,4.449044764377023e-06,7.998153769492068,-1.5666970436880236
875,4.397380818729595e-06,7.9981507156090155,-1.5666914384092039
876,4.389169113950985e-06,7.998148794607211,-1.5666877165663664
877,4.468195329988299e-06,7.998146761093063,-1.5666840323079911
878,4.5872122841551205e-06,7.998144809576293,-1.5666803690661986
879,4.296792787098363e-06,7.998141695721229,-1.5666746558863325
880,4.239067443807724e-06,7.998139723767858,-1.5666709001687558
881,4.4682253901556015e-06,7.998137716338624,-1.5666672769615164
882,4.628397775659502e-06,7.99813581147395,-1.5666636421366145
883,4.585929899345856e-06,7.998133733753055,-1.566659907903446
884,4.377940242087744e-06,7.9981317782536046,-1.5666560931428024
885,4.3740903595148694e-06,7.998128711084397,-1.5666505006647466
886,4.524425754842759e-06,7.998126811134287,-1.5666468498976542
887,4.6022217629667455e-06,7.998124770640324,-1.5666431697084575
888,4.61689010054876e-06,7.998122867242364,-1.566639457329237
889,4.468953163004813e-06,7.9981207178378675,-1.5666356747913817
890,4.374704189334477e-06,7.998117694752406,-1.566630041485541
891,4.421863998787036e-06,7.99811578718402,-1.56662634208101
892,4.614360684123952e-06,7.998113758868224,-1.5666227056866953
893,4.703285484888289e-06,7.998111837209059,-1.5666190299744518
894,4.538635086023599e-06,7.998109730413804,-1.5666152392793287
895,4.44813718163409e-06,7.998107818525321,-1.5666114744285211
896,4.541208533061119e-06,7.998105773137485,-1.5666077926464892
897,4.6841086748526205e-06,7.998103862502007,-1.5666041442393936
898,4.710350216098312e-06,7.9981028062691895,-1.5666022897947836
899,4.529416383190606e-06,7.998100799987439,-1.5665984936617714
900,4.451211574893008e-06,7.998098744168833,-1.5665947340262683
901,4.639613068639961e-06,7.998096783416744,-1.5665910900446103
902,4.7456844106417885e-06,7.99809484188646,-1.5665874239077389
903,4.6510496643433065e-06,7.998092813460493,-1.566583669934976
904,4.56598263973203e-06,7.998090816415748,-1.5665799123183681
905,4.643738016911194e-06,7.998088800835573,-1.5665762234615745
906,4.71771415803264e-06,7.998086784458399,-1.5665725393687866
907,4.7897315011767596e-06,7.998084857661357,-1.5665688558477113
908,4.72653421021973e-06,7.998082823436051,-1.5665651111367374
909,4.691269701159282e-06,7.998080880114852,-1.5665613814679633
910,4.785912153976962e-06,7.9980788347115945,-1.5665577018955676
911,4.83502649164054e-06,7.998076812696124,-1.5665540038108734
912,4.769649817896009e-06,7.998074833748157,-1.5665502618914904
913,4.754321526331271e-06,7.998072875170872,-1.566546537250971
914,4.7563076715336495e-06,7.998069820810088,-1.5665409547158335
915,4.764908505732062e-06,7.998067879227643,-1.5665372434399165
916,4.775309294324107e-06,7.998065775299741,-1.5665335253524961
917,4.8039059529863956e-06,7.99806387323563,-1.566529819971024
918,4.819388835699121e-06,7.998061845188315,-1.5665260993089836
919,4.766243285382432e-06,7.9980598925332425,-1.5665223658091485
920,4.840289806039671e-06,7.998057801016823,-1.566518676431597
921,4.8821249190166235e-06,7.998055868391684,-1.5665149804141643
922,4.903974745602334e-06,7.998053817649509,-1.5665112727940345
923,4.88140040586814e-06,7.998051904841277,-1.566507544537357
924,4.837839908009886e-06,7.998049835522782,-1.5665037964145798
925,4.830797705569556e-06,7.998046892998314,-1.5664982167412593
926,4.863956709970632e-06,7.998044830045226,-1.5664945123710192
927,4.907872315250372e-06,7.998042872547675,-1.5664908148114147
928,4.875449899461461e-06,7.99803992582654,-1.5664852212684979
929,4.925858270274799e-06,7.998037844063462,-1.566481525585762
930,4.974559635833483e-06,7.998035902154305,-1.566477834883625
931,4.99323732218743e-06,7.998033836035955,-1.5664741256551356
932,4.9068981537872e-06,7.998030911365029,-1.5664685042634894
933,4.972883802738203e-06,7.998028872442798,-1.566464814781228
934,5.012734358177862e-06,7.998027929984379,-1.566462979377759
935,5.0263410839715024e-06,7.998026931378665,-1.566461126319005
936,4.967177577939494e-06,7.998024811933442,-1.5664573790979537
937,4.932196776353109e-06,7.998022864491427,-1.5664536441550083
938,4.9425747929468456e-06,7.998020890212512,-1.5664499264471976
939,5.060564533142852e-06,7.998018934656831,-1.5664462624198972
940,5.101356280887402e-06,7.998016846437685,-1.5664425608828318
941,4.9991246614498504e-06,7.998014905671732,-1.5664388013880912
942,4.961145874985441e-06,7.998012897538014,-1.5664350619409935
943,5.046765952916541e-06,7.998010951833753,-1.566431381751876
944,5.108851704612393e-06,7.99800887322592,-1.5664276936057513
945,5.125778505592538e-06,7.998005872081979,-1.5664221258733437
946,5.0784722757647285e-06,7.998003876214424,-1.56641839052755
947,5.049409224743817e-06,7.998001865625533,-1.5664146555946614
948,5.11448150913839e-06,7.997998963787296,-1.566409107323382
949,5.154383902162054e-06,7.997996873748968,-1.566405406723672
950,5.0795745674484694e-06,7.997993886708771,-1.5663997952080353
951,5.062885547004608e-06,7.997991931019795,-1.566396072007916
952,5.168018058965999e-06,7.997989917109663,-1.5663923966972741
953,5.224953703576207e-06,7.997987880909751,-1.5663887008426813
954,5.164606917069999e-06,7.997985933411098,-1.5663849623128545
955,5.12070367414498e-06,7.997983902920227,-1.566381220471308
956,5.1057183663031175e-06,7.997981944841399,-1.5663774914348978
957,5.178214500830545e-06,7.997979896902646,-1.566373805451337
958,5.2504176443696805e-06,7.9979769098216025,-1.56636826822353
959,5.217333312287377e-06,7.997974919386707,-1.5663645364294172
960,5.171523461318325e-06,7.997972950295503,-1.5663607947244127
961,5.149327760917283e-06,7.997970930220201,-1.5663570633340986
962,5.204674936855427e-06,7.997968950465367,-1.566353369265469
963,5.275684440760421e-06,7.997965933697511,-1.5663478288924952
964,5.318909176947276e-06,7.997963888220862,-1.5663441290563456
965,5.304268081736642e-06,7.997961976631903,-1.5663404083173458
966,5.26843292203953e-06,7.997959946947002,-1.5663366697918957
967,5.264210355583833e-06,7.997957976107307,-1.5663329508477413
968,5.266318583821269e-06,7.997955928694565,-1.566329229143104
969,5.270295813828912e-06,7.997953980604855,-1.5663255130461848
970,5.307069947852708e-06,7.997951921145601,-1.566321807172703
971,5.2930260444232615e-06,7.997950943227678,-1.5663199428864836
972,5.299826472005422e-06,7.997949989793872,-1.5663180879635477
973,5.313787508595599e-06,7.997948959007653,-1.5663162332293525
974,5.336210134810055e-06,7.997947913560811,-1.5663143840271618
975,5.344635659103197e-06,7.997945998552328,-1.5663106678524392
976,5.308204729444614e-06,7.997943946435712,-1.5663069358545967
977,5.387209173144135e-06,7.997941993062414,-1.5663032576648748
978,5.397262099698241e-06,7.997939967834142,-1.566299544293434
979,5.370702762922345e-06,7.997937932520173,-1.5662958159372606
980,5.390507019796529e-06,7.997934947363992,-1.5662902453057261
981,5.3773572952494226e-06,7.9979330272064315,-1.56628651712776
982,5.368560859251898e-06,7.997930947478715,-1.5662827910360602
983,5.396573959174943e-06,7.997927916660393,-1.566277226372653
984,5.41301777446467e-06,7.997923949645423,-1.566269796645437
985,5.390695332073901e-06,7.997922028411218,-1.5662660673488724
986,5.4996386742161655e-06,7.997918968767084,-1.5662605410954682
987,5.49460115811578e-06,7.997915959898836,-1.5662549640944736
988,5.469552046748659e-06,7.997913017867563,-1.566249375692402
989,5.424660547348552e-06,7.997910010193429,-1.5662437752124458
990,5.522844201332857e-06,7.997907969758538,-1.566240097761305
991,5.613592033595535e-06,7.997905994029315,-1.5662364297726468
992,5.520045615459218e-06,7.997903943694134,-1.5662326593915006
993,5.236925622084522e-06,7.997900977850373,-1.566226938832055
994,5.487290004386417e-06,7.997898939936149,-1.5662233237794654
995,5.773502677405002e-06,7.997897014852984,-1.566219745652192
996,5.544878704895388e-06,7.997894000634454,-1.5662140768984
997,5.36487989827134e-06,7.997891950610331,-1.5662102641768725
998,5.679646599526699e-06,7.9978890364436985,-1.5662048446873191
999,5.789388725360725e-06,7.99788596432745,-1.5661993351420247
1000,5.435175282612043e-06,7.997883964116758,-1.56619544178896
1001,5.3820944506317905e-06,7.997881954957019,-1.566191678973006
1002,5.685043194644173e-06,7.997880042648121,-1.5661880965766897
1003,5.610976651872805e-06,7.997877022961823,-1.5661824873097998
1004,5.474065605721561e-06,7.997874971192867,-1.5661787011754185
1005,5.569100224173733e-06,7.997873012709623,-1.5661750201352538
1006,5.73767426853378e-06,7.997870010561652,-1.56616952239716
1007,5.765125381100668e-06,7.997868096264967,-1.5661658208268634
1008,5.6648661940580876e-06,7.997865026110499,-1.5661602007550295
1009,5.574475060387911e-06,7.9978630119152765,-1.5661564394995464
1010,5.6327172976187735e-06,7.997861984733868,-1.5661546012274397
1011,5.732395528166871e-06,7.997860070578676,-1.5661509299366192
1012,5.774251940006254e-06,7.997859062586847,-1.5661490833655574
1013,5.774013005336316e-06,7.997858038349444,-1.5661472297572134
1014,5.771787092926858e-06,7.997857017487139,-1.5661453688221996
1015,5.726466605661169e-06,7.997854068368988,-1.5661397674716322
1016,5.681923758260729e-06,7.997852073112437,-1.566136029738394
1017,5.75270318555036e-06,7.997850080965223,-1.5661323402444465
1018,5.797234568702576e-06,7.997848064609169,-1.5661286470998501
1019,5.815465707740706e-06,7.997846106675948,-1.5661249356454356
1020,5.798726828396559e-06,7.99784505273491,-1.5661230683446132
1021,5.755858127568512e-06,7.997843096186304,-1.5661193277535883
1022,5.7487815326211244e-06,7.997841010625677,-1.5661156022598652
1023,5.771656651283514e-06,7.997839107659089,-1.5661118945284824
1024,5.868513945030808e-06,7.997837053848467,-1.5661082146258989
1025,5.926121770825044e-06,7.9978340822557445,-1.5661026757032854
1026,5.872970834889037e-06,7.997832035767743,-1.5660989332040047
1027,5.868088347188796e-06,7.997829070298715,-1.5660933522167835
1028,5.9130662244874154e-06,7.997827133714503,-1.5660896562612983
1029,5.9128853945751954e-06,7.997825044915884,-1.5660859304157404
1030,5.883619251111563e-06,7.997823090215018,-1.566082204382712
1031,5.902850226334373e-06,7.997821040578855,-1.5660784887228807
1032,5.944185370510281e-06,7.997819160107692,-1.5660747898709513
1033,5.93459626614912e-06,7.997817090423779,-1.5660710644281903
1034,5.9281549661528875e-06,7.997815130323561,-1.5660673453376717
1035,5.9758896332533575e-06,7.997812122722786,-1.5660617913655341
1036,5.9526231980910426e-06,7.997809081854158,-1.5660561947760112
1037,5.940136048422261e-06,7.99780714513024,-1.5660524738256327
1038,5.9432424989566e-06,7.997804110988738,-1.5660468941112873
1039,6.007619704975883e-06,7.997802118721168,-1.56604320319465
1040,6.08120943990239e-06,7.9977991270109055,-1.566037666806482
1041,6.047016264879048e-06,7.99779704084356,-1.5660339298068595
1042,6.0033741561001335e-06,7.997794097527159,-1.566028327581078
1043,6.010624182785083e-06,7.997792157079317,-1.5660246113658773
1044,6.074939644679614e-06,7.997790164749903,-1.5660209212669098
1045,6.121572930335663e-06,7.997787127347659,-1.566015372105257
1046,6.072159180158813e-06,7.9977850863565685,-1.5660116269564468
1047,6.063380970711566e-06,7.9977821661172435,-1.5660060412689867
1048,6.167096991064759e-06,7.997780107271556,-1.5660023702801085
1049,6.177158598405872e-06,7.997779121391878,-1.5660005200398714
1050,6.187956317190285e-06,7.99777815096036,-1.565998662899843
1051,6.139246064511632e-06,7.997776087860205,-1.5659949232502186
1052,6.130122368845965e-06,7.997775166090523,-1.5659930628644931
1053,6.0932871722732725e-06,7.9977731798125316,-1.565989319579934
1054,6.151805001647995e-06,7.997771137123227,-1.5659856275872186
1055,6.210649546724099e-06,7.997769164035864,-1.5659819407524314
1056,6.240007269959656e-06,7.997767105609965,-1.565978239292613
1057,6.1835913229704525e-06,7.997765184557681,-1.5659744962400453
1058,6.171083118372894e-06,7.997763143787655,-1.5659707705789918
1059,6.261020439099743e-06,7.997761211739986,-1.5659670957344891
1060,6.300416438105744e-06,7.99775911996825,-1.5659633925096565
1061,6.238946113806882e-06,7.997757201289079,-1.565959654262443
1062,6.182072865083191e-06,7.997755126220643,-1.5659559023082454
1063,6.178833889495403e-06,7.99775214603051,-1.5659503183893504
1064,6.263381797835958e-06,7.997750171347808,-1.5659466379893274
1065,6.363111986100761e-06,7.997748191477219,-1.5659429710861903
1066,6.353683262310632e-06,7.9977461065221105,-1.5659392489947346
1067,6.204767278115019e-06,7.997744158157069,-1.565935461441564
1068,6.11021870405131e-06,7.997742087042106,-1.565931686699645
1069,6.251874500509195e-06,7.9977391917945,-1.5659261666960782
1070,6.391787711481958e-06,7.997737177153789,-1.5659225177935447
1071,6.378536280924621e-06,7.997734151921706,-1.565916940370437
1072,6.329730503271685e-06,7.997732197183832,-1.5659131953695111
1073,6.248818798121957e-06,7.997730163941003,-1.565909443184472
1074,6.32101557076108e-06,7.997727201632747,-1.5659038934080884
1075,6.370390675234594e-06,7.997725151022362,-1.5659001945310558
1076,6.36885089648681e-06,7.997722195890403,-1.5658946146589987
1077,6.398478143739489e-06,7.997720219114032,-1.565890911527402
1078,6.474860467423353e-06,7.997717166146832,-1.5658853714212957
1079,6.489206630870549e-06,7.997715239112302,-1.565881660672491
1080,6.465553354265154e-06,7.997713165768601,-1.5658779305932027
1081,6.4381794292088735e-06,7.99771022401791,-1.5658723382059636
1082,6.451584464049672e-06,7.997708255707748,-1.565868627370151
1083,6.4417257877894586e-06,7.997706222229699,-1.5658648981984218
1084,6.465260618975735e-06,7.997704239997003,-1.5658611928372606
1085,6.485343855493292e-06,7.997702217204887,-1.5658574802940686
1086,6.506087885753414e-06,7.997700261831106,-1.5658537726175095
1087,6.508804670791216e-06,7.997698232980048,-1.5658500533857702
1088,6.478904642869509e-06,7.9976962386428,-1.565846320629287
1089,6.475610178669742e-06,7.997695264879259,-1.5658444570258536
1090,6.548583177375303e-06,7.997693222338917,-1.5658407711642934
1091,6.60812415938461e-06,7.9976922681011215,-1.5658389451294863
1092,6.665883707286891e-06,7.997691284149521,-1.565837108464986
1093,6.500613546997894e-06,7.997689154869744,-1.5658333101011264
1094,6.322860269395155e-06,7.997687205495923,-1.5658295124208537
1095,6.502378758859209e-06,7.997685158092156,-1.5658258611343154
1096,6.706300311929338e-06,7.9976832923669585,-1.565822242257372
1097,6.673008440601953e-06,7.997681240219947,-1.5658185078446114
1098,6.552065173277506e-06,7.9976793058613165,-1.5658147470562156
1099,6.601783616039008e-06,7.997677204458437,-1.5658110449896125
1100,6.65528383074383e-06,7.997675271883536,-1.5658073562124784
1101,6.7046588539137004e-06,7.997673221958911,-1.565803659067591
1102,6.690482393505599e-06,7.997671313900249,-1.5657999392670625
1103,6.64019735239602e-06,7.9976692575264225,-1.565796188421598
1104,6.580679171899656e-06,7.997667303439206,-1.5657924443877178
1105,6.6651255023078875e-06,7.997664225710969,-1.5657868998885294
1106,6.709473437337281e-06,7.99766230784998,-1.565783204574947
1107,6.676779875374101e-06,7.997659315509729,-1.5657776117249882
1108,6.737471543876701e-06,7.997656276771618,-1.5657720582158585
1109,6.794045982003288e-06,7.997653294810048,-1.565766510448091
1110,6.776238100738736e-06,7.997651293985693,-1.5657627869076254
1111,6.789650047388872e-06,7.997649268969791,-1.5657590698740147
1112,6.7435006916984904e-06,7.997647321518166,-1.565755331090604
1113,6.748527060419464e-06,7.997645325279016,-1.565751611479579
1114,6.8465303760457e-06,7.99764331032595,-1.565747942205818
1115,6.8267220840543815e-06,7.997640262782906,-1.565742354518961
1116,6.743846922406458e-06,7.997638341833867,-1.5657385986256833
1117,6.847434568037053e-06,7.997635297531103,-1.56573306464368
1118,6.853477531613494e-06,7.9976333515357805,-1.5657293512579007
1119,6.8693241004391e-06,7.997630341948623,-1.565723784285715
1120,6.829535943005929e-06,7.997627299930959,-1.5657181788616066
1121,6.8857283136101616e-06,7.997625381667626,-1.5657144913513974
1122,6.962598369693992e-06,7.997623283368938,-1.5657108096924746
1123,6.954335412837691e-06,7.997621301233626,-1.5657070885440623
1124,6.859553062385098e-06,7.997619294258845,-1.5657033256483663
1125,6.902367968315578e-06,7.99761735480083,-1.5656996274489774
1126,6.9549016027786916e-06,7.997615339808399,-1.5656959330336861
1127,6.962482390204463e-06,7.997613316954372,-1.565692219490771
1128,6.962305787650621e-06,7.997612364990286,-1.5656903623047003
1129,6.973608136169516e-06,7.997611316711279,-1.5656885072778692
1130,6.973128151304615e-06,7.997609341968156,-1.5656847805641436
1131,6.92316386186234e-06,7.997607373774329,-1.5656810473534353
1132,7.03305575477053e-06,7.997605337537936,-1.5656773774778132
1133,7.086604521720144e-06,7.997603360639627,-1.5656736879175341
1134,7.013386131564529e-06,7.997601283184603,-1.5656699363545676
1135,6.947826397286258e-06,7.997599393702068,-1.565666191906763
1136,7.038050742269278e-06,7.9975973256974715,-1.5656625067368595
1137,7.078989618955515e-06,7.997595384541977,-1.5656588070124169
1138,7.07559595581749e-06,7.997592355697343,-1.5656532344823193
1139,7.069126973282651e-06,7.997590399227471,-1.5656495099138097
1140,7.03373077537453e-06,7.997588385262166,-1.5656457719332426
1141,7.119180860037814e-06,7.99758641513278,-1.5656420953897596
1142,7.18104458855271e-06,7.997584312920553,-1.5656384099438208
1143,7.126016348446741e-06,7.997582386147801,-1.5656346698926424
1144,7.059907390165333e-06,7.997580342981944,-1.565630913446169
1145,7.0998074931627525e-06,7.997578465350524,-1.5656272150582409
1146,7.156323201072825e-06,7.997575378865388,-1.5656216611095637
1147,7.167372449633876e-06,7.997573413480494,-1.565617944954654
1148,7.101937053143993e-06,7.997570405241178,-1.5656123395506296
1149,7.097564035260279e-06,7.997568369282386,-1.565608615236813
1150,7.219009694342562e-06,7.997566431315936,-1.5656049544026163
1151,7.294066913185899e-06,7.997563345502704,-1.565599411506754
1152,7.257187546840074e-06,7.997560393189748,-1.565593820383737
1153,7.222553710725168e-06,7.997557467134337,-1.5655882273125683
1154,7.207100470935415e-06,7.9975553766711185,-1.5655844951477047
1155,7.237015259226018e-06,7.997552376568094,-1.565578930820797
1156,7.286412149422228e-06,7.997550461534463,-1.5655752386570596
1157,7.322941471529856e-06,7.997548423200064,-1.5655715313467176
1158,7.261783176490682e-06,7.9975454531461745,-1.56556592873497
1159,7.263371289235333e-06,7.997543396572522,-1.5655622055940293
1160,7.35083013604685e-06,7.997541490469013,-1.5655585280444413
1161,7.390815645717757e-06,7.997539417133115,-1.5655548228822789
1162,7.30163096206691e-06,7.99753746956381,-1.5655510712259226
1163,7.277166378742313e-06,7.997536421354146,-1.5655491960768761
1164,7.269152487845242e-06,7.997535396421286,-1.5655473283362553
1165,7.272302366329324e-06,7.997534455800679,-1.5655454765091457
1166,7.331976354652288e-06,7.997533489512821,-1.5655436400537
1167,7.443423517690452e-06,7.997531399180658,-1.5655399714766196
1168,7.499175338928003e-06,7.997529473879103,-1.565536283592746
1169,7.373287096604871e-06,7.997527409441353,-1.565532501580047
1170,7.200941171786687e-06,7.997525433917855,-1.5655286986548897
1171,7.309062330829128e-06,7.997522378523842,-1.5655231535432348
1172,7.5018551900597535e-06,7.997520520505715,-1.5655195277081126
1173,7.440598983845324e-06,7.997517428888982,-1.5655139273668564
1174,7.321307610889683e-06,7.997515463213839,-1.5655101509523746
1175,7.269904049473191e-06,7.997513400356053,-1.5655063978804604
1176,7.397415308770645e-06,7.997510462369022,-1.5655008662940517
1177,7.563586496553419e-06,7.99750851633728,-1.5654972250796526
1178,7.56470312716172e-06,7.997506463068706,-1.5654935163550938
1179,7.5435550447053405e-06,7.997503524735367,-1.5654879361204495
1180,7.489716757845146e-06,7.997500543943497,-1.5654823290861772
1181,7.63125417759281e-06,7.997497474859541,-1.5654768169166582
1182,7.651856698748175e-06,7.997495510872394,-1.5654731114434808
1183,7.595928762265885e-06,7.997492509036558,-1.5654675133341016
1184,7.5685015197665815e-06,7.997489501793605,-1.565461913776978
1185,7.674693167237505e-06,7.9974865617394455,-1.5654563910089276
1186,7.69204948533661e-06,7.997484458251967,-1.5654526767339605
1187,7.612107710811527e-06,7.997482532729976,-1.5654489279142445
1188,7.5943292589204685e-06,7.997480495384494,-1.5654451943703291
1189,7.666379936066878e-06,7.997478611885626,-1.565441510040804
1190,7.704890027309993e-06,7.9974764903765765,-1.5654378044574921
1191,7.588628886282875e-06,7.997474517098814,-1.5654340350047848
1192,7.544123403986594e-06,7.99747244754782,-1.5654302864419454
1193,7.538732619186669e-06,7.997470500638818,-1.565426553445757
1194,7.706366480027617e-06,7.997467587301457,-1.565421048626009
1195,7.799138998268605e-06,7.997464543230961,-1.5654155167518962
1196,7.784440048351238e-06,7.99746259961903,-1.565411793790769
1197,7.73000863612869e-06,7.997459580661731,-1.5654061945857523
1198,7.748154347599291e-06,7.997457571153502,-1.5654024815490386
1199,7.751058874318134e-06,7.997455604042559,-1.5653987636239575
1200,7.870046508782818e-06,7.997452536465239,-1.5653932420358627
1201,7.898581750454614e-06,7.9974505817452535,-1.5653895383904253
1202,7.828807719989147e-06,7.99744851526035,-1.5653857891715444
1203,7.799853383833583e-06,7.997446629041882,-1.5653820569904318
1204,7.853791877305254e-06,7.997444553099868,-1.5653783621800768
1205,7.897304604791097e-06,7.997442625327171,-1.5653746608667736
1206,7.870887190360669e-06,7.9974405406805875,-1.5653709316995295
1207,7.863512493757206e-06,7.997438624381261,-1.565367209902474
1208,7.897572575093355e-06,7.99743560849885,-1.5653616460715225
1209,7.88503375378184e-06,7.997433620116945,-1.565357918922239
1210,7.850759709552265e-06,7.997431578559957,-1.5653541787614025
1211,7.87025062813228e-06,7.997429614348246,-1.5653504667336142
1212,7.936176127998113e-06,7.997427554682442,-1.5653467769838108
1213,7.98754866113634e-06,7.997425609172177,-1.5653430851371766
1214,8.013671312374607e-06,7.997423594570625,-1.5653393709107337
1215,7.953217164123403e-06,7.997421666310401,-1.5653356329054864
1216,7.945031456365993e-06,7.997419570694975,-1.5653319037080682
1217,7.956547840821781e-06,7.997417636528908,-1.5653281912155783
1218,8.003013355543936e-06,7.997415631064159,-1.565324493523383
1219,8.025849027023066e-06,7.997413677735243,-1.5653207797018114
1220,7.962397276322673e-06,7.997410633007953,-1.5653151747234835
1221,7.957223511699202e-06,7.997408603165951,-1.5653114514148034
1222,8.088250173195292e-06,7.997405684327442,-1.5653059323010858
1223,8.089827083387314e-06,7.997402634613921,-1.5653003558907
1224,8.096290896065728e-06,7.997400651974931,-1.5652966352817033
1225,8.079235848356016e-06,7.9973977007271575,-1.565291051773614
1226,8.119364226933151e-06,7.99739563443709,-1.565287351039115
1227,8.134975279727148e-06,7.997393691114425,-1.5652836425083116
1228,8.173663658285817e-06,7.997391634573463,-1.5652799405632816
1229,8.147883223400282e-06,7.997389715530591,-1.5652762090844028
1230,8.14963262140595e-06,7.997386668050569,-1.5652706233012694
1231,8.141003010981093e-06,7.9973836307004085,-1.5652650407689097
1232,8.208619125091845e-06,7.997381727513667,-1.5652613562186515
1233,8.27715814085226e-06,7.997379674575326,-1.5652576693529174
1234,8.207196746011128e-06,7.997377693082259,-1.5652539228132691
1235,8.170439819386275e-06,7.9973756060038514,-1.565250180073761
1236,8.167972675824435e-06,7.997373720579651,-1.5652464549445535
1237,8.279411875396914e-06,7.997371680045691,-1.565242784895294
1238,8.327793713934233e-06,7.997370719171238,-1.5652409482614897
1239,8.331495542612355e-06,7.997369726142825,-1.5652390922208115
1240,8.295681829890532e-06,7.997368683162453,-1.565237220314788
1241,8.28512171898606e-06,7.997367617021255,-1.565235355429074
1242,8.27945344931036e-06,7.997365701780173,-1.5652316349102657
1243,8.28720582796693e-06,7.9973627511323135,-1.5652260548413461
1244,8.311996779289317e-06,7.997360727735108,-1.565222346335598
1245,8.319480443956808e-06,7.997358704078711,-1.5652186338813794
1246,8.348765019623205e-06,7.9973566518251005,-1.5652149268983522
1247,8.390220393180091e-06,7.997354766506037,-1.5652112251815713
1248,8.34370809411561e-06,7.997352683923022,-1.5652074836663263
1249,8.329316124777545e-06,7.997350782730686,-1.5652037575505624
1250,8.394622406267126e-06,7.997348693033896,-1.565200069114027
1251,8.446981770005055e-06,7.997346750420121,-1.5651963773384048
1252,8.468912456820077e-06,7.997343729487729,-1.5651908067150424
1253,8.397596819185402e-06,7.997341762455752,-1.5651870566891173
1254,8.364390672512854e-06,7.997339741670817,-1.5651833193828828
1255,8.385091398678834e-06,7.997337753603143,-1.5651796064969379
1256,8.506325125342824e-06,7.997333740763756,-1.5651722259796697
1257,8.534470641837178e-06,7.997331746343893,-1.5651685134951345
1258,8.465650369712862e-06,7.997328747481002,-1.5651629067557578
1259,8.477242903478519e-06,7.997325760824282,-1.5651573330875805
1260,8.53524091898601e-06,7.9973228253312065,-1.5651517832760031
1261,8.539510610140857e-06,7.997320756856367,-1.5651480632846169
1262,8.505232333968595e-06,7.997318801560804,-1.5651443289098312
1263,8.556430649655773e-06,7.997315758670671,-1.5651387679254876
1264,8.614884368393086e-06,7.997313828405516,-1.5651350791249978
1265,8.631940372262805e-06,7.9973117569760515,-1.5651313629703534
1266,8.60613216826568e-06,7.997309834053166,-1.5651276401756211
1267,8.589963129514187e-06,7.997307778042478,-1.5651239105293349
1268,8.611485263756745e-06,7.997304781280032,-1.565118339654873
1269,8.614955382015678e-06,7.997302828925536,-1.565114620260418
1270,8.646171891582011e-06,7.997299790913387,-1.5651090517072965
1271,8.614083297843188e-06,7.997297859914757,-1.56510532001857
1272,8.634936060832188e-06,7.997295790625405,-1.5651016085222618
1273,8.740577585281367e-06,7.997292829372877,-1.565096076280872
1274,8.723331960736478e-06,7.997290789028404,-1.5650923544222994
1275,8.729413073014135e-06,7.997287798790335,-1.5650867767849506
1276,8.708510585778168e-06,7.997285880051223,-1.565083049006436
1277,8.768471939754098e-06,7.9972828198403665,-1.5650774909109075
1278,8.789110933050662e-06,7.997279778440773,-1.565071928447684
1279,8.807385363644696e-06,7.997278851330064,-1.5650700812865272
1280,8.797408542059651e-06,7.997276881503378,-1.5650663502517403
1281,8.782477944993563e-06,7.997275821681741,-1.565064483786963
1282,8.793172982917462e-06,7.997274860800513,-1.5650626351551649
1283,8.863695575319395e-06,7.997272906264203,-1.5650589487312707
1284,8.871755309995706e-06,7.997270818597461,-1.5650552281464982
1285,8.838545431743188e-06,7.997268880275458,-1.5650515021087836
1286,8.856049113312038e-06,7.997266851462512,-1.5650477897198531
1287,8.839360389647442e-06,7.997264924242483,-1.5650440592997692
1288,8.851149531872667e-06,7.9972628596100925,-1.5650403398171862
1289,8.84941880621843e-06,7.997260904601486,-1.5650366218799776
1290,8.887279241264727e-06,7.9972588470811,-1.5650329200811415
1291,8.905590930408942e-06,7.997256920914128,-1.5650292098195087
1292,8.938028276345857e-06,7.9972548845191405,-1.565025504403948
1293,8.894454916647643e-06,7.997251860112582,-1.5650199038948525
1294,8.892476300782437e-06,7.997249926214997,-1.5650161847673678
1295,9.02381265901803e-06,7.997246876055872,-1.5650106661939942
1296,9.013074367193872e-06,7.997244936876349,-1.5650069473467818
1297,9.010616079244584e-06,7.997242856866322,-1.565003226121586
1298,8.955078510454241e-06,7.997239936553713,-1.564997619740351
1299,8.990415763015779e-06,7.997237884063127,-1.5649939132161956
1300,9.030638525560425e-06,7.997235942208178,-1.5649902148035575
1301,9.070437847455911e-06,7.997233909361104,-1.5649865129483482
1302,9.047193576825601e-06,7.997231980002176,-1.5649827859413363
1303,9.013025611051272e-06,7.997229911526431,-1.564979046293866
1304,9.007860286679408e-06,7.99722796335752,-1.5649753229645005
1305,9.037894785585315e-06,7.997225923973551,-1.5649716147052335
1306,9.149280064733965e-06,7.997223999416022,-1.5649679514290706
1307,9.129554428125836e-06,7.9972219018470225,-1.564964216803003
1308,8.916043543113536e-06,7.9972199097223635,-1.5649603966837573
1309,8.931895658010025e-06,7.99721783094972,-1.5649566739684344
1310,9.218721588104848e-06,7.997215950222331,-1.5649530855404157
1311,9.277082997395894e-06,7.997213976259659,-1.5649493962151482
1312,9.158322356754894e-06,7.997212010900778,-1.56494562638032
1313,9.062418119935777e-06,7.997209969248754,-1.5649418607610124
1314,9.069179924257382e-06,7.997208915940668,-1.5649400044959438
1315,9.160691929412904e-06,7.997206947250125,-1.5649363279395954
1316,9.258342491191042e-06,7.997204871895167,-1.5649326546097042
1317,9.304090785997604e-06,7.99720393241181,-1.5649308219281735
1318,9.305772608226856e-06,7.997201960341849,-1.5649271016040585
1319,9.129673811801384e-06,7.997199987302304,-1.5649232993261257
1320,9.108257624365971e-06,7.997197999198507,-1.5649195619808718
1321,9.138546316684296e-06,7.9971959747902215,-1.5649158512242134
1322,9.257278708927629e-06,7.997193997280324,-1.5649121842522145
1323,9.337416617075722e-06,7.997191952525921,-1.564908508612288
1324,9.388066632703567e-06,7.99719000018309,-1.5649048178341673
1325,9.346461972115594e-06,7.997187983498204,-1.5649010779459138
1326,9.229283678130712e-06,7.997186055995344,-1.5648973043357595
1327,9.248040145147647e-06,7.997183952481652,-1.5648935879111252
1328,9.303206057976723e-06,7.997181979576209,-1.5648898956727997
1329,9.376563889188218e-06,7.997179911977313,-1.5648862071648326
1330,9.445143342081013e-06,7.99717802841917,-1.5648825239876432
1331,9.349993631992171e-06,7.997176026321359,-1.5648787525846324
1332,9.19393729786417e-06,7.997174062665846,-1.5648749552270305
1333,9.328133387706399e-06,7.997171953424125,-1.5648712955484487
1334,9.496458683070511e-06,7.997169997672476,-1.5648676550816072
1335,9.476859398392633e-06,7.997168021896074,-1.5648639265382684
1336,9.428745438070929e-06,7.997166076746872,-1.564860190272256
1337,9.430935282767976e-06,7.997164081332444,-1.5648564705475518
1338,9.425244323104212e-06,7.997162031399228,-1.5648527533832979
1339,9.450106182910103e-06,7.9971600170288015,-1.5648490426500223
1340,9.510315260959112e-06,7.997158084628183,-1.5648453486211653
1341,9.524389427212002e-06,7.997156057661655,-1.564841635489988
1342,9.486184398508499e-06,7.997154064898719,-1.5648379015556173
1343,9.465326241995485e-06,7.997152057223952,-1.5648341684439733
1344,9.557861092673069e-06,7.997150072011037,-1.5648304881131134
1345,9.605064713556293e-06,7.9971480958045245,-1.5648267928691835
1346,9.597173041969152e-06,7.997147067180288,-1.564824935038209
1347,9.58975229688448e-06,7.997146061870983,-1.5648230719477287
1348,9.580837016023643e-06,7.997145121292632,-1.564821211090758
1349,9.585073224215666e-06,7.997144109909182,-1.5648193463721036
1350,9.554819165737547e-06,7.997143082423262,-1.5648174763614036
1351,9.506081019804276e-06,7.997141121035396,-1.5648137311436863
1352,9.568718962724468e-06,7.997139097339582,-1.5648100359485804
1353,9.587237127568676e-06,7.9971380349838155,-1.5648081854667186
1354,9.632897471654112e-06,7.99713612724936,-1.5648044900614206
1355,9.649026117176728e-06,7.997134081607936,-1.5648007703774292
1356,9.62418534221298e-06,7.997132161231013,-1.5647970481214988
1357,9.621512887959198e-06,7.997130061627445,-1.5647933237101934
1358,9.630427449805365e-06,7.997128145742147,-1.5647896095034652
1359,9.674954930180519e-06,7.997126100454051,-1.5647859083059776
1360,9.69393481942207e-06,7.997124173184854,-1.5647821987844017
1361,9.695674105080673e-06,7.997122103437856,-1.5647784778527944
1362,9.662897768114117e-06,7.997120181460111,-1.5647747413307493
1363,9.737701963053882e-06,7.997118103111331,-1.5647710527451517
1364,9.777154386216395e-06,7.997116160103785,-1.5647673605504275
1365,9.799871014978844e-06,7.99711410904069,-1.5647636511987137
1366,9.781608468487367e-06,7.997112172128235,-1.564759925335822
1367,9.770590815074028e-06,7.997110138054527,-1.5647561969455215
1368,9.766311036688123e-06,7.997108202891866,-1.5647524757792595
1369,9.849568593258985e-06,7.997106154246757,-1.5647487962900581
1370,9.910841648847128e-06,7.997104162991211,-1.5647451088250426
1371,9.880997011882926e-06,7.997102154395484,-1.564741379337909
1372,9.831062868040151e-06,7.997100141027275,-1.5647376394471564
1373,9.823505090048488e-06,7.997098173709793,-1.5647339126499704
1374,9.828151155391458e-06,7.997096199465029,-1.5647301933644229
1375,9.929295979054885e-06,7.997093157300878,-1.5647246617431358
1376,9.955310926323139e-06,7.9970911776730675,-1.564720952400253
1377,9.878198886149253e-06,7.997089151579923,-1.564717199698368
1378,9.86042595620463e-06,7.997087216181035,-1.564713476627821
1379,9.918042947366397e-06,7.9970862476461795,-1.56471163843993
1380,1.000390786993154e-05,7.997084153854154,-1.5647079571157452
1381,9.993354132432577e-06,7.997082213657567,-1.564704240003824
1382,9.974201172699643e-06,7.997081191443263,-1.5647023696921343
1383,9.95546401428811e-06,7.997079217796164,-1.564698638541632
1384,9.928801607050722e-06,7.9970772325697865,-1.5646949037292581
1385,1.002549694517434e-05,7.997075175884495,-1.5646912248193183
1386,1.006997577295296e-05,7.997073215897951,-1.5646875373562348
1387,1.0104177469604537e-05,7.997071170909458,-1.5646838372774485
1388,1.0050744065060381e-05,7.997069262637137,-1.564680095302938
1389,9.982694955622134e-06,7.997067215077317,-1.5646763381158915
1390,9.957093817544116e-06,7.997065276362402,-1.5646726096094565
1391,1.0037924565994956e-05,7.997063179242717,-1.564668920733819
1392,1.0090243269972165e-05,7.997061251224794,-1.5646652291977243
1393,1.0138835125140911e-05,7.9970592061285775,-1.5646615299853748
1394,1.0125257409230523e-05,7.997057302734136,-1.5646578088512153
1395,1.0086564868624248e-05,7.997055225312256,-1.5646540654976884
1396,1.008650796036676e-05,7.997053275497273,-1.5646503485943242
1397,1.0122958760474128e-05,7.997051230507983,-1.5646466407676891
1398,1.014479616982408e-05,7.997050283615861,-1.5646447952571478
1399,1.01739454464077e-05,7.997048289738632,-1.5646410826803374
1400,1.0129900306850468e-05,7.997046238116365,-1.5646373451051803
1401,1.0105875100066949e-05,7.997044266843977,-1.5646336116246677
1402,1.017379363752466e-05,7.997042252266813,-1.5646299211907342
1403,1.0240025579914696e-05,7.997040306017218,-1.564626234214495
1404,1.0265587200642815e-05,7.997038249539576,-1.5646225210081919
1405,1.0241978305062393e-05,7.997036322681175,-1.56461879879353
1406,1.0181024329991451e-05,7.997033299766875,-1.5646131876540694
1407,1.0222485889080406e-05,7.997031315122322,-1.5646094849478023
1408,1.0264002551425705e-05,7.997029275375677,-1.5646057850557487
1409,1.0318301542922736e-05,7.997027300346381,-1.5646020865804309
1410,1.0302035862721784e-05,7.997025315226981,-1.5645983629751625
1411,1.0256681414750509e-05,7.997023376357824,-1.5645946190136313
1412,1.0255374108441934e-05,7.997021287447959,-1.5645908959643982
1413,1.0275051222512015e-05,7.997019324782108,-1.5645871897026824
1414,1.039842655022752e-05,7.997017302996626,-1.5645835246971531
1415,1.043383027081058e-05,7.997015358982435,-1.5645798242393663
1416,1.0377844305615965e-05,7.997013287259645,-1.564576079009714
1417,1.035840846563375e-05,7.997012361078809,-1.5645742132593718
1418,1.0439687729294302e-05,7.99701036203827,-1.564570532613931
1419,1.0492420452002408e-05,7.997009307662111,-1.5645686970587547
1420,1.0508325775691534e-05,7.9970073437774385,-1.5645649891642033
1421,1.0455703026538928e-05,7.99700529909333,-1.5645612491885235
1422,1.0417504376962857e-05,7.9970033853582505,-1.5645575136154393
1423,1.0413498738699531e-05,7.997001332999424,-1.5645537838838925
1424,1.0508374813571891e-05,7.996999376209145,-1.5645501085279507
1425,1.0563172887202191e-05,7.996997341590474,-1.56454641779404
1426,1.0552316510643935e-05,7.996995339697507,-1.5645426951853219
1427,1.0482714903018115e-05,7.996993369338392,-1.5645389465583983
1428,1.0548927128874158e-05,7.996991371186456,-1.5645352591108996
1429,1.0608512176772743e-05,7.99698939159965,-1.56453157186361
1430,1.059457772922425e-05,7.99698732525505,-1.5645278465002173
1431,1.0561998080660504e-05,7.996985404779488,-1.5645241137267443
1432,1.0532250686418118e-05,7.996983369193449,-1.5645203727444994
1433,1.052939017319812e-05,7.996981432797754,-1.5645166579188845
1434,1.0634694802831057e-05,7.996979358073414,-1.5645129837310252
1435,1.066515294105469e-05,7.996977420015359,-1.564509286178376
1436,1.0627422015933238e-05,7.996975356092853,-1.564505546312088
1437,1.0591963127185741e-05,7.996973451772134,-1.5645018170255391
1438,1.0696178293981054e-05,7.996971379011861,-1.5644981397326791
1439,1.0714416820770991e-05,7.996968440431039,-1.5644925755926211
1440,1.0685228638143296e-05,7.996966384100645,-1.5644888411843143
1441,1.0645311308967498e-05,7.996964486600378,-1.5644851007716372
1442,1.0670628858600555e-05,7.9969623959830045,-1.5644813907877808
1443,1.0747650228020458e-05,7.996960449789726,-1.5644777114854609
1444,1.081225778773785e-05,7.9969573989084095,-1.5644721676086253
1445,1.0763558567487038e-05,7.996955452093943,-1.5644684245798106
1446,1.0735340264778748e-05,7.996953440879148,-1.5644646900850043
1447,1.0706700130327586e-05,7.996951482147656,-1.5644609534371494
1448,1.0787529178363172e-05,7.996949410065666,-1.5644572659348297
1449,1.0825116070028176e-05,7.996947469758722,-1.5644535717104298
1450,1.085308044144906e-05,7.99694541106913,-1.5644498659264627
1451,1.0843786267319247e-05,7.996944454380905,-1.5644480037175568
1452,1.0835887033065307e-05,7.9969434906269,-1.564446139358478
1453,1.0837863453408668e-05,7.996942434112172,-1.5644442795376439
1454,1.0822854074792857e-05,7.996940489378458,-1.5644405510325492
1455,1.0822466074761254e-05,7.996939517980914,-1.5644386903908278
1456,1.0873695246897748e-05,7.996937460045459,-1.5644349962886541
1457,1.0968753527248642e-05,7.9969355336903165,-1.5644313273708952
1458,1.0859046957578412e-05,7.996933414846279,-1.5644275543465942
1459,1.0770198805690436e-05,7.996932438028244,-1.5644256497800693
1460,1.0640496159773592e-05,7.9969304303749515,-1.5644218605688418
1461,1.0823330418201917e-05,7.996928460989248,-1.5644182174515047
1462,1.1093887291721998e-05,7.9969265577658595,-1.5644146206792091
1463,1.1013822555839494e-05,7.996924502279157,-1.5644108751899108
1464,1.0929881600127491e-05,7.996922516944187,-1.5644071188977247
1465,1.0980845426891972e-05,7.996920506870173,-1.5644034247674339
1466,1.1062240324200277e-05,7.996918509745123,-1.5643997417147824
1467,1.1062317930965687e-05,7.99691645975352,-1.564396023661816
1468,1.1003702230290538e-05,7.996914529018427,-1.5643922826005168
1469,1.100630387633861e-05,7.996912526666435,-1.56438856281825
1470,1.0999103206340334e-05,7.99691057612126,-1.5643848366387023
1471,1.109374736615022e-05,7.996908511753906,-1.5643811573281567
1472,1.1106903061082604e-05,7.996906557414714,-1.5643774558243488
1473,1.1064979721197815e-05,7.996904477320603,-1.5643737130483368
1474,1.1023334919139095e-05,7.996902573258344,-1.5643699727384779
1475,1.1137927502496705e-05,7.996899560594552,-1.56436444373444
1476,1.1184191506828943e-05,7.9968975698801685,-1.5643607456409123
1477,1.112864568691895e-05,7.996895510982997,-1.5643570051967435
1478,1.1116448557489775e-05,7.996893513684248,-1.564353277215063
1479,1.1146951511313181e-05,7.996891604104472,-1.5643495763096866
1480,1.1234111000890472e-05,7.996889559912594,-1.5643458879416907
1481,1.1221647418750917e-05,7.996887544721395,-1.5643421628900092
1482,1.1152124965556894e-05,7.996885561471207,-1.5643384130932814
1483,1.1191819660130796e-05,7.9968835791651065,-1.56433470984854
1484,1.1294171057926437e-05,7.9968815860463875,-1.564331034879263
1485,1.1303260281371676e-05,7.996880547455939,-1.564329185922907
1486,1.1308381991425883e-05,7.996879534250483,-1.5643273239138067
1487,1.1272541028875207e-05,7.996878594783499,-1.5643254563756552
1488,1.1261195763987094e-05,7.996876563962189,-1.5643217259964517
1489,1.1222746862136523e-05,7.996874638255883,-1.5643179889535688
1490,1.1264066760009377e-05,7.996872591849918,-1.5643142864235995
1491,1.1349369104883535e-05,7.996870625594653,-1.5643106112681289
1492,1.1377767940747024e-05,7.996868614491955,-1.5643069067551387
1493,1.1323136242411599e-05,7.9968666033530456,-1.564303162628627
1494,1.132581137533993e-05,7.996864647092011,-1.5642994435513748
1495,1.142277228514059e-05,7.996862625259223,-1.564295772455392
1496,1.143249336014769e-05,7.996861636661135,-1.5642939214477
1497,1.1408934706460474e-05,7.996859598387177,-1.5642901906889977
1498,1.1355975969115714e-05,7.9968566847805835,-1.5642845864556665
1499,1.1349958503312354e-05,7.996855643293854,-1.564282718292071
1500,1.1403900690726357e-05,7.99685364454345,-1.5642790247425762
1501,1.1467740954254286e-05,7.996851624749207,-1.5642753373922076
1502,1.1522855843532146e-05,7.99684964649894,-1.5642716467194153
1503,1.1492829681098761e-05,7.996847670888777,-1.5642679146712288
1504,1.1430852301670335e-05,7.996845667497947,-1.5642641625301181
1505,1.139414045266237e-05,7.996844710453292,-1.5642622858488604
1506,1.1402084493468707e-05,7.996842643465944,-1.564258565604936
1507,1.146718057057068e-05,7.996840658222045,-1.5642548775637557
1508,1.152340555100108e-05,7.996838607368449,-1.5642511833349595
1509,1.1554650950095288e-05,7.996836692015663,-1.564247483335576
1510,1.1548449199058462e-05,7.996834669621562,-1.5642437564704672
1511,1.1519662468885486e-05,7.996832715747815,-1.5642400226305653
1512,1.1522023340591803e-05,7.996830671593174,-1.5642363020908991
1513,1.1629525393621763e-05,7.996828697015164,-1.5642326327903664
1514,1.1658089767706297e-05,7.996826694563062,-1.5642289358121257
1515,1.1628660352819216e-05,7.996824643711891,-1.5642252034853714
1516,1.1585334223374266e-05,7.996822697295248,-1.564221463063186
1517,1.1592239390337211e-05,7.996820724800937,-1.564217744609366
1518,1.1589149473045503e-05,7.996818760548231,-1.5642140252154677
1519,1.1685312390528238e-05,7.996816692597124,-1.5642103459185626
1520,1.1708523848065524e-05,7.996814741848103,-1.5642066439667386
1521,1.1713254603956019e-05,7.996813711973069,-1.5642047808951935
1522,1.1669035989766837e-05,7.996812661690933,-1.5642029020384538
1523,1.1626259799828355e-05,7.996810766785267,-1.5641991604235557
1524,1.1709956351684938e-05,7.99680870232518,-1.564195476837048
1525,1.1774586544528609e-05,7.996806755098416,-1.5641917941342194
1526,1.1758916015173783e-05,7.99680470127777,-1.564188065978049
1527,1.1747786657368533e-05,7.996803720405171,-1.5641862013232046
1528,1.1748955586239095e-05,7.996801797407034,-1.5641824831528188
1529,1.1740405109312825e-05,7.99679974015216,-1.5641787573107544
1530,1.1792533857410244e-05,7.996797795611306,-1.5641750624464954
1531,1.1847869875781683e-05,7.996796766904876,-1.5641732261836725
1532,1.1839425844712132e-05,7.996794789052187,-1.564169502133791
1533,1.1617615413139398e-05,7.996792660923295,-1.5641656748761048
1534,1.1594655574504492e-05,7.996790699372143,-1.564161937854748
1535,1.187187909573572e-05,7.996788739295476,-1.5641583393073066
1536,1.1977280976908185e-05,7.9967867734900535,-1.5641546644603446
1537,1.185615471780636e-05,7.996784829417564,-1.5641508990742106
1538,1.1797111331466294e-05,7.9967827493464325,-1.564147151554764
1539,1.1757465337273662e-05,7.996780789986302,-1.5641434092520945
1540,1.181837487957819e-05,7.996778744118145,-1.5641397113411415
1541,1.1941008895847774e-05,7.9967768407854045,-1.5641360506100548
1542,1.1968298978195138e-05,7.99677478705561,-1.5641323384640065
1543,1.1781366508709898e-05,7.996772803958062,-1.5641285324053664
1544,1.1756216356760092e-05,7.996770755513528,-1.564124793607737
1545,1.194556317908428e-05,7.996768849172066,-1.5641211581770256
1546,1.2099458785178283e-05,7.996766805580988,-1.5641175074525115
1547,1.1941357722324416e-05,7.99676482589769,-1.564113722530552
1548,1.1847885251221278e-05,7.996762804053223,-1.5641099547560922
1549,1.1900150492759396e-05,7.996760834812163,-1.564106251214374
1550,1.2117753896438811e-05,7.996757891865558,-1.5641007721918887
1551,1.2156979251436416e-05,7.996755841003399,-1.5640970804363472
1552,1.2158621041290867e-05,7.996753858287777,-1.5640933622637705
1553,1.2062043911782428e-05,7.996751871667051,-1.5640896031049272
1554,1.207512852370291e-05,7.996749890442463,-1.5640858888581455
1555,1.2159913893577571e-05,7.996747898452127,-1.564082205381641
1556,1.216276271993602e-05,7.996746860461041,-1.5640803528233227
1557,1.2164464838328352e-05,7.996745845906458,-1.5640784945134065
1558,1.2163046273602617e-05,7.996744896230237,-1.5640766380607587
1559,1.2171460234129594e-05,7.9967438733961975,-1.5640747815129297
1560,1.2190009304079117e-05,7.996742835800004,-1.5640729298489022
1561,1.2192565152950962e-05,7.996740936184871,-1.564069209136082
1562,1.2130428406056653e-05,7.996738899802224,-1.5640654588689606
1563,1.2102311495427056e-05,7.9967369257055445,-1.5640617237412442
1564,1.2141486938635871e-05,7.996734867594416,-1.5640580193770082
1565,1.2227022267780937e-05,7.996732890274927,-1.5640543420094626
1566,1.2296298503812093e-05,7.99673084691985,-1.5640506559510554
1567,1.2332016115587553e-05,7.996728914114989,-1.5640469520891425
1568,1.2224600150411316e-05,7.996726954372321,-1.564043183383285
1569,1.2118983389354212e-05,7.9967248986500135,-1.5640394067991887
1570,1.221081355261227e-05,7.99672296306686,-1.5640357281233646
1571,1.2346320025958175e-05,7.996720885078432,-1.5640320708628606
1572,1.2419859334630543e-05,7.996718961656857,-1.564028390889928
1573,1.2314749715266117e-05,7.996716891924646,-1.5640246175671473
1574,1.2147509572573086e-05,7.9967149374064155,-1.5640208188292475
1575,1.2151335909666205e-05,7.9967128660586715,-1.5640170923958467
1576,1.2334910009630717e-05,7.996710945862962,-1.5640134530622432
1577,1.2429068202847403e-05,7.996708981352691,-1.5640097793001124
1578,1.2396387631004007e-05,7.996706991072904,-1.5640060489124912
1579,1.234197925497721e-05,7.996705022540115,-1.5640023006278234
1580,1.2332475674081705e-05,7.996702981229432,-1.5639985748898364
1581,1.2412796114038548e-05,7.9967009963515165,-1.5639948919368367
1582,1.2480743926911095e-05,7.9966989562144315,-1.563991206925805
1583,1.255216650672885e-05,7.996696980584552,-1.563987519774401
1584,1.2546036265059855e-05,7.99669499472459,-1.5639838045412773
1585,1.250724236373364e-05,7.9966930527448365,-1.5639800658198335
1586,1.244943728913348e-05,7.996690983185731,-1.5639763161506268
1587,1.2498791846237062e-05,7.996689052391087,-1.5639726196144337
1588,1.2540861919988661e-05,7.996686976971413,-1.56396891803315
1589,1.255984535007882e-05,7.9966850683668405,-1.5639652122816254
1590,1.2553033273776023e-05,7.996683009634655,-1.563961483319461
1591,1.2547189913061111e-05,7.996681071331149,-1.5639577656785573
1592,1.2542546177003241e-05,7.996680028077856,-1.5639559012545536
1593,1.2549881326045297e-05,7.99667897082848,-1.5639540429283323
1594,1.2558285995118325e-05,7.9966780351524305,-1.5639521894641453
1595,1.2574668839542692e-05,7.996677072320731,-1.563950334028022
1596,1.2635591315936505e-05,7.996675033558896,-1.5639466358062932
1597,1.2632665876664568e-05,7.996674087391499,-1.5639447830790276
1598,1.26059839396363e-05,7.996672079847618,-1.5639410433612742
1599,1.257644676988286e-05,7.996670047101426,-1.5639373109042738
1600,1.2618158712634144e-05,7.996668060944901,-1.563933607319902
1601,1.2702130765811433e-05,7.996666066287668,-1.563929927438388
1602,1.2729340500612972e-05,7.996664114523116,-1.5639262207244862
1603,1.27173768541998e-05,7.996662063907942,-1.563922496579832
1604,1.2691763267312863e-05,7.996660133437297,-1.5639187640469572
1605,1.2704866710772032e-05,7.9966580522531725,-1.5639150486453723
1606,1.2736070735239699e-05,7.996656094035574,-1.5639113430323397
1607,1.2751018649934292e-05,7.9966541127056185,-1.5639076262927236
1608,1.2787098836526189e-05,7.996652147098197,-1.563903926437164
1609,1.2802720822739595e-05,7.996650048981204,-1.5639002171262961
1610,1.2834887365133143e-05,7.996648057640642,-1.5638965147096668
1611,1.2887282524305255e-05,7.9966461306643195,-1.563892823327945
1612,1.2745456776562108e-05,7.996644091285734,-1.5638890247490111
1613,1.2610685685045572e-05,7.996642125004249,-1.5638852394864189
1614,1.2731516609431873e-05,7.996640087999385,-1.5638815819478933
1615,1.2869790664923153e-05,7.996638145936605,-1.5638779233888402
1616,1.290322708668225e-05,7.9966361144517,-1.56387420987647
1617,1.2852931845642209e-05,7.996634163363923,-1.5638704678654556
1618,1.2848370952024828e-05,7.996633128967254,-1.5638686011571314
1619,1.2913773909743551e-05,7.996631151438179,-1.5638649087400567
1620,1.303362085842685e-05,7.996629162755997,-1.5638612425254261
1621,1.305901588056239e-05,7.996627114926769,-1.5638575384584308
1622,1.291610364216471e-05,7.996625165252282,-1.5638537505760037
1623,1.2785097968358891e-05,7.996623101838298,-1.5638499651381068
1624,1.2882268638281828e-05,7.9966211557732265,-1.5638462894269347
1625,1.3085781733274446e-05,7.99661914765424,-1.5638426563375158
1626,1.3162989822097902e-05,7.996617168476863,-1.563838980395715
1627,1.3004706228436293e-05,7.9966152183542265,-1.5638351927516523
1628,1.2907146235126007e-05,7.996613139635968,-1.5638314209357909
1629,1.2956490808449805e-05,7.99661119468227,-1.563827720058875
1630,1.3065026647793182e-05,7.996609155713635,-1.5638240461020738
1631,1.3103232812117586e-05,7.996608238775704,-1.56382220955167
1632,1.3089827777295568e-05,7.996606225100312,-1.5638184800021517
1633,1.3046217697837918e-05,7.996604245261644,-1.5638147478034794
1634,1.3136724344912766e-05,7.996602209147437,-1.5638110659122137
1635,1.322361545727321e-05,7.996600237777052,-1.5638073943978539
1636,1.3249277628433783e-05,7.996598227733327,-1.5638036852127195
1637,1.3069394711836256e-05,7.996596178865729,-1.5637998788206362
1638,1.290743678366766e-05,7.996593146249234,-1.5637942080475207
1639,1.3131061398714246e-05,7.996591218987361,-1.5637905823051854
1640,1.3374249480704215e-05,7.996589262201593,-1.5637869768657569
1641,1.330455824344851e-05,7.99658727796951,-1.5637832394240485
1642,1.322269548568534e-05,7.99658522283771,-1.563779483033514
1643,1.3237161693203274e-05,7.996583301737677,-1.5637757728015427
1644,1.3333367672458411e-05,7.996581247834069,-1.5637720946259446
1645,1.3345740078051783e-05,7.99657925688912,-1.5637683832256186
1646,1.3292014754711336e-05,7.9965772550013625,-1.5637646425262606
1647,1.3258330890780403e-05,7.99657530363105,-1.5637609054830843
1648,1.3251874492827016e-05,7.996574349264597,-1.5637590389316165
1649,1.3319071060496206e-05,7.996572262623726,-1.5637553477568409
1650,1.3380849882839974e-05,7.996570316037221,-1.5637516623446417
1651,1.3452932893356822e-05,7.996568257489785,-1.5637479772036909
1652,1.3447112593825624e-05,7.996566344107749,-1.5637442601453515
1653,1.3406449681427345e-05,7.996564292796801,-1.563740520103218
1654,1.3346981612055805e-05,7.996562319940486,-1.5637367715713055
1655,1.3330941925883843e-05,7.996560285605631,-1.563733039973233
1656,1.344558293560984e-05,7.996558349650336,-1.5637293736015618
1657,1.3530537759898173e-05,7.996556298766858,-1.5637256948625284
1658,1.3528596502611562e-05,7.996554333007881,-1.5637219802190045
1659,1.3477526900159769e-05,7.996552346587553,-1.5637182360751172
1660,1.3415017383747234e-05,7.9965503519855865,-1.5637144825791167
1661,1.3469550664813958e-05,7.996548364074459,-1.5637107871099563
1662,1.3549521832835954e-05,7.996546297318911,-1.5637071076568119
1663,1.3627270521078837e-05,7.996544310640669,-1.5637034278601605
1664,1.367108406459277e-05,7.996542348380633,-1.5636997262448928
1665,1.362081770241421e-05,7.996541404395884,-1.5636978467174865
1666,1.3497276633103035e-05,7.996539384912975,-1.5636940682799534
1667,1.3482497477539173e-05,7.996538346089737,-1.5636921997197115
1668,1.3507439739246064e-05,7.9965373479902695,-1.5636903488876945
1669,1.3559526022540423e-05,7.996535321940015,-1.5636866517190766
1670,1.3627816189595104e-05,7.996533361838826,-1.563682966510348
1671,1.367846020330302e-05,7.996531359758371,-1.5636792686910523
1672,1.367904745172478e-05,7.99652943544272,-1.5636755516372385
1673,1.3599127754287943e-05,7.996527399293211,-1.56367179124867
1674,1.3574548053551632e-05,7.996526350020352,-1.563669915262158
1675,1.3545338824797935e-05,7.996524414776196,-1.563666184388334
1676,1.3634880680538228e-05,7.99652234125995,-1.5636624962156138
1677,1.369036676209572e-05,7.99652042593234,-1.5636588020118096
1678,1.37469782620062e-05,7.996518422796501,-1.5636551059324015
1679,1.3712749772943018e-05,7.996516458230461,-1.5636513716271945
1680,1.3733128104448125e-05,7.996514441448639,-1.5636476658407776
1681,1.3819062077807446e-05,7.996512490197226,-1.5636439856094526
1682,1.3838524024358525e-05,7.996510405598312,-1.5636402699641572
1683,1.3813432581590457e-05,7.996508470169085,-1.563636547894908
1684,1.3814919890394894e-05,7.996505457735438,-1.5636309604069418
1685,1.3762845133586531e-05,7.996503466055051,-1.563627222397921
1686,1.3870948086539302e-05,7.996501453028436,-1.5636235505232972
1687,1.3968342123532355e-05,7.996499443375596,-1.5636198764132605
1688,1.3824312854235516e-05,7.996497448462723,-1.5636160867635438
1689,1.3597807826653212e-05,7.996495403261129,-1.5636122552229286
1690,1.3713040175138836e-05,7.996493437914933,-1.563608578708283
1691,1.3947939732214705e-05,7.996491495614436,-1.5636049633200402
1692,1.404095389130065e-05,7.996489481280536,-1.563601288071448
1693,1.3979338289934342e-05,7.9964885133877,-1.5635994000400382
1694,1.3811236692121998e-05,7.996486430515558,-1.5635956040138186
1695,1.3741849825858462e-05,7.996484465878163,-1.5635918448238921
1696,1.3731089108626254e-05,7.996482429471568,-1.563588104845157
1697,1.3902483932159904e-05,7.996480539647769,-1.56358445990636
1698,1.4082291429352727e-05,7.99647851334264,-1.563580821922916
1699,1.4038433566061019e-05,7.996476568725259,-1.5635770934557494
1700,1.3987805058771576e-05,7.996474498378413,-1.5635733474127862
1701,1.3989273632445113e-05,7.996473553524778,-1.5635714949543826
1702,1.4092918376734657e-05,7.9964715553453045,-1.563567819975592
1703,1.4146711578841745e-05,7.9964705070294375,-1.563565985013717
1704,1.4164797848407704e-05,7.996468554099756,-1.5635622772179028
1705,1.4127892533520457e-05,7.9964675774969125,-1.5635604040452864
1706,1.4096727536458594e-05,7.99646555391624,-1.5635566661021847
1707,1.406448311770899e-05,7.996463606536867,-1.5635529293715547
1708,1.4065683876363897e-05,7.996462547344599,-1.5635510723243187
1709,1.4166370491673518e-05,7.9964605719827775,-1.5635474002386538
1710,1.423291775709726e-05,7.996458544789941,-1.5635437095751215
1711,1.4224167417830938e-05,7.996456553995072,-1.5635399868016397
1712,1.4156807107883814e-05,7.996454594286753,-1.5635362380923463
1713,1.42252492800224e-05,7.9964526065938095,-1.563532551004121
1714,1.4278133597421655e-05,7.996450639248758,-1.563528857362179
1715,1.423928694515542e-05,7.996448558512486,-1.563525119377696
1716,1.4221824869257922e-05,7.9964466491698465,-1.5635213870519622
1717,1.4191759805317621e-05,7.996444589534023,-1.5635176504709736
1718,1.4272170945969709e-05,7.996442641664374,-1.5635139694223665
1719,1.4330461875216504e-05,7.996440544457603,-1.5635102794908429
1720,1.4395064541609096e-05,7.996438640090605,-1.5635065962997408
1721,1.4422315588328084e-05,7.996436597551783,-1.5635028854041055
1722,1.43143097180309e-05,7.9964346607609125,-1.5634991144858117
1723,1.4231633566205633e-05,7.9964326396535155,-1.5634953552009383
1724,1.4281007883464377e-05,7.9964305980174935,-1.5634916552356106
1725,1.4342705933359045e-05,7.996428549579577,-1.5634879608187975
1726,1.4414369388629384e-05,7.996426652340477,-1.5634842772719624
1727,1.4472483334121842e-05,7.9964246356377915,-1.5634805763821482
1728,1.4369667971864969e-05,7.99642270723412,-1.5634768144490157
1729,1.4388496434718029e-05,7.996420635552694,-1.5634730993825536
1730,1.4418749276997665e-05,7.996418713027145,-1.5634693938729292
1731,1.4471067337155531e-05,7.996416677009471,-1.563465695204896
1732,1.4476805406873119e-05,7.9964147645421475,-1.5634619779507766
1733,1.4483200702996217e-05,7.996412684089483,-1.5634582589327362
1734,1.4507639809195572e-05,7.996410719118755,-1.56345455377249
1735,1.4557882869656243e-05,7.996408654703579,-1.563450857548246
1736,1.4581068846614587e-05,7.996406750297006,-1.5634471526981186
1737,1.4576347776996363e-05,7.996404714006281,-1.5634434257045833
1738,1.4526551736396799e-05,7.99640278121822,-1.563439683724877
1739,1.4536559491812073e-05,7.996400701097619,-1.5634359644953906
1740,1.4635060944662346e-05,7.996398758594767,-1.563432296531147
1741,1.4668580537057282e-05,7.996397726290638,-1.5634304522917586
1742,1.4707732086813404e-05,7.996396681689302,-1.5634286110863354
1743,1.4704309830624481e-05,7.9963947363696715,-1.5634248919791132
1744,1.463955395117834e-05,7.9963927097981236,-1.5634211429341454
1745,1.4616620916836443e-05,7.996391747533229,-1.5634192681496175
1746,1.4588382844624277e-05,7.996390793485696,-1.5634173951823251
1747,1.4608409096482257e-05,7.996388754998886,-1.5634136806364616
1748,1.4720997540004363e-05,7.996386744412247,-1.563410017421162
1749,1.4825174934568116e-05,7.996384683299129,-1.5634063510738039
1750,1.4804119980704358e-05,7.996382764823796,-1.563402618147453
1751,1.4553302910495963e-05,7.996380676547616,-1.5633987765580648
1752,1.4452691418256469e-05,7.996378761236542,-1.5633950020455238
1753,1.4738195847722952e-05,7.996376735760738,-1.5633914026898632
1754,1.5004297549852191e-05,7.996374827623859,-1.563387812301749
1755,1.4897213037669572e-05,7.996372768498783,-1.5633840480136112
1756,1.4594448593782105e-05,7.996370791168992,-1.563380192649379
1757,1.4646533579013283e-05,7.996368786948972,-1.5633764828736472
1758,1.4852665587583168e-05,7.996366752930358,-1.5633728570194019
1759,1.5002604007924837e-05,7.996364833661377,-1.5633692106870074
1760,1.4832061263812955e-05,7.996362795154959,-1.563365415532731
1761,1.472222012665275e-05,7.996360831581356,-1.563361644772649
1762,1.4828734501505949e-05,7.996358799992418,-1.5633579649398903
1763,1.4921241929697158e-05,7.996356861809716,-1.5633542903335456
1764,1.4942680459563735e-05,7.996354844461291,-1.563350582843936
1765,1.4959486774956176e-05,7.996351830139922,-1.5633450118626748
1766,1.4944177164712535e-05,7.996349905174616,-1.5633412863243987
1767,1.4978575092489922e-05,7.996347830203521,-1.5633375786723234
1768,1.4984832022632685e-05,7.996345919969144,-1.563333859901332
1769,1.4954205989912547e-05,7.996343861883563,-1.563330125293586
1770,1.5056745095328987e-05,7.996341916183024,-1.5633264581898085
1771,1.5142382745203326e-05,7.996339824943272,-1.5633227772843796
1772,1.495883376078246e-05,7.9963378822015825,-1.5633189709392157
1773,1.4840792024712127e-05,7.996335797774617,-1.5633151811675163
1774,1.4889648599117434e-05,7.9963338975037,-1.5633114820042633
1775,1.5111603824792699e-05,7.996331878163006,-1.5633078565049128
1776,1.5131751575124177e-05,7.996329952532841,-1.5633041491948365
1777,1.5009943077989047e-05,7.996327859912629,-1.563300370781792
1778,1.4987182590212712e-05,7.99632690020209,-1.5632985057294584
1779,1.5108579293564525e-05,7.996324951430039,-1.5632948340633228
1780,1.518668321089355e-05,7.996322936008531,-1.5632911547246438
1781,1.5199095754256562e-05,7.9963210098833315,-1.5632874398588854
1782,1.5166656703813851e-05,7.996318936347406,-1.5632837050649286
1783,1.516555696943523e-05,7.996316983753462,-1.5632799856960469
1784,1.5198875396519991e-05,7.996314940218543,-1.5632762802747597
1785,1.5258420445023688e-05,7.99631196515209,-1.5632707299054476
1786,1.5258243551022047e-05,7.996309973423192,-1.563267003144322
1787,1.5212273391947926e-05,7.996307940553422,-1.5632632641395048
1788,1.5219877970972384e-05,7.9963060161761605,-1.5632595461343481
1789,1.5327862209065586e-05,7.996304007098444,-1.5632558712853946
1790,1.536138826145783e-05,7.996302002200668,-1.5632521724654125
1791,1.5354446336922448e-05,7.996300020654383,-1.5632484490259475
1792,1.5337454994386323e-05,7.996297997377645,-1.563244721450832
1793,1.5312442032614232e-05,7.996297047254073,-1.563242849382125
1794,1.531196598366958e-05,7.996294992960319,-1.5632391255097566
1795,1.537058463100694e-05,7.996293019998886,-1.5632354336851741
1796,1.542311962028435e-05,7.99629098115928,-1.5632317364558865
1797,1.5449227146399984e-05,7.996289052838403,-1.563228024369678
1798,1.5423772597963048e-05,7.996287050842339,-1.5632242963819507
1799,1.5423353313328448e-05,7.996285039882183,-1.5632205779620203
1800,1.5434327421653282e-05,7.996283004971725,-1.563216859870397
1801,1.5466375465879088e-05,7.99628110395697,-1.5632131502109505
1802,1.5471605596467608e-05,7.996279060889686,-1.5632094300791435
1803,1.558756105770461e-05,7.996277078787573,-1.5632057649359772
1804,1.5621862344589554e-05,7.996275068806548,-1.563202072127378
1805,1.5635656244921182e-05,7.996274016254261,-1.5632002153805202
1806,1.5528740192731195e-05,7.996272083346213,-1.5631964521697304
1807,1.549829795670191e-05,7.996270072516414,-1.5631927120882045
1808,1.557663964002096e-05,7.99626812961252,-1.5631890283979935
1809,1.5620394069526135e-05,7.996266112673922,-1.563185327211436
1810,1.561919133884384e-05,7.9962641293896075,-1.563181608974125
1811,1.5580537810494164e-05,7.996262131936872,-1.563177863902682
1812,1.554444041830177e-05,7.996260109238252,-1.563174126729561
1813,1.5583584063495718e-05,7.996259124460933,-1.5631722852662393
1814,1.5620985232427353e-05,7.996258134462818,-1.5631704384749792
1815,1.5674060640449496e-05,7.996256092777721,-1.563166745978379
1816,1.5701730245183246e-05,7.996255160150671,-1.5631649006025297
1817,1.5719957666091854e-05,7.996253122086854,-1.5631611814181323
1818,1.570686118488152e-05,7.996251179427925,-1.5631574634375724
1819,1.5705047662868233e-05,7.996249110547994,-1.5631537399737587
1820,1.572026252190619e-05,7.996247186939071,-1.5631500292653298
1821,1.572507502110605e-05,7.996245154467953,-1.5631463054714834
1822,1.5750878637342116e-05,7.996243215450071,-1.563142597199383
1823,1.5808363884538436e-05,7.9962401372716,-1.5631370447183748
1824,1.583965129681192e-05,7.996238149995135,-1.5631333411805075
1825,1.5859761692100342e-05,7.9962361682206735,-1.5631296315319778
1826,1.584040371979347e-05,7.996234208709891,-1.5631258985954735
1827,1.580176727113015e-05,7.996231226745868,-1.5631202969611666
1828,1.589506678423901e-05,7.9962281845697145,-1.5631147562716987
1829,1.597394646225186e-05,7.996226234743182,-1.563111077152852
1830,1.600807805839937e-05,7.996224174704656,-1.56310736975675
1831,1.5902118938758153e-05,7.996222220990424,-1.5631036018130884
1832,1.5792789930687912e-05,7.996220143629856,-1.5630998256178128
1833,1.5891225130323296e-05,7.996217234244505,-1.5630942831148915
1834,1.6105040837239968e-05,7.996215193840741,-1.5630906839573415
1835,1.5998432615042034e-05,7.996213269957741,-1.5630869187499914
1836,1.5942426155319814e-05,7.996210281214402,-1.5630813034117625
1837,1.605082241995902e-05,7.996208248367355,-1.5630776222738723
1838,1.6125751279078566e-05,7.996205308426729,-1.5630720794490156
1839,1.614443712713855e-05,7.996203233562152,-1.5630683679939206
1840,1.6103819314766983e-05,7.996201305282771,-1.5630646313564336
1841,1.608301817324208e-05,7.9961983161662324,-1.5630590377445526
1842,1.615088087037695e-05,7.996196296273153,-1.5630553499958142
1843,1.6207812641399667e-05,7.996193317060663,-1.5630497952207316
1844,1.6142105358014765e-05,7.996191251328456,-1.5630460420720942
1845,1.6204501093376993e-05,7.99618833944764,-1.5630404899147545
1846,1.6309958913092e-05,7.996185327227785,-1.56303495996322
1847,1.624997616888353e-05,7.996182328065275,-1.5630293559637027
1848,1.6199688317695015e-05,7.9961793357393445,-1.5630237499286204
1849,1.62960938150251e-05,7.996177330326535,-1.5630200737894877
1850,1.6355181621708336e-05,7.996175312180196,-1.5630163836473716
1851,1.639100331133482e-05,7.996173347384433,-1.5630126856445874
1852,1.638894216198512e-05,7.996172399271867,-1.5630108241585936
1853,1.636706391917248e-05,7.996170333340185,-1.5630070917519718
1854,1.631152850011033e-05,7.996168403082119,-1.5630033469535682
1855,1.6295588229848202e-05,7.996167385038369,-1.5630014746460972
1856,1.6373930488079732e-05,7.9961653491190585,-1.5629977896938834
1857,1.646962906894647e-05,7.996163370514365,-1.5629941189274439
1858,1.643084048318754e-05,7.996161357561644,-1.5629903728328258
1859,1.6240905954125372e-05,7.996159374264476,-1.5629865600808033
1860,1.636125529825388e-05,7.996156406183245,-1.5629810259611185
1861,1.6534926790763977e-05,7.9961543899814576,-1.5629773850612843
1862,1.6361717674410095e-05,7.996151402524026,-1.5629717256492306
1863,1.6350727240482313e-05,7.996149380812648,-1.562967997838729
1864,1.6627522838970803e-05,7.9961463903914645,-1.562962541879883
1865,1.6559832938697726e-05,7.9961444517275435,-1.5629587927549742
1866,1.6381117199432127e-05,7.996142388291637,-1.5629549872543258
1867,1.654183660677636e-05,7.99613948621787,-1.562949474014405
1868,1.6683608847824075e-05,7.996137446790453,-1.5629458209938334
1869,1.6669658059914163e-05,7.996135510113363,-1.5629421048544827
1870,1.6632676181255163e-05,7.9961334342217105,-1.5629383678613238
1871,1.656119709152867e-05,7.996130456856019,-1.5629327483279558
1872,1.6692429203540735e-05,7.996127514295174,-1.562927229960549
1873,1.680153589865895e-05,7.996125458141339,-1.5629235636288878
1874,1.682585173348156e-05,7.996123533781895,-1.5629198583034174
1875,1.6639115276769986e-05,7.996121489240158,-1.5629160490218799
1876,1.651709535899216e-05,7.99611949866496,-1.5629122670113689
1877,1.6763030518457612e-05,7.996116454319991,-1.5629067868587945
1878,1.6916897155496234e-05,7.99611456219611,-1.5629031419757973
1879,1.6778810824749005e-05,7.9961124774434245,-1.5628993571193048
1880,1.663365971620162e-05,7.996109515952424,-1.562893703350372
1881,1.6796740750129563e-05,7.996107545596687,-1.5628900716834682
1882,1.6888108112968056e-05,7.99610452453858,-1.562884529583465
1883,1.687491931823993e-05,7.99610152134998,-1.5628789407326587
1884,1.690775379404181e-05,7.996098613773318,-1.562873374943076
1885,1.692444676650327e-05,7.996096592658687,-1.5628696574131158
1886,1.694088433854387e-05,7.996093538617378,-1.5628640825827627
1887,1.6980717943164165e-05,7.9960916416686985,-1.5628603785968562
1888,1.6956394089819814e-05,7.99608958637636,-1.5628566469998972
1889,1.699665512566849e-05,7.99608765046352,-1.5628529471530412
1890,1.710907177044947e-05,7.996085582362299,-1.5628492789212436
1891,1.6978342013507612e-05,7.996083596642205,-1.5628455009187232
1892,1.6840137505948815e-05,7.996081526137212,-1.5628417024642882
1893,1.6778600225723302e-05,7.996079611320883,-1.5628379485415649
1894,1.6980039780422297e-05,7.996077619773446,-1.5628343068396071
1895,1.7139046932166473e-05,7.996074689610638,-1.5628288044897019
1896,1.702255174627891e-05,7.996072646080248,-1.5628250321668105
1897,1.7029589475330723e-05,7.996070680508628,-1.5628213145074095
1898,1.71804567749304e-05,7.996068623226337,-1.562817665323078
1899,1.730675967576698e-05,7.9960666690828335,-1.562814006791664
1900,1.7131651393369538e-05,7.996063724293194,-1.5628083518866012
1901,1.709193560032867e-05,7.99606167776845,-1.5628046045973738
1902,1.7136923377045178e-05,7.996059727184769,-1.5628009029768846
1903,1.7285681481536568e-05,7.996056714469531,-1.5627953900170837
1904,1.735991274555216e-05,7.996054764659766,-1.5627917105725169
1905,1.7284587153354195e-05,7.996051712457192,-1.5627861016033584
1906,1.7284700351755626e-05,7.996049656581887,-1.562782374886683
1907,1.7307632307799844e-05,7.996047789186757,-1.5627786657239842
1908,1.7312858442249796e-05,7.996044751328639,-1.5627730808802878
1909,1.732157207732985e-05,7.99604275168084,-1.5627693619360317
1910,1.7382372754441978e-05,7.996039805518258,-1.5627638043966374
1911,1.7393119229903122e-05,7.996037734681669,-1.5627600889581437
1912,1.7400299052386532e-05,7.996034802507816,-1.5627545092469786
1913,1.7383000329129508e-05,7.996032783714732,-1.562750782884203
1914,1.746134969060982e-05,7.996030820711367,-1.5627470986076317
1915,1.752799836688753e-05,7.9960288015674434,-1.5627434124242487
1916,1.7521711590889532e-05,7.996025778987949,-1.5627378298574723
1917,1.75002428374288e-05,7.996023825711301,-1.5627341029680681
1918,1.7473053143161835e-05,7.996020786382575,-1.562728503126002
1919,1.7530505106163333e-05,7.996018851157082,-1.5627248105700138
1920,1.7606049092807646e-05,7.996015854175819,-1.5627192620233437
1921,1.758944411788831e-05,7.996013874865125,-1.5627155348745039
1922,1.7547506720609184e-05,7.99601087729077,-1.5627099312982606
1923,1.7570903270808434e-05,7.9960088048889135,-1.562706215846092
1924,1.7650508960037796e-05,7.996006908818131,-1.5627025357908808
1925,1.781814052737098e-05,7.996003821265121,-1.5626970330523875
1926,1.7708262666096305e-05,7.9960018928392405,-1.5626932690747373
1927,1.7570106968983963e-05,7.995999818681357,-1.5626894773468534
1928,1.7560276858125484e-05,7.995997883106253,-1.5626857519627915
1929,1.7716667978847865e-05,7.995995829108513,-1.5626820960109677
1930,1.788127659273465e-05,7.995992913610124,-1.5626766031958843
1931,1.7758966961012537e-05,7.995989907407248,-1.5626709639590526
1932,1.754337524209305e-05,7.995987872647777,-1.5626671409885986
1933,1.7673953545222998e-05,7.995985875807166,-1.5626634713731724
1934,1.790999652722814e-05,7.995983945865438,-1.5626598589588743
1935,1.8002129642557213e-05,7.995981899394456,-1.56265618391929
1936,1.777175983989035e-05,7.995979921778606,-1.5626523613207046
1937,1.7677033505955843e-05,7.995977865786412,-1.5626485869445663
1938,1.7897202835806956e-05,7.995975919772767,-1.562644959844284
1939,1.803238656726222e-05,7.9959739520236415,-1.5626413077239314
1940,1.7898113158222715e-05,7.995971962008525,-1.5626375319473522
1941,1.776272127044865e-05,7.995968924724629,-1.5626318787302595
1942,1.78991151662754e-05,7.995967004814517,-1.5626282150672401
1943,1.803461165310924e-05,7.995964970291691,-1.5626245587838605
1944,1.809411067609733e-05,7.995962005032949,-1.5626190078235749
1945,1.805121497253871e-05,7.995959991430331,-1.5626152757029306
1946,1.8035236577734934e-05,7.995957001552287,-1.5626096869611652
1947,1.8103521917323327e-05,7.995955066298418,-1.5626060048838755
1948,1.8169683214753206e-05,7.995952992514064,-1.562602315780684
1949,1.811959276942185e-05,7.995950039773314,-1.5625967126457787
1950,1.8152293993118036e-05,7.995947110987729,-1.5625911472433196
1951,1.8226554022374077e-05,7.995945015361734,-1.5625874525231593
1952,1.806692749338543e-05,7.995943059576576,-1.5625836619123863
1953,1.7990990955549645e-05,7.995940037470398,-1.5625780308698083
1954,1.8083354443242486e-05,7.995938035975264,-1.5625743425296532
1955,1.8270628648487392e-05,7.995936096626799,-1.5625707108366949
1956,1.830584707709685e-05,7.9959340663707215,-1.5625670067248043
1957,1.8158321024652575e-05,7.9959321040192295,-1.5625632216327066
1958,1.811477018922451e-05,7.9959300409970915,-1.5625594756789698
1959,1.8264563909267118e-05,7.995928118731394,-1.5625558214095934
1960,1.8402921255118023e-05,7.995926079745318,-1.5625521642363764
1961,1.8393367044957902e-05,7.995924139730238,-1.562548450550217
1962,1.8371970972958084e-05,7.995922081955147,-1.5625447197173215
1963,1.8341398162422408e-05,7.995920171757832,-1.5625409848434972
1964,1.834949039135511e-05,7.99591809963407,-1.5625372629115883
1965,1.8422734971006277e-05,7.995916189443134,-1.5625335806714158
1966,1.85156675020864e-05,7.995914149667433,-1.5625299018089691
1967,1.8340043168393126e-05,7.995912166079486,-1.562526101651914
1968,1.8187767607098158e-05,7.995910068177821,-1.5625223038554061
1969,1.83775031945744e-05,7.995908118545296,-1.5625186582605757
1970,1.856943356903724e-05,7.995906204993458,-1.5625150276578639
1971,1.8586696015544154e-05,7.99590420806828,-1.5625113227889997
1972,1.8523638504073197e-05,7.9959022246249125,-1.5625075760588223
1973,1.8451520430943627e-05,7.995900144698432,-1.5625038204473847
1974,1.8427288461007147e-05,7.995898172239902,-1.5625000830134133
1975,1.8496359752520055e-05,7.9958962023355875,-1.5624963894039272
1976,1.8658508336659e-05,7.9958931916802625,-1.5624908857118291
1977,1.865509114537894e-05,7.9958912470125565,-1.5624871667500915
1978,1.855338505814708e-05,7.995889223585713,-1.5624833999482532
1979,1.850299433495457e-05,7.995887228853324,-1.5624796509920895
1980,1.8557076862789085e-05,7.995885244659858,-1.5624759482679953
1981,1.8666124514990655e-05,7.995883233923568,-1.5624722794950254
1982,1.877224748089212e-05,7.995881219543315,-1.5624686069350928
1983,1.87894496294738e-05,7.995879281334076,-1.562464903502735
1984,1.8735381838467443e-05,7.99587624507164,-1.562459298685378
1985,1.8709664819210615e-05,7.9958743392354314,-1.5624555668013789
1986,1.8804971149975543e-05,7.995872268508952,-1.5624518903937443
1987,1.88778626501245e-05,7.995870300847638,-1.5624482128675503
1988,1.8853979963173536e-05,7.995868286144484,-1.562444478953745
1989,1.8781484274003184e-05,7.99586635566038,-1.5624407271372374
1990,1.8782256721821882e-05,7.995864303551143,-1.5624370029508508
1991,1.8815685568904725e-05,7.995862357533243,-1.5624332986721134
1992,1.8916656469095375e-05,7.995860308445387,-1.562429620686768
1993,1.893230744142606e-05,7.995858365762968,-1.5624259169999564
1994,1.89170330904586e-05,7.995856323975701,-1.562422182419067
1995,1.888699902174185e-05,7.995854345299951,-1.5624184516365873
1996,1.8899689386494217e-05,7.995852325959252,-1.562414733952157
1997,1.903274626668022e-05,7.9958504043898095,-1.5624110782951268
1998,1.9053277490629675e-05,7.99584833763077,-1.5624073674221166
1999,1.894362313317665e-05,7.995845374640185,-1.5624017365836735
2000,1.895630796439377e-05,7.995843368346438,-1.5623980196822862
2001,1.9071381474854453e-05,7.995841437406356,-1.5623943498073973
2002,1.909773075799113e-05,7.995839346255899,-1.5623906384891995
2003,1.9044910888240374e-05,7.995837399105016,-1.562386899941051
2004,1.9048829182303847e-05,7.995835386901076,-1.5623831791566714
2005,1.908335734225746e-05,7.9958334670510816,-1.5623794715471948
2006,1.9103710811029292e-05,7.9958314107275,-1.5623757578005963
2007,1.9106536027843826e-05,7.995829428452767,-1.5623720395805227
2008,1.913632131058005e-05,7.995827377780848,-1.56236833312939
2009,1.9182023757459735e-05,7.9958254070313055,-1.5623646314736688
2010,1.9205517093650013e-05,7.995823462096908,-1.562360919038957
2011,1.921378027842187e-05,7.995821486413698,-1.5623572028084132
2012,1.923864621335558e-05,7.995819445780996,-1.5623534951949538
2013,1.9269133032885768e-05,7.995816427606454,-1.5623479311191193
2014,1.9247452626068333e-05,7.995813469394565,-1.5623423387036066
2015,1.9272112343543957e-05,7.995810533194767,-1.5623367711698102
2016,1.930072900412497e-05,7.995808476445126,-1.5623330596861595
2017,1.9322623526545292e-05,7.995806527005127,-1.5623293535987504
2018,1.937645937226804e-05,7.99580352984791,-1.562323797880565
2019,1.9360897023931603e-05,7.995800498930321,-1.5623182009034373
2020,1.9353968745934067e-05,7.995798568768523,-1.5623144802378164
2021,1.93576762352342e-05,7.995796476210141,-1.5623107556203093
2022,1.9384260722583005e-05,7.995794580338587,-1.5623070536848098
2023,1.953743803680487e-05,7.995791561208414,-1.5623015340673825
2024,1.932360906498789e-05,7.9957895098841,-1.5622977147307335
2025,1.9186567913000378e-05,7.995787506779201,-1.562293922077656
2026,1.9368420933800086e-05,7.995785529537649,-1.562290269181454
2027,1.963947296505195e-05,7.995782639118668,-1.5622848126639672
2028,1.9485777746523272e-05,7.995779525071206,-1.5622791629087251
2029,1.9366760531191163e-05,7.995777566797329,-1.5622753860767256
2030,1.9380924678569212e-05,7.995774566283318,-1.5622697979179418
2031,1.9632934767700915e-05,7.995772603379253,-1.5622661869072472
2032,1.9768202520119975e-05,7.995770651282943,-1.5622625316783112
2033,1.9607838506990875e-05,7.995767598904919,-1.5622568867169675
2034,1.960904988110423e-05,7.99576566309473,-1.56225316516817
2035,1.9707645551738973e-05,7.995763618776937,-1.5622494904665325
2036,1.9769186608601218e-05,7.995761669041851,-1.5622458031436486
2037,1.9758884916305746e-05,7.99575963090303,-1.5622420770966812
2038,1.9690649299501568e-05,7.995757722467495,-1.5622383245721168
2039,1.967826688694263e-05,7.995755630325444,-1.5622345908366326
2040,1.976039362949938e-05,7.995753701007407,-1.5622309093249136
2041,1.9853981353681993e-05,7.995750691935858,-1.562225378393233
2042,1.9856954872161956e-05,7.995749713345824,-1.5622235213981022
2043,1.9866067390715874e-05,7.995748716564076,-1.56222165962347
2044,1.9859932629897068e-05,7.995747654039624,-1.562219798226636
2045,1.986227280724697e-05,7.995746714639532,-1.5622179426879577
2046,1.9840525028434374e-05,7.9957447377043485,-1.5622142080160428
2047,1.9861806122969143e-05,7.995742721877974,-1.5622104988409395
2048,1.9865157801477106e-05,7.995740764551024,-1.5622067757542533
2049,1.9914660822549353e-05,7.9957377825361435,-1.5622012187595469
2050,1.993021279232506e-05,7.995735711540529,-1.5621975006880666
2051,1.996368478399287e-05,7.995733791254699,-1.5621938000224451
2052,1.997083049963235e-05,7.995731723597231,-1.562190075219768
2053,1.99443391538536e-05,7.995729805017424,-1.5621863480731575
2054,2.0019530141165724e-05,7.995727755020793,-1.562182661215047
2055,2.0135990551002994e-05,7.995725806509237,-1.5621789985393808
2056,2.0083747359413868e-05,7.995722725685397,-1.5621733984530903
2057,1.9917761974085732e-05,7.995720806875742,-1.562169596103633
2058,1.992748492646976e-05,7.995718743627529,-1.5621658700017846
2059,2.0060507094466103e-05,7.995716785796054,-1.5621622111698623
2060,2.0184535652584827e-05,7.995714739664185,-1.5621585497245976
2061,2.0256106635928332e-05,7.995712833979764,-1.5621548663094462
2062,2.017615518509858e-05,7.995710865178736,-1.56215111338029
2063,2.0087246764353037e-05,7.995708840276141,-1.5621473491342062
2064,2.0139818926419778e-05,7.995706861024394,-1.562143651759135
2065,2.0220108234412714e-05,7.995704802748982,-1.562139970559931
2066,2.0302544886675537e-05,7.995702828852402,-1.5621362864778128
2067,2.030524553400798e-05,7.995700844509086,-1.5621325739721124
2068,2.0273711359511847e-05,7.995698903970865,-1.5621288376852398
2069,2.0222239447242352e-05,7.9956968358233365,-1.5621250901480248
2070,2.0276824373473233e-05,7.9956949066624174,-1.5621213954372906
2071,2.0323770917492178e-05,7.995692832832098,-1.5621176954256064
2072,2.0346853630920024e-05,7.995690925770298,-1.5621139910125397
2073,2.0344103400333174e-05,7.995688868562355,-1.5621102632097914
2074,2.03079741549465e-05,7.995685914175786,-1.5621046625671957
2075,2.0331564704328443e-05,7.995683927067413,-1.5621009529180219
2076,2.0477701933537446e-05,7.9956809043298795,-1.5620954411321946
2077,2.0407724462744924e-05,7.995678954721327,-1.5620916874988895
2078,2.0224946113919842e-05,7.995676831735032,-1.5620878706608365
2079,2.0215034232516194e-05,7.9956749077783655,-1.5620841388801057
2080,2.046361810146429e-05,7.995672897348874,-1.5620805191989804
2081,2.0616051743529258e-05,7.995671010072086,-1.5620768737370427
2082,2.0472435787440368e-05,7.995668929212624,-1.5620730916504675
2083,2.0411212571670168e-05,7.9956679751772315,-1.5620712029626858
2084,2.044717109737144e-05,7.9956659963977765,-1.5620674969195336
2085,2.0571575772514095e-05,7.995663946124966,-1.5620638344406719
2086,2.0651042847169517e-05,7.995661988191066,-1.5620601550363153
2087,2.0631594016902208e-05,7.995659965786927,-1.5620564246698168
2088,2.0499689306484502e-05,7.9956569911942905,-1.5620507779833368
2089,2.055324341822645e-05,7.995654972703613,-1.5620470783033271
2090,2.0637721583526864e-05,7.995652963889421,-1.5620433962245306
2091,2.077450429681303e-05,7.995650048914079,-1.5620378788151128
2092,2.0729642266459866e-05,7.99564800258334,-1.5620341425979236
2093,2.0687609256773396e-05,7.995646095141854,-1.5620304042587008
2094,2.0665630408368817e-05,7.995643082918616,-1.5620248082376744
2095,2.075728704663147e-05,7.995641062925125,-1.5620211252267908
2096,2.0849545211791804e-05,7.995638097878272,-1.5620155929826363
2097,2.0877898199334435e-05,7.995636055301716,-1.5620118799526745
2098,2.0806799993391617e-05,7.995633137175886,-1.56200626804614
2099,2.078193945331655e-05,7.9956310761293645,-1.5620025379662639
2100,2.0835938077321442e-05,7.995629121016837,-1.5619988405657923
2101,2.0914073557435838e-05,7.995626149393324,-1.5619932971115904
2102,2.0927802425498638e-05,7.995624132626788,-1.5619895742786865
2103,2.0928681133670855e-05,7.995622142393963,-1.5619858541946179
2104,2.0904279755729438e-05,7.99562010098494,-1.561982125748604
2105,2.0926130639547858e-05,7.99561816807638,-1.561978415493967
2106,2.1075125300366332e-05,7.995615147875423,-1.5619729026518272
2107,2.1034292834803524e-05,7.995613193140733,-1.5619691681386252
2108,2.0989963836204603e-05,7.995611096084874,-1.5619654217905656
2109,2.0981063674493868e-05,7.995609185868431,-1.5619616933490292
2110,2.109135216304441e-05,7.995607156246966,-1.561958020555377
2111,2.115659817512515e-05,7.995605203970551,-1.561954327602169
2112,2.0945427230831296e-05,7.995603110072257,-1.561950507994518
2113,2.0810718771469033e-05,7.995601169857092,-1.561946717375388
2114,2.1133502925491785e-05,7.99559821096588,-1.5619412697332742
2115,2.127338089433799e-05,7.995596235590063,-1.5619376169334607
2116,2.098679540045e-05,7.995593204193511,-1.5619319067086224
2117,2.1037062358042932e-05,7.99559119703585,-1.561928200900396
2118,2.125491993168458e-05,7.995589206687841,-1.561924577424489
2119,2.126094160059894e-05,7.995586217277389,-1.561919002890501
2120,2.11184077402184e-05,7.995584281597285,-1.5619152178154967
2121,2.111249018390141e-05,7.995583239615665,-1.5619133557993763
2122,2.1251740857593644e-05,7.995581224149681,-1.5619096917773334
2123,2.1368526237522097e-05,7.995579255568764,-1.561906028721579
2124,2.1441438832149228e-05,7.9955772635137095,-1.5619023400731693
2125,2.1357079208433543e-05,7.99557533821155,-1.5618985857531391
2126,2.1264612035514207e-05,7.995573267471043,-1.5618948207906926
2127,2.132745225484226e-05,7.995571310705202,-1.5618911296635047
2128,2.1450054275253193e-05,7.995568280331568,-1.5618856076797
2129,2.153812659173015e-05,7.9955662862064205,-1.5618819262481625
2130,2.149354126649394e-05,7.995564356935544,-1.561878192577153
2131,2.1409530156408758e-05,7.995562363447963,-1.561874426582132
2132,2.137887251567135e-05,7.995560343578385,-1.5618706876491473
2133,2.1417987032053673e-05,7.995558325529144,-1.5618669795895712
2134,2.1503935088176833e-05,7.995556345071136,-1.5618632982476108
2135,2.1577356422742063e-05,7.995554344458522,-1.5618596076144102
2136,2.157480826513729e-05,7.995552380452688,-1.5618558909482767
2137,2.155122256083664e-05,7.9955504132875665,-1.5618521580386593
2138,2.1553889886453898e-05,7.995548381143054,-1.5618484365837482
2139,2.1580175115422942e-05,7.995546388083453,-1.5618447267244389
2140,2.1674700751105135e-05,7.995544409393116,-1.5618410504911222
2141,2.1688775736904593e-05,7.995542407499151,-1.561837337088099
2142,2.1651104538101123e-05,7.99554039414091,-1.5618336018438916
2143,2.1632055457812542e-05,7.995538413995635,-1.5618298686730685
2144,2.170149675361071e-05,7.995536437000431,-1.5618261790636443
2145,2.1836932215792995e-05,7.995533391246759,-1.5618206630943852
2146,2.1744494141089064e-05,7.995531442121904,-1.5618169083644506
2147,2.1690732881589452e-05,7.995528474321643,-1.5618112942874811
2148,2.179023344017828e-05,7.995526500869132,-1.5618076156848395
2149,2.1834801953941616e-05,7.995524466551583,-1.5618039187787662
2150,2.179697584646121e-05,7.995522471401356,-1.5618001775130483
2151,2.1792862349119444e-05,7.995520494189423,-1.561796454474948
2152,2.1878268969852477e-05,7.995518526281691,-1.5617927709954824
2153,2.1915568239323955e-05,7.995515512233029,-1.5617872101611054
2154,2.1712700482258395e-05,7.995513403466221,-1.561783384849721
2155,2.179338455159084e-05,7.995510489077354,-1.5617778245043519
2156,2.2083854731415967e-05,7.995507553814796,-1.5617723823403196
2157,2.191729585514222e-05,7.995504485082489,-1.5617667295631372
2158,2.1782907491534114e-05,7.995502540416878,-1.5617629371443704
2159,2.1867582519774895e-05,7.995500469489379,-1.5617592474349606
2160,2.197453019789411e-05,7.995499507411119,-1.5617574332174127
2161,2.2073302040391525e-05,7.995498596654284,-1.5617556229470508
2162,2.216658412185979e-05,7.995497630672181,-1.5617538016676675
2163,2.216098360571451e-05,7.995496570427394,-1.5617519456530422
2164,2.2056849034380955e-05,7.995494559826679,-1.5617481764846384
2165,2.1941627293521654e-05,7.9954925361997935,-1.561744403186233
2166,2.1907302902160513e-05,7.995490578131097,-1.5617406580731534
2167,2.214159591854817e-05,7.995487547736174,-1.5617351762850957
2168,2.2262433503228717e-05,7.995485642934746,-1.561731522879614
2169,2.226503263464778e-05,7.995483613933438,-1.5617278019146819
2170,2.2044958212842993e-05,7.995480647988512,-1.5617221224052877
2171,2.218311451335362e-05,7.995477608360125,-1.561716595209745
2172,2.2276010504154924e-05,7.995474637555509,-1.5617110547977582
2173,2.231292578454658e-05,7.995472730076571,-1.5617073564772974
2174,2.230562361479689e-05,7.995469662029565,-1.5617017724554618
2175,2.2326994647292914e-05,7.995466675822305,-1.5616962028573371
2176,2.2350764533301062e-05,7.995463700069518,-1.56169063207251
2177,2.236227258006574e-05,7.9954617207022505,-1.5616869154308997
2178,2.2388768387739544e-05,7.995459725881325,-1.5616832035954085
2179,2.2398824111731752e-05,7.99545770436305,-1.5616794785942798
2180,2.2362096745726238e-05,7.995455733806313,-1.5616757442488092
2181,2.2431524846860355e-05,7.995453718980276,-1.5616720538628421
2182,2.2511575188996633e-05,7.995450729683813,-1.561666512572125
2183,2.2509731197632625e-05,7.995448765943515,-1.561662793971844
2184,2.2503536152471335e-05,7.995445743795029,-1.5616572060170881
2185,2.253661002408313e-05,7.995442744292087,-1.5616516376895249
2186,2.255731720140718e-05,7.995439823554836,-1.5616460633234042
2187,2.2604536480832827e-05,7.9954378021136305,-1.5616423660150762
2188,2.263351111176866e-05,7.995434772901009,-1.5616367952910015
2189,2.2649611952417166e-05,7.99543283573835,-1.5616330871605648
2190,2.2636162069305192e-05,7.99543079261131,-1.5616293543526436
2191,2.2648956179002672e-05,7.9954288752665255,-1.561625647428267
2192,2.2785163446155444e-05,7.995426816307561,-1.561621986205396
2193,2.2863528323018558e-05,7.995424822475807,-1.5616183042248855
2194,2.2755551419604474e-05,7.9954228626677395,-1.5616145345680394
2195,2.2607047031073008e-05,7.9954208050260975,-1.5616107368759213
2196,2.2704836820018273e-05,7.9954178464941,-1.5616051940147646
2197,2.2832823656120007e-05,7.995415854420998,-1.5616015371522955
2198,2.2891163928098565e-05,7.99541489180158,-1.5615997052444837
2199,2.2921668877239775e-05,7.995412836002594,-1.5615959984335506
2200,2.287096717751104e-05,7.9954109228857835,-1.56159226229993
2201,2.283359230750435e-05,7.9954088600269,-1.5615885180182396
2202,2.2830475935758015e-05,7.995406932618254,-1.5615847947975054
2203,2.291743700699358e-05,7.995404884550927,-1.561581113044472
2204,2.2991980899593244e-05,7.995402966154086,-1.5615774275003385
2205,2.294661447285024e-05,7.995399917915064,-1.56157182951745
2206,2.300843813180541e-05,7.995396938921409,-1.561566277295082
2207,2.307409883977155e-05,7.9953949606810815,-1.5615625940336446
2208,2.3046446317419247e-05,7.995391923030031,-1.5615569982283402
2209,2.2997492905455455e-05,7.995388965489677,-1.5615513902308085
2210,2.3071870277518493e-05,7.9953860234286775,-1.5615458425765958
2211,2.316908477215834e-05,7.995382976668979,-1.5615403090402171
2212,2.317302846022893e-05,7.995379949727793,-1.5615347319615525
2213,2.3161418440759605e-05,7.995377067697336,-1.5615291423250761
2214,2.321124959020429e-05,7.995374064490359,-1.5615235876080908
2215,2.3288096143270443e-05,7.995372007771284,-1.5615199049456234
2216,2.322595980285703e-05,7.995369060953982,-1.561514299288385
2217,2.320622650581548e-05,7.995367025971806,-1.5615105647890262
2218,2.330864472234711e-05,7.995364088717933,-1.561505031344745
2219,2.33258616032256e-05,7.9953620272885,-1.561501317678384
2220,2.3343365392581172e-05,7.995360080469885,-1.5614976081757974
2221,2.3316577629929424e-05,7.995357131135413,-1.5614920128399756
2222,2.3371507272815798e-05,7.995355119587837,-1.5614883154687487
2223,2.3491835896018404e-05,7.995352110929606,-1.5614827951894594
2224,2.3418734037912886e-05,7.995350049450923,-1.5614790429853567
2225,2.341907568805203e-05,7.995347175869159,-1.5614734589757386
2226,2.351681079616299e-05,7.995344140157657,-1.561467920034885
2227,2.352604636316451e-05,7.995341116857876,-1.5614623501842233
2228,2.352680294189183e-05,7.9953392014256295,-1.5614586276889018
2229,2.3543508840847534e-05,7.99533618398242,-1.5614530532293809
2230,2.3662753525982196e-05,7.995333118258166,-1.5614475333419928
2231,2.3575394538438263e-05,7.995330187988375,-1.5614419121286647
2232,2.3634577204688083e-05,7.995327231951688,-1.5614363588688454
2233,2.3686934929169947e-05,7.995324154516535,-1.5614308004479378
2234,2.3700586667304455e-05,7.9953222322716755,-1.5614270890567983
2235,2.370728614237429e-05,7.995320191962904,-1.5614233699988218
2236,2.369096975240264e-05,7.995319244271739,-1.5614215023799607
2237,2.3708890095931305e-05,7.995317253122172,-1.5614177876082542
2238,2.3817971522054173e-05,7.995315243535648,-1.5614141223541824
2239,2.3853929286257175e-05,7.995313241780559,-1.5614104193255978
2240,2.377071422027116e-05,7.995311202023588,-1.5614066603480592
2241,2.3761795537370526e-05,7.995309298301784,-1.5614029349440126
2242,2.3854303532545807e-05,7.995307250229407,-1.5613992555771727
2243,2.3870057409241007e-05,7.995304256667789,-1.5613936842233722
2244,2.3895088583303853e-05,7.995302306844606,-1.561389979763447
2245,2.386682685580246e-05,7.9952992719331615,-1.5613843767475482
2246,2.393011329897425e-05,7.9952973588565674,-1.5613806907774472
2247,2.4015083481354973e-05,7.995295265705427,-1.5613770106383988
2248,2.3956419352667424e-05,7.9952923356344225,-1.5613714073537457
2249,2.3933538418890364e-05,7.995290306357492,-1.5613676728535735
2250,2.4019492582953225e-05,7.995288386059812,-1.561363991881004
2251,2.40609654959922e-05,7.995286305570364,-1.561360284561365
2252,2.4057326828053814e-05,7.995284374167995,-1.5613565716884914
2253,2.4080322835435664e-05,7.995281358510905,-1.5613509923278475
2254,2.4038439286433034e-05,7.995279395024141,-1.561347260717946
2255,2.415661059771016e-05,7.995277364205655,-1.5613435924639198
2256,2.4203750984445036e-05,7.995274345858683,-1.5613380375903412
2257,2.4117657088781914e-05,7.995272392868569,-1.5613342787520172
2258,2.4194988623942116e-05,7.995269371915191,-1.5613287283784272
2259,2.422664808004686e-05,7.995268415460151,-1.5613268827359397
2260,2.4241477440377795e-05,7.99526535785966,-1.5613213115189046
2261,2.4267260074596045e-05,7.995263463999744,-1.5613176018653958
2262,2.4234186187166476e-05,7.995261411803076,-1.5613138655942003
2263,2.432233800423889e-05,7.995258488567007,-1.5613083264761751
2264,2.43931872495804e-05,7.995256391458156,-1.5613046427728199
2265,2.4346339836731462e-05,7.9952544692155945,-1.5613009044814354
2266,2.4283642464100872e-05,7.995251507348514,-1.5612952934107953
2267,2.4390162703578297e-05,7.995249521721645,-1.5612916100145329
2268,2.4406747084155644e-05,7.995247479216304,-1.5612879018475654
2269,2.4406165981355376e-05,7.995244487023659,-1.5612823220667043
2270,2.4373744163229514e-05,7.995242517542443,-1.5612785847121458
2271,2.4470775078570974e-05,7.995239476457539,-1.5612730381467521
2272,2.448989459190456e-05,7.995238531998466,-1.561271195101116
2273,2.4532876836109933e-05,7.9952365234728076,-1.561267494099145
2274,2.4533048376142966e-05,7.995234551274467,-1.5612637748409577
2275,2.450560229785845e-05,7.9952325787332486,-1.5612600377519377
2276,2.4515184420397636e-05,7.995230533600651,-1.5612563213677686
2277,2.4549560599438654e-05,7.995228524214801,-1.5612526133472453
2278,2.4618124627234216e-05,7.995226596865873,-1.561248921947618
2279,2.4625137485719077e-05,7.9952235583819,-1.5612433467062308
2280,2.4593098462199216e-05,7.995220587612714,-1.5612377526015353
2281,2.4718182351106636e-05,7.995217633408312,-1.5612322292800962
2282,2.4748375536547047e-05,7.995215578799413,-1.5612285222276472
2283,2.473716625826803e-05,7.995213638501234,-1.5612247985797008
2284,2.4735495037129957e-05,7.995210608675441,-1.5612192096395434
2285,2.4750224577764315e-05,7.995208645275758,-1.561215496073108
2286,2.477272683638717e-05,7.995205692966393,-1.5612099238778483
2287,2.481750708546727e-05,7.995203628935347,-1.561206218817448
2288,2.4818144415797993e-05,7.995201693228366,-1.561202501347528
2289,2.4888262962974864e-05,7.995198687411759,-1.561196954556062
2290,2.4889836553928802e-05,7.9951967197899965,-1.561193228106166
2291,2.4879675741494726e-05,7.995193717551773,-1.561187646564759
2292,2.4886651234348083e-05,7.9951916313450875,-1.5611839240636014
2293,2.4917342938454956e-05,7.995189745269277,-1.5611802169159064
2294,2.4982418140676935e-05,7.995187703381909,-1.5611765185676998
2295,2.4998899324964667e-05,7.995185786595704,-1.561172807232789
2296,2.499972846036702e-05,7.995183688687413,-1.5611690870290154
2297,2.50623773723802e-05,7.9951807153391545,-1.5611635371969776
2298,2.508762752026722e-05,7.99517877532401,-1.5611598221645056
2299,2.5033172052022107e-05,7.995176804732898,-1.56115607837979
2300,2.5023716196053046e-05,7.995174766643355,-1.561152349085154
2301,2.5076765955581484e-05,7.995172778338148,-1.561148652082812
2302,2.5169244045226785e-05,7.995170737263069,-1.5611449760637344
2303,2.5240777193402522e-05,7.9951687654937995,-1.561141293611802
2304,2.5282620756779143e-05,7.995166771008326,-1.5611375885098258
2305,2.510923506890055e-05,7.995163816918038,-1.5611319283975547
2306,2.5098642627292328e-05,7.995161777873553,-1.5611281940266486
2307,2.5296574987208463e-05,7.995158749816394,-1.5611227042874714
2308,2.5380862521385803e-05,7.995156861234802,-1.5611190228431941
2309,2.5228862129985257e-05,7.99515478092212,-1.5611152328333464
2310,2.5167923511008265e-05,7.995153838227036,-1.561113341664849
2311,2.5204907838369883e-05,7.995151881863942,-1.5611096319091013
2312,2.5269859660110734e-05,7.995150811081407,-1.5611077978489485
2313,2.5331065467951273e-05,7.99514985313443,-1.5611059672219456
2314,2.540234058565756e-05,7.995147924414152,-1.5611022800346022
2315,2.5405806770374344e-05,7.995145875305456,-1.5610985596065032
2316,2.5360471680357934e-05,7.99514394179281,-1.561094822871634
2317,2.5374964789477297e-05,7.995141870624056,-1.5610911073929028
2318,2.544560594298908e-05,7.995139943111428,-1.5610874223233528
2319,2.54894225378261e-05,7.995137878485432,-1.561083719543433
2320,2.5479110019970677e-05,7.995134930729083,-1.5610781345547824
2321,2.5470720732201593e-05,7.995132927653443,-1.5610744073554257
2322,2.550419550565689e-05,7.995129914641215,-1.561068835897645
2323,2.5542035383051273e-05,7.995127992880125,-1.5610651370765363
2324,2.5576259511486082e-05,7.995125908202765,-1.5610614289739084
2325,2.5590084722757656e-05,7.995124003366059,-1.561057718291496
2326,2.558071860299169e-05,7.9951219477659405,-1.5610539847053593
2327,2.5657467002614946e-05,7.995120015025016,-1.5610503001196208
2328,2.5707462093028643e-05,7.995117970219946,-1.5610466035335269
2329,2.56931171441781e-05,7.995115998424863,-1.5610428819876945
2330,2.5704510718610513e-05,7.995112998838618,-1.561037304254304
2331,2.5691065433128298e-05,7.995111070011733,-1.5610335735197807
2332,2.572482260190475e-05,7.995109024441019,-1.5610298659100899
2333,2.5739199349392617e-05,7.995106004710415,-1.5610242865884583
2334,2.578527069494537e-05,7.995104097176307,-1.5610205904548773
2335,2.5804484770259253e-05,7.995102047247142,-1.5610168729159466
2336,2.583677926277455e-05,7.99509911476802,-1.5610113073372425
2337,2.5816750040719726e-05,7.995097045627918,-1.5610075748212269
2338,2.5917464860016748e-05,7.995094100311933,-1.5610020394043007
2339,2.5948090679598087e-05,7.995092085001657,-1.5609983389705382
2340,2.5940525953305643e-05,7.995090093581336,-1.5609946141248285
2341,2.597323119335626e-05,7.995087162873191,-1.5609890444105796
2342,2.597335617309403e-05,7.995085102135438,-1.5609853227959203
2343,2.5976124776528573e-05,7.9950821246479045,-1.5609797413612647
2344,2.6040444837122946e-05,7.995079155575866,-1.5609741910022579
2345,2.606235639006251e-05,7.995076187987264,-1.560968618816488
2346,2.6022898381580417e-05,7.995074222500244,-1.5609648734867296
2347,2.6024627030453215e-05,7.995072184591686,-1.5609611516513864
2348,2.6124404221866184e-05,7.995070195148843,-1.560957476420238
2349,2.6193744416137634e-05,7.995068139253433,-1.560953794079175
2350,2.6270357202195215e-05,7.995066168112312,-1.5609501080352353
2351,2.6269243154500568e-05,7.995064186550413,-1.5609463875631855
2352,2.6138386939031146e-05,7.995062260830758,-1.5609426076537247
2353,2.6084573176544655e-05,7.995060183676574,-1.560938854023453
2354,2.6150933255903782e-05,7.995058228960995,-1.5609351601921426
2355,2.6235866317296805e-05,7.995056150068011,-1.5609314732503485
2356,2.633561159816439e-05,7.995053238717438,-1.560925941079662
2357,2.6280128410602988e-05,7.9950513088409245,-1.5609221956039518
2358,2.6381045067312238e-05,7.995048229759972,-1.5609166596488737
2359,2.6440833724426964e-05,7.99504527433171,-1.5609111098918742
2360,2.638611009807917e-05,7.9950432905337365,-1.5609073671745717
2361,2.637536734399084e-05,7.995040283042098,-1.560901775759267
2362,2.6422764643972602e-05,7.995038345993799,-1.5608980775298127
2363,2.6496134384513695e-05,7.995036276209652,-1.5608943893182265
2364,2.653336904780679e-05,7.995033354728899,-1.5608888265512122
2365,2.6475087725198643e-05,7.995031317166382,-1.560885076267824
2366,2.6576615445842182e-05,7.995028356878371,-1.5608795428886004
2367,2.6511476082154277e-05,7.995026347987618,-1.5608757922766407
2368,2.6395423744234814e-05,7.995023288520184,-1.5608701407833492
2369,2.6381158316301956e-05,7.995021338444736,-1.5608664064644362
2370,2.666304262681105e-05,7.995018422728834,-1.5608609487121672
2371,2.6632214833688083e-05,7.99501538467379,-1.560855356181177
2372,2.6526992428220932e-05,7.995013367741329,-1.5608515801895562
2373,2.6674241214339876e-05,7.995010447371043,-1.5608460632537624
2374,2.6818133162109306e-05,7.995008395040764,-1.5608424091343642
2375,2.680911872941834e-05,7.995005493534253,-1.5608368348901869
2376,2.6706044178037345e-05,7.995002479959443,-1.5608312008847065
2377,2.677741002316659e-05,7.9950004631113725,-1.5608275100611835
2378,2.6870421396390088e-05,7.994998455144316,-1.5608238360258124
2379,2.696612107034769e-05,7.99499644340379,-1.5608201584445494
2380,2.690068217638948e-05,7.994993518893583,-1.5608145523901176
2381,2.687119341036612e-05,7.994991503674281,-1.5608108113673607
2382,2.684325778920963e-05,7.99498956439925,-1.560807072464479
2383,2.6939126440678512e-05,7.994987481478917,-1.5608033899085252
2384,2.6990722581361767e-05,7.994985548955379,-1.56079970143908
2385,2.7051311190389327e-05,7.994983505096556,-1.5607960068858056
2386,2.7043774843902817e-05,7.994981592086243,-1.5607922881740135
2387,2.705103574029669e-05,7.994980549996642,-1.5607904242902584
2388,2.702162546233293e-05,7.994979531166682,-1.5607885533900216
2389,2.697421716022574e-05,7.994977608681394,-1.56078480794882
2390,2.7042141468090422e-05,7.994975551474095,-1.560781112505562
2391,2.708164372809019e-05,7.994973598054518,-1.5607774156357688
2392,2.7123092816256218e-05,7.994971567528724,-1.560773710340665
2393,2.71157698740577e-05,7.994969648237065,-1.560769987111101
2394,2.7085288812276367e-05,7.994966564082018,-1.5607643807179001
2395,2.715695642358683e-05,7.994963597957551,-1.5607588330409208
2396,2.7262533786043362e-05,7.99496164980944,-1.5607551651380736
2397,2.7307386875832763e-05,7.994959655946702,-1.5607514668055804
2398,2.7281542177655275e-05,7.994956666103447,-1.5607458800531608
2399,2.724328751975249e-05,7.994954596562821,-1.5607421343305863
2400,2.7237901103521797e-05,7.994951673327574,-1.5607365503885187
2401,2.737918406222146e-05,7.994949695050421,-1.5607328917758367
2402,2.7408402727811944e-05,7.994946671824059,-1.5607273276957154
2403,2.7371508523957914e-05,7.9949446932747,-1.5607235918975584
2404,2.7307650748834875e-05,7.994941672392312,-1.5607179697929396
2405,2.7378888480618976e-05,7.9949397442362145,-1.560714282335654
2406,2.743657422461021e-05,7.994937679306733,-1.5607105832550914
2407,2.7467125896560358e-05,7.994935793337765,-1.5607068802654127
2408,2.7517692322922584e-05,7.994933734259362,-1.5607031765089627
2409,2.7496359814859046e-05,7.994931791354064,-1.560699449850344
2410,2.7491611428209913e-05,7.99492972374629,-1.5606957225037323
2411,2.7586750935480925e-05,7.9949277957940685,-1.5606920465893928
2412,2.7649152893840864e-05,7.994925755595502,-1.5606883562345713
2413,2.764294775238637e-05,7.994923788086647,-1.5606846395755545
2414,2.7645200058362624e-05,7.994921761431881,-1.5606809191728144
2415,2.7639425338521014e-05,7.9949198076365136,-1.560677188621451
2416,2.7589375864657903e-05,7.994917815395154,-1.5606734503466093
2417,2.7700762869980344e-05,7.994915802490841,-1.560669778424351
2418,2.780249330746533e-05,7.994913793030666,-1.5606661045091483
2419,2.7660736991734895e-05,7.994911794803777,-1.56066231875106
2420,2.7518003882209566e-05,7.994909792250577,-1.5606585227875132
2421,2.7744558266756693e-05,7.994906880039052,-1.5606530372234493
2422,2.788735404752076e-05,7.994904830281249,-1.5606493769792886
2423,2.772742608629957e-05,7.994902898686502,-1.5606455912282289
2424,2.7664980584913112e-05,7.994900815666167,-1.5606418347863598
2425,2.7796916287985048e-05,7.994898897277504,-1.5606381735354056
2426,2.7863248348684375e-05,7.994897853963954,-1.5606363422924376
2427,2.7976705410968178e-05,7.9948958992147166,-1.5606326779203972
2428,2.7989477462715313e-05,7.994893945840178,-1.5606289622929128
2429,2.773561250716807e-05,7.994890938575821,-1.560623258908232
2430,2.7901678158250936e-05,7.994887879867711,-1.560617740818631
2431,2.8068332106281603e-05,7.994885978499827,-1.5606141013666235
2432,2.8126487491999166e-05,7.99488394402001,-1.5606104104162073
2433,2.7963744490395164e-05,7.994881962390235,-1.5606066190122838
2434,2.7862548868643676e-05,7.994879924683137,-1.560602847367446
2435,2.7992545364183056e-05,7.994877941354244,-1.5605991731187716
2436,2.8109174014484677e-05,7.994874967188466,-1.5605936481154126
2437,2.814105183442185e-05,7.994873065587683,-1.56058994646151
2438,2.8160022711259287e-05,7.994869992742267,-1.5605843750309951
2439,2.8156991108582763e-05,7.994868034034704,-1.5605806542802312
2440,2.815589920434013e-05,7.99486603481396,-1.5605769306597037
2441,2.8173482813303277e-05,7.994864065361151,-1.5605732145884734
2442,2.823237422369906e-05,7.994862032353516,-1.5605695160466873
2443,2.826653149972225e-05,7.994858994823355,-1.5605639557932203
2444,2.8316395710685368e-05,7.99485711253665,-1.560560255220819
2445,2.8286065701759147e-05,7.9948541126942665,-1.5605546559936605
2446,2.8290749169917747e-05,7.994851069441361,-1.5605490758168157
2447,2.8351107896550154e-05,7.994848111800856,-1.560543523267173
2448,2.8402867038931245e-05,7.99484516173452,-1.560537961018718
2449,2.8413465570751172e-05,7.994843128231325,-1.560534243193658
2450,2.8420311251427043e-05,7.994841162218799,-1.5605305242829128
2451,2.8449114390672866e-05,7.994839106427264,-1.5605268162485657
2452,2.8499976481206335e-05,7.994837203060938,-1.5605231231213808
2453,2.8545059672823976e-05,7.994834167574684,-1.5605175593738077
2454,2.8525803230539528e-05,7.99483221645791,-1.5605138292633138
2455,2.852082712524202e-05,7.994829215456329,-1.5605082449073433
2456,2.8614162411186822e-05,7.994827207011688,-1.560504565082537
2457,2.8626625885679174e-05,7.9948242466126604,-1.5604989908201234
2458,2.8504445857098834e-05,7.99482215447895,-1.5604952069728613
2459,2.8524287692838854e-05,7.994819182614344,-1.5604896197636688
2460,2.876544877238939e-05,7.994816264918651,-1.5604841491550783
2461,2.8824592788122683e-05,7.994814221983357,-1.5604804554052618
2462,2.8789241312716952e-05,7.99481228817797,-1.56047672304852
2463,2.8753162798350437e-05,7.994811260350212,-1.5604748501166767
2464,2.8719837376095416e-05,7.994810217156652,-1.5604729711078125
2465,2.869573799899036e-05,7.994809274022867,-1.560471099206475
2466,2.868375110985825e-05,7.994808304491482,-1.5604692282845023
2467,2.8769254745300516e-05,7.9948062518089955,-1.5604655384394703
2468,2.881479931874135e-05,7.994804348616479,-1.5604618436609095
2469,2.884406975598098e-05,7.994802279293805,-1.5604581312946453
2470,2.8891861710611173e-05,7.994799323247515,-1.5604525766525523
2471,2.888600555699394e-05,7.994797319494691,-1.5604488521112636
2472,2.8892364928614898e-05,7.994795338317256,-1.5604451318880763
2473,2.8920806706932982e-05,7.994793360644461,-1.5604414253578953
2474,2.8942526705408534e-05,7.994791359185194,-1.5604377114731087
2475,2.898018518533942e-05,7.994789362116261,-1.5604340102512915
2476,2.9007781998940376e-05,7.994787341887498,-1.5604303005232585
2477,2.905039550256123e-05,7.994785412497156,-1.5604265968377473
2478,2.9031243776482125e-05,7.994782396682382,-1.5604210022408864
2479,2.902574174265806e-05,7.9947804474357875,-1.5604172810973083
2480,2.904615234686288e-05,7.99477837044985,-1.56041356199081
2481,2.9180964607197458e-05,7.994775462479863,-1.560408042227767
2482,2.9181759507742584e-05,7.994773450226666,-1.5604043190522174
2483,2.8912968092408823e-05,7.99477035039542,-1.5603986000970045
2484,2.900019045333625e-05,7.994768436534231,-1.5603949142637727
2485,2.923222798696352e-05,7.994766423732876,-1.560391291835638
2486,2.9241548020243883e-05,7.994763513304714,-1.5603857170037747
2487,2.913396157935498e-05,7.994761499721296,-1.560381950189688
2488,2.921515028360775e-05,7.994758416340612,-1.5603763939976938
2489,2.9281771489885976e-05,7.994756509177088,-1.5603727038447712
2490,2.934765404996978e-05,7.994753584844819,-1.5603671509275412
2491,2.926734547488165e-05,7.994751510864905,-1.5603633890946762
2492,2.9337776437353065e-05,7.994749550756505,-1.5603597010119337
2493,2.9469466479201436e-05,7.994746515613116,-1.560354182551681
2494,2.95624355418785e-05,7.994744518536908,-1.560350502937678
2495,2.9570808063067387e-05,7.994742597072141,-1.5603467937623743
2496,2.9487343940500186e-05,7.994740578974361,-1.5603430306215251
2497,2.9369352586003623e-05,7.994738562289595,-1.5603392527489568
2498,2.934066419614413e-05,7.9947355471029296,-1.5603336406712582
2499,2.952587577452279e-05,7.994733623901849,-1.5603299963352593
2500,2.969288979252132e-05,7.99473161998066,-1.5603263583568046
2501,2.9611268326725773e-05,7.994729635705937,-1.560322597935148
2502,2.9540166536794048e-05,7.994728573195776,-1.5603207033157713
2503,2.9486382357225548e-05,7.994727633434487,-1.5603188179554073
2504,2.952061146016286e-05,7.994725639502526,-1.560315104017653
2505,2.966808275377646e-05,7.99472366414948,-1.5603114504039297
2506,2.9758493516340013e-05,7.994721703228547,-1.5603077732954644
2507,2.9773718409710923e-05,7.994718682920366,-1.5603022007127416
2508,2.9666816782621017e-05,7.9947156793151635,-1.5602965681080112
2509,2.9744276347718436e-05,7.9947137557116,-1.5602928847757453
2510,2.984463459254984e-05,7.994711694802432,-1.5602892094893988
2511,2.9862962203081548e-05,7.994709770885618,-1.560285500507322
2512,2.9862683023270548e-05,7.994706734734198,-1.5602799207223292
2513,2.982939838047706e-05,7.9947047655007255,-1.5602761794370192
2514,2.9881928018676435e-05,7.994702751804458,-1.560272481452154
2515,3.0022897333045452e-05,7.9946997243045725,-1.5602669717046311
2516,3.0024767981413007e-05,7.994697763983957,-1.5602632531846867
2517,2.9942962437997082e-05,7.9946957826470735,-1.5602594899118436
2518,2.9933514645251897e-05,7.99469378809604,-1.5602557656879483
2519,3.0034771850473622e-05,7.994691830674791,-1.5602520932293573
2520,3.0125688917291622e-05,7.994688803887757,-1.5602465616187307
2521,3.0095411175149676e-05,7.994686814546865,-1.5602428247111106
2522,3.0023374512914025e-05,7.994683887904484,-1.56023720433569
2523,3.011772775004951e-05,7.9946808228505315,-1.5602316553730322
2524,3.016722839938924e-05,7.994678853095523,-1.5602279645101025
2525,3.020575647506801e-05,7.994675896381589,-1.5602224038213386
2526,3.0214920169194685e-05,7.994673852802932,-1.5602186816858423
2527,3.0201961849213915e-05,7.994670908623003,-1.5602130932245684
2528,3.0242717201182872e-05,7.994668922071954,-1.5602093917568443
2529,3.0250899226971605e-05,7.994666959144643,-1.5602056687254025
2530,3.0311633110042732e-05,7.9946639445006475,-1.5602001200210223
2531,3.0346121169891433e-05,7.994661849793104,-1.5601964136646975
2532,3.04297378562179e-05,7.994658920743836,-1.5601908693573678
2533,3.041853868259149e-05,7.994656976091899,-1.5601871466244661
2534,3.0375375633597977e-05,7.994653952237677,-1.5601815380193518
2535,3.0434198171449886e-05,7.994651994760949,-1.5601778475159307
2536,3.0511722579953723e-05,7.994649933035357,-1.5601741632596335
2537,3.0527659228218476e-05,7.99464699017538,-1.5601685907128189
2538,3.0418931204162058e-05,7.9946449632566345,-1.5601648124227323
2539,3.0420870491826245e-05,7.994643049942053,-1.5601610886948314
2540,3.0498179998452993e-05,7.994640965216209,-1.560157396913117
2541,3.053238051085362e-05,7.994640038667429,-1.5601555552816153
2542,3.0595780388755266e-05,7.994638022005729,-1.5601518599097626
2543,3.064374175392521e-05,7.994636103244518,-1.5601481651257785
2544,3.065166844901194e-05,7.9946340672404475,-1.5601444430998657
2545,3.063839561888807e-05,7.994632093853735,-1.5601407227620225
2546,3.06772129509019e-05,7.994629051686671,-1.5601351564422008
2547,3.069786263259538e-05,7.994627114283693,-1.5601314453365696
2548,3.07235021965169e-05,7.994624145185831,-1.5601258735732275
2549,3.074112407310428e-05,7.994622097614424,-1.56012215666963
2550,3.072303271561717e-05,7.994620130125338,-1.5601184261361793
2551,3.0793853263167e-05,7.9946171003287905,-1.5601128710601604
2552,3.086368816471583e-05,7.994615188237073,-1.5601091858752774
2553,3.087757898694107e-05,7.994612142592623,-1.5601036113698858
2554,3.089299746694007e-05,7.994610162884904,-1.560099892182276
2555,3.088051342436551e-05,7.9946081673053575,-1.5600961671730391
2556,3.091020766182446e-05,7.994606168894356,-1.5600924576890822
2557,3.097759063137381e-05,7.994604206001195,-1.5600887649625206
2558,3.099449590191276e-05,7.99460218996307,-1.5600850567827624
2559,3.1007343748611366e-05,7.994600197304418,-1.5600813343567193
2560,3.097254547127107e-05,7.994598208935292,-1.5600775998980987
2561,3.10741905918372e-05,7.994595303029405,-1.5600720665487868
2562,3.116571908468095e-05,7.994593217007847,-1.5600683894731506
2563,3.115543561857543e-05,7.994591258941932,-1.5600646702378658
2564,3.112493280404261e-05,7.994588216056598,-1.5600590645774215
2565,3.1069386056307667e-05,7.9945862990565875,-1.5600553193780504
2566,3.116455942673094e-05,7.9945832867928415,-1.5600497807737994
2567,3.1196487560179666e-05,7.994581302309681,-1.5600460727053955
2568,3.119382127895322e-05,7.994579308703861,-1.5600423480360035
2569,3.1236686964080236e-05,7.994577347643375,-1.5600386467201095
2570,3.136353380634829e-05,7.994575321398641,-1.5600349901916575
2571,3.140847803982509e-05,7.994573341545537,-1.5600312935951153
2572,3.126513602784304e-05,7.994571286124381,-1.5600275033500237
2573,3.114099673352218e-05,7.994569348952817,-1.5600237166318414
2574,3.1221123846695646e-05,7.994567313446717,-1.5600200238710609
2575,3.1499782590345884e-05,7.994564393016155,-1.5600146020321537
2576,3.145288984219319e-05,7.994562382014387,-1.560010856855613
2577,3.1328224097698896e-05,7.994559428159358,-1.5600052044253767
2578,3.1390448090000735e-05,7.994557343203354,-1.5600015031828809
2579,3.1477086056389164e-05,7.994555407502433,-1.559997822748259
2580,3.1574659510548346e-05,7.994553371672325,-1.559994146110183
2581,3.1590385777989985e-05,7.994551471845126,-1.559990435136178
2582,3.156576639686131e-05,7.994549418184085,-1.5599867012951543
2583,3.1518961093006184e-05,7.99454747964545,-1.559982957879426
2584,3.1570626403579876e-05,7.994545445426067,-1.5599792579993943
2585,3.162332745972843e-05,7.994543489582396,-1.5599755635975263
2586,3.164851797059724e-05,7.994541480580355,-1.559971851848207
2587,3.163667106224629e-05,7.994539505288882,-1.559968125181626
2588,3.162381837217206e-05,7.994536455581149,-1.5599625280649485
2589,3.1702601565640796e-05,7.994533502011005,-1.559956983392481
2590,3.1808987667448834e-05,7.99453152962517,-1.5599533159776864
2591,3.179144906481624e-05,7.994528493684029,-1.5599477275285192
2592,3.1766194440883696e-05,7.994526596502896,-1.5599439954817724
2593,3.1771765298870145e-05,7.994523546064243,-1.5599384095522748
2594,3.185666943801554e-05,7.994521608903329,-1.559934727760927
2595,3.1927427761044327e-05,7.994519544507851,-1.559931040331399
2596,3.193014789754554e-05,7.994517599662401,-1.5599273197028987
2597,3.187425988238028e-05,7.99451554797789,-1.5599235699211318
2598,3.198431873262261e-05,7.994512620023214,-1.5599180411001603
2599,3.204661671835885e-05,7.994510564105068,-1.5599143436651235
2600,3.1994256539462104e-05,7.994508639411365,-1.5599106061677352
2601,3.196559201455566e-05,7.9945056732698765,-1.5599050061506219
2602,3.2006129599543904e-05,7.994503637498241,-1.5599013007328018
2603,3.209353211134358e-05,7.994501640525071,-1.5598976231834445
2604,3.2167930576838845e-05,7.994499623957464,-1.5598939351047982
2605,3.2167428113787075e-05,7.994497643035781,-1.5598902143070408
2606,3.2107748554669214e-05,7.994494679019576,-1.5598846061776481
2607,3.2089104851612694e-05,7.994492753538163,-1.5598808739690613
2608,3.2205534913595264e-05,7.994489671551298,-1.559875343059632
2609,3.226894862476836e-05,7.994487728951326,-1.5598716492176772
2610,3.226302935747338e-05,7.994485685745409,-1.559867928265596
2611,3.2257106977903796e-05,7.994482736972685,-1.5598623425421192
2612,3.226634409325799e-05,7.994480789548566,-1.5598586246526982
2613,3.230939834309047e-05,7.9944787596210665,-1.559854922124521
2614,3.23319377668209e-05,7.9944767728073005,-1.5598512135481508
2615,3.235029977594053e-05,7.994475770015985,-1.5598493594335072
2616,3.2377185919657435e-05,7.994474719173232,-1.5598475100355307
2617,3.240436808115791e-05,7.994473790472332,-1.5598456647418442
2618,3.242056967384616e-05,7.994471834157206,-1.5598419467145246
2619,3.2434565380978744e-05,7.994469780594999,-1.55983823119309
2620,3.242024626530328e-05,7.9944688244062,-1.559836365875136
2621,3.2412418964282356e-05,7.994466774189133,-1.559832636520915
2622,3.247951842769585e-05,7.99446485780559,-1.5598289487994677
2623,3.261395564133853e-05,7.994462808368057,-1.5598252890920317
2624,3.248224448656498e-05,7.994460808061298,-1.559821506962349
2625,3.229502738618698e-05,7.994458738549024,-1.5598176973652602
2626,3.2477966412581776e-05,7.994456801284949,-1.5598140506213705
2627,3.269182516974864e-05,7.9944538843204365,-1.5598085612647046
2628,3.258312032562651e-05,7.994451928260151,-1.5598047982200554
2629,3.251249125928198e-05,7.99444987030269,-1.5598010385013406
2630,3.2599832618438135e-05,7.994447848896557,-1.559797356138779
2631,3.2665459999669527e-05,7.994445895398558,-1.5597936639219292
2632,3.2717071596112514e-05,7.994443920943795,-1.5597899683728227
2633,3.273155243019126e-05,7.994441969619166,-1.5597862502471183
2634,3.274501021332466e-05,7.994439920850857,-1.5597825345976517
2635,3.272141734978952e-05,7.994437981610176,-1.559778801313239
2636,3.275204729029984e-05,7.9944359500053075,-1.5597750963410022
2637,3.284235734878155e-05,7.994434022414624,-1.5597714177720736
2638,3.2867981950276844e-05,7.994431940915615,-1.5597677018246576
2639,3.2853701752844316e-05,7.9944300089613005,-1.5597639822616651
2640,3.288823773133773e-05,7.994427977602332,-1.5597602737771483
2641,3.28834153369927e-05,7.994426069901014,-1.5597565486705516
2642,3.288602946692352e-05,7.994423994414214,-1.5597528238271738
2643,3.291064395299068e-05,7.994422034599175,-1.5597491147823943
2644,3.2964766316108996e-05,7.994419975473169,-1.5597454162106552
2645,3.302615017999701e-05,7.9944180752452905,-1.5597417192927912
2646,3.299560602202467e-05,7.99441605155359,-1.5597379866502676
2647,3.302883255433055e-05,7.994414099335415,-1.5597342809587167
2648,3.310637669375467e-05,7.994412051468304,-1.5597305963447168
2649,3.3130224515468137e-05,7.994410115114508,-1.5597268875175565
2650,3.31181787187777e-05,7.994408032911251,-1.5597231598629882
2651,3.313427926250819e-05,7.994406126079735,-1.55971944762013
2652,3.3131122697653495e-05,7.994405103357609,-1.5597175831931496
2653,3.3142210494190724e-05,7.994404103195377,-1.559715722932956
2654,3.317709841495485e-05,7.9944021653992685,-1.5597120203858739
2655,3.319283746393291e-05,7.9944000499294825,-1.5597083061893764
2656,3.322816510462413e-05,7.9943981104989055,-1.559704603558535
2657,3.3288279887768e-05,7.9943961438364335,-1.5597009115617435
2658,3.324963179594734e-05,7.994394194411913,-1.559697166001238
2659,3.324267725632668e-05,7.994392151327533,-1.559693437810909
2660,3.3310461379846686e-05,7.994390183210552,-1.5596897494156599
2661,3.338035118255889e-05,7.994388164373024,-1.5596860602692773
2662,3.336136899619639e-05,7.994386233021576,-1.559682331759446
2663,3.335016007054412e-05,7.994384194527679,-1.5596786045679618
2664,3.344498601811485e-05,7.994382265890697,-1.5596749295897114
2665,3.349278187234919e-05,7.994380177270356,-1.559671226802257
2666,3.344020613893778e-05,7.994378261408042,-1.5596674894209686
2667,3.344447902367634e-05,7.994376218431359,-1.5596637673778146
2668,3.343975822550019e-05,7.9943742845412835,-1.5596600429222602
2669,3.3491289065877634e-05,7.99437222780735,-1.5596563428530508
2670,3.358704250767792e-05,7.994370306050426,-1.5596526697405746
2671,3.360890470998044e-05,7.994368259762941,-1.559648953779142
2672,3.3549571610656615e-05,7.99436629312807,-1.559645208803312
2673,3.357104867908275e-05,7.99436430597095,-1.5596414942622312
2674,3.361750504384304e-05,7.9943623283489496,-1.5596377958575367
2675,3.365292086838667e-05,7.994360289638083,-1.5596340878743808
2676,3.364689056691608e-05,7.994357355806416,-1.5596284997307854
2677,3.3680330387375874e-05,7.994355325442589,-1.5596247916156178
2678,3.369505217935471e-05,7.994353387314021,-1.559621076121198
2679,3.3738992170490766e-05,7.994351337329737,-1.5596173741927
2680,3.376093010465376e-05,7.99434938018021,-1.5596136637070745
2681,3.380466847615622e-05,7.994347353895916,-1.5596099635587728
2682,3.382232280482194e-05,7.994345427949555,-1.559606246808668
2683,3.380746217895531e-05,7.994343402395183,-1.5596025149813766
2684,3.3802947904803166e-05,7.994341439073684,-1.5595987925590034
2685,3.3822590254748774e-05,7.994339379337606,-1.5595950756613202
2686,3.385785367094289e-05,7.994337444499692,-1.559591373276227
2687,3.397012997451332e-05,7.994335431261161,-1.5595877021342093
2688,3.400322236144822e-05,7.994334467257951,-1.559585855161906
2689,3.401116267961868e-05,7.994333455845878,-1.5595840012608408
2690,3.399277385339951e-05,7.9943324065270325,-1.5595821296509726
2691,3.3949221809214614e-05,7.994330469190782,-1.559578391268918
2692,3.398175885835882e-05,7.994328452616969,-1.5595746809010527
2693,3.404885211670782e-05,7.994327470156191,-1.5595728498678696
2694,3.410147616203714e-05,7.994325508274048,-1.559569154450348
2695,3.405951389229902e-05,7.99432340890949,-1.5595654161374877
2696,3.40568998113119e-05,7.994321455366173,-1.5595616926371891
2697,3.40909743240227e-05,7.994319519932349,-1.559557985016693
2698,3.4096829536725566e-05,7.994317561781548,-1.5595542574533607
2699,3.415100926668208e-05,7.994315530332003,-1.559550554962453
2700,3.415758715413188e-05,7.994313541568537,-1.5595468438945062
2701,3.419413265480532e-05,7.994311548724797,-1.5595431371755126
2702,3.417138032650988e-05,7.994309577083888,-1.5595394038754933
2703,3.4192767924206274e-05,7.994307562700945,-1.5595356935688414
2704,3.4281086492570856e-05,7.994305614339101,-1.5595320111641682
2705,3.4318189238197126e-05,7.994303551107655,-1.5595283072669832
2706,3.430905009545951e-05,7.994301626395455,-1.559524583167115
2707,3.431610367479684e-05,7.994299581919926,-1.5595208600850468
2708,3.431400732542907e-05,7.994297646578363,-1.5595171382976427
2709,3.4355501384557596e-05,7.994295608506251,-1.5595134339817553
2710,3.4404031340355303e-05,7.994293683124279,-1.5595097358164889
2711,3.4440772782485026e-05,7.994291624472731,-1.5595060327714956
2712,3.4411321071752416e-05,7.99428862231436,-1.5595004320633836
2713,3.441855485014573e-05,7.994286703160223,-1.5594967135367772
2714,3.454027327345647e-05,7.994284672729285,-1.5594930476193325
2715,3.45965719880418e-05,7.994282696648374,-1.5594893505874132
2716,3.4382992269742125e-05,7.994280595708058,-1.5594855287993403
2717,3.435086689193521e-05,7.994278635636322,-1.5594817848469866
2718,3.45757392261373e-05,7.9942767241561405,-1.559478158112393
2719,3.47455180619755e-05,7.994274697497596,-1.5594745143380604
2720,3.4641991183212e-05,7.994272743037784,-1.559470757300924
2721,3.4452894274906705e-05,7.99426968946291,-1.5594650793360592
2722,3.450888619200477e-05,7.9942687362402935,-1.5594632440576743
2723,3.461304113322156e-05,7.994267774896708,-1.5594614246089413
2724,3.4793978136873984e-05,7.994265741503159,-1.5594577898333888
2725,3.4837615630242096e-05,7.994264781322781,-1.5594559515742927
2726,3.48278099693344e-05,7.994263801152579,-1.5594540906850025
2727,3.4759357437307885e-05,7.994262771985015,-1.559452194330027
2728,3.461983870476911e-05,7.994260753730611,-1.5594484037810425
2729,3.465458838649514e-05,7.994258793512731,-1.5594446932745714
2730,3.48544104145252e-05,7.994256756770975,-1.559441091544489
2731,3.4901535266890094e-05,7.994254846730434,-1.5594373931890915
2732,3.47646699489124e-05,7.994251838889791,-1.5594317351883809
2733,3.480713944759221e-05,7.994249844233246,-1.5594280219589995
2734,3.495972923180767e-05,7.994246880604315,-1.5594225070444747
2735,3.50173522618609e-05,7.994244849060042,-1.559418805691011
2736,3.4984592267748736e-05,7.994242924469962,-1.5594150796681971
2737,3.495072437896154e-05,7.994240850024809,-1.5594113353594228
2738,3.49814661531707e-05,7.994238922076603,-1.5594076305101863
2739,3.507814138654913e-05,7.994235900022773,-1.5594020930896004
2740,3.510663070321576e-05,7.994233965713983,-1.5593983837584686
2741,3.509890911004191e-05,7.994231932040277,-1.559394657562039
2742,3.506870262986847e-05,7.994229984573318,-1.5593909191398008
2743,3.5093046579343204e-05,7.994227921416116,-1.55938720574093
2744,3.51326208899715e-05,7.99422598333535,-1.5593835067520432
2745,3.52478687076915e-05,7.99422396699263,-1.5593798381650992
2746,3.52908403063726e-05,7.99422198853503,-1.5593761391055407
2747,3.5248988382746584e-05,7.994219924732643,-1.5593723973580709
2748,3.5229108535201074e-05,7.994217996693469,-1.55936866527504
2749,3.52664860340153e-05,7.994216007714697,-1.559364951757522
2750,3.526008922871649e-05,7.994214061192863,-1.5593612359997047
2751,3.5374576395805546e-05,7.99421201160773,-1.5593575628696175
2752,3.5406965593119215e-05,7.994210065726477,-1.559353857744977
2753,3.5349657013750625e-05,7.994207993008453,-1.5593501084097348
2754,3.533077760251761e-05,7.994206104908606,-1.5593463840164985
2755,3.545622349103298e-05,7.994204034787306,-1.5593427123365877
2756,3.552550495602257e-05,7.994202083940301,-1.5593390236547646
2757,3.5500460335666317e-05,7.994201112078065,-1.5593371555773294
2758,3.548539844774358e-05,7.99420004702544,-1.5593352872648756
2759,3.547789201197582e-05,7.994198145226949,-1.5593315596794142
2760,3.545680307134423e-05,7.99419717472895,-1.5593296887231907
2761,3.5459204655582954e-05,7.994196101949016,-1.5593278255089977
2762,3.556165381357592e-05,7.994194120628252,-1.559324149530887
2763,3.561854672425656e-05,7.9941920985706645,-1.5593204622443302
2764,3.565774723426536e-05,7.994190099965363,-1.5593167557712544
2765,3.5590192469869906e-05,7.994188143406978,-1.559313007146069
2766,3.55824625582144e-05,7.994186163581131,-1.55930928037058
2767,3.5574766262185785e-05,7.9941841912230185,-1.5593055491943764
2768,3.567370301764285e-05,7.994182146367594,-1.559301866665763
2769,3.572408625260313e-05,7.994180197692269,-1.5592981766718257
2770,3.576695984464187e-05,7.994178163783945,-1.5592944755990654
2771,3.576179387899076e-05,7.9941762383811,-1.5592907520582282
2772,3.574968430464188e-05,7.994174191033668,-1.559287022837064
2773,3.5761952229958606e-05,7.994172249279825,-1.5592833053976858
2774,3.5805085514582374e-05,7.994170240767588,-1.5592796038935743
2775,3.579660601779062e-05,7.994169278915994,-1.5592777395110382
2776,3.583351854169419e-05,7.994167230294306,-1.5592740285991797
2777,3.584549729390021e-05,7.994165284892863,-1.559270312996979
2778,3.58821733501209e-05,7.994163209930102,-1.5592666068412049
2779,3.593615511814382e-05,7.994161317323473,-1.559262914625728
2780,3.595485819230908e-05,7.994159283518356,-1.55925919321938
2781,3.59095048182984e-05,7.99415732951242,-1.5592554550413216
2782,3.5908026637418815e-05,7.994155272848567,-1.5592517255964913
2783,3.5936131173319544e-05,7.994153359315837,-1.5592480171783263
2784,3.60627610233349e-05,7.994151325905863,-1.5592443504272273
2785,3.610893409937938e-05,7.994149338062541,-1.559240658946735
2786,3.611542708645782e-05,7.994147327726873,-1.5592369405098365
2787,3.61394692106868e-05,7.994145380527249,-1.5592332354634457
2788,3.612715387543128e-05,7.994143394441739,-1.5592295001239591
2789,3.610258988580615e-05,7.994140419599776,-1.5592239079835855
2790,3.6107352040487986e-05,7.994138327649453,-1.5592201811623048
2791,3.613671949496366e-05,7.994136437744577,-1.5592164700037077
2792,3.627434639215004e-05,7.994134393634197,-1.559212811423566
2793,3.6347161365280346e-05,7.99413243585448,-1.5592091280299119
2794,3.630633530264497e-05,7.994131417678257,-1.559207250231258
2795,3.625027406790583e-05,7.994129398296519,-1.5592035051148412
2796,3.6239524676886075e-05,7.99412845298272,-1.5592016367157222
2797,3.6243111108295814e-05,7.994127414354907,-1.559199772769735
2798,3.634431571815437e-05,7.994125501342277,-1.5591960981262145
2799,3.6373088148869875e-05,7.994123462272096,-1.5591923872610927
2800,3.6277997229208605e-05,7.994121440803097,-1.5591886222032043
2801,3.6250866301345235e-05,7.994118443709768,-1.5591830110899796
2802,3.634056781719065e-05,7.994116530798782,-1.5591793227930746
2803,3.6476022355156e-05,7.994114501866794,-1.5591756640144712
2804,3.655595921933148e-05,7.994112572839133,-1.5591719821662013
2805,3.656585766725235e-05,7.994110523238034,-1.5591682659038812
2806,3.652508919850974e-05,7.994108589226441,-1.5591645322275456
2807,3.65231486440312e-05,7.99410653679717,-1.5591608057145416
2808,3.653847140368348e-05,7.994104620132179,-1.5591570918624507
2809,3.655820708913947e-05,7.994102548353439,-1.5591533748041118
2810,3.6632979953064154e-05,7.994100635048672,-1.5591496895383212
2811,3.673852267563951e-05,7.9940985909772095,-1.559146017245402
2812,3.649496153140787e-05,7.994095531128668,-1.559140313474831
2813,3.651873067599777e-05,7.994092602467517,-1.559134728577873
2814,3.675514433054665e-05,7.99409058752317,-1.5591311077758159
2815,3.685000368057186e-05,7.9940886777193665,-1.5591274336938339
2816,3.680804779450599e-05,7.994086631466118,-1.5591236993574915
2817,3.673742971857284e-05,7.994083678624177,-1.5591180816718928
2818,3.675993809951079e-05,7.994081655571945,-1.5591143688419404
2819,3.684582628926241e-05,7.994079736395686,-1.5591106844053118
2820,3.690604221452643e-05,7.994077699215733,-1.5591069860409768
2821,3.6938715934153214e-05,7.994075770369547,-1.5591032844093595
2822,3.695056134253369e-05,7.994073681696011,-1.559099562319704
2823,3.692849248846619e-05,7.9940717429409895,-1.5590958378604314
2824,3.695904960438561e-05,7.99406970526551,-1.5590921256022126
2825,3.701136084216003e-05,7.9940678232812905,-1.5590884281842061
2826,3.702029349865672e-05,7.994065760224496,-1.5590847060852313
2827,3.7024856002278185e-05,7.994063808937787,-1.5590809886783412
2828,3.7071203656813505e-05,7.99406173677154,-1.559077286011342
2829,3.7093553526457755e-05,7.994060816204266,-1.5590754390566883
2830,3.712274706479536e-05,7.994058815280601,-1.5590717267367482
2831,3.714780315379119e-05,7.994057801012015,-1.5590698761641992
2832,3.715844516449978e-05,7.994055867217498,-1.5590661588584613
2833,3.713857764100084e-05,7.994053787488913,-1.5590624255899022
2834,3.715033441745158e-05,7.99405188238956,-1.5590587160430613
2835,3.730082147510214e-05,7.994049825447725,-1.559055059762466
2836,3.735065172233313e-05,7.994047859702697,-1.559051365677841
2837,3.727742529522733e-05,7.994045821446479,-1.5590476122162182
2838,3.72928307378403e-05,7.994043915289739,-1.559043900463443
2839,3.736349242579046e-05,7.99404188227686,-1.5590402115501067
2840,3.735736370430552e-05,7.994039880054125,-1.559036489329871
2841,3.73343510771161e-05,7.99403788966517,-1.5590327544936242
2842,3.7365831957011236e-05,7.9940359354659325,-1.5590290413937589
2843,3.735693480372361e-05,7.994033932357769,-1.5590253218873096
2844,3.7469246112638146e-05,7.99403191497247,-1.5590216499751868
2845,3.754090121253689e-05,7.9940289061883725,-1.5590161048530662
2846,3.749654834134648e-05,7.994026971861486,-1.5590123640808198
2847,3.747717126499997e-05,7.9940249643619845,-1.5590086277792428
2848,3.7473489984102796e-05,7.994023027700263,-1.5590049032378768
2849,3.755980007919996e-05,7.994020996998362,-1.5590012164942133
2850,3.7615975882893766e-05,7.99401898744308,-1.55899752718443
2851,3.769071714426048e-05,7.994016974896874,-1.558993836841463
2852,3.768818616373623e-05,7.994015038795129,-1.5589901194476203
2853,3.765529678221155e-05,7.994013066661182,-1.5589863788552265
2854,3.760556164573653e-05,7.994011038465993,-1.5589826301348975
2855,3.766786820616719e-05,7.994009078389691,-1.558978935718023
2856,3.77178428105915e-05,7.994007016484947,-1.5589752367024154
2857,3.778087503941323e-05,7.9940050804572484,-1.5589715392163799
2858,3.780307595907488e-05,7.994003079605722,-1.5589678312744533
2859,3.781617742352392e-05,7.994001135586282,-1.558964115172925
2860,3.779849847074698e-05,7.993999063474943,-1.5589603838453376
2861,3.780978119015746e-05,7.993997137512878,-1.5589566733459923
2862,3.793012127164496e-05,7.993995109081637,-1.5589530030096421
2863,3.786055733482694e-05,7.9939931568735965,-1.5589492477989448
2864,3.775050026034196e-05,7.9939920705204495,-1.5589473314734201
2865,3.7650886669596815e-05,7.993990103337475,-1.558943556177036
2866,3.7867868739444926e-05,7.993988122911577,-1.558939920719985
2867,3.7992711118136224e-05,7.993987116473442,-1.5589381159516822
2868,3.810260054415501e-05,7.993986179200341,-1.5589363118490658
2869,3.806669618683462e-05,7.993984211959991,-1.5589325767261457
2870,3.7972159785861065e-05,7.99398222528573,-1.5589288169069384
2871,3.79889079977287e-05,7.993981242264876,-1.5589269647311943
2872,3.8069591644346055e-05,7.993979154952613,-1.5589232779859519
2873,3.8147882523579896e-05,7.993977245740666,-1.558919593585627
2874,3.815180071550944e-05,7.993975177856168,-1.5589158783673405
2875,3.816327940257864e-05,7.993973273331019,-1.558912160420488
2876,3.812056053595147e-05,7.99397121129489,-1.558908418714729
2877,3.811009234606167e-05,7.9939693018946505,-1.558904696653124
2878,3.823607394506501e-05,7.9939672251230265,-1.5589010262408587
2879,3.831128996913523e-05,7.993965270599689,-1.558897348205975
2880,3.8291523551152345e-05,7.993963267918851,-1.5588936136759581
2881,3.82349510440675e-05,7.993961325952097,-1.558889872194817
2882,3.831963690247363e-05,7.993959327166757,-1.5588861841671975
2883,3.8367777891458734e-05,7.993957305551894,-1.5588824788938893
2884,3.8356834042837205e-05,7.993955334382224,-1.5588787602986367
2885,3.835935687314836e-05,7.993953321837275,-1.5588750388209058
2886,3.832984184364674e-05,7.993951376987262,-1.5588712980172543
2887,3.842648192438762e-05,7.993948370388537,-1.5588657625672746
2888,3.849255557214787e-05,7.9939463462952975,-1.558862067012887
2889,3.848538509648604e-05,7.993944399227258,-1.5588583460969827
2890,3.848943323547087e-05,7.993942403838927,-1.5588546245491766
2891,3.8504369371976937e-05,7.99394040327697,-1.5588509109771762
2892,3.852871302621788e-05,7.993938378624256,-1.5588471969849775
2893,3.854450243613422e-05,7.993936452544961,-1.5588434822346968
2894,3.857935405177645e-05,7.9939344219023605,-1.5588397700218175
2895,3.859330230205961e-05,7.993932457455453,-1.5588360534797414
2896,3.862878755860305e-05,7.993930403343726,-1.558832346872216
2897,3.868502637900959e-05,7.993928501693741,-1.5588286551606163
2898,3.870238669796898e-05,7.993926482859496,-1.5588249327707424
2899,3.869583008265724e-05,7.993924523977665,-1.5588212136863475
2900,3.869885035419668e-05,7.993922481525663,-1.5588174897512592
2901,3.871153253582015e-05,7.9939214711546995,-1.5588156333517984
2902,3.872220419010278e-05,7.9939205459911875,-1.5588137796730572
2903,3.874317065102412e-05,7.993919548308564,-1.5588119313628679
2904,3.887722797498063e-05,7.993917522609919,-1.5588082677170545
2905,3.884127835664763e-05,7.993915565578506,-1.5588045339409209
2906,3.88029448358197e-05,7.993913466573006,-1.558800788510366
2907,3.8799864563100845e-05,7.993911554746769,-1.5587970610611876
2908,3.888911933998651e-05,7.9939095549851045,-1.5587933746442377
2909,3.9024550572877705e-05,7.9939065957265845,-1.5587878568308817
2910,3.887844701072434e-05,7.993904532725972,-1.5587840658949415
2911,3.875762849230465e-05,7.993902548064926,-1.5587802772441637
2912,3.892145342768116e-05,7.993900509249548,-1.5587766258936984
2913,3.9113658968657056e-05,7.993898639713939,-1.5587729982535685
2914,3.911673939405477e-05,7.993896606738601,-1.5587692745170791
2915,3.893306170005095e-05,7.99389469002765,-1.5587654696592728
2916,3.8935665833378334e-05,7.993892623046813,-1.5587617439871364
2917,3.9054909999411466e-05,7.993890687218901,-1.5587580726050492
2918,3.917114454011846e-05,7.99388865477979,-1.558754401691001
2919,3.9221404892437045e-05,7.993886756136267,-1.55875070881085
2920,3.9242999765994867e-05,7.993884686391743,-1.558746993759295
2921,3.923499055310408e-05,7.993882719187671,-1.5587432784150363
2922,3.927064024140425e-05,7.993880676309844,-1.5587395703316906
2923,3.92785175311988e-05,7.993878798848536,-1.5587358530121935
2924,3.9292861993339476e-05,7.993876738739694,-1.558732133601451
2925,3.930904122994757e-05,7.993874779338916,-1.5587284219824793
2926,3.935847760209288e-05,7.993872707376179,-1.558724720754152
2927,3.938339742680411e-05,7.99387081444762,-1.5587210153178315
2928,3.939003523338557e-05,7.993869825284238,-1.5587191501655444
2929,3.938968376275055e-05,7.9938677948940775,-1.5587154300210662
2930,3.938669902496477e-05,7.993865818156466,-1.5587117055847615
2931,3.9413207358673936e-05,7.9938638141880105,-1.5587079954150869
2932,3.952100621260488e-05,7.993861865118322,-1.558704323304228
2933,3.9595880482424014e-05,7.9938598377046235,-1.5587006316401648
2934,3.938723482629604e-05,7.9938578134920455,-1.558696813642981
2935,3.925949734456541e-05,7.993855792512469,-1.5586930237803727
2936,3.931864589293284e-05,7.9938548286594235,-1.5586911833211428
2937,3.9451804784353625e-05,7.993853840572155,-1.5586893746028951
2938,3.965763333524193e-05,7.9938518534154,-1.5586857477740481
2939,3.9691340681399944e-05,7.993849939437756,-1.558682049874478
2940,3.9656400634665066e-05,7.993847863183927,-1.5586783138817477
2941,3.9601801951841166e-05,7.99384592653763,-1.5586745667520479
2942,3.959786464693626e-05,7.993843881681177,-1.558670835563528
2943,3.971274624168817e-05,7.993841964193193,-1.5586671696869028
2944,3.983764448780828e-05,7.99383990032976,-1.5586635060602223
2945,3.981253593892941e-05,7.993836992922064,-1.55865791204779
2946,3.9633026969635494e-05,7.993834897050439,-1.5586540995665992
2947,3.958555237413458e-05,7.993832958395887,-1.5586503513884715
2948,3.989425020219467e-05,7.993829975796295,-1.5586449032963905
2949,4.002433232779083e-05,7.993828024172443,-1.5586412484988539
2950,3.998150511326601e-05,7.993825988028599,-1.5586375031526005
2951,3.976904843338512e-05,7.993824018915374,-1.5586336854296834
2952,3.973635994781577e-05,7.9938219463473805,-1.5586299374212855
2953,3.994611016030505e-05,7.99382006464811,-1.558626309680317
2954,4.015838844615495e-05,7.993818014672067,-1.5586226819671647
2955,4.0023834608447e-05,7.993816098378242,-1.5586189092143947
2956,3.9937766293634884e-05,7.9938140342155855,-1.558615143507492
2957,4.0031283404871934e-05,7.993812117345726,-1.5586114628272518
2958,4.0093627494449234e-05,7.993811081040512,-1.5586096291791651
2959,4.01788137834509e-05,7.99380910217511,-1.5586059512746455
2960,4.02084177239417e-05,7.993807147244284,-1.55860223939517
2961,4.016749957832813e-05,7.993805090824219,-1.5585985032650076
2962,4.0148493951320556e-05,7.993803158602646,-1.558594772444773
2963,4.022466244190881e-05,7.993801139622159,-1.558591083761599
2964,4.0348423784338887e-05,7.9937991941845326,-1.5585874202517163
2965,4.0375932396843584e-05,7.993797121224564,-1.558583716795376
2966,4.0346572086133785e-05,7.993795219078265,-1.558579990531686
2967,4.0315236719312415e-05,7.9937931690819735,-1.5585762445572848
2968,4.026825348145481e-05,7.993791252403166,-1.5585725098190568
2969,4.037690692629294e-05,7.993789169009813,-1.5585688298787734
2970,4.047320438886609e-05,7.993787253525781,-1.5585651597745283
2971,4.051961958051948e-05,7.993785197115485,-1.5585614561060575
2972,4.0489677236927967e-05,7.993784212747268,-1.5585595863143635
2973,4.042759496199549e-05,7.993782298401861,-1.5585558320592134
2974,4.0378003774891714e-05,7.993781262257785,-1.5585539465244687
2975,4.041848812542715e-05,7.993779233200591,-1.5585502391033907
2976,4.0494618467880725e-05,7.993777214768773,-1.558546552000401
2977,4.0581558620995324e-05,7.993775262128313,-1.5585428750409176
2978,4.064781719024146e-05,7.993773267153209,-1.5585391839437361
2979,4.066081979293659e-05,7.993771349603286,-1.5585354723608833
2980,4.057826364622996e-05,7.993769315287067,-1.558531707079313
2981,4.05441755463225e-05,7.9937673327709104,-1.5585279681855524
2982,4.058445904055381e-05,7.993765308397383,-1.558524258485101
2983,4.067383549089745e-05,7.9937633639634385,-1.5585205773541202
2984,4.072393838026326e-05,7.993761363450144,-1.558516876780473
2985,4.073110697238551e-05,7.993759398945561,-1.5585131584986724
2986,4.074808987648021e-05,7.99375741142995,-1.5585094421640795
2987,4.075639260104467e-05,7.993755369432571,-1.5585057275795886
2988,4.079460925661624e-05,7.993753363128642,-1.558502019513608
2989,4.081989323150913e-05,7.993751454635173,-1.558498309171416
2990,4.086103609005481e-05,7.993749452163771,-1.5584946021534598
2991,4.0898655073459385e-05,7.9937474348668704,-1.5584909019636723
2992,4.093765377214437e-05,7.99374539359112,-1.5584871984999067
2993,4.098934821190043e-05,7.9937434866260855,-1.5584835000142274
2994,4.0974921931018335e-05,7.993741468711882,-1.5584797718742505
2995,4.0949700372738345e-05,7.993739506461839,-1.5584760363831975
2996,4.095380016478084e-05,7.9937374841598645,-1.5584723101239595
2997,4.10355800708983e-05,7.993735506147318,-1.5584686278542739
2998,4.112172996118554e-05,7.993733506014455,-1.5584649483312052
2999,4.1165788695460425e-05,7.993731481657362,-1.5584612433986698
3000,4.1101601049306685e-05,7.993729545480377,-1.5584574976648018
3001,4.110983196639991e-05,7.99372756024098,-1.5584537820763364
3002,4.116744782882474e-05,7.993725571455704,-1.5584500832218458
3003,4.119533034259811e-05,7.99372354072635,-1.5584463740657488
3004,4.1183159456753684e-05,7.9937215780661175,-1.5584426433708505
3005,4.120170814694983e-05,7.993719588229809,-1.558438929390838
3006,4.1220135244912256e-05,7.993718645983753,-1.5584370826176506
3007,4.128848778087493e-05,7.993717625636759,-1.558435244546583
3008,4.132472842936798e-05,7.99371656350656,-1.5584334026561857
3009,4.134913576395306e-05,7.993715601764699,-1.5584315542312708
3010,4.132916984902187e-05,7.9937136263130775,-1.558427823984461
3011,4.129373150048917e-05,7.993711602857712,-1.5584240845773587
3012,4.133193748271953e-05,7.993709669983659,-1.5584203767908245
3013,4.144319836402964e-05,7.993707649940057,-1.5584167040171424
3014,4.1451840768535156e-05,7.993705709321599,-1.5584129924667007
3015,4.142337781924034e-05,7.993703644224956,-1.5584092537417547
3016,4.1361807386192373e-05,7.9937017228254925,-1.5584055026500085
3017,4.13977130511219e-05,7.993699658953892,-1.5584017902589187
3018,4.1442048420969315e-05,7.993697711491998,-1.558398088291764
3019,4.153956871104949e-05,7.9936947588577025,-1.558392548390964
3020,4.159922298032759e-05,7.9936927741854324,-1.558388855568786
3021,4.161471355430839e-05,7.993690727777355,-1.5583851321080022
3022,4.1582322142253204e-05,7.993688776583537,-1.5583814017428075
3023,4.162082262998826e-05,7.993686774749391,-1.5583777007329622
3024,4.172195430078648e-05,7.99368483827807,-1.5583740245752813
3025,4.170624931938671e-05,7.993682744109307,-1.5583702877822472
3026,4.163995551393531e-05,7.993680799886985,-1.5583665387125556
3027,4.164116542678823e-05,7.993678791381222,-1.558362810902964
3028,4.175879129414332e-05,7.993676846494987,-1.5583591410192115
3029,4.1870606775494505e-05,7.993674799678608,-1.5583554710152177
3030,4.187898419585694e-05,7.993672873404973,-1.5583517601859613
3031,4.184973995134151e-05,7.9936708222115005,-1.558348021431996
3032,4.1787176170392054e-05,7.993668914171029,-1.5583442705170576
3033,4.1822031229782046e-05,7.993666863083124,-1.5583405581720924
3034,4.191866032542862e-05,7.993664907958923,-1.5583368842681
3035,4.2022952655814605e-05,7.99366285694287,-1.55833321102372
3036,4.2041785675394406e-05,7.993660950213023,-1.5583295041432983
3037,4.202194321063879e-05,7.993658905226282,-1.5583257726111235
3038,4.1979061165007255e-05,7.9936569384970575,-1.558322031091559
3039,4.197760811171278e-05,7.993654910472628,-1.5583183052355205
3040,4.210421903170392e-05,7.993652981491184,-1.5583146436056525
3041,4.216659905364767e-05,7.993651981215629,-1.5583128059670113
3042,4.218642611489312e-05,7.99365094621935,-1.5583109615870914
3043,4.2193053518853785e-05,7.993649908139829,-1.5583091008353944
3044,4.216351976303549e-05,7.99364800591499,-1.558305373456377
3045,4.214659654559336e-05,7.993645970172464,-1.5583016400169116
3046,4.215625434810541e-05,7.993644053892643,-1.5582979207897918
3047,4.215506046995824e-05,7.993641971614425,-1.5582941908458134
3048,4.218033289997773e-05,7.9936400409639266,-1.5582904816887961
3049,4.226927996225641e-05,7.993637077871743,-1.5582849410015667
3050,4.2320911368628834e-05,7.993635048003399,-1.5582812366393413
3051,4.229300624195097e-05,7.99363304881605,-1.5582775056001106
3052,4.2283862910390307e-05,7.993631035365301,-1.5582737754708387
3053,4.231916877414546e-05,7.993629111201767,-1.5582700745008093
3054,4.246926235659711e-05,7.993627084822742,-1.5582664176465062
3055,4.2436274635620396e-05,7.993625081486675,-1.5582626801011203
3056,4.223542034102033e-05,7.993623005608405,-1.558258856582484
3057,4.231563783632609e-05,7.993621055749737,-1.5582551669920182
3058,4.262449120792872e-05,7.993618141222462,-1.5582497242614761
3059,4.2608564380866324e-05,7.993616147401521,-1.5582459947063354
3060,4.242563934459922e-05,7.993614154142564,-1.5582421919867022
3061,4.234775699502078e-05,7.993612126146377,-1.5582384265510558
3062,4.250089840956436e-05,7.993610211569014,-1.5582347668805996
3063,4.2717263265268456e-05,7.993607245910399,-1.5582292816868328
3064,4.257559936128517e-05,7.993605150781946,-1.558225495718762
3065,4.2506792821827235e-05,7.993603240394613,-1.5582217440501784
3066,4.2664243021393316e-05,7.9936011930811715,-1.5582180827795848
3067,4.280799327137838e-05,7.993599296128489,-1.5582144338800106
3068,4.275454601107255e-05,7.993597210437692,-1.5582106801999793
3069,4.260845158571057e-05,7.993595266633249,-1.5582068885785698
3070,4.2623868643900416e-05,7.993593219349628,-1.5582031635409854
3071,4.2917437261435206e-05,7.99359028927747,-1.5581977145071495
3072,4.293040318769284e-05,7.993588332969586,-1.5581940011288353
3073,4.280864895582083e-05,7.993586269810646,-1.5581902213964323
3074,4.280496593866258e-05,7.993584337187206,-1.5581864949312745
3075,4.295002081954675e-05,7.993582302079608,-1.5581828364581325
3076,4.308829505446324e-05,7.993580389275816,-1.5581791820734774
3077,4.3069090249713366e-05,7.993578358645561,-1.5581754497759746
3078,4.296461292214299e-05,7.993577335057363,-1.5581735413844875
3079,4.289486575971514e-05,7.993576357213591,-1.5581716429778638
3080,4.283990008193261e-05,7.993575408461456,-1.558169753332773
3081,4.292137007540801e-05,7.993573355141469,-1.5581660593609183
3082,4.312785917226825e-05,7.993571409512711,-1.5581624367403217
3083,4.32082376098223e-05,7.9935683888326245,-1.5581568942672874
3084,4.302558788405326e-05,7.993566422551156,-1.558153086595173
3085,4.305324458606432e-05,7.993564406602064,-1.5581493684742154
3086,4.315972334912711e-05,7.993562474770932,-1.5581456935923257
3087,4.325826558976573e-05,7.993560490696843,-1.5581420162327013
3088,4.325587217957229e-05,7.993558501554766,-1.5581382962690762
3089,4.328395298837168e-05,7.993556529475272,-1.5581345908928406
3090,4.328693607688278e-05,7.993554536120351,-1.5581308648285277
3091,4.3325546388938254e-05,7.993552549206798,-1.5581271627849318
3092,4.33449818462726e-05,7.993550575129711,-1.558123445844101
3093,4.3386860861837484e-05,7.993548573031383,-1.5581197450017394
3094,4.341239519372753e-05,7.993547602480241,-1.5581178902055646
3095,4.340689076315586e-05,7.993546584480069,-1.5581160296824206
3096,4.3394034509403925e-05,7.993544584299878,-1.5581123003029915
3097,4.3472693959091146e-05,7.993542619325898,-1.5581086149355923
3098,4.3542640712222966e-05,7.993540598404442,-1.5581049284119899
3099,4.354864431943027e-05,7.993538647522121,-1.558101208570833
3100,4.3553639029353706e-05,7.993536592708625,-1.5580974903268496
3101,4.35574096363103e-05,7.993535653827881,-1.5580956284855163
3102,4.351829467251835e-05,7.993533624298421,-1.5580918858303294
3103,4.355899248317415e-05,7.993531648692022,-1.5580881799860042
3104,4.3665946184790535e-05,7.993529614309452,-1.558084508757368
3105,4.376388644709327e-05,7.993527663517343,-1.5580808365511862
3106,4.359443621200172e-05,7.993525620083679,-1.5580770262818688
3107,4.340389998197136e-05,7.993523669361706,-1.558073212279346
3108,4.3585631550815154e-05,7.993521627977191,-1.5580695607158725
3109,4.3882200310112204e-05,7.9935197144725345,-1.5580659762665048
3110,4.380759897624766e-05,7.993517702514806,-1.5580622197678158
3111,4.367836553982273e-05,7.993515762306034,-1.5580584407453892
3112,4.368296364502295e-05,7.993514762983114,-1.5580565790056862
3113,4.371250315758557e-05,7.9935137138997305,-1.5580547283307051
3114,4.375124478944253e-05,7.993512694426807,-1.5580528824317585
3115,4.378329306406299e-05,7.993511760635302,-1.5580510388560647
3116,4.3871092783522924e-05,7.993509730264328,-1.558047352923148
3117,4.38900895232687e-05,7.993507854230376,-1.5580436412978906
3118,4.3915660363161196e-05,7.9935057763264075,-1.5580399316494187
3119,4.3995542616349186e-05,7.993503835092962,-1.5580362518820412
3120,4.404408505636076e-05,7.993501772692485,-1.5580325523017824
3121,4.4017646089560584e-05,7.993499829143749,-1.558028820718497
3122,4.398069433582914e-05,7.9934978192567225,-1.5580250793197625
3123,4.413775973014425e-05,7.993494895484224,-1.5580195635106475
3124,4.414964309980509e-05,7.9934928229020255,-1.5580158487641196
3125,4.41193740200899e-05,7.993489900202517,-1.55801025559273
3126,4.4129447313659275e-05,7.993487892967937,-1.5580065362973652
3127,4.4225922476511943e-05,7.99348489671969,-1.5580009948447788
3128,4.430199912267386e-05,7.993482966030336,-1.5579973088302732
3129,4.4288535234421156e-05,7.9934809360924435,-1.5579935814651686
3130,4.424770073145449e-05,7.993478989509664,-1.5579898429066275
3131,4.4338372135323846e-05,7.993476974480963,-1.5579861619367545
3132,4.44114967951601e-05,7.993474953162586,-1.5579824782911091
3133,4.438713395630953e-05,7.993471933569689,-1.5579768834053753
3134,4.4359520501333556e-05,7.993470038069317,-1.5579731499217249
3135,4.4399526814675806e-05,7.993467016967182,-1.5579675804248418
3136,4.450176963069115e-05,7.993465059394655,-1.557963905008065
3137,4.4548993094926675e-05,7.993462987146445,-1.5579602067212608
3138,4.449407295545149e-05,7.9934600324142195,-1.5579545967005612
3139,4.454577217518084e-05,7.993458095028139,-1.5579508932965485
3140,4.458155977455322e-05,7.993456050180477,-1.557947191157809
3141,4.461271768924921e-05,7.993454101090573,-1.557943486091966
3142,4.4609297624427435e-05,7.993452084077458,-1.5579397562449646
3143,4.462992673154903e-05,7.9934501329297305,-1.5579360456380844
3144,4.466644755468054e-05,7.993447090187237,-1.5579304733445136
3145,4.470946188775591e-05,7.993445176725966,-1.5579267716189191
3146,4.475565813929779e-05,7.993443125033971,-1.5579230688996666
3147,4.4766051883506936e-05,7.993441190596879,-1.5579193537271705
3148,4.4752713550955974e-05,7.9934381968542505,-1.5579137589415561
3149,4.483577863927004e-05,7.993436196131794,-1.5579100726384116
3150,4.49097162664334e-05,7.993434230020233,-1.5579063881127824
3151,4.492551016902281e-05,7.993432248341023,-1.5579026693771534
3152,4.492229870585591e-05,7.993431182846701,-1.5579008082844177
3153,4.4903091815305454e-05,7.993429244035966,-1.557897073403051
3154,4.485534536508629e-05,7.993427187906556,-1.5578933259801477
3155,4.490443719079336e-05,7.993425261424019,-1.5578896253241477
3156,4.497919602158608e-05,7.9934232297210706,-1.5578859333900983
3157,4.5053040553940445e-05,7.993420352387245,-1.5578803856419288
3158,4.509461515045757e-05,7.99341827611611,-1.5578766802456823
3159,4.507673855747279e-05,7.993416332637872,-1.5578729553771367
3160,4.510194793340765e-05,7.993413355791617,-1.557867382355315
3161,4.5155898366804596e-05,7.993411343579332,-1.557863678183359
3162,4.517239989097447e-05,7.993409386954434,-1.557859963903332
3163,4.517637716876772e-05,7.993407329517427,-1.5578562421270117
3164,4.521886185636468e-05,7.993405380233692,-1.5578525420870837
3165,4.5286572477216266e-05,7.993403355840169,-1.557848845992448
3166,4.5255799251041306e-05,7.9934014429939655,-1.55784511212477
3167,4.534882894470393e-05,7.993398381982065,-1.5578395629615243
3168,4.543930029009115e-05,7.993395381453449,-1.5578340284506602
3169,4.543740704862737e-05,7.993393462284897,-1.5578303102762123
3170,4.5419873309827374e-05,7.9933914233149075,-1.5578265767730526
3171,4.536638895620967e-05,7.9933884908146,-1.5578209617736456
3172,4.545228045672864e-05,7.993386429809607,-1.5578172718884358
3173,4.549913807704446e-05,7.993384518626409,-1.5578135772861679
3174,4.553777353703449e-05,7.993382473628354,-1.5578098705338475
3175,4.557589157069718e-05,7.9933795496392985,-1.5578043050105428
3176,4.56595586981518e-05,7.99337753065164,-1.5578006250163137
3177,4.565779151938238e-05,7.99337557844088,-1.5577969041003712
3178,4.5662639814057425e-05,7.993373499457312,-1.5577931839283323
3179,4.569203951648327e-05,7.993371581181795,-1.5577894704962973
3180,4.569485936727484e-05,7.993369553100803,-1.5577857497229732
3181,4.5734681288106963e-05,7.993367619656694,-1.557782040817115
3182,4.574460048103361e-05,7.993365576737103,-1.5577783248281554
3183,4.578722086552213e-05,7.993363626499268,-1.5577746240733898
3184,4.582777897351926e-05,7.993360659496772,-1.5577690606287748
3185,4.586238587487303e-05,7.993358605999447,-1.5577653523164685
3186,4.5852972297786995e-05,7.993355669022722,-1.557759763037743
3187,4.589702079246029e-05,7.9933536795817455,-1.5577560644127493
3188,4.597909085717162e-05,7.993351686502333,-1.5577523789135577
3189,4.602325896201349e-05,7.993349651330153,-1.5577486800043059
3190,4.598423081938174e-05,7.993347715271424,-1.5577449384026367
3191,4.59659528838575e-05,7.993345716781687,-1.5577412040190917
3192,4.606890565675231e-05,7.993343781821965,-1.5577375292296802
3193,4.610900250468213e-05,7.993340729878811,-1.557731967276382
3194,4.609614367001268e-05,7.993338742809327,-1.5577282375910892
3195,4.6111542890179344e-05,7.993336760233146,-1.557724523600799
3196,4.6126362202652906e-05,7.993334754412848,-1.5577208039900787
3197,4.619332256222652e-05,7.993331858158397,-1.55771525034516
3198,4.62121008582271e-05,7.9933297794593114,-1.5577115316198653
3199,4.618212906046e-05,7.993326801808643,-1.5577059297067
3200,4.628861548135505e-05,7.99332388707807,-1.557700394067325
3201,4.645195291877554e-05,7.99332082888961,-1.5576948924002614
3202,4.6447953049888815e-05,7.993318876507019,-1.5576911719724067
3203,4.638262633973484e-05,7.993315901240291,-1.5576855585918976
3204,4.642468115548774e-05,7.993312860574847,-1.557679982956937
3205,4.645809793028125e-05,7.993310946322404,-1.5576762816105403
3206,4.650955587492291e-05,7.993308920417526,-1.5576725778918388
3207,4.653784483535141e-05,7.993307002521297,-1.5576688716048115
3208,4.654820373059264e-05,7.993304924492869,-1.55766514625927
3209,4.652631171404629e-05,7.993302996030759,-1.5576614197340215
3210,4.6578670118733256e-05,7.9933009494202185,-1.557657719706123
3211,4.667707400839753e-05,7.9932990454007475,-1.5576540466322515
3212,4.670579384049875e-05,7.993296992216047,-1.5576503320220767
3213,4.670259054955032e-05,7.99329504096667,-1.557646616773871
3214,4.670069535088052e-05,7.99329301692491,-1.5576428896455021
3215,4.667140685299266e-05,7.993291069911852,-1.5576391508353866
3216,4.676496939777009e-05,7.99328903386366,-1.5576354706476796
3217,4.687361402445092e-05,7.993287051193292,-1.557631805971753
3218,4.690468709370678e-05,7.993285004396386,-1.557628089164176
3219,4.6655808144042164e-05,7.993283066232569,-1.5576242516571182
3220,4.6719220397995194e-05,7.993280036277603,-1.5576186837120636
3221,4.70200276209039e-05,7.99327813256451,-1.557615098825071
3222,4.705608388998398e-05,7.993276075092983,-1.557611395829106
3223,4.690646607434194e-05,7.9932741314120594,-1.5576076097105336
3224,4.6892629582568856e-05,7.993272103900045,-1.5576038749670127
3225,4.692069028548078e-05,7.993271154915779,-1.5576020291883483
3226,4.70000679079383e-05,7.993269098354733,-1.5575983380453082
3227,4.7079239427453627e-05,7.993267230867692,-1.5575946508382796
3228,4.706600501198822e-05,7.993265156332514,-1.5575909225254339
3229,4.7153747305760284e-05,7.993262236894954,-1.5575853834750717
3230,4.721791268215665e-05,7.993260220865337,-1.557581691223412
3231,4.7212512555639765e-05,7.993258249784593,-1.5575779712411848
3232,4.7240709539588076e-05,7.993255275989046,-1.5575723991141666
3233,4.72076854121175e-05,7.993253233569682,-1.5575686596814677
3234,4.724892712365391e-05,7.9932512840011904,-1.5575649556783218
3235,4.731098612294524e-05,7.9932492680484835,-1.5575612608996232
3236,4.733945924184089e-05,7.993247273921414,-1.557557545733308
3237,4.731728038119854e-05,7.993245284039269,-1.557553817439136
3238,4.7344770695414205e-05,7.993243357718308,-1.5575501081751737
3239,4.7379444637682435e-05,7.9932413409014,-1.557546399743311
3240,4.7436602945345e-05,7.993238382969955,-1.5575408437576466
3241,4.749144339991575e-05,7.993235358452558,-1.557535286696063
3242,4.752913904952639e-05,7.993233352563984,-1.5575315776825012
3243,4.749387726425753e-05,7.993230444158258,-1.557525975226199
3244,4.7505286805409134e-05,7.993227419399434,-1.557520389283014
3245,4.7650705892381825e-05,7.993224381092805,-1.5575148716351683
3246,4.7702009010738544e-05,7.9932224507913405,-1.5575111800020975
3247,4.76809085193407e-05,7.993220413232238,-1.557507444485043
3248,4.766589044771969e-05,7.993218507861737,-1.5575037215735528
3249,4.782596093697549e-05,7.993215460607721,-1.557498205597273
3250,4.78241124264591e-05,7.993213530389944,-1.5574944905039823
3251,4.7787895385845446e-05,7.993211471208013,-1.557490747242966
3252,4.7707486948979114e-05,7.99320853473064,-1.5574851242256469
3253,4.781491026755784e-05,7.993206471523039,-1.5574814424074526
3254,4.7909835724624986e-05,7.993204502420431,-1.557477766513576
3255,4.802616626051694e-05,7.993201586411171,-1.5574722462890656
3256,4.805173178136322e-05,7.993199558233332,-1.557468531751496
3257,4.783243901636743e-05,7.993197609423006,-1.5574647049838677
3258,4.772292643195349e-05,7.993195494480995,-1.5574609185392916
3259,4.7948623635006485e-05,7.9931935928843645,-1.5574572909143685
3260,4.820446009731685e-05,7.993191626621228,-1.5574536863163935
3261,4.815036092929064e-05,7.993189675044944,-1.5574499518219693
3262,4.8082436496108584e-05,7.993187613651482,-1.5574461971782332
3263,4.813270663231893e-05,7.993185697769967,-1.5574425030507193
3264,4.823295877593442e-05,7.993183621928628,-1.5574388265675916
3265,4.8290569001895656e-05,7.993181688485179,-1.5574351325716091
3266,4.822323365639498e-05,7.993178684796294,-1.5574295165406826
3267,4.819135895004817e-05,7.993176754421598,-1.557425778235043
3268,4.826595442304984e-05,7.99317467680807,-1.5574220872814155
3269,4.8336476634301654e-05,7.993172748369229,-1.5574184017214678
3270,4.841945630968259e-05,7.993170706699828,-1.5574147187094645
3271,4.842772671158794e-05,7.993167766587438,-1.5574091405737984
3272,4.8414285950368616e-05,7.993165765010132,-1.557405403593182
3273,4.8420565901970176e-05,7.993162787185062,-1.5573998262558535
3274,4.8471084586112966e-05,7.9931608264816925,-1.5573961290725034
3275,4.851162625621175e-05,7.9931588039246835,-1.5573924226640328
3276,4.85102695470127e-05,7.993156860298795,-1.5573886996160942
3277,4.853082255141651e-05,7.993154862488772,-1.5573849845281191
3278,4.854010774285622e-05,7.993152863382599,-1.5573812660485282
3279,4.857728383158169e-05,7.993150835530953,-1.5573775555718958
3280,4.8737911137668214e-05,7.993147952263127,-1.5573720480968518
3281,4.8693162913821474e-05,7.993145838672584,-1.557368308696792
3282,4.8658036410610564e-05,7.9931439092927326,-1.5573645695854716
3283,4.867383681812465e-05,7.9931418904307385,-1.5573608471089229
3284,4.877354828647964e-05,7.993140003668306,-1.55735716967546
3285,4.887563469004933e-05,7.9931379107849265,-1.557353489534132
3286,4.883620760474006e-05,7.993135958719222,-1.5573497587224032
3287,4.885905842942605e-05,7.993132990969811,-1.5573441859273023
3288,4.881777104069654e-05,7.9931300146606254,-1.5573385745500903
3289,4.8804984313162535e-05,7.99312801086925,-1.5573348384263743
3290,4.900290408043652e-05,7.993125005283694,-1.5573293481791959
3291,4.912900558272004e-05,7.993122971002203,-1.5573256875160446
3292,4.902807279572602e-05,7.993121063129599,-1.5573219150727589
3293,4.884113320917028e-05,7.9931190131912295,-1.5573180969573768
3294,4.893791943300066e-05,7.99311707284214,-1.557314425904345
3295,4.917315990649175e-05,7.993115068281819,-1.5573108055245413
3296,4.925258760413377e-05,7.9931131033510665,-1.5573071190395702
3297,4.9050465430153016e-05,7.993111091670004,-1.5573033047573515
3298,4.898470278674818e-05,7.993109089725468,-1.5572995458076528
3299,4.9033541116859176e-05,7.9931081250607345,-1.5572977056067938
3300,4.913565019598683e-05,7.993107130414104,-1.557295882092888
3301,4.9299339789240686e-05,7.99310514693057,-1.5572922408896375
3302,4.933393116086842e-05,7.993103180160394,-1.5572885363915407
3303,4.9324027644347624e-05,7.993101179915365,-1.5572848159629453
3304,4.929777305837921e-05,7.993100208792852,-1.5572829435570612
3305,4.926092255672599e-05,7.993098164853455,-1.5572791943289963
3306,4.932358205908854e-05,7.993096223318625,-1.5572755028495233
3307,4.9428440101541414e-05,7.993094153724247,-1.557271828565153
3308,4.949544376409936e-05,7.993092220326555,-1.5572681460102515
3309,4.948274101324023e-05,7.993090211237841,-1.557264416449129
3310,4.9437070045673615e-05,7.993088259048933,-1.557260672354684
3311,4.942852309715641e-05,7.9930862467040775,-1.5572569388627673
3312,4.950264048216897e-05,7.99308427864943,-1.557253251182315
3313,4.958488787624266e-05,7.99308228813567,-1.5572495677702494
3314,4.962780841264255e-05,7.993080273127203,-1.5572458602296222
3315,4.9614448266467514e-05,7.993078308530014,-1.5572421395259026
3316,4.963847936326783e-05,7.993076339645395,-1.5572384259340857
3317,4.964500933184467e-05,7.993074359024845,-1.5572347054370252
3318,4.965803728911286e-05,7.993072337937264,-1.5572309873462582
3319,4.96870352172266e-05,7.9930703475273965,-1.5572272767244466
3320,4.977175418562476e-05,7.99306741514175,-1.5572217289946382
3321,4.976437901113478e-05,7.99306443423174,-1.5572161429595686
3322,4.9769924732005776e-05,7.993062438701726,-1.5572124223992534
3323,4.979308827950371e-05,7.993060424151665,-1.5572087091649094
3324,4.989841952478555e-05,7.9930584652867385,-1.5572050352044604
3325,4.997238299478814e-05,7.993056428754935,-1.5572013466585857
3326,4.995482504879907e-05,7.993054493655861,-1.5571976214202654
3327,4.993011348878091e-05,7.993052451201398,-1.5571938835377097
3328,4.993152759577126e-05,7.993050544795206,-1.5571901611429597
3329,4.99637053329914e-05,7.993048464208671,-1.5571864509485294
3330,5.005035865118852e-05,7.993046528067553,-1.5571827710523678
3331,5.013131651930428e-05,7.993044463906166,-1.5571790847137927
3332,5.017004299016161e-05,7.993042563821941,-1.5571753820758867
3333,5.0167577131613336e-05,7.993040513337839,-1.5571716579660688
3334,5.0118291972157304e-05,7.9930385905614,-1.5571679144652597
3335,5.012279883154731e-05,7.993036546452422,-1.5571641901400262
3336,5.018753805305874e-05,7.993034583839511,-1.5571604985073646
3337,5.024899484453626e-05,7.9930315629285476,-1.5571549399085647
3338,5.024086464244981e-05,7.993029656282675,-1.5571512124318638
3339,5.031832282005424e-05,7.9930276048656355,-1.5571475253613971
3340,5.038652393059587e-05,7.993025687699647,-1.5571438356592369
3341,5.037928474212197e-05,7.99302361656006,-1.5571401140789847
3342,5.0390354939146234e-05,7.993021693956688,-1.5571364001276033
3343,5.0393904684528514e-05,7.993019663112787,-1.5571326744826735
3344,5.0421309219635456e-05,7.993017726257041,-1.5571289649578883
3345,5.043632079146903e-05,7.9930156811127295,-1.557125244857453
3346,5.047201422315363e-05,7.993013730376431,-1.55712154002772
3347,5.0534771707707374e-05,7.993011684276905,-1.557117843197416
3348,5.052763306774811e-05,7.993009782799398,-1.5571141182598054
3349,5.0535843587923233e-05,7.993007735525243,-1.557110396759282
3350,5.053672168155113e-05,7.9930057715493215,-1.5571066750369766
3351,5.057224503950617e-05,7.993003711716184,-1.5571029619640504
3352,5.0662447813730146e-05,7.993001828304455,-1.5570992840658708
3353,5.0747189789451374e-05,7.9929997996930835,-1.5570956008319228
3354,5.0696444013891854e-05,7.992997816977673,-1.557091858814753
3355,5.067697671705443e-05,7.9929957542388115,-1.5570881204585119
3356,5.077325643048794e-05,7.992992888724401,-1.557082576950943
3357,5.089691275981138e-05,7.992989859879122,-1.5570770503238287
3358,5.0844310167664843e-05,7.992986833307994,-1.5570714456496064
3359,5.0793961057579445e-05,7.992984916263239,-1.5570676961036385
3360,5.084549027854572e-05,7.992982855994493,-1.557063991556981
3361,5.0935338642883354e-05,7.9929799072808265,-1.557058447271091
3362,5.097826039800828e-05,7.992977945148064,-1.5570547447194416
3363,5.102318454546761e-05,7.992974941012424,-1.5570491801427753
3364,5.101655906666605e-05,7.992971979318502,-1.5570435916910221
3365,5.115262927579363e-05,7.992969014796391,-1.5570380770952985
3366,5.1192974979106815e-05,7.992965012789637,-1.5570306543332433
3367,5.119415810173161e-05,7.992963010773179,-1.5570269305114908
3368,5.1169306455554615e-05,7.992961045488753,-1.5570231933756118
3369,5.122725077776408e-05,7.992959077276824,-1.5570194954434675
3370,5.12840969364646e-05,7.992957053467188,-1.5570157999767325
3371,5.1311125662851846e-05,7.992955110852756,-1.5570120885906233
3372,5.130474458393708e-05,7.99295306932043,-1.5570083612319994
3373,5.133437334092389e-05,7.9929500749241535,-1.557002790612755
3374,5.1363078812771646e-05,7.992948150232683,-1.5569990815494936
3375,5.1422442527869895e-05,7.9929461134594915,-1.5569953835129422
3376,5.145605758644912e-05,7.992944185030896,-1.5569916784869196
3377,5.147160828297466e-05,7.992942131926899,-1.556987959319743
3378,5.145412596729926e-05,7.992940193332431,-1.5569842270380072
3379,5.1499382861756976e-05,7.992938156054073,-1.5569805221840858
3380,5.1592165851407284e-05,7.992936231234359,-1.5569768454101107
3381,5.1608987280488236e-05,7.992933155445635,-1.5569712651400966
3382,5.1625704684428805e-05,7.992931253896447,-1.5569675526429412
3383,5.163421141557895e-05,7.992929202226376,-1.5569638274095186
3384,5.166443262289844e-05,7.992927285541229,-1.5569601198835001
3385,5.1734971447801294e-05,7.992925230256904,-1.5569564248922827
3386,5.175687191602693e-05,7.992923294707398,-1.5569527203201183
3387,5.180181232023849e-05,7.992921272072144,-1.5569490161228163
3388,5.178601480785012e-05,7.992919352513425,-1.5569452878467809
3389,5.180786356923251e-05,7.992917272939205,-1.5569415672122748
3390,5.1799096411194434e-05,7.992915329669933,-1.5569378454127363
3391,5.184021305078489e-05,7.9929132965829695,-1.556934137193331
3392,5.193053662485793e-05,7.992911392263482,-1.5569304556770274
3393,5.2006203582150124e-05,7.992909339296331,-1.556926768409182
3394,5.199098434082364e-05,7.992907388564325,-1.556923043938285
3395,5.19681239150798e-05,7.992905331083557,-1.5569193068057292
3396,5.199917801305308e-05,7.992902410765709,-1.5569137292360233
3397,5.201862327092339e-05,7.99290045705012,-1.5569100236595523
3398,5.2127674769367054e-05,7.99289843484971,-1.5569063473366558
3399,5.2170828758262114e-05,7.992896397480234,-1.556902638741359
3400,5.2106187864720395e-05,7.99289444895275,-1.5568988908757324
3401,5.2100480605213984e-05,7.992892476006937,-1.55689516254983
3402,5.221432562374471e-05,7.992890523506826,-1.5568914909487002
3403,5.225485933242019e-05,7.992888488259835,-1.5568877814472926
3404,5.2075353528017684e-05,7.9928864358116885,-1.5568839732227453
3405,5.203675895909143e-05,7.992884439655959,-1.5568802242294575
3406,5.2288376648637536e-05,7.992882517043467,-1.556876609581239
3407,5.2432365131594565e-05,7.992880539167005,-1.5568729558607295
3408,5.238310392771667e-05,7.9928786049141465,-1.5568692163647253
3409,5.236017829532842e-05,7.992876582685561,-1.5568654846769836
3410,5.246006710508954e-05,7.992874625053657,-1.5568618114141417
3411,5.2537986515006155e-05,7.992872535075735,-1.5568581287209384
3412,5.2497968767943994e-05,7.9928706193340435,-1.5568543916576825
3413,5.246374927719966e-05,7.992869591560503,-1.5568525110021834
3414,5.2446972715334636e-05,7.9928685896173315,-1.5568506390710504
3415,5.248599551968455e-05,7.992867629175366,-1.5568487962706494
3416,5.252925937993219e-05,7.992866687826222,-1.5568469574173258
3417,5.259129341563432e-05,7.992864626829638,-1.556843261791268
3418,5.2604187509697575e-05,7.99286268007671,-1.5568395488739741
3419,5.261970196366223e-05,7.992861665923924,-1.556837693480053
3420,5.262926381836106e-05,7.9928596430290435,-1.556833965401057
3421,5.2595603452142775e-05,7.992857714592505,-1.5568302307843949
3422,5.275486299187138e-05,7.992854721865127,-1.5568247256771797
3423,5.279726046506028e-05,7.992852658772997,-1.556821013559394
3424,5.2606286709161855e-05,7.992850717587579,-1.5568172034770662
3425,5.254943356404687e-05,7.992848672164641,-1.556813444522304
3426,5.282840784055296e-05,7.992845799149708,-1.5568079824242351
3427,5.2919989549674846e-05,7.992843762487222,-1.5568042989460438
3428,5.2742803694420474e-05,7.992840742154796,-1.5567986367961375
3429,5.2936737677437184e-05,7.992837823526321,-1.5567931389351182
3430,5.3059870818730454e-05,7.9928357948012385,-1.5567894760401737
3431,5.2979109658204164e-05,7.9928328409664005,-1.5567838562784218
3432,5.289847731191785e-05,7.992831792135604,-1.5567819536042724
3433,5.287104776739606e-05,7.992828843022489,-1.5567763485274548
3434,5.318958524891472e-05,7.992825922062606,-1.5567709115532269
3435,5.3260858365487814e-05,7.992823885171181,-1.5567672260522052
3436,5.300405036363982e-05,7.99282093143132,-1.5567615206802425
3437,5.298186102157007e-05,7.992818838781822,-1.5567577772090317
3438,5.323377393875735e-05,7.992816944655481,-1.5567541630007715
3439,5.3360059231473835e-05,7.992814963826869,-1.5567504985211642
3440,5.320891940531214e-05,7.99281301195352,-1.556746715414467
3441,5.318817705702838e-05,7.992810981754318,-1.5567429774097055
3442,5.331887346419958e-05,7.992808990245046,-1.5567393166747627
3443,5.3444165960897916e-05,7.992806965370887,-1.5567356534198316
3444,5.349206184510242e-05,7.992805042520291,-1.5567319556557027
3445,5.34316526097046e-05,7.992802039510036,-1.5567263438458288
3446,5.340795781194418e-05,7.992800091062982,-1.5567226074305822
3447,5.343606779930911e-05,7.992798074234934,-1.5567188943059713
3448,5.355373696160464e-05,7.992796143505546,-1.5567152265737432
3449,5.360298980430373e-05,7.992794067008494,-1.5567115284138036
3450,5.360607732960032e-05,7.99279213868571,-1.5567078107992978
3451,5.361857767243512e-05,7.992791087934604,-1.5567059542831194
3452,5.362776636547764e-05,7.99278913581432,-1.5567022371862203
3453,5.360819273567437e-05,7.992787160008084,-1.556698498339216
3454,5.3696053795776104e-05,7.992785157294492,-1.5566948175441675
3455,5.3807988724289245e-05,7.992783167169507,-1.5566911467417561
3456,5.3833496507272394e-05,7.9927811233531685,-1.556687438986261
3457,5.374474485916104e-05,7.992779234542234,-1.5566836793229466
3458,5.380089629142498e-05,7.99277719114398,-1.5566799808246288
3459,5.3850998681634834e-05,7.992775262219197,-1.5566762874519906
3460,5.386918230769708e-05,7.992773183578266,-1.5566725690722956
3461,5.3893022039494315e-05,7.99277128862045,-1.5566688613342465
3462,5.39047688429707e-05,7.992769227721756,-1.5566651378751348
3463,5.394018949204226e-05,7.992766284623735,-1.5566595713622444
3464,5.3929918725116706e-05,7.992763351272705,-1.55665397841168
3465,5.404150168144432e-05,7.992761278726812,-1.5566503063007113
3466,5.413263784890804e-05,7.99275830252372,-1.5566447618534651
3467,5.395014883890869e-05,7.992756291744687,-1.5566409539091652
3468,5.389983051537167e-05,7.992754310431686,-1.5566372013988077
3469,5.4208721308385965e-05,7.992751415400364,-1.556631755696294
3470,5.428940594638249e-05,7.99274836385249,-1.5566262173385559
3471,5.4234053517573886e-05,7.992744356147373,-1.5566187480030094
3472,5.423544013538211e-05,7.992742455437357,-1.556615024626306
3473,5.444469046621123e-05,7.992738496429568,-1.5566076782089364
3474,5.435712795239168e-05,7.992736442868599,-1.5566039147479036
3475,5.4204598835562875e-05,7.992733491731108,-1.5565982541010472
3476,5.446918791785079e-05,7.992730471095573,-1.5565927805245994
3477,5.462142417132511e-05,7.992728544032399,-1.556589137109875
3478,5.4467094925462e-05,7.992725513787589,-1.556583484976588
3479,5.4310257022078825e-05,7.99272245943385,-1.5565778082193324
3480,5.4644502852676545e-05,7.9927196262418505,-1.5565723701859364
3481,5.475106651806164e-05,7.992717606834811,-1.55656870114751
3482,5.470116945394704e-05,7.992715637463168,-1.556564968158785
3483,5.458248847094205e-05,7.992712609522163,-1.5565593238634314
3484,5.463462998973547e-05,7.992710613486443,-1.556555617499539
3485,5.47960486912682e-05,7.992708636516971,-1.556551970250894
3486,5.486625432981964e-05,7.992707690024344,-1.5565501441719507
3487,5.4952485955147025e-05,7.9927056447806955,-1.5565464610925026
3488,5.481349522401662e-05,7.992703700071074,-1.5565426806027836
3489,5.4688827878198126e-05,7.992701666731498,-1.5565388931196993
3490,5.4799437158578856e-05,7.992699681516776,-1.5565352177751912
3491,5.500240223634858e-05,7.992697709542749,-1.5565315867553537
3492,5.50503803057196e-05,7.992695722024791,-1.556527887445553
3493,5.492567590967256e-05,7.992693734419937,-1.5565241085347263
3494,5.492266435372838e-05,7.992691754188528,-1.55652037990929
3495,5.500066242364473e-05,7.9926897605203395,-1.5565166902989536
3496,5.509022619444048e-05,7.992687826318405,-1.556513012348559
3497,5.51291705224979e-05,7.992684814549991,-1.5565074399073575
3498,5.5113720192308296e-05,7.992681851289724,-1.5565018486124846
3499,5.5253334526800223e-05,7.992678888751194,-1.5564963308945436
3500,5.533660843610262e-05,7.992675814584704,-1.5564907857135928
3501,5.527267666975742e-05,7.99267285513662,-1.5564851779636761
3502,5.5301728013823316e-05,7.992670931188335,-1.5564814637851367
3503,5.529495762783115e-05,7.992668912850454,-1.5564777419351374
3504,5.544244054402156e-05,7.992665972769656,-1.556472226895147
3505,5.548742418782055e-05,7.992662923063049,-1.5564666590363383
3506,5.5432840268920484e-05,7.992660993022791,-1.5564629134886512
3507,5.5429254997756384e-05,7.992658968472398,-1.5564591858945496
3508,5.551836214822386e-05,7.992655986011697,-1.5564536368993664
3509,5.558051969445825e-05,7.992654006445705,-1.55644994923968
3510,5.5669098868806234e-05,7.992651007995572,-1.5564444051247945
3511,5.566936170454203e-05,7.9926491021787145,-1.556440678384239
3512,5.564679045476859e-05,7.992647016014859,-1.5564369456737093
3513,5.566850018376272e-05,7.99264509691394,-1.5564332340245761
3514,5.5708368973010696e-05,7.992643090661871,-1.5564295246187887
3515,5.572934644744972e-05,7.992641159622212,-1.5564258108748523
3516,5.574520294825532e-05,7.9926390753290075,-1.5564220901130894
3517,5.578102471444177e-05,7.992637127170059,-1.5564183867688974
3518,5.584591345670633e-05,7.992635114596409,-1.556414695627351
3519,5.5879729247572e-05,7.992633201739887,-1.5564109862042856
3520,5.586176898365412e-05,7.9926311683477405,-1.5564072486903817
3521,5.584489598465442e-05,7.992629228197909,-1.5564035183457614
3522,5.593065645775174e-05,7.992627141110031,-1.5563998338925555
3523,5.597026780669313e-05,7.992625221484678,-1.556396133431827
3524,5.60159047462579e-05,7.992623182607765,-1.5563924280041124
3525,5.602989764313206e-05,7.992622260753611,-1.5563905726543799
3526,5.602981556037258e-05,7.992621312080443,-1.556388712895906
3527,5.60483217633689e-05,7.992620272199835,-1.5563868577477318
3528,5.609306881937921e-05,7.992618237558923,-1.5563831594994744
3529,5.612655095696489e-05,7.99261622978161,-1.5563794541361764
3530,5.618307203763447e-05,7.992614287811768,-1.5563757614423432
3531,5.620495721432088e-05,7.992612285347759,-1.556372041886414
3532,5.612735781263636e-05,7.992610348263918,-1.5563682836443453
3533,5.6194504961804654e-05,7.992608322805983,-1.5563645875574215
3534,5.6286543815627407e-05,7.992606350637771,-1.556360910825066
3535,5.634393664641473e-05,7.992604346100899,-1.556357214169921
3536,5.6354624565846526e-05,7.992602374842197,-1.5563534994713375
3537,5.632763714707856e-05,7.992600388960398,-1.5563497576837606
3538,5.6302720607966504e-05,7.992598377848918,-1.5563460235435576
3539,5.6412464897395396e-05,7.992595371829908,-1.5563404867748747
3540,5.645233890861152e-05,7.992593440022918,-1.556336785872776
3541,5.645726708351405e-05,7.9925914021727715,-1.556333059990596
3542,5.648133797529807e-05,7.992589472734541,-1.5563293523464352
3543,5.6505804111758037e-05,7.992587416280821,-1.5563256365510731
3544,5.654215694765198e-05,7.992585505024717,-1.5563219326093447
3545,5.65891369958358e-05,7.992582491356256,-1.5563163627643792
3546,5.662658224907957e-05,7.992579488629553,-1.5563107921658028
3547,5.670143937227997e-05,7.992576517984221,-1.5563052455316004
3548,5.671197155110625e-05,7.992573591093877,-1.5562996664140594
3549,5.673414882973401e-05,7.992571554504625,-1.5562959507346816
3550,5.674407923294426e-05,7.9925696002904525,-1.5562922330361613
3551,5.678594454004675e-05,7.992567549848246,-1.5562885232338894
3552,5.6884455226597154e-05,7.992565647299593,-1.5562848482489477
3553,5.6900766842893785e-05,7.992562609979568,-1.5562792728207815
3554,5.6877905376796007e-05,7.992560658428454,-1.5562755350694046
3555,5.697671631640976e-05,7.992557671100669,-1.556269998446445
3556,5.7050340124109085e-05,7.992555640136311,-1.5562663056345047
3557,5.704874017162431e-05,7.992553686606345,-1.5562625873703322
3558,5.7061018203406537e-05,7.99255167864351,-1.556258863792404
3559,5.7004280186484696e-05,7.99254876393592,-1.5562532510827922
3560,5.709409149168123e-05,7.992546679954827,-1.5562495664926839
3561,5.72561085949218e-05,7.99254369735424,-1.5562440642884432
3562,5.7294790201118736e-05,7.992542690966908,-1.55624221966105
3563,5.723526404040177e-05,7.992541758535192,-1.5562403248922927
3564,5.699177461276182e-05,7.992539720309113,-1.556236487026252
3565,5.708885883441535e-05,7.9925377729007,-1.5562328057661348
3566,5.740990314011427e-05,7.992535796543223,-1.5562292184196769
3567,5.736096383998065e-05,7.992533801210301,-1.556225478520864
3568,5.72116852664252e-05,7.9925317949525025,-1.5562216860408993
3569,5.726376682822863e-05,7.9925298269568525,-1.5562179833151446
3570,5.739445188071071e-05,7.992527855558902,-1.5562143200627339
3571,5.748144831017729e-05,7.992525856005868,-1.5562106333386554
3572,5.7486383422417295e-05,7.992522881721979,-1.556205062418022
3573,5.7463752822198225e-05,7.992520922691899,-1.5562013301666209
3574,5.7466189701087096e-05,7.992519933945155,-1.556199466813138
3575,5.757473663641903e-05,7.992517897646646,-1.556195789585016
3576,5.760187209679244e-05,7.992515970057679,-1.5561920901031647
3577,5.76103369650923e-05,7.9925138923339105,-1.5561883664827585
3578,5.762803532489667e-05,7.992511998452146,-1.5561846547544336
3579,5.764285780281952e-05,7.992509970551637,-1.5561809339022132
3580,5.7676754182194765e-05,7.992508039415735,-1.5561772284054323
3581,5.771243746204803e-05,7.992505928646938,-1.5561735192062944
3582,5.775079531440805e-05,7.992504002112593,-1.5561698174853782
3583,5.7817697218623865e-05,7.992501984982065,-1.5561661242619833
3584,5.7850274123632556e-05,7.992500099860297,-1.556162414193024
3585,5.782720336774021e-05,7.992498060942217,-1.5561586694366758
3586,5.783613632098387e-05,7.992496066743468,-1.556154959971535
3587,5.787878795292286e-05,7.992494010576785,-1.5561512546373686
3588,5.7908072652964294e-05,7.992492070149831,-1.5561475468766386
3589,5.7966379520291435e-05,7.992490052698599,-1.5561438452240537
3590,5.796543922332897e-05,7.992488189443673,-1.5561401212475
3591,5.7979000720145665e-05,7.992486124227399,-1.5561364021796682
3592,5.8091322116035e-05,7.9924841808716796,-1.5561327356274566
3593,5.818653640931494e-05,7.992482099716211,-1.5561290561698848
3594,5.79457528662842e-05,7.9924791365080665,-1.5561233502583132
3595,5.7932995958809565e-05,7.992477158928977,-1.5561196138884008
3596,5.82224283227286e-05,7.992474180686083,-1.5561141548758937
3597,5.8242657698760344e-05,7.992472277186607,-1.5561104454216386
3598,5.812638699266548e-05,7.992470196952649,-1.5561066635764225
3599,5.817224644484679e-05,7.992468277699539,-1.5561029620006672
3600,5.832407438944765e-05,7.992466216501473,-1.556099306025281
3601,5.842023305844542e-05,7.992464313845763,-1.5560956383679017
3602,5.8407931577089935e-05,7.992462293597051,-1.5560919102291986
3603,5.8384822962914424e-05,7.992461267232337,-1.5560900307023648
3604,5.8308214520052267e-05,7.992459345034643,-1.5560862755955256
3605,5.835603412699505e-05,7.9924572886544505,-1.5560825679691963
3606,5.846327563681612e-05,7.992455353775133,-1.5560788961074457
3607,5.8576506944694695e-05,7.992453326869712,-1.5560752285699
3608,5.861112737437281e-05,7.992451413638486,-1.5560715224041022
3609,5.851907972423101e-05,7.992449378572324,-1.5560677513018424
3610,5.845039171862292e-05,7.992447414222117,-1.5560640016691873
3611,5.858139869208837e-05,7.9924453860960805,-1.5560603284722037
3612,5.87265241464497e-05,7.992443424883338,-1.5560566807593006
3613,5.8673544875354145e-05,7.992440415890283,-1.55605106365201
3614,5.855059652458801e-05,7.992437458385939,-1.556045419971679
3615,5.87161248811056e-05,7.992435477613748,-1.5560417808516098
3616,5.883971174437403e-05,7.992432485477591,-1.5560362406542272
3617,5.88090142802999e-05,7.992430577342247,-1.5560325091098304
3618,5.881259664968129e-05,7.99242754141658,-1.5560269205429555
3619,5.884528313251242e-05,7.99242553046751,-1.5560232092636421
3620,5.901741566278219e-05,7.992422630947343,-1.5560176994445434
3621,5.902478455231184e-05,7.99242055792708,-1.5560139844727747
3622,5.9040805624522826e-05,7.992418639377869,-1.556010268142691
3623,5.9003254973825444e-05,7.992416580671513,-1.5560065270502672
3624,5.899592719349966e-05,7.992414670644875,-1.556002798137603
3625,5.910932552292012e-05,7.992412616344282,-1.5559991247830796
3626,5.9226657596282324e-05,7.992410673075327,-1.5559954591566867
3627,5.924661602576838e-05,7.992408646537204,-1.5559917493364048
3628,5.920285153709459e-05,7.992405724326597,-1.5559861503798318
3629,5.916460295194163e-05,7.992403682474765,-1.5559824015611123
3630,5.9247075571087884e-05,7.992401739222063,-1.5559787184291964
3631,5.93934430488448e-05,7.992398728294762,-1.5559732067472367
3632,5.9438798775568634e-05,7.992396735606175,-1.555969503511257
3633,5.937974112165499e-05,7.992394764357889,-1.555965758148757
3634,5.9373065595348417e-05,7.992392774384564,-1.555962027411206
3635,5.938221988691098e-05,7.99239082136597,-1.5559583067936003
3636,5.950135073458784e-05,7.992387764773578,-1.55595277423187
3637,5.95784323245198e-05,7.99238483680697,-1.5559472287516134
3638,5.9537146809922566e-05,7.992382817870225,-1.555943484354048
3639,5.9519882448236103e-05,7.992381898767628,-1.555941615285527
3640,5.961174257734379e-05,7.992379856581945,-1.5559379322223326
3641,5.9669941116803575e-05,7.992378869857821,-1.5559360996026879
3642,5.9706513998277765e-05,7.992376919506937,-1.5559323942017218
3643,5.9663606172164236e-05,7.992373935844202,-1.555926788749737
3644,5.9643674686591736e-05,7.992371926805601,-1.555923052426103
3645,5.975081507097924e-05,7.992369893286614,-1.55591937398151
3646,5.9808916191160665e-05,7.992367912219337,-1.5559156866265291
3647,5.989123594396076e-05,7.992365948654686,-1.5559120080842732
3648,5.99153517632797e-05,7.992363989866656,-1.5559082929229686
3649,5.981926631817133e-05,7.992361948989928,-1.5559045166961425
3650,5.9727244826955576e-05,7.99236002738032,-1.555900756639522
3651,5.985396526369587e-05,7.992357952848626,-1.5558970774215855
3652,5.99939800833216e-05,7.992356041969503,-1.5558934256642922
3653,6.009125115976093e-05,7.992354001122126,-1.5558897508182041
3654,6.004479385314282e-05,7.992352080454214,-1.555886001034831
3655,5.9873701902109854e-05,7.992350037703052,-1.5558821950873114
3656,5.9919347636444317e-05,7.992348041707515,-1.555878485474092
3657,6.010714791084823e-05,7.99234608311659,-1.5558748488517147
3658,6.02496763211517e-05,7.992344076756618,-1.5558711987572853
3659,6.014284388595662e-05,7.992341128849817,-1.555865568123912
3660,6.0027541785120205e-05,7.992338147079161,-1.555859924938128
3661,6.0269571492665706e-05,7.992335143775103,-1.555854443213334
3662,6.043030807252455e-05,7.992332149077779,-1.5558489348360833
3663,6.0294067802428666e-05,7.992330202374077,-1.5558451549304317
3664,6.021820598774231e-05,7.99232714975933,-1.5558395208025362
3665,6.0394737944129785e-05,7.992325240669443,-1.5558359039007075
3666,6.059738751777102e-05,7.992322248451334,-1.5558304087667985
3667,6.0488722078874274e-05,7.992320303541402,-1.5558266404361136
3668,6.0444821567464016e-05,7.992317251788232,-1.555821019016083
3669,6.052363984934663e-05,7.992315281969481,-1.5558173290444646
3670,6.061706375199808e-05,7.992313283576023,-1.5558136500694675
3671,6.071017782485099e-05,7.992310323703629,-1.5558081020192727
3672,6.068421954913132e-05,7.9923084061939775,-1.5558043713564618
3673,6.061240806000013e-05,7.992305355300153,-1.5557987498420163
3674,6.072059628381936e-05,7.992302351885684,-1.5557932018774367
3675,6.078562539833505e-05,7.992300448343562,-1.555789514726878
3676,6.083605513293492e-05,7.992298415297755,-1.555785812624268
3677,6.083901369768452e-05,7.99229744604296,-1.5557839524616124
3678,6.0835750431568295e-05,7.992296501632289,-1.5557820855931512
3679,6.0818654218561316e-05,7.992294431353609,-1.5557783531375204
3680,6.084838999194472e-05,7.992292506295639,-1.5557746451537275
3681,6.087241117185963e-05,7.992291487345422,-1.5557727977175149
3682,6.101378733494208e-05,7.992289477108632,-1.555769137776302
3683,6.106604748555165e-05,7.992287543705213,-1.5557654420194982
3684,6.102775923897981e-05,7.992285481742496,-1.5557617012217295
3685,6.0977663451322576e-05,7.992283577948016,-1.555757954054267
3686,6.098217943350308e-05,7.992281493776048,-1.5557542240961182
3687,6.108361949713236e-05,7.992279569614796,-1.5557505473470103
3688,6.115803336365274e-05,7.992277504930682,-1.5557468600531812
3689,6.123811756181635e-05,7.992275623427075,-1.555743175586927
3690,6.124509029386234e-05,7.992273582453667,-1.555739459631888
3691,6.122873688488708e-05,7.99227163871664,-1.5557357236694382
3692,6.117501242754734e-05,7.992269616264223,-1.555731980706508
3693,6.125796639697349e-05,7.992267625707904,-1.5557282928899607
3694,6.135272834003438e-05,7.992264633173053,-1.5557227503485058
3695,6.136411942286522e-05,7.992262733983843,-1.5557190317749894
3696,6.135818559840103e-05,7.992260673039577,-1.5557153044527485
3697,6.141865134163083e-05,7.992258742661094,-1.5557116089617542
3698,6.151749086645306e-05,7.992256715893696,-1.5557079323352134
3699,6.14795713026977e-05,7.992254764439824,-1.5557041942789607
3700,6.144048275956853e-05,7.992252681770488,-1.5557004472386007
3701,6.144009915435372e-05,7.992250758205524,-1.5556967174941838
3702,6.155950781781468e-05,7.992248760929164,-1.5556930453084323
3703,6.165736230222824e-05,7.99224682276724,-1.555689372339356
3704,6.165543095331103e-05,7.992244761180998,-1.5556856433304223
3705,6.154435982170342e-05,7.992242820526144,-1.555681867015971
3706,6.151502598471821e-05,7.992240764474991,-1.5556781219895917
3707,6.173236323686642e-05,7.992237880916457,-1.5556726355486254
3708,6.183640583099237e-05,7.992235854705555,-1.5556689553050198
3709,6.177798187274541e-05,7.992232875010763,-1.555663350747356
3710,6.186304689250445e-05,7.992230930386465,-1.5556596713006106
3711,6.195066783164932e-05,7.992228910527662,-1.5556559920132187
3712,6.195926486677191e-05,7.992226889055125,-1.5556522762580267
3713,6.194550465528562e-05,7.992225951889065,-1.5556504110020581
3714,6.194667606458967e-05,7.992224926260211,-1.5556485478944195
3715,6.194035977130321e-05,7.992222969185168,-1.5556448196916035
3716,6.195611541171466e-05,7.992220999415198,-1.555641104336655
3717,6.207840931517804e-05,7.992218966987825,-1.5556374357830558
3718,6.214138515080453e-05,7.992215984230619,-1.555631882430824
3719,6.208815159408862e-05,7.992214020345883,-1.5556281390139723
3720,6.218123388460115e-05,7.9922110189524185,-1.5556225926041056
3721,6.223935619800992e-05,7.992209085799275,-1.5556188937907798
3722,6.20602531815735e-05,7.9922069669713265,-1.5556150849254844
3723,6.204415110823934e-05,7.992205016118674,-1.5556113497280462
3724,6.23424840246142e-05,7.992203005689754,-1.5556077587850827
3725,6.248716822975086e-05,7.992201138653292,-1.5556041046864106
3726,6.222603751358761e-05,7.992198144512555,-1.555598401945851
3727,6.232310082642416e-05,7.99219616247775,-1.5555947244240165
3728,6.250639577200958e-05,7.992193089789671,-1.5555892291883635
3729,6.248049342272801e-05,7.99219117012376,-1.5555854953857382
3730,6.2413421946342e-05,7.992188200125972,-1.5555798754667154
3731,6.250839233255215e-05,7.9921862173060445,-1.5555761906351715
3732,6.261755203464417e-05,7.992183264010254,-1.5555706571576362
3733,6.262919059686647e-05,7.992180257632898,-1.5555650795809284
3734,6.25965986139132e-05,7.992178315936471,-1.5555613410425682
3735,6.270616177724001e-05,7.992175296533949,-1.5555558087773331
3736,6.281954884028539e-05,7.992173241865459,-1.5555521407819988
3737,6.280925527441287e-05,7.992171328768048,-1.5555484081849753
3738,6.251246169021477e-05,7.992168275612278,-1.5555426757440058
3739,6.271748943493551e-05,7.992166318811804,-1.5555390374485238
3740,6.304375069512209e-05,7.992163405099186,-1.55553360733946
3741,6.290492213969038e-05,7.992161330755147,-1.5555298283182588
3742,6.285646975482118e-05,7.992158438828179,-1.5555242160434526
3743,6.29358626973867e-05,7.992156392760127,-1.5555205270529742
3744,6.301989865964353e-05,7.99215442679608,-1.5555168417943068
3745,6.304065459445127e-05,7.992152480165099,-1.555513129082761
3746,6.30843528139434e-05,7.992149467988872,-1.555507564361665
3747,6.31823197485553e-05,7.9921475536430995,-1.5555038910615588
3748,6.320817894122506e-05,7.992144479539912,-1.5554983188018021
3749,6.322624207719883e-05,7.992142510432733,-1.555494605710787
3750,6.324175910375881e-05,7.99214054673085,-1.5554908893434058
3751,6.327701456241005e-05,7.992138571147251,-1.5554871740853926
3752,6.325127817428768e-05,7.992136534721722,-1.5554834403780864
3753,6.324480680591698e-05,7.992134578801994,-1.5554797107757325
3754,6.333043345221128e-05,7.992132580324107,-1.5554760244012642
3755,6.341403648776549e-05,7.992130649658851,-1.5554723415065088
3756,6.342411904246632e-05,7.9921285948100325,-1.555468617295259
3757,6.335989113295076e-05,7.992126649756644,-1.5554648671931848
3758,6.341497601808158e-05,7.9921246184579235,-1.5554611635534492
3759,6.358678887197478e-05,7.992121606844763,-1.5554556611957049
3760,6.365737791130627e-05,7.9921196872867055,-1.5554519727647782
3761,6.358218461284587e-05,7.9921166811337,-1.5554463550464432
3762,6.35217110087265e-05,7.992114764427769,-1.5554426064383857
3763,6.36575410550846e-05,7.992111689397471,-1.5554370763591643
3764,6.374795071086204e-05,7.992109698000259,-1.555433396552615
3765,6.383910264239358e-05,7.992107800545994,-1.5554297138095061
3766,6.359784368006999e-05,7.992104752110934,-1.5554240126912282
3767,6.369765431257708e-05,7.992102834532947,-1.5554203281017396
3768,6.392476335685648e-05,7.992099858550174,-1.5554148458492745
3769,6.391815936077632e-05,7.992097827415291,-1.5554111247416504
3770,6.391137556316023e-05,7.992095889595253,-1.5554073966881974
3771,6.391308741221952e-05,7.99209284269438,-1.555401807484303
3772,6.395175795044191e-05,7.992090924523849,-1.555398107286318
3773,6.413129508653321e-05,7.992087964278348,-1.5553925984401809
3774,6.400762710307765e-05,7.992085882110645,-1.5553888234154705
3775,6.392602766943784e-05,7.992082914879664,-1.5553831849923916
3776,6.414647091332937e-05,7.992079986921671,-1.5553776952421539
3777,6.42915537952668e-05,7.99207797270884,-1.555374040825336
3778,6.429388142545338e-05,7.992076019042588,-1.5553703278039948
3779,6.428318249776531e-05,7.992073989131914,-1.5553665995066444
3780,6.424711060221598e-05,7.992072039216767,-1.5553628587858714
3781,6.430657084543768e-05,7.992069036069127,-1.5553572929650323
3782,6.442656535783509e-05,7.992067105376182,-1.5553536247642947
3783,6.44537256266641e-05,7.992065032361647,-1.555349916693425
3784,6.443055493874209e-05,7.992063130222076,-1.5553461896801837
3785,6.441922184444298e-05,7.992061099500003,-1.5553424554547222
3786,6.443644879197617e-05,7.992059183245369,-1.5553387379505934
3787,6.449184563550538e-05,7.992058155227294,-1.5553369017005472
3788,6.45573947777755e-05,7.992057123824841,-1.5553350673642883
3789,6.459492718029439e-05,7.992056131602399,-1.555333229211855
3790,6.46270309838467e-05,7.99205518138589,-1.5553313828897084
3791,6.461979439916601e-05,7.992053156205677,-1.5553276574877328
3792,6.458419664728437e-05,7.9920512143408,-1.555323920488165
3793,6.459847553135452e-05,7.992049218612042,-1.5553201956426959
3794,6.46116267517543e-05,7.992047234315316,-1.555316484454179
3795,6.47126546555033e-05,7.992045227090368,-1.5553128029059216
3796,6.479999662245852e-05,7.992042268035268,-1.5553072643120305
3797,6.482210371084018e-05,7.992039270420976,-1.5553016881872748
3798,6.48217382224517e-05,7.992037327888692,-1.555297960783343
3799,6.48725062945633e-05,7.992034359069049,-1.5552923942040273
3800,6.488620967307697e-05,7.992032278364119,-1.5552886761873175
3801,6.49705524426229e-05,7.992029335355816,-1.5552831275645482
3802,6.499098864206356e-05,7.992027376301755,-1.555279417770119
3803,6.502022777921072e-05,7.992025379916999,-1.5552757074724635
3804,6.501751387497066e-05,7.992022432351069,-1.5552701200263908
3805,6.510554229434564e-05,7.992020383873926,-1.5552664356690502
3806,6.518883991922303e-05,7.9920174633631635,-1.5552608921537987
3807,6.519054918647904e-05,7.992015390939613,-1.555257170206519
3808,6.521768600521948e-05,7.992013463428555,-1.5552534611583442
3809,6.52358909988995e-05,7.992011464852877,-1.5552497409800639
3810,6.524037916400275e-05,7.992009524405787,-1.5552460214685002
3811,6.523206872602623e-05,7.992007454622133,-1.5552422861630508
3812,6.523628706505766e-05,7.992005537966734,-1.555238569795557
3813,6.535387809587781e-05,7.992003483319617,-1.555234894001236
3814,6.543632637174463e-05,7.992000569113658,-1.5552293499666636
3815,6.544125658459489e-05,7.991998577854796,-1.5552256301989682
3816,6.543452234723095e-05,7.991996624297884,-1.5552219000635972
3817,6.548317020733268e-05,7.991993648997916,-1.555216336542826
3818,6.555640107739498e-05,7.991991593773033,-1.555212640927452
3819,6.558370132075342e-05,7.991989673329746,-1.5552089379400444
3820,6.560433043589293e-05,7.99198665723096,-1.5552033596252108
3821,6.560407561835526e-05,7.991984677219795,-1.5551996376184654
3822,6.580008683186722e-05,7.991981714349788,-1.5551941419823
3823,6.582510206906974e-05,7.991979650438057,-1.555190434901889
3824,6.57387062215688e-05,7.9919767567248154,-1.5551848097734693
3825,6.576650480502861e-05,7.9919747205224185,-1.5551810958579437
3826,6.581673995253073e-05,7.991972772509493,-1.5551773948327714
3827,6.593300627953334e-05,7.991970743224766,-1.5551737244629935
3828,6.593787524110008e-05,7.991969799289854,-1.5551718737350748
3829,6.596839396705917e-05,7.99196774667198,-1.5551681628048584
3830,6.595558614555825e-05,7.991965806640522,-1.5551644351883602
3831,6.596870297283519e-05,7.991963768414116,-1.5551607117661774
3832,6.601783956861273e-05,7.991961881726298,-1.5551570094548226
3833,6.603594090042966e-05,7.991959837877071,-1.5551532942390778
3834,6.606447306941678e-05,7.991957859765426,-1.555149587320423
3835,6.613217595572988e-05,7.991954844163469,-1.5551440314322267
3836,6.620159424189754e-05,7.991952881376687,-1.5551403332151854
3837,6.617500188920747e-05,7.9919509370072195,-1.5551366009918184
3838,6.627253143481719e-05,7.99194790614104,-1.5551310531166924
3839,6.632629217570416e-05,7.991945988398898,-1.5551273592075034
3840,6.632157157304781e-05,7.9919439129221805,-1.5551236365324583
3841,6.635569683989018e-05,7.991940977120591,-1.5551180620942782
3842,6.63554247884601e-05,7.991938994583071,-1.5551143397975573
3843,6.639050201217702e-05,7.991936000125319,-1.5551087662666756
3844,6.642917935582556e-05,7.991934065129787,-1.555105061306495
3845,6.64958566626446e-05,7.991932030083823,-1.5551013665688849
3846,6.654319540487638e-05,7.991929062771542,-1.5550958024028687
3847,6.65711509601091e-05,7.991927073679691,-1.5550920860272464
3848,6.656548804979457e-05,7.991924076601495,-1.555086500745657
3849,6.66738806622573e-05,7.9919221644559295,-1.5550828329497597
3850,6.671871097098661e-05,7.991919090464245,-1.555077267576668
3851,6.675242511523039e-05,7.991916114169029,-1.5550716994746792
3852,6.677929075360234e-05,7.991913223137568,-1.555066124149718
3853,6.67635430505853e-05,7.991910214086108,-1.5550605289015917
3854,6.676938797133038e-05,7.991908189151462,-1.555056805679968
3855,6.688332429374566e-05,7.991906237670482,-1.55505313370203
3856,6.69658895649722e-05,7.991904233504281,-1.5550494442015181
3857,6.69743593551545e-05,7.99190132269718,-1.5550438690044417
3858,6.697138376319012e-05,7.991899276028355,-1.5550401404859029
3859,6.699462839200185e-05,7.991897344325639,-1.5550364277538513
3860,6.709372454736715e-05,7.991894338015406,-1.5550308829284014
3861,6.715207302122798e-05,7.991891329222196,-1.5550253290870173
3862,6.713978372528433e-05,7.991888375585449,-1.5550197341856271
3863,6.714884097389152e-05,7.991887362479188,-1.5550178750884671
3864,6.720956470629641e-05,7.991886390999186,-1.5550160435497422
3865,6.733850604530327e-05,7.991884396186093,-1.555012379591976
3866,6.737629056172022e-05,7.9918823421822385,-1.555008677725256
3867,6.729660566678821e-05,7.99188044338301,-1.5550049229583132
3868,6.728530186318e-05,7.991878435104948,-1.5550011901799874
3869,6.732418608738166e-05,7.991876482853105,-1.5549974831729154
3870,6.739429367975053e-05,7.991874457741043,-1.554993792286997
3871,6.743862705950708e-05,7.991872484903182,-1.5549900901121727
3872,6.749822050849463e-05,7.991870484471342,-1.554986397503389
3873,6.753072256836517e-05,7.991868541546353,-1.5549826867078884
3874,6.752777577132002e-05,7.991866540581073,-1.5549789606107116
3875,6.75053052176033e-05,7.99186458762235,-1.554975221374354
3876,6.753435373764121e-05,7.991862553629565,-1.5549715096412566
3877,6.768909146513456e-05,7.991859563473786,-1.554965998740252
3878,6.774527479156295e-05,7.991857585832456,-1.554962299282924
3879,6.769118938484805e-05,7.991854592046806,-1.5549566909890238
3880,6.769587791145384e-05,7.991852693160687,-1.554952971253777
3881,6.780589690057522e-05,7.991849625818161,-1.5549474275027177
3882,6.791019038957382e-05,7.991846617362025,-1.5549418987293255
3883,6.795465026762223e-05,7.991844717555999,-1.5549381969407159
3884,6.792258767266095e-05,7.991841667025303,-1.5549325903926074
3885,6.787299880539025e-05,7.99183974112726,-1.5549288469524725
3886,6.797390424397338e-05,7.991836745882639,-1.5549233063230503
3887,6.804550420331266e-05,7.991834739395926,-1.554919613749095
3888,6.805664421321527e-05,7.991832801473491,-1.5549158972194137
3889,6.805641625750283e-05,7.991830742720437,-1.5549121694114938
3890,6.80910425654602e-05,7.991828850817474,-1.5549084692844124
3891,6.821688156747628e-05,7.991826817527516,-1.55490479874096
3892,6.8148622543289e-05,7.991824851644588,-1.5549010396937655
3893,6.797426719564733e-05,7.991822745330011,-1.5548972229393776
3894,6.806872542663364e-05,7.9918208254858385,-1.5548935394105865
3895,6.842021874487887e-05,7.991817873334198,-1.5548881114280495
3896,6.842652579351978e-05,7.991815920241537,-1.5548843943402642
3897,6.817155292631515e-05,7.9918138637248015,-1.5548805487667594
3898,6.815404953289314e-05,7.991811895219303,-1.5548768086067624
3899,6.848196106816203e-05,7.991809961580669,-1.5548732360292583
3900,6.858973604259739e-05,7.991807964878976,-1.5548695647199176
3901,6.844560199071288e-05,7.991806004395024,-1.5548657846445577
3902,6.843950064074124e-05,7.991803961015462,-1.5548620555668944
3903,6.847082466006524e-05,7.991803004479093,-1.5548602119764456
3904,6.855668862887255e-05,7.991800933466978,-1.55485652433518
3905,6.859998055767373e-05,7.99179999629272,-1.554854686400666
3906,6.86647162618747e-05,7.991798046259274,-1.554850993462458
3907,6.868617519086523e-05,7.9917960855448245,-1.5548472805861708
3908,6.860633506106989e-05,7.991794097883672,-1.554843515011945
3909,6.858450971065836e-05,7.991792071833191,-1.5548397776431444
3910,6.87388447159452e-05,7.991789071820661,-1.5548342557230173
3911,6.886668821558897e-05,7.991787160700184,-1.5548305939008982
3912,6.890708407386072e-05,7.991785138120744,-1.5548268964242495
3913,6.891553879154571e-05,7.991783143642529,-1.5548231737001221
3914,6.887865319517453e-05,7.991781153845039,-1.5548194397226371
3915,6.889704139368918e-05,7.991779228130839,-1.5548157258165773
3916,6.892745365302283e-05,7.991777212185452,-1.5548120137835875
3917,6.89750203810153e-05,7.991775243238697,-1.5548083172324196
3918,6.909335323356204e-05,7.9917732502329555,-1.5548046468159649
3919,6.914374214871111e-05,7.991771196897462,-1.5548009415626807
3920,6.908454302214113e-05,7.991769274907252,-1.554797198125286
3921,6.908469400200912e-05,7.991767286211455,-1.5547934725840031
3922,6.909651726932926e-05,7.9917653402879605,-1.5547897515523035
3923,6.917909029335406e-05,7.9917632768534315,-1.5547860628447525
3924,6.925557214701827e-05,7.991761353022532,-1.5547823792853295
3925,6.930428777280241e-05,7.991759286803552,-1.5547786792770248
3926,6.92670643202472e-05,7.9917573859133855,-1.5547749400991673
3927,6.928062107901767e-05,7.9917553551939875,-1.5547712192174679
3928,6.932812519329502e-05,7.991753421260326,-1.5547675185295393
3929,6.93957069688193e-05,7.991751374924752,-1.5547638237533397
3930,6.93953544272569e-05,7.991749465235453,-1.554760099253093
3931,6.942886401676548e-05,7.991747404254677,-1.5547563901248764
3932,6.951492514632343e-05,7.991745479463451,-1.5547527113584765
3933,6.953428204706289e-05,7.991743430300827,-1.5547489913115862
3934,6.947660444146922e-05,7.991741461052064,-1.5547452436388554
3935,6.950349049426725e-05,7.9917394721674695,-1.5547415276265166
3936,6.962510347469618e-05,7.991737510028906,-1.5547378619239642
3937,6.970188675077283e-05,7.9917355170407545,-1.5547341752544221
3938,6.968605146983836e-05,7.991733522402231,-1.5547304464829421
3939,6.964808884290689e-05,7.99173159382506,-1.5547267014628317
3940,6.965717004196494e-05,7.991729549692353,-1.5547229791118686
3941,6.967316077656239e-05,7.9917286007051205,-1.5547211314197815
3942,6.97934068239974e-05,7.991726546008031,-1.5547174577283693
3943,6.987343440517591e-05,7.991724621498207,-1.5547137728198694
3944,6.988601703999287e-05,7.99172363742469,-1.5547119191933123
3945,6.987950580778936e-05,7.99172258657662,-1.5547100561160296
3946,6.989490941441112e-05,7.991720645181856,-1.554706338552145
3947,6.985819084893345e-05,7.991718634607723,-1.5547025969514037
3948,6.986567300602802e-05,7.9917166729801234,-1.554698879168942
3949,6.999415901380201e-05,7.991714655261315,-1.5546952101447211
3950,7.010327135181031e-05,7.991712680475483,-1.5546915411609075
3951,7.011548985805137e-05,7.991710707076314,-1.5546878276389118
3952,7.008712623146417e-05,7.991708705759413,-1.5546840908470074
3953,7.002412178016781e-05,7.9917067704694205,-1.5546803360027392
3954,7.005948413403196e-05,7.991704718954981,-1.554676622408697
3955,7.015800588376825e-05,7.991702774860791,-1.5546729462710505
3956,7.025070927801963e-05,7.991700742294049,-1.5546692660999313
3957,7.024858211273693e-05,7.991698829717134,-1.554665546502269
3958,7.023759982624592e-05,7.9916967803249275,-1.5546618158665693
3959,7.022429322456241e-05,7.991694854568695,-1.5546580857942491
3960,7.02732302549085e-05,7.991692797408158,-1.5546543818992329
3961,7.037175728931671e-05,7.991690883495119,-1.5546507064462571
3962,7.04206812465038e-05,7.99168882814366,-1.5546470041168807
3963,7.042516285513508e-05,7.991686887175617,-1.554643285383106
3964,7.046244481500153e-05,7.991684850027023,-1.5546395754298283
3965,7.044806954776876e-05,7.9916829680577735,-1.5546358448832598
3966,7.045405259596697e-05,7.991680885311874,-1.5546321206618239
3967,7.05233925072541e-05,7.991678940065879,-1.5546284301839104
3968,7.059397698892153e-05,7.991676874501379,-1.5546247353051723
3969,7.066638626372522e-05,7.991675005908709,-1.554621043859298
3970,7.061782038111581e-05,7.991672953274643,-1.554617297924888
3971,7.062019394840653e-05,7.991671048685269,-1.554613574914012
3972,7.072078163741472e-05,7.991668972120363,-1.554609894123223
3973,7.078293158327223e-05,7.991667055031179,-1.5546062068795767
3974,7.081044931249772e-05,7.99166498733118,-1.5546024924343576
3975,7.082286423593837e-05,7.991664043898175,-1.5546006407793134
3976,7.082997189793053e-05,7.991662092665525,-1.5545969179876782
3977,7.081283957595439e-05,7.991661042037301,-1.5545950463140854
3978,7.08108093921577e-05,7.991660084099345,-1.5545931824215293
3979,7.085602097499869e-05,7.991659110766299,-1.5545913436885337
3980,7.092595986575807e-05,7.991657074919643,-1.5545876511409054
3981,7.095970975934054e-05,7.991655104684077,-1.5545839390558986
3982,7.094401555043327e-05,7.991653092181244,-1.55458021170264
3983,7.096115123083393e-05,7.9916520976695935,-1.5545783563689337
3984,7.103954057227021e-05,7.991650207913558,-1.5545746704124144
3985,7.107867777658049e-05,7.991648163361878,-1.5545709651901276
3986,7.104684552127833e-05,7.991646233997367,-1.5545672258477647
3987,7.103752848280875e-05,7.9916441678011125,-1.5545634913585997
3988,7.112878757451748e-05,7.991642240613525,-1.5545598126932152
3989,7.116305158617616e-05,7.991641215799604,-1.5545579644856333
3990,7.122970206148342e-05,7.991639236870219,-1.5545542712704454
3991,7.12302562955723e-05,7.9916372782564915,-1.5545505492936735
3992,7.124176801588101e-05,7.99163527866524,-1.554546826543637
3993,7.124237177624636e-05,7.991633313509599,-1.554543101668521
3994,7.130285194517321e-05,7.991631298269256,-1.5545394101456116
3995,7.142133120105918e-05,7.991629349004291,-1.554535742396959
3996,7.146947132568863e-05,7.991627265880501,-1.5545320374601899
3997,7.141525250753389e-05,7.991625359304834,-1.554528297079723
3998,7.142198772415142e-05,7.991623341286912,-1.5545245711306659
3999,7.147946714259595e-05,7.9916223882433295,-1.554522738362776
4000,7.157913309742997e-05,7.99162040856693,-1.554519063211057
4001,7.155795050818824e-05,7.991618350876142,-1.5545153323967653
4002,7.155435869494348e-05,7.991616339645693,-1.554511605948666
4003,7.15869061888399e-05,7.991614439505953,-1.554507896889914
4004,7.160778375536107e-05,7.991612464046078,-1.554504174717651
4005,7.161804437994058e-05,7.99161048904711,-1.5545004528294113
4006,7.164957049649915e-05,7.991608454332004,-1.5544967390603373
4007,7.17035726264935e-05,7.991606523847631,-1.5544930433195043
4008,7.173970789626339e-05,7.991604518905208,-1.5544893316147668
4009,7.179215334647878e-05,7.991602572398187,-1.5544856343345475
4010,7.181713650995642e-05,7.991600519049761,-1.5544819180947567
4011,7.184475140599753e-05,7.991599496196216,-1.5544800693378402
4012,7.186777670486753e-05,7.991598559147123,-1.5544782232579109
4013,7.1901655757382e-05,7.991597548471846,-1.5544763759732918
4014,7.194367610570387e-05,7.991596525046737,-1.5544745320491316
4015,7.194469886451282e-05,7.99159462528423,-1.5544708127209503
4016,7.191808294797744e-05,7.991592614068236,-1.5544670716997804
4017,7.192963800166197e-05,7.991590621603768,-1.55446335314017
4018,7.197533648551485e-05,7.991588584174347,-1.5544596446586572
4019,7.20196943189036e-05,7.991587639678269,-1.5544578090658425
4020,7.214534973581524e-05,7.991585713776397,-1.5544541393580233
4021,7.210926795266793e-05,7.991583608211847,-1.5544504030255115
4022,7.208748493562654e-05,7.991582655507818,-1.5544485337136393
4023,7.207933033606015e-05,7.991581676607847,-1.5544466645413215
4024,7.209943233822299e-05,7.991579680929557,-1.5544429447198662
4025,7.223156461146494e-05,7.991577748840351,-1.5544392813637888
4026,7.233356053756259e-05,7.991575683082241,-1.5544356077284511
4027,7.22922716055628e-05,7.991573751320533,-1.5544318646859672
4028,7.21648973866439e-05,7.991571715914128,-1.5544280757846252
4029,7.21547821474625e-05,7.991569756842261,-1.5544243428738298
4030,7.230504997298421e-05,7.991567759131052,-1.5544206799086062
4031,7.244177084335514e-05,7.991565825066051,-1.5544170255929908
4032,7.250913721492985e-05,7.99156385013006,-1.5544133317223858
4033,7.247698232438616e-05,7.99156182411061,-1.5544096016763356
4034,7.239514946340777e-05,7.991559838224386,-1.5544058342143443
4035,7.242965496797919e-05,7.9915578295374505,-1.5544021251275926
4036,7.256181768511139e-05,7.991555903883953,-1.554398459449876
4037,7.263483814228059e-05,7.991553862580991,-1.5543947699081822
4038,7.265278818240625e-05,7.991551958591384,-1.5543910579546416
4039,7.264616015888272e-05,7.9915498977815,-1.5543873235385328
4040,7.26149082362451e-05,7.991547986285563,-1.5543835897271399
4041,7.271209412678573e-05,7.991545932865492,-1.5543799050612783
4042,7.277207698175702e-05,7.991544013907132,-1.5543762169031763
4043,7.279995182461883e-05,7.991541978711303,-1.5543724984929288
4044,7.279938202243195e-05,7.99154004499297,-1.5543687803631303
4045,7.281753443760282e-05,7.991539051732793,-1.5543669254430017
4046,7.284398764825203e-05,7.991538016194091,-1.5543650713946493
4047,7.285167940008555e-05,7.991536996950161,-1.5543632151661735
4048,7.288720660351951e-05,7.991535056573088,-1.55435950792175
4049,7.291282721303559e-05,7.99153304549875,-1.554355789890586
4050,7.295414626388205e-05,7.99153108975013,-1.5543520859745892
4051,7.299129637688764e-05,7.991530062713479,-1.5543502385764008
4052,7.30089063737377e-05,7.991528148630018,-1.5543465259031573
4053,7.30464608144375e-05,7.991526089583344,-1.5543428161438118
4054,7.304050587739686e-05,7.991524143220049,-1.5543390910789818
4055,7.304425571246561e-05,7.991523144957751,-1.554337227285024
4056,7.309488186229928e-05,7.991521151142038,-1.5543335293683822
4057,7.32073008708127e-05,7.991519222643299,-1.5543298563479748
4058,7.325231195766107e-05,7.991517159563567,-1.5543261476187413
4059,7.324963364539951e-05,7.991515244804315,-1.554322432197384
4060,7.324340014666074e-05,7.99151318278178,-1.5543186959881137
4061,7.321229776963923e-05,7.991511270222623,-1.554314960688098
4062,7.330994783590636e-05,7.991509215813489,-1.5543112750855712
4063,7.337057732589619e-05,7.991507295909194,-1.5543075864024436
4064,7.341640875578083e-05,7.991505267202369,-1.554303881389598
4065,7.341992347977903e-05,7.99150335178364,-1.5543001603176003
4066,7.343711823037411e-05,7.99150128606404,-1.5542964441428486
4067,7.346346541881294e-05,7.991499333068059,-1.554292733495085
4068,7.352108727373181e-05,7.991497303650927,-1.5542890300369556
4069,7.357905430266646e-05,7.991495416363198,-1.5542853372638359
4070,7.359017983570783e-05,7.991493368281013,-1.5542816149215615
4071,7.357173170065736e-05,7.991491398332017,-1.5542778814857272
4072,7.35906202087086e-05,7.991489367340656,-1.5542741626697885
4073,7.370967824486512e-05,7.9914874422267825,-1.5542704946253232
4074,7.376932512795793e-05,7.991485433173437,-1.5542667980469442
4075,7.378435680699691e-05,7.991483460820945,-1.5542630834356124
4076,7.374727178004722e-05,7.991480427203217,-1.5542574751262115
4077,7.374037623494268e-05,7.991478508112143,-1.5542537518374757
4078,7.383878952609224e-05,7.991476449578815,-1.55425006444505
4079,7.391077866908578e-05,7.991474539044071,-1.5542463764697696
4080,7.397717284357737e-05,7.99147252281775,-1.5542426799716267
4081,7.396743505311115e-05,7.991471553082792,-1.5542408157595582
4082,7.396100551686867e-05,7.991470601277934,-1.5542389511794537
4083,7.396877609599902e-05,7.991469553872448,-1.55423709035523
4084,7.400843734814759e-05,7.991468548320992,-1.5542352490764828
4085,7.410489739751218e-05,7.991466638513972,-1.5542315747259816
4086,7.413445337631868e-05,7.9914645797465695,-1.554227859227343
4087,7.41333142003913e-05,7.991462623364199,-1.5542241434729576
4088,7.4177635051947e-05,7.99146059340864,-1.5542204351857671
4089,7.418047275422007e-05,7.9914586906627845,-1.5542167145808694
4090,7.419120021681929e-05,7.991456646433788,-1.5542129909493612
4091,7.417257611470772e-05,7.991454680014333,-1.5542092568795556
4092,7.4191688910987e-05,7.991452652474445,-1.55420553772077
4093,7.435315421774847e-05,7.991449760101709,-1.5542000256093278
4094,7.43715745907785e-05,7.991448724805294,-1.5541981729415937
4095,7.438737864555517e-05,7.9914467554886786,-1.5541944584399021
4096,7.437530566474232e-05,7.991444785736536,-1.5541907258157008
4097,7.440018288989742e-05,7.991442743970011,-1.5541870135865725
4098,7.444962067405934e-05,7.9914407382559025,-1.5541833095318067
4099,7.448511431977964e-05,7.991438830437733,-1.5541796029252883
4100,7.453976354372952e-05,7.991436822369324,-1.554175895046118
4101,7.455266675425092e-05,7.991434836489813,-1.5541721820433794
4102,7.460563363243266e-05,7.991432800793169,-1.5541684823564847
4103,7.466959148634276e-05,7.991430899265506,-1.5541647883778693
4104,7.466755533385821e-05,7.991428886439081,-1.5541610643641313
4105,7.46484999166954e-05,7.991426903670804,-1.5541573269508164
4106,7.466215061053851e-05,7.991424880052373,-1.5541536063567487
4107,7.47178887553922e-05,7.991422946446194,-1.5541499142685915
4108,7.484985657016217e-05,7.991420943435537,-1.554146247822192
4109,7.491705698979978e-05,7.99141895311578,-1.5541425551948849
4110,7.485515659575707e-05,7.991416939561309,-1.554138806199236
4111,7.484537565950657e-05,7.991414995028509,-1.5541350769134419
4112,7.493243913046011e-05,7.991413015813894,-1.5541313885642973
4113,7.505776083540081e-05,7.991411033190162,-1.5541277233365043
4114,7.507432009703871e-05,7.99140799766026,-1.5541221502676479
4115,7.506196126983877e-05,7.9914070439341796,-1.5541202819700075
4116,7.500545076483532e-05,7.9914051016006935,-1.554116530294708
4117,7.49908803486373e-05,7.9914040487376425,-1.5541146612782581
4118,7.504563957300549e-05,7.991403043400702,-1.5541128192071192
4119,7.514766586815389e-05,7.991401092916168,-1.5541091449386333
4120,7.525697079908949e-05,7.9913990755813105,-1.5541054771383478
4121,7.532052361674362e-05,7.9913971575212495,-1.5541017860969715
4122,7.525517035818174e-05,7.991395122946133,-1.554098031278638
4123,7.516842677057127e-05,7.991393204574999,-1.5540942639468363
4124,7.52259096826777e-05,7.991391127989516,-1.5540905600663142
4125,7.527292233054596e-05,7.991390124847318,-1.5540887191975017
4126,7.536262462887594e-05,7.991388149033674,-1.5540850374559754
4127,7.546041400004116e-05,7.9913862370182365,-1.5540813643176106
4128,7.535715652471195e-05,7.991384209867963,-1.5540775812465586
4129,7.525347903940597e-05,7.9913822562980945,-1.5540738089920159
4130,7.540192143590931e-05,7.991380234106182,-1.5540701624213211
4131,7.556300067870767e-05,7.991378306499729,-1.5540665129936644
4132,7.560544007073776e-05,7.991376307235292,-1.5540628006786532
4133,7.556107635071667e-05,7.9913743055540865,-1.5540590554145852
4134,7.550745138567993e-05,7.991372328324686,-1.554055296698869
4135,7.557594561972106e-05,7.991370291267728,-1.554051601777361
4136,7.57692526354566e-05,7.991368382576641,-1.5540479986966433
4137,7.584970879298445e-05,7.9913663183969055,-1.5540443032352582
4138,7.567734201829373e-05,7.991364377186517,-1.554040494996257
4139,7.553058987239457e-05,7.991362318248605,-1.554036684778956
4140,7.56672314511544e-05,7.991360375894074,-1.554033013744282
4141,7.589328934444436e-05,7.991358452509043,-1.554029388405199
4142,7.589176125385384e-05,7.991356462429366,-1.5540256600520659
4143,7.576289866500116e-05,7.991354459543988,-1.554021880328957
4144,7.586140141958413e-05,7.991352448100285,-1.5540181920555551
4145,7.599075093154719e-05,7.991350466451147,-1.554014530314209
4146,7.61093629690104e-05,7.991348527553019,-1.5540108645301374
4147,7.614369532071219e-05,7.991346561712263,-1.5540071632911687
4148,7.601937441293005e-05,7.991344531924864,-1.5540033747812414
4149,7.580588518940357e-05,7.991342488380121,-1.5539995499224875
4150,7.590680198043527e-05,7.991341472466444,-1.5539977194250325
4151,7.605905061461474e-05,7.99134051726746,-1.5539959303058566
4152,7.623399776842733e-05,7.991339574515478,-1.5539941462712972
4153,7.632420048115705e-05,7.99133863055489,-1.5539923283319899
4154,7.632451692117818e-05,7.991337600248776,-1.5539904631257941
4155,7.622414230238177e-05,7.991336585328289,-1.5539885566119718
4156,7.612202510605206e-05,7.991335647791594,-1.5539866529309312
4157,7.611448874683194e-05,7.991333659540181,-1.5539829208240306
4158,7.62183707335389e-05,7.991331643993042,-1.5539792406094763
4159,7.632086849987254e-05,7.991329662558817,-1.553975561716941
4160,7.641713470913314e-05,7.99132773128353,-1.5539718893490062
4161,7.645041084524037e-05,7.991325750630347,-1.5539681819457467
4162,7.644796470473367e-05,7.991323713623432,-1.5539644591870265
4163,7.647800202075557e-05,7.991321742553253,-1.5539607438084677
4164,7.647966538972896e-05,7.9913197554825155,-1.5539570220480439
4165,7.652334580370686e-05,7.991317765729443,-1.553953315905441
4166,7.663365161419009e-05,7.991315791008594,-1.5539496441768357
4167,7.666371488972635e-05,7.991313792573917,-1.5539459351373888
4168,7.664160151406539e-05,7.991311782511538,-1.553942204006881
4169,7.663801748263469e-05,7.9913098061036125,-1.5539384748142198
4170,7.668311074114788e-05,7.991307871986004,-1.5539347755588329
4171,7.68409912235151e-05,7.991305883901853,-1.5539311161857476
4172,7.68937063375501e-05,7.991303840057699,-1.5539274203565328
4173,7.677480017705199e-05,7.991301892908988,-1.5539236403636032
4174,7.667106218399009e-05,7.991299827615165,-1.5539198597536439
4175,7.674167179311708e-05,7.991297909633064,-1.5539161640664665
4176,7.695914294685556e-05,7.9912959083659025,-1.5539125390532795
4177,7.708616875578799e-05,7.9912939587964935,-1.553908879357507
4178,7.695563213909485e-05,7.991291962818943,-1.5539050964756105
4179,7.68707115157371e-05,7.991290910630002,-1.5539031912195642
4180,7.676859118172924e-05,7.991288982519215,-1.553899410581022
4181,7.689019963336248e-05,7.991286935482942,-1.5538957311542756
4182,7.716316986038978e-05,7.991285061116086,-1.5538921365184852
4183,7.73084584120959e-05,7.991283058445866,-1.5538884815040717
4184,7.712069692057436e-05,7.991281011328179,-1.5538846794495693
4185,7.695880580517152e-05,7.99127900309676,-1.5538808683409275
4186,7.708709030563069e-05,7.991277024303648,-1.5538771975019197
4187,7.721885412420705e-05,7.991276086276339,-1.5538753908881116
4188,7.737983052604376e-05,7.991274124427709,-1.5538717452285362
4189,7.736250765560623e-05,7.991273132463567,-1.5538698739556474
4190,7.720826343049093e-05,7.991271180070658,-1.553866088863097
4191,7.728853249524424e-05,7.9912690969306714,-1.5538623907301576
4192,7.739873555889506e-05,7.991267168317026,-1.5538587221067512
4193,7.751669849213733e-05,7.991265173793287,-1.5538550577164303
4194,7.755812825198286e-05,7.9912632666169925,-1.553851354418852
4195,7.755078903846694e-05,7.99126121123946,-1.5538476293054164
4196,7.751700008052442e-05,7.991259303930872,-1.5538438909735204
4197,7.758045878692502e-05,7.991257253287251,-1.5538401950374454
4198,7.769401999185666e-05,7.9912553049753425,-1.5538365261936078
4199,7.771424992143884e-05,7.991253241180535,-1.5538328150010714
4200,7.763985778743926e-05,7.991251318451073,-1.5538290593141189
4201,7.765306029538644e-05,7.991249332470896,-1.5538253359817396
4202,7.775807788315537e-05,7.991247393220164,-1.5538216572033774
4203,7.782112930334788e-05,7.991245354576395,-1.553817966385158
4204,7.79049316730435e-05,7.991243380851796,-1.553814291023361
4205,7.781593946460146e-05,7.991241330695234,-1.5538105157862971
4206,7.765096776239461e-05,7.991239397030188,-1.5538067080117877
4207,7.774506405478801e-05,7.991237369555327,-1.5538030235715743
4208,7.81053424938734e-05,7.991235453692262,-1.5537994631893293
4209,7.806278337148794e-05,7.991233480667556,-1.5537957272511338
4210,7.797154334231387e-05,7.991231486312127,-1.5537919671363816
4211,7.800420270402501e-05,7.991229504701987,-1.5537882554280824
4212,7.810239146108781e-05,7.991227497628359,-1.5537845793897265
4213,7.82062522809313e-05,7.991225487367947,-1.5537809013887407
4214,7.822625908001946e-05,7.991223552958758,-1.5537771944135965
4215,7.821182555477341e-05,7.991221582383401,-1.5537734623724275
4216,7.817730744350534e-05,7.991219555770385,-1.5537697206697105
4217,7.821719771019464e-05,7.9912176012657365,-1.5537660130700812
4218,7.830528923671892e-05,7.9912155933279605,-1.5537623293652063
4219,7.834108544854429e-05,7.991213665853699,-1.5537586214291517
4220,7.834309580648917e-05,7.991211609635949,-1.5537548966280035
4221,7.835064263975178e-05,7.9912106906929035,-1.553753041457391
4222,7.838296457376901e-05,7.991208636712753,-1.5537493308673769
4223,7.841947666396352e-05,7.991206694968418,-1.5537456244965504
4224,7.845899300719123e-05,7.991204675814371,-1.5537419125426442
4225,7.849477951179379e-05,7.991202755462964,-1.5537382054871793
4226,7.852603777741234e-05,7.991201748267432,-1.553736350155269
4227,7.854539350773669e-05,7.991199696020494,-1.5537326373643243
4228,7.85969928695856e-05,7.991197737099331,-1.5537289395501945
4229,7.866054056888398e-05,7.991195774354785,-1.5537252441328364
4230,7.865928029282418e-05,7.991193831338607,-1.5537215203477968
4231,7.864369339780681e-05,7.991191780804926,-1.5537177812933665
4232,7.865661377915657e-05,7.99118983181345,-1.5537140635003825
4233,7.876130159690771e-05,7.991187797295258,-1.5537103864675685
4234,7.885556381187554e-05,7.991185872352103,-1.5537067112715786
4235,7.890521193843377e-05,7.991183805828832,-1.5537030066503597
4236,7.885381275791221e-05,7.991181915013548,-1.5536992664702505
4237,7.891373817985209e-05,7.991179881479599,-1.5536955681870122
4238,7.902454688720086e-05,7.991177949611094,-1.5536918975679166
4239,7.904284852881078e-05,7.991175901573442,-1.5536881851344082
4240,7.90210690279086e-05,7.991173976333042,-1.5536844575783952
4241,7.899936440956575e-05,7.9911719445373715,-1.5536807156080605
4242,7.901927589275856e-05,7.991170006018386,-1.5536770006481515
4243,7.91273799808877e-05,7.991167991717253,-1.5536733247872456
4244,7.917850818460321e-05,7.991166980228727,-1.5536714865377375
4245,7.920543886430675e-05,7.991165043259936,-1.5536677769868183
4246,7.915154757577215e-05,7.991162952011084,-1.553664026521194
4247,7.914503034991579e-05,7.991161037523622,-1.5536602962174562
4248,7.923568225223875e-05,7.991159036134805,-1.5536566080007204
4249,7.93729548138206e-05,7.991157107890392,-1.5536529461018018
4250,7.940032098293433e-05,7.991156081154843,-1.5536511037951304
4251,7.934689856802421e-05,7.991154069605957,-1.5536473514448796
4252,7.922303295687346e-05,7.991152142276412,-1.5536435656070997
4253,7.928771251533445e-05,7.991150080159426,-1.5536398630667083
4254,7.941795019608356e-05,7.991148154986137,-1.5536362006003916
4255,7.954977587450911e-05,7.991146128728389,-1.5536325392045236
4256,7.957247087492219e-05,7.991145173152559,-1.5536306926515
4257,7.95924487195336e-05,7.991144237464491,-1.5536288409514645
4258,7.961038326523051e-05,7.991143213050206,-1.5536269825449427
4259,7.957629769295969e-05,7.991141194113383,-1.5536232486196095
4260,7.956242231048887e-05,7.991139256564186,-1.5536195243493807
4261,7.963133106916786e-05,7.991138235373595,-1.5536176899426135
4262,7.969814631196707e-05,7.991136287715727,-1.5536140014792552
4263,7.971544552950678e-05,7.9911342804573975,-1.5536102801952911
4264,7.971678633615698e-05,7.991132292408951,-1.5536065617929373
4265,7.976014617186574e-05,7.991130308929151,-1.5536028565703772
4266,7.97865787160635e-05,7.991128323603406,-1.55359914534213
4267,7.983967454143433e-05,7.99112631385054,-1.5535954390065252
4268,7.985248284666464e-05,7.9911243751325705,-1.5535917233771535
4269,7.988124094722112e-05,7.991122356357733,-1.553588009437491
4270,7.987754547363632e-05,7.991120374846211,-1.5535842817580716
4271,7.988938881707467e-05,7.99111837461532,-1.5535805629977633
4272,8.001148228127044e-05,7.991116408656465,-1.5535768935622312
4273,8.006620044466107e-05,7.991114441031215,-1.5535731961089534
4274,8.008409325969139e-05,7.991112419347128,-1.5535694799606712
4275,8.011110673240927e-05,7.991110471106365,-1.5535657640956162
4276,8.011298986456188e-05,7.991108459154164,-1.5535620425063548
4277,8.015482756554675e-05,7.991106493173874,-1.5535583369804828
4278,8.018328459648652e-05,7.991104504742357,-1.5535546221742145
4279,8.022841665194095e-05,7.99110252353552,-1.5535509194559862
4280,8.026555521677446e-05,7.991100548341009,-1.553547213311863
4281,8.031472420540841e-05,7.991098557915938,-1.5535435104441362
4282,8.034985473805415e-05,7.991096568158117,-1.5535398049356328
4283,8.034773026168991e-05,7.99109460105443,-1.5535360764100545
4284,8.038710132449861e-05,7.991092627688113,-1.5535323758978068
4285,8.053419847275754e-05,7.991090643599448,-1.553528719219425
4286,8.04300938423423e-05,7.991087630266113,-1.5535230853627804
4287,8.034557120672307e-05,7.991085553801663,-1.5535193084732233
4288,8.03601737938458e-05,7.99108366835728,-1.5535155876130704
4289,8.059261323258983e-05,7.991081658441303,-1.5535119581949546
4290,8.070610283169728e-05,7.991080718230285,-1.5535101548392152
4291,8.074522472345382e-05,7.991079775176522,-1.5535083074416232
4292,8.068322581889429e-05,7.991078743528983,-1.5535064205552147
4293,8.060180379099243e-05,7.991076750110772,-1.5535026623037484
4294,8.065461936568747e-05,7.99107476232316,-1.553498957339261
4295,8.067297132271677e-05,7.991073695111541,-1.5534971025816051
4296,8.072398076271246e-05,7.991071809495533,-1.5534934024182656
4297,8.080590288336868e-05,7.991069794007079,-1.5534897138047712
4298,8.085400620587951e-05,7.991067886080631,-1.5534860096246672
4299,8.086991321138467e-05,7.99106578773294,-1.553482294045167
4300,8.091955404820994e-05,7.991063866876706,-1.5534785974037901
4301,8.099514132663862e-05,7.991061855153816,-1.553474909061227
4302,8.096042681170646e-05,7.991059938135755,-1.553471166989376
4303,8.093989811329842e-05,7.99105788844332,-1.5534674297906803
4304,8.103350725007926e-05,7.991055950204165,-1.5534637478327875
4305,8.11390623810529e-05,7.9910539093396205,-1.5534600741073619
4306,8.11682738988264e-05,7.991051986666004,-1.55345636517156
4307,8.119690771511722e-05,7.991049936080663,-1.5534526547913083
4308,8.117103946293658e-05,7.9910480231879655,-1.5534489187232885
4309,8.116607705117568e-05,7.991045972872228,-1.5534451865530223
4310,8.128215794383626e-05,7.991044051489947,-1.5534415214097834
4311,8.139042124484068e-05,7.991041971242343,-1.553437845367268
4312,8.122685145556377e-05,7.991040054740459,-1.553434043247592
4313,8.112881036008408e-05,7.991037988955492,-1.5534302584973012
4314,8.128955568147784e-05,7.991036079533413,-1.553426606828523
4315,8.155795257156249e-05,7.991034045779906,-1.5534230075575808
4316,8.154663707399442e-05,7.991032134043512,-1.5534192847167232
4317,8.136250357312866e-05,7.9910300855081795,-1.5534154727346479
4318,8.142213639594121e-05,7.9910281576744495,-1.5534117787971493
4319,8.166241128832689e-05,7.991026161521832,-1.5534081707024148
4320,8.166704917976183e-05,7.991024132832253,-1.5534044421836335
4321,8.151538667854661e-05,7.991022225364608,-1.5534006514007177
4322,8.152277725539493e-05,7.991020177452348,-1.5533969195300938
4323,8.171824711052653e-05,7.9910182747809095,-1.5533933047042359
4324,8.181118578039681e-05,7.99101623802122,-1.5533896179370863
4325,8.181838874891359e-05,7.991015226497591,-1.5533877607828055
4326,8.182007793293356e-05,7.991014280913939,-1.5533858985506022
4327,8.178379330867381e-05,7.991012255581659,-1.553382155477693
4328,8.178330869732997e-05,7.991011225244461,-1.5533802876920644
4329,8.179372019014059e-05,7.991009327879825,-1.553376564761733
4330,8.192351667060742e-05,7.991007311925596,-1.5533728976165473
4331,8.202023994016414e-05,7.991005376155284,-1.5533692212031396
4332,8.201517699368087e-05,7.991004370839978,-1.5533673585826266
4333,8.200340036884238e-05,7.991002354487827,-1.5533636298120401
4334,8.195295641176872e-05,7.991000404583488,-1.5533598810544715
4335,8.19641778187736e-05,7.990998370743474,-1.5533561591229785
4336,8.202765271970417e-05,7.990997404369276,-1.55335431983403
4337,8.20817734910028e-05,7.990995382843684,-1.5533506212871837
4338,8.21537008182041e-05,7.990993491374149,-1.5533469290035884
4339,8.219311474257414e-05,7.990991457363222,-1.5533432234785183
4340,8.222520650617457e-05,7.990989487853005,-1.5533395100068481
4341,8.220911187331657e-05,7.990987475990768,-1.553335782278803
4342,8.22899359604413e-05,7.990985513592446,-1.553332097813732
4343,8.238146353199559e-05,7.990983532429677,-1.5533284129122815
4344,8.238637671227323e-05,7.990981494591662,-1.5533246909642984
4345,8.233838938018342e-05,7.990979575796961,-1.5533209482556547
4346,8.243210696746738e-05,7.99097753921806,-1.5533172656465495
4347,8.254258725624095e-05,7.990975604969035,-1.5533135931784028
4348,8.256612029445647e-05,7.9909735455331665,-1.5533098829564078
4349,8.253744111450418e-05,7.9909716566963604,-1.5533061520795564
4350,8.25256236406211e-05,7.990969634222227,-1.553302416922672
4351,8.254407556995759e-05,7.990967720347671,-1.5532987057315142
4352,8.269683180985263e-05,7.990965625273494,-1.553295047785199
4353,8.278776335622694e-05,7.9909636931260435,-1.5532913684591132
4354,8.261029114697439e-05,7.990961611155275,-1.5532875529559376
4355,8.246134636473521e-05,7.99095969312906,-1.5532837594958853
4356,8.266993733282814e-05,7.990957676504015,-1.5532801161488061
4357,8.296230254150073e-05,7.990955799590505,-1.5532765281134846
4358,8.290473285975318e-05,7.99095374206606,-1.5532727858412905
4359,8.285064085068495e-05,7.990952757318016,-1.5532709038516626
4360,8.281170039165395e-05,7.990951832488239,-1.5532690256531474
4361,8.283081379594454e-05,7.990950826670331,-1.5532671705465901
4362,8.287329821916569e-05,7.99094978014079,-1.5532653269775218
4363,8.29213560935892e-05,7.9909487887682005,-1.5532634878424787
4364,8.29627336722044e-05,7.990947856840553,-1.5532616486760673
4365,8.302437707717336e-05,7.990945824546961,-1.5532579522811063
4366,8.303295597522952e-05,7.990944832717081,-1.5532560941261528
4367,8.302505131553293e-05,7.99094290819092,-1.5532523687019626
4368,8.305107041875716e-05,7.990940840561579,-1.5532486518893622
4369,8.309310674690649e-05,7.990938900470486,-1.5532449484953514
4370,8.31291817699664e-05,7.990936918775438,-1.5532412390667552
4371,8.31783035972459e-05,7.990934968762808,-1.5532375306202484
4372,8.31652368649107e-05,7.9909329148267005,-1.5532338017638352
4373,8.316903254101918e-05,7.990930985225271,-1.553230077814862
4374,8.328862455466593e-05,7.9909289449978305,-1.5532264034293934
4375,8.335809783914114e-05,7.990927035139886,-1.553222720316371
4376,8.340364849393303e-05,7.990924987137408,-1.5532190117668643
4377,8.340048312516038e-05,7.990923077697027,-1.5532152901282736
4378,8.336049463856387e-05,7.99092101096878,-1.5532115465877474
4379,8.335531841428077e-05,7.990919097723659,-1.5532078238802178
4380,8.345562434084297e-05,7.990917044921022,-1.5532041371267162
4381,8.352929932478014e-05,7.990915139901915,-1.5532004497453404
4382,8.356185930355832e-05,7.990913117895898,-1.553196732155264
4383,8.35740069101545e-05,7.990911175263458,-1.55319302492027
4384,8.368057361116491e-05,7.990909164479318,-1.5531893476975935
4385,8.372414914200545e-05,7.990907138144744,-1.5531856384685683
4386,8.371221367669877e-05,7.990905162910555,-1.5531819171300871
4387,8.373177645853709e-05,7.990904123851953,-1.55318006262346
4388,8.374990582653311e-05,7.990903206137901,-1.5531782126616405
4389,8.377074484884377e-05,7.99090126104297,-1.5531744928487967
4390,8.380621506250966e-05,7.990899265307956,-1.5531707808208404
4391,8.38228166508986e-05,7.990897259393893,-1.5531670646994429
4392,8.391109541226947e-05,7.990894313839366,-1.5531615213190295
4393,8.395068907920858e-05,7.990892271310371,-1.5531578112320703
4394,8.397038457220889e-05,7.990890341608356,-1.5531541023645363
4395,8.39773159407557e-05,7.990889334875846,-1.5531522368228612
4396,8.397200226550888e-05,7.990888262828448,-1.5531503725153106
4397,8.398750284665001e-05,7.990886368342254,-1.5531466564127967
4398,8.401121919992147e-05,7.990885329211484,-1.5531448017736653
4399,8.404548167243361e-05,7.990884344848794,-1.5531429550208142
4400,8.40802346131294e-05,7.990882438746756,-1.5531392466241418
4401,8.42110629073928e-05,7.990880372764181,-1.5531355811647627
4402,8.425843919388549e-05,7.990878411200795,-1.5531318919268255
4403,8.424058071090943e-05,7.990876375399576,-1.5531281578117089
4404,8.422582253272571e-05,7.990874454850827,-1.5531244276907346
4405,8.42794748897178e-05,7.990872454934088,-1.553120724258067
4406,8.435347478352206e-05,7.990870533598689,-1.5531170366534741
4407,8.438102541219289e-05,7.990868480118614,-1.5531133177306546
4408,8.4380809336251e-05,7.990866528823579,-1.5531095995838442
4409,8.44274639386785e-05,7.990864503877854,-1.5531058900334478
4410,8.443337081740124e-05,7.990862605958465,-1.5531021689625408
4411,8.445771781915784e-05,7.990861596260622,-1.5531003160286592
4412,8.450152743370424e-05,7.99085950977077,-1.5530966113629567
4413,8.454410917669437e-05,7.990857538553044,-1.5530929085704743
4414,8.461271525801273e-05,7.990855586235811,-1.5530892179995057
4415,8.465431960212475e-05,7.99085364501839,-1.5530855092927376
4416,8.466292343283016e-05,7.9908516466894515,-1.5530817877870164
4417,8.466377000723706e-05,7.990849680295518,-1.5530780635602985
4418,8.46961726017619e-05,7.990847686818258,-1.5530743542952512
4419,8.482136078882821e-05,7.990845740413069,-1.5530706877270748
4420,8.487608132728897e-05,7.990843666593523,-1.553066986940281
4421,8.48071484493926e-05,7.990841706814292,-1.5530632367628157
4422,8.480125311819576e-05,7.990839682033986,-1.5530595058759609
4423,8.482613389968916e-05,7.99083774158043,-1.5530557907099767
4424,8.498653947049527e-05,7.990835781858684,-1.5530521365729784
4425,8.505782697737293e-05,7.990833826544107,-1.5530484452155482
4426,8.491369254513806e-05,7.990831742808249,-1.5530446515294372
4427,8.481007929741118e-05,7.990829787481916,-1.5530408690204438
4428,8.491030436377612e-05,7.990827734906295,-1.553037181776347
4429,8.506926593407696e-05,7.990826773998871,-1.5530353885205797
4430,8.51833810800014e-05,7.990825853289878,-1.5530335799071602
4431,8.520715736958056e-05,7.9908249005705,-1.553031737481822
4432,8.524142588023824e-05,7.99082393606188,-1.5530298888632985
4433,8.520151318768007e-05,7.990821853343235,-1.553026147005277
4434,8.511157028577382e-05,7.990819915980183,-1.5530223842665547
4435,8.516742790706093e-05,7.990817875481997,-1.5530186808944628
4436,8.534086391809477e-05,7.990815966221903,-1.5530150387405204
4437,8.546273868038313e-05,7.990813910318682,-1.553011376373802
4438,8.543591011495948e-05,7.9908119914026186,-1.5530076382405211
4439,8.533425672388466e-05,7.990810996095112,-1.5530057317589323
4440,8.518576583120044e-05,7.990808942270177,-1.5530019247733164
4441,8.527118933093564e-05,7.990807018024003,-1.5529982402914468
4442,8.547438349711209e-05,7.990804972650893,-1.5529946166288442
4443,8.558616411347084e-05,7.99080309841336,-1.5529909437047607
4444,8.552690215761948e-05,7.99080103720462,-1.5529871857852817
4445,8.556572900094822e-05,7.990799129475485,-1.552983481304912
4446,8.56709924041129e-05,7.990797039738284,-1.552979801479682
4447,8.576732681553593e-05,7.990795136114338,-1.5529761225994136
4448,8.578287743833224e-05,7.990793109677087,-1.5529724048149516
4449,8.567162913545008e-05,7.990791165811841,-1.5529686332070545
4450,8.564423718848444e-05,7.990789136115395,-1.5529648878420999
4451,8.578422056700336e-05,7.99078714481688,-1.5529612513024504
4452,8.592138055692733e-05,7.990785220832425,-1.55295759256563
4453,8.594238413191147e-05,7.990783202661444,-1.5529538696763074
4454,8.58788449541563e-05,7.9907812790331025,-1.5529501132431947
4455,8.591434018551083e-05,7.99077923721948,-1.552946398004639
4456,8.595955873619504e-05,7.990777274735418,-1.5529426934524186
4457,8.602657388986975e-05,7.990775245259514,-1.5529389946712735
4458,8.606214595779176e-05,7.990773361430905,-1.552935286661172
4459,8.609591744754103e-05,7.99077132027941,-1.5529315748028578
4460,8.609294220609349e-05,7.990769359485396,-1.5529278499900452
4461,8.610830406455799e-05,7.990767338776539,-1.5529241322656977
4462,8.622887624400959e-05,7.990765391583227,-1.5529204645470112
4463,8.627454121949651e-05,7.990763410565602,-1.552916760945216
4464,8.628128643984256e-05,7.990761373231054,-1.5529130414284242
4465,8.631503335418399e-05,7.990759397266447,-1.5529093321060239
4466,8.632680912513149e-05,7.99075840468427,-1.5529074718039515
4467,8.633614724218377e-05,7.990757447957455,-1.5529056143565088
4468,8.635045280783766e-05,7.990756499785388,-1.552903759811501
4469,8.637352493942191e-05,7.99075444412298,-1.5529000421064594
4470,8.641512514849677e-05,7.990752503652172,-1.5528963385949288
4471,8.64465858939189e-05,7.9907514532501915,-1.5528944894251593
4472,8.648529670777666e-05,7.990750463529452,-1.552892645091308
4473,8.651868578324988e-05,7.990748580667889,-1.552888937694837
4474,8.656130019704519e-05,7.990746506756036,-1.5528852295474571
4475,8.657480397531154e-05,7.990745526603552,-1.55288337001342
4476,8.655562692136167e-05,7.990743536035114,-1.5528796415218153
4477,8.658796620870737e-05,7.990741609633206,-1.5528759325070713
4478,8.673060156725916e-05,7.990739613760082,-1.552872274807557
4479,8.680286543999235e-05,7.990737574454618,-1.5528685844245989
4480,8.672669627148176e-05,7.990735592261708,-1.5528648304707893
4481,8.67108687330754e-05,7.990733632386985,-1.5528610973102637
4482,8.676605144198967e-05,7.9907316727192645,-1.5528573922999258
4483,8.689741976492771e-05,7.990729716669555,-1.552853726104713
4484,8.688412585192925e-05,7.990727699821487,-1.552849999593316
4485,8.688645492995755e-05,7.990725708977759,-1.5528462777861718
4486,8.691996778212485e-05,7.990723715958719,-1.5528425673831805
4487,8.702754526096655e-05,7.9907217779266055,-1.5528388945611633
4488,8.707769521118957e-05,7.990719744469432,-1.552835192223335
4489,8.704464360980117e-05,7.990717756129191,-1.5528314521616882
4490,8.703245134975968e-05,7.990716807748319,-1.5528295823494773
4491,8.707141426973145e-05,7.990714795195214,-1.5528258722202037
4492,8.720234239211794e-05,7.9907128824928675,-1.552822204742392
4493,8.724579522108594e-05,7.990710798926708,-1.5528185061955717
4494,8.729052599333239e-05,7.990708883706161,-1.552814810006752
4495,8.730506328215326e-05,7.99070682866937,-1.55281108600407
4496,8.72376699564125e-05,7.99070492679089,-1.5528073336045862
4497,8.731509970492917e-05,7.990702896494386,-1.5528036414565638
4498,8.740873472064122e-05,7.990700940601399,-1.552799960682597
4499,8.741485332316479e-05,7.99069894228225,-1.552796239362939
4500,8.7394068987584e-05,7.990696983254041,-1.5527925070723994
4501,8.750139333733785e-05,7.99069500097679,-1.5527888324199857
4502,8.756741936885012e-05,7.990693954990258,-1.5527869999177313
4503,8.760795235380812e-05,7.990692006520767,-1.552783298206874
4504,8.758103845829991e-05,7.990689976501673,-1.552779564400016
4505,8.7560435808353e-05,7.990688057230044,-1.5527758291074705
4506,8.758028011334182e-05,7.990686008420431,-1.552772107869516
4507,8.767148210043043e-05,7.990684094248037,-1.552768428501072
4508,8.773037814663228e-05,7.990683134819372,-1.5527665928944765
4509,8.778874483986464e-05,7.990681064123951,-1.5527628981697865
4510,8.779950804958698e-05,7.990679141336677,-1.5527591835683556
4511,8.782229554434417e-05,7.990677089230435,-1.5527554668263415
4512,8.779792913819543e-05,7.990675179653796,-1.5527517330334657
4513,8.790179550814126e-05,7.990672154028639,-1.5527461841436014
4514,8.796148520198546e-05,7.990670212032341,-1.5527424892444261
4515,8.796424204915595e-05,7.9906681681994005,-1.552738769117041
4516,8.797747481127483e-05,7.990666248156337,-1.5527350516671543
4517,8.803980916172307e-05,7.990664223971237,-1.552731349379658
4518,8.80558017679725e-05,7.990662285177555,-1.552727638655139
4519,8.808126330525767e-05,7.990660261385927,-1.5527239224653582
4520,8.812078463953185e-05,7.990658310254055,-1.5527202151051063
4521,8.817411973192475e-05,7.990656308392873,-1.552716512794717
4522,8.816792106325672e-05,7.990654371263286,-1.5527127850381244
4523,8.824272359205993e-05,7.990652317642709,-1.552709093177324
4524,8.831511257722658e-05,7.990650403507019,-1.5527054073155109
4525,8.834090165918674e-05,7.990647355222004,-1.5526998330813988
4526,8.836404877782775e-05,7.990645369849074,-1.5526961182071164
4527,8.839964654759714e-05,7.990642492087414,-1.5526905450496122
4528,8.84582235161387e-05,7.990640426697014,-1.5526868457435417
4529,8.851996229326878e-05,7.990637426801251,-1.5526812898116182
4530,8.858382926900399e-05,7.990635518082505,-1.552677598615035
4531,8.860705025353994e-05,7.990633527580463,-1.5526738761204109
4532,8.857654752451528e-05,7.990631539262537,-1.5526701384320651
4533,8.858529566524887e-05,7.990629537532581,-1.5526664124435687
4534,8.867794870794055e-05,7.99062753543923,-1.5526627311010874
4535,8.872662965354425e-05,7.990626584306829,-1.5526608945915568
4536,8.882203036672739e-05,7.990624516241068,-1.5526572145975712
4537,8.886540018395902e-05,7.990623596229928,-1.5526553792357147
4538,8.889949971949071e-05,7.990621639512312,-1.5526516685321068
4539,8.88122407278485e-05,7.9906196003612635,-1.5526478960663754
4540,8.876798061742713e-05,7.990617654237762,-1.5526441539213054
4541,8.88994959753175e-05,7.9906156208197014,-1.5526405149255773
4542,8.904873177408499e-05,7.990613700784422,-1.5526368566651025
4543,8.904570285673883e-05,7.990611675295541,-1.5526331275449077
4544,8.90166642975709e-05,7.990609706109743,-1.552629385484488
4545,8.897310016930824e-05,7.990607714778138,-1.5526256287420235
4546,8.90207217946452e-05,7.9906057262521974,-1.5526219200250462
4547,8.913558422404985e-05,7.990603724532664,-1.5526182470274699
4548,8.925108923880831e-05,7.9906017824309306,-1.5526145825958124
4549,8.930440450220162e-05,7.990599800038871,-1.5526108802573544
4550,8.915068583745086e-05,7.990597775858756,-1.5526070806993983
4551,8.902803548731474e-05,7.990595828975691,-1.552603292746589
4552,8.907813529642177e-05,7.990594784555882,-1.552601447051939
4553,8.94038267908861e-05,7.990592858895818,-1.5525978672068053
4554,8.95576631817023e-05,7.990590914045456,-1.5525942266900905
4555,8.943916624792937e-05,7.990588839879652,-1.5525904459258644
4556,8.923667869839092e-05,7.990586883500406,-1.552586634341283
4557,8.943079810475571e-05,7.990584835216083,-1.5525829874767938
4558,8.961653148483252e-05,7.990582944112583,-1.5525793512495178
4559,8.951929918731161e-05,7.990580960243906,-1.5525755829359418
4560,8.950892025802783e-05,7.990578960768223,-1.552571851880006
4561,8.958320629386482e-05,7.9905769495687515,-1.552568161111355
4562,8.967234326712424e-05,7.990574998950861,-1.552564482241104
4563,8.975277465254651e-05,7.990572030345715,-1.5525589297790994
4564,8.968428067044068e-05,7.990570038403971,-1.5525551738474808
4565,8.969171774044602e-05,7.990568087965457,-1.5525514541894179
4566,8.982395342255096e-05,7.99056608120587,-1.5525477831061196
4567,8.993768083399277e-05,7.9905641170071755,-1.5525441132238715
4568,8.995528968195795e-05,7.990562153636812,-1.5525403997151903
4569,8.993282089894403e-05,7.990560161981143,-1.5525366634949231
4570,8.99132027424396e-05,7.990558205252341,-1.5525329281346554
4571,9.004567418743885e-05,7.990555183927136,-1.5525274079917415
4572,9.012774348737224e-05,7.990553145751258,-1.5525237226322077
4573,9.018085183497867e-05,7.990551242697003,-1.5525200303700977
4574,9.020010861039449e-05,7.990549237079211,-1.5525163078100885
4575,9.015086899709516e-05,7.990547261963504,-1.552512564161622
4576,9.013286230590673e-05,7.990546315017477,-1.5525106920606977
4577,9.019335425384957e-05,7.990544259991501,-1.5525069915661174
4578,9.031003211567162e-05,7.990542321547363,-1.5525033262165528
4579,9.041306370010914e-05,7.99054026336461,-1.5524996492277539
4580,9.022511435241814e-05,7.990538351155045,-1.5524958323713507
4581,9.00787664183173e-05,7.990536282223586,-1.5524920261307322
4582,9.029837088859376e-05,7.9905343727087885,-1.5524883967865224
4583,9.063253587455049e-05,7.9905323602874985,-1.5524848329920222
4584,9.061861639104863e-05,7.990530404423847,-1.5524811106416292
4585,9.04143196797449e-05,7.990528379967213,-1.5524772908989368
4586,9.038389205758688e-05,7.990526460893559,-1.5524735449631741
4587,9.057981299265971e-05,7.990524416698223,-1.5524699183503894
4588,9.075616573304137e-05,7.990522486703734,-1.5524662781461402
4589,9.058874056604838e-05,7.990520450713777,-1.5524624680865402
4590,9.041048906413264e-05,7.990518467988587,-1.5524586577056023
4591,9.056481876348778e-05,7.990516485642073,-1.5524549865863804
4592,9.079793544050913e-05,7.9905145539742675,-1.552451370416629
4593,9.086499556980688e-05,7.990512572828599,-1.552447678498378
4594,9.075152349683473e-05,7.990510616264903,-1.5524439057838226
4595,9.089288299250126e-05,7.990507570109722,-1.552438410003643
4596,9.101888569122945e-05,7.990505667965234,-1.552434743982033
4597,9.100552025924054e-05,7.990503615414785,-1.5524310069993938
4598,9.09916452807454e-05,7.9905007148354255,-1.552425404212507
4599,9.102494653175776e-05,7.990498685269375,-1.552421690711377
4600,9.118847330512314e-05,7.990495730201215,-1.5524161741586706
4601,9.121179181414475e-05,7.990493748317788,-1.552412463389981
4602,9.115763812325838e-05,7.990490710309428,-1.5524068512417546
4603,9.117842946798116e-05,7.9904887751604,-1.5524031296307181
4604,9.131015652454645e-05,7.990486814358767,-1.5523994644777985
4605,9.139344283205592e-05,7.9904848516643785,-1.5523957790196243
4606,9.137482174497397e-05,7.990482779200242,-1.5523920502143504
4607,9.13931215838688e-05,7.990480814114408,-1.5523883336540758
4608,9.144316297740934e-05,7.990478913678259,-1.5523846325611583
4609,9.137003452369598e-05,7.990476876504819,-1.55238086414191
4610,9.138882744518289e-05,7.990474885377469,-1.5523771489585445
4611,9.15430146215509e-05,7.990472853742867,-1.552373488455189
4612,9.167566470460023e-05,7.990470927981321,-1.552369833260054
4613,9.173281423003945e-05,7.990468899979109,-1.5523661265110402
4614,9.149880913336286e-05,7.990467006172681,-1.5523622952165455
4615,9.145543664101287e-05,7.990465986426964,-1.552360410308259
4616,9.149079941168829e-05,7.990464981586653,-1.5523585599784968
4617,9.173710812877291e-05,7.990462948833004,-1.5523549519647746
4618,9.18725432297842e-05,7.990461077386624,-1.5523512951657878
4619,9.179643039137486e-05,7.9904590154908375,-1.5523475269495017
4620,9.163012144139821e-05,7.9904570693620665,-1.5523437284423587
4621,9.183928624045621e-05,7.99045407610298,-1.5523382245556168
4622,9.201217319697907e-05,7.990452094155301,-1.5523345781227673
4623,9.20319082723123e-05,7.990450135406983,-1.5523308742322934
4624,9.204031267087393e-05,7.990448136173745,-1.5523271504251817
4625,9.199782734062584e-05,7.9904461745800095,-1.5523234082878732
4626,9.20748621168222e-05,7.990443159275493,-1.5523178517108105
4627,9.218503451369817e-05,7.990441233261825,-1.5523141845762902
4628,9.227592601951432e-05,7.990438198372504,-1.5523086384419291
4629,9.224403231049748e-05,7.9904362796873425,-1.55230489940847
4630,9.221350813931197e-05,7.9904342509991,-1.5523011602185381
4631,9.223091894707774e-05,7.99043231677175,-1.5522974478746105
4632,9.236064344281656e-05,7.990430281359085,-1.552293778066969
4633,9.241299645538188e-05,7.990428361471123,-1.5522900845354854
4634,9.244419406752707e-05,7.990425360431901,-1.5522845131962844
4635,9.246439497783728e-05,7.990423377425898,-1.552280795267248
4636,9.25196298279539e-05,7.990420450179294,-1.5522752272272098
4637,9.253711984082994e-05,7.990418364250515,-1.5522715107243157
4638,9.265018216387273e-05,7.990414439435036,-1.5522641136209774
4639,9.264923970218104e-05,7.990412535730161,-1.5522603904723167
4640,9.268512606162794e-05,7.990410471682761,-1.5522566745188706
4641,9.268849802372446e-05,7.990408543342399,-1.5522529571063715
4642,9.276113674322047e-05,7.99040650263398,-1.5522492652142288
4643,9.287790176494527e-05,7.990404593705922,-1.5522455989816648
4644,9.289693271051371e-05,7.9904015338946115,-1.5522400205732876
4645,9.287843716209777e-05,7.9903996103351655,-1.5522362863460928
4646,9.289945643555972e-05,7.9903966589090905,-1.552230706915465
4647,9.301014773432008e-05,7.990394622729226,-1.5522270289808617
4648,9.312824174736234e-05,7.990391665618693,-1.5522215043353271
4649,9.317846361132947e-05,7.990389638886281,-1.5522177971240336
4650,9.317569224818503e-05,7.990387737141188,-1.5522140753116793
4651,9.312722184701881e-05,7.990384732370282,-1.5522084658871687
4652,9.320854773104197e-05,7.990382769150489,-1.552204776202488
4653,9.323765717356596e-05,7.990381697451167,-1.5522029275596
4654,9.330178130986925e-05,7.990379798192324,-1.5521992322086617
4655,9.330893318234196e-05,7.990378809624299,-1.5521973743438737
4656,9.331279638619424e-05,7.990376780972167,-1.552193649127068
4657,9.340778248565033e-05,7.990374867466092,-1.552189971288333
4658,9.347032490962194e-05,7.9903728089903465,-1.5521862756046259
4659,9.347407856077456e-05,7.990370879823273,-1.5521825597016592
4660,9.350609447803195e-05,7.990368823436243,-1.5521788465819197
4661,9.351193386847874e-05,7.990366936419661,-1.5521751258967142
4662,9.355807402981231e-05,7.990364865075645,-1.5521714174210146
4663,9.357512936610824e-05,7.990362963867954,-1.5521677022390596
4664,9.365567176781695e-05,7.9903599558639105,-1.5521621533926702
4665,9.369398428205794e-05,7.990357969628652,-1.5521584430838133
4666,9.369563155709664e-05,7.990356016370127,-1.5521547183874935
4667,9.371139216448983e-05,7.990353997821822,-1.5521509998023626
4668,9.376721494799054e-05,7.990351043974442,-1.5521454341764955
4669,9.388903899029483e-05,7.990349025812335,-1.5521417644895996
4670,9.396449771233591e-05,7.990347114995714,-1.5521380791494168
4671,9.390704976070937e-05,7.99034406384205,-1.552132466828211
4672,9.392054671649417e-05,7.990342072065559,-1.552128740887381
4673,9.403959909404403e-05,7.9903401526537925,-1.5521250721193196
4674,9.414136854694149e-05,7.99033816722418,-1.5521213951120623
4675,9.414441526212e-05,7.990336135938211,-1.5521176746775605
4676,9.408959962831223e-05,7.9903331565499185,-1.5521120594466413
4677,9.408679226678159e-05,7.990331212745221,-1.5521083351193095
4678,9.418017421134417e-05,7.990329201100503,-1.5521046448412266
4679,9.429765004523186e-05,7.990326291606206,-1.5520991059833187
4680,9.433845161724377e-05,7.9903242543766195,-1.5520954020967632
4681,9.43514125808046e-05,7.990321305708079,-1.5520898237311622
4682,9.437084952261961e-05,7.990319330391826,-1.5520861084665043
4683,9.453092664121735e-05,7.990316299046088,-1.5520805966130418
4684,9.457990476808256e-05,7.990314370477118,-1.5520768958683886
4685,9.459828215107314e-05,7.990311372789247,-1.5520713240643556
4686,9.457137598484227e-05,7.990308386491372,-1.5520657170461458
4687,9.467579660065057e-05,7.99030547859124,-1.5520601817144273
4688,9.475540829496656e-05,7.990302453353978,-1.5520546234495793
4689,9.474590530693303e-05,7.990300480661632,-1.5520508986825143
4690,9.479390070975821e-05,7.990297543993201,-1.5520453361655995
4691,9.484314639019794e-05,7.99029548557941,-1.5520416278451172
4692,9.491142379808923e-05,7.9902935974827844,-1.5520379366492263
4693,9.495522976262222e-05,7.990291529312689,-1.5520342303915928
4694,9.49760100506361e-05,7.9902896153129515,-1.5520305140253268
4695,9.496660968599026e-05,7.990287549729263,-1.5520267810725727
4696,9.503265401377175e-05,7.990285653960268,-1.5520230898110905
4697,9.513401660689376e-05,7.990283612142815,-1.5520194077290952
4698,9.514736648620385e-05,7.990280680798529,-1.552013831102135
4699,9.518465586145323e-05,7.990278675352143,-1.5520101250338254
4700,9.51930934166097e-05,7.9902767366176946,-1.5520063993803075
4701,9.527466224557458e-05,7.990273763692616,-1.552000853324945
4702,9.532913802706574e-05,7.990271697991417,-1.551997151038601
4703,9.538392661391151e-05,7.990269802988259,-1.5519934567548477
4704,9.540887245927028e-05,7.990267766929193,-1.5519897346280547
4705,9.541627985170496e-05,7.990264844376094,-1.5519841544052728
4706,9.545292454334305e-05,7.990261841403664,-1.5519785833278434
4707,9.551880710756969e-05,7.990259828163194,-1.5519748827795914
4708,9.565935289477105e-05,7.990256882537632,-1.5519693672764723
4709,9.565851294195508e-05,7.990254839455974,-1.5519656418431034
4710,9.565582080724103e-05,7.990251880460083,-1.5519600487611134
4711,9.577324979490294e-05,7.990248963827531,-1.5519545175464027
4712,9.58189553929837e-05,7.990246945695491,-1.5519508069456305
4713,9.583310173688731e-05,7.990243942761207,-1.5519452303751493
4714,9.584911573934283e-05,7.990242065511147,-1.5519415151018798
4715,9.597274245801676e-05,7.990239030792744,-1.5519359804208182
4716,9.606936481593993e-05,7.990237073222379,-1.5519323075919402
4717,9.591239515232872e-05,7.9902340752887,-1.5519266425909548
4718,9.58255146301696e-05,7.990232014863596,-1.5519228671208343
4719,9.60103372374162e-05,7.990230093167169,-1.5519192244815376
4720,9.628522740344174e-05,7.990227127911253,-1.5519137605033515
4721,9.618039806009657e-05,7.990225186721231,-1.5519099974852002
4722,9.615084224882672e-05,7.990223180197504,-1.5519062576658291
4723,9.625134002493195e-05,7.990221238726692,-1.5519025784015754
4724,9.637033390416377e-05,7.99021921709286,-1.5518989123171594
4725,9.64265176123821e-05,7.990216218210877,-1.5518933537392658
4726,9.643374700977671e-05,7.990214253815526,-1.5518896292266153
4727,9.640184623584671e-05,7.990212247302671,-1.5518858921704803
4728,9.64324508973871e-05,7.9902103280075,-1.5518821869646071
4729,9.65486203413772e-05,7.990208339254316,-1.5518785104764135
4730,9.659999036454925e-05,7.990206334009631,-1.5518748023752098
4731,9.659445909860751e-05,7.990204378895173,-1.5518710826900481
4732,9.660003799659927e-05,7.9902023532768425,-1.5518673557944391
4733,9.662934536799272e-05,7.990200384038006,-1.5518636448837813
4734,9.66912311015797e-05,7.990198434221662,-1.5518599499176458
4735,9.669481090387105e-05,7.990197470688976,-1.5518580884614477
4736,9.675356171862668e-05,7.9901954181686,-1.5518543834512701
4737,9.681084853288633e-05,7.990193489279599,-1.5518506926334834
4738,9.686531922666369e-05,7.990191398017121,-1.5518469919317102
4739,9.692924613383505e-05,7.990189508754395,-1.5518433009399462
4740,9.695388172636971e-05,7.9901865392478415,-1.5518377249303998
4741,9.69391189656185e-05,7.990184592048241,-1.5518339883503096
4742,9.696361318104085e-05,7.990182572138769,-1.5518302738601215
4743,9.708366169625076e-05,7.990180601126938,-1.5518266053460272
4744,9.717193425138998e-05,7.990178562965489,-1.5518229291291725
4745,9.717307637621338e-05,7.990176598718748,-1.551819202696366
4746,9.70106348737315e-05,7.99017458739959,-1.551815397117735
4747,9.701056791049132e-05,7.990172640891151,-1.5518116601823984
4748,9.720599573610082e-05,7.990170615972575,-1.5518080380379269
4749,9.73488489353746e-05,7.99016873308139,-1.5518043804032473
4750,9.736123696276146e-05,7.990166694139222,-1.5518006583674337
4751,9.730952301530062e-05,7.990164770371772,-1.5517969076264007
4752,9.73114754183042e-05,7.9901626969063235,-1.5517931785408252
4753,9.737960290313519e-05,7.9901607609677,-1.5517894847789222
4754,9.748793541936795e-05,7.990157790334889,-1.5517839458062561
4755,9.752311151745423e-05,7.990155823842924,-1.551780230241409
4756,9.75166628963345e-05,7.990153861704428,-1.5517765058807735
4757,9.762410075781278e-05,7.990151859654606,-1.5517728281066459
4758,9.768844097858281e-05,7.990149855906387,-1.5517691362148003
4759,9.765590516672696e-05,7.990146840601126,-1.5517635323245815
4760,9.769386555874644e-05,7.990144933539492,-1.5517598260386172
4761,9.781332179519568e-05,7.990142889483021,-1.5517561552247545
4762,9.789023574529198e-05,7.990140943704715,-1.5517524665078737
4763,9.785785139366017e-05,7.9901389486362815,-1.5517487310546954
4764,9.783041396992312e-05,7.990136983472677,-1.5517449900533855
4765,9.784157888641976e-05,7.990134976925658,-1.5517412659694692
4766,9.796601813413185e-05,7.990132994998421,-1.5517375949452787
4767,9.804108624591794e-05,7.990131017845402,-1.551733912473528
4768,9.806973961226932e-05,7.990129997802148,-1.5517320629150833
4769,9.806159331358036e-05,7.990128085365094,-1.551728338784343
4770,9.8072872142446e-05,7.990126074955132,-1.5517246166758318
4771,9.818389519938456e-05,7.9901241342167735,-1.5517209481163712
4772,9.82353725980377e-05,7.990122112936303,-1.5517172448024044
4773,9.820476230387604e-05,7.9901201266195425,-1.5517135108852245
4774,9.821929655039823e-05,7.9901181659712845,-1.5517097905173645
4775,9.82467465932665e-05,7.99011619890355,-1.5517060775023206
4776,9.834418647739839e-05,7.990114228664926,-1.5517023976277997
4777,9.843025400517691e-05,7.990112202592495,-1.5516987166935752
4778,9.845197037970398e-05,7.990110244172399,-1.5516950009915185
4779,9.841217055293039e-05,7.990108204314404,-1.551691256353838
4780,9.851708677192487e-05,7.990105276819687,-1.5516857171813803
4781,9.857142709217231e-05,7.990103313729876,-1.5516820136149931
4782,9.83986963705806e-05,7.990101197439531,-1.5516782045649538
4783,9.854841782061962e-05,7.990098286774572,-1.5516726816115531
4784,9.884310335174498e-05,7.990096318212453,-1.5516690867786505
4785,9.865245747947585e-05,7.990093448090119,-1.5516634192316614
4786,9.864270466205048e-05,7.990091401378407,-1.5516596846422046
4787,9.882954708611582e-05,7.9900883784910235,-1.5516541837953095
4788,9.884127770852847e-05,7.990086399633301,-1.5516504686632304
4789,9.88688299677382e-05,7.990084418450471,-1.5516467538444645
4790,9.893943356842916e-05,7.990081567827437,-1.551641201406325
4791,9.895152768385314e-05,7.990079489193464,-1.551637474830085
4792,9.898787398260153e-05,7.990077562482384,-1.551633769573953
4793,9.905810579808713e-05,7.990075545909535,-1.5516300758264232
4794,9.90853029174512e-05,7.990073630152187,-1.5516263616520913
4795,9.91368523987747e-05,7.990071577258621,-1.5516226563441993
4796,9.91691677154116e-05,7.990069633905866,-1.551618950598063
4797,9.923912653675166e-05,7.990067588576065,-1.55161525948537
4798,9.930424806827829e-05,7.990064660053881,-1.551609698835199
4799,9.927577257108482e-05,7.990062692501271,-1.5516059648053564
4800,9.9288775888445e-05,7.990060666057681,-1.5516022404342609
4801,9.93318943587551e-05,7.990058744069656,-1.551598536563144
4802,9.947240236021253e-05,7.990056738666414,-1.5515948739604042
4803,9.953439821641519e-05,7.990054736749593,-1.5515911857644866
4804,9.954743925722006e-05,7.990053780063568,-1.5515893271452572
4805,9.951217775185188e-05,7.990051745239032,-1.551585586386247
4806,9.951837823409063e-05,7.990050779762016,-1.551583728401611
4807,9.95178707162432e-05,7.990048822478884,-1.5515800000989608
4808,9.956680407249007e-05,7.990046814300224,-1.5515762993472129
4809,9.968049921367799e-05,7.990044872232677,-1.551572624742553
4810,9.974068752635131e-05,7.990042814867786,-1.5515689280731118
4811,9.975124330987984e-05,7.990040895703061,-1.551565210573425
4812,9.979357402157699e-05,7.99003887745189,-1.5515615052945222
4813,9.980141932409033e-05,7.990036960411083,-1.551557781911407
4814,9.985587528359879e-05,7.990034927042304,-1.5515540809689756
4815,9.987226706706036e-05,7.990032995386604,-1.5515503624033713
4816,9.993279932279059e-05,7.990030947889726,-1.5515466652841545
4817,9.99546049717173e-05,7.990027988635482,-1.5515410863079924
4818,9.998238333122479e-05,7.990026056787732,-1.551537380012153
4819,0.00010018181422133117,7.99002300207317,-1.5515318826806208
4820,0.00010020509874760327,7.990021060570023,-1.5515281747451042
4821,0.00010014153471368456,7.990018081071476,-1.5515225581757877
4822,0.00010012664295087597,7.990016137268222,-1.5515188215792488
4823,0.00010022678210865789,7.990014081800208,-1.5515151355720322
4824,0.0001002851533832167,7.990012157422943,-1.551511444095015
4825,0.00010037940766955628,7.990009189329443,-1.5515058961640753
4826,0.00010038228201879536,7.990007191773654,-1.5515021707572727
4827,0.00010037136335913815,7.990005222553545,-1.5514984431175078
4828,0.00010041069233863108,7.99000320348626,-1.5514947323232753
4829,0.00010054959341905337,7.99000125442388,-1.5514910714466736
4830,0.0001006085993201151,7.989999275626879,-1.5514873825857343
4831,0.00010060841079099696,7.98999724731459,-1.5514836582578124
4832,0.00010060743063291745,7.989994305183791,-1.5514780699578516
4833,0.00010061603375581282,7.989992370607092,-1.5514743476135637
4834,0.00010071280114412827,7.989990340655928,-1.5514706647282999
4835,0.00010080032115426709,7.989988388741172,-1.5514669848838851
4836,0.00010083322813892525,7.989986377090385,-1.5514632706826266
4837,0.00010078899122123005,7.989983455040491,-1.551457670161398
4838,0.0001009220359614706,7.989981391643744,-1.5514539990180598
4839,0.00010100371015431832,7.9899794689073484,-1.5514503209667807
4840,0.00010100703334341915,7.989976468173814,-1.5514447342447428
4841,0.00010097240490373658,7.989974538916475,-1.5514409901779702
4842,0.00010099928035575779,7.989972494353255,-1.5514372730654433
4843,0.0001011112595649087,7.989970581390095,-1.55143360089833
4844,0.00010118647737815017,7.989968523341231,-1.5514299099550743
4845,0.00010119964024734241,7.989966594438134,-1.5514261980598332
4846,0.0001012387294289268,7.989964538245139,-1.5514224882809853
4847,0.00010125777263525109,7.989962659096831,-1.5514187763440914
4848,0.0001013071066136248,7.989960612120122,-1.5514150674289202
4849,0.00010129158412744092,7.9899586856640745,-1.551411336643602
4850,0.00010129856919934764,7.989956619261922,-1.5514076079563703
4851,0.00010140282992887195,7.9899547127902935,-1.5514039316925778
4852,0.00010148418383330817,7.989952668962379,-1.5514002437015695
4853,0.00010149566403110662,7.989950729716071,-1.5513965296572734
4854,0.00010151892648454497,7.989948694213786,-1.5513928127277978
4855,0.0001015524113798182,7.989945820035277,-1.5513872378407
4856,0.00010162366092445431,7.989943783550599,-1.5513835492771855
4857,0.00010176923124735168,7.989940804268997,-1.5513780358138312
4858,0.00010176680632888048,7.989938787168639,-1.5513743126906687
4859,0.00010174944634718288,7.989936829039049,-1.5513705788975953
4860,0.00010177895461282626,7.989934893021442,-1.5513668674324264
4861,0.00010180127299720192,7.989932920175638,-1.5513631538898416
4862,0.00010192250197932125,7.989930887757675,-1.5513594821582537
4863,0.00010197122320139955,7.989928938844387,-1.5513557856132367
4864,0.00010195903902613229,7.989926872776866,-1.5513520512128744
4865,0.0001019446979430029,7.989923954107004,-1.5513464559707675
4866,0.00010208294976457449,7.9899220343421264,-1.5513427943438796
4867,0.00010216934198984294,7.989918967070972,-1.5513372470397198
4868,0.00010221641776152748,7.989917062602227,-1.551333547206169
4869,0.00010219576791417256,7.989915021216769,-1.5513298111601708
4870,0.00010220922340261524,7.989912143807291,-1.5513242304075767
4871,0.00010231840027499742,7.989910090286994,-1.5513205559392855
4872,0.00010236251429887032,7.989907094265135,-1.5513149901494678
4873,0.00010240338314808691,7.989905179091648,-1.5513112893745824
4874,0.00010241242792898808,7.989903182706695,-1.5513075595520225
4875,0.00010241294426639482,7.989900243755725,-1.551301974151479
4876,0.00010243621264604081,7.989898161069457,-1.551298252446439
4877,0.00010247961840377394,7.989896263958008,-1.5512945522044936
4878,0.00010266467729351594,7.989893280168197,-1.5512890447493486
4879,0.00010268214862682962,7.989891305684764,-1.5512853325350513
4880,0.00010270673184431814,7.9898892907783114,-1.5512816177015394
4881,0.00010270689064135494,7.98988832299627,-1.5512797531846434
4882,0.00010268125888400741,7.989886280288625,-1.551276014374034
4883,0.0001027478256361541,7.9898843676200055,-1.5512723211738866
4884,0.00010288707529828839,7.989882317944523,-1.5512686605582033
4885,0.00010297733290032574,7.98988036652006,-1.5512649798605787
4886,0.00010288925255058481,7.989878407409367,-1.5512612195869655
4887,0.00010279043017023755,7.989876365151551,-1.5512574377783173
4888,0.00010283240239292603,7.989874439411894,-1.551253726975778
4889,0.00010304346515189151,7.989872403112591,-1.5512500957896178
4890,0.00010310835516082234,7.989869453554588,-1.5512445436186229
4891,0.0001029533414840448,7.989867511286684,-1.5512407457608295
4892,0.00010313346181421403,7.989864478509305,-1.5512352470548392
4893,0.00010333472861782379,7.989861620053297,-1.5512297532372235
4894,0.00010331714278197618,7.989859574236692,-1.5512260154533657
4895,0.00010310656648297024,7.989857557989118,-1.5512221879328445
4896,0.00010313976096026602,7.989855546505276,-1.5512184647259986
4897,0.00010361441314126129,7.989852663772036,-1.5512130968453015
4898,0.0001034325867295654,7.989849723426305,-1.5512074414090267
4899,0.0001034226824401703,7.9898466975775335,-1.5512018414191533
4900,0.00010353244005134475,7.98984372117008,-1.5511962977333174
4901,0.00010374655706259047,7.98984080084671,-1.55119081262132
4902,0.00010352252547804548,7.989837783885574,-1.5511851194797468
4903,0.00010353833915045426,7.9898347869822235,-1.551179522292697
4904,0.00010396567058650928,7.989831839929065,-1.551174128502734
4905,0.00010383780579484336,7.9898288992123705,-1.551168493799113
4906,0.00010379201596910856,7.989826828843147,-1.5511647536874702
4907,0.00010391056204006237,7.989823936468239,-1.5511592117030515
4908,0.00010400715433139546,7.9898219616121615,-1.55115552799436
4909,0.00010410426605586708,7.989818954879512,-1.5511499813629133
4910,0.00010412874344591329,7.9898160198052395,-1.5511444086482715
4911,0.00010415567888250193,7.989813990969762,-1.5511406962704457
4912,0.00010420506409567989,7.9898120422566,-1.5511369915525464
4913,0.00010426768739012039,7.9898100961551926,-1.5511332978207026
4914,0.00010427933577722873,7.989808146483765,-1.5511295747486187
4915,0.00010432284565209537,7.989806082078233,-1.5511258707420839
4916,0.00010438403250215193,7.989804099183697,-1.5511221740257033
4917,0.00010443238651106033,7.9898021714198055,-1.5511184687112438
4918,0.00010441304367835494,7.9898001346520084,-1.5511147340458213
4919,0.00010442632856542066,7.98979916136757,-1.551112876993195
4920,0.00010452983511655999,7.989797253022816,-1.5511092005878853
4921,0.00010459917807669722,7.989795199519639,-1.5511055062067425
4922,0.00010462358815184136,7.989794222411341,-1.5511036521667008
4923,0.00010462094629335085,7.989792237475424,-1.5510999329972792
4924,0.00010463228015161086,7.989790257306788,-1.5510962133937793
4925,0.0001046157430299601,7.989788299851117,-1.5510924740093912
4926,0.00010471404765433333,7.989786269482737,-1.5510887937651001
4927,0.0001048312150093719,7.989784296619364,-1.5510851283133307
4928,0.0001049022906657281,7.989782305739728,-1.5510814334185334
4929,0.0001047147517457754,7.989780336652045,-1.5510776173322194
4930,0.00010469238200859768,7.989778339294425,-1.5510738754039612
4931,0.000104873237269934,7.989776429068963,-1.5510702270060635
4932,0.00010502689988996134,7.9897743913038655,-1.5510665714528602
4933,0.00010504583702679898,7.9897714157944435,-1.5510610022386433
4934,0.00010501587158899245,7.989769466955627,-1.5510572669574703
4935,0.00010507870702823819,7.989766457950623,-1.5510517022812924
4936,0.00010515148364236899,7.989764554901717,-1.5510480139938119
4937,0.00010520491801427943,7.989761534299798,-1.5510424492081727
4938,0.00010522127496320558,7.9897595831581585,-1.551038736621211
4939,0.0001053488533009219,7.989757574886433,-1.5510350688601704
4940,0.00010538699130889376,7.989754598485186,-1.5510295038448916
4941,0.00010541270586924475,7.989752641943144,-1.5510257945082475
4942,0.00010541779403664303,7.989749626027267,-1.5510202014180714
4943,0.00010545997585580084,7.989747720689804,-1.551016496864959
4944,0.00010558958624404843,7.9897456434187495,-1.5510128311133962
4945,0.00010565345587176544,7.98974272095849,-1.551007280224231
4946,0.0001055811995273514,7.989739802937752,-1.5510016634754527
4947,0.00010569957421755287,7.989737786194573,-1.5509979809508887
4948,0.00010575485310517546,7.989735792990379,-1.5509942885377501
4949,0.0001058374896529423,7.98973374988596,-1.5509906054972853
4950,0.00010582846725191078,7.989730847522411,-1.55098501575473
4951,0.0001057437216457378,7.9897288149691095,-1.5509812423396396
4952,0.00010585344129628175,7.9897258334805015,-1.550975700113597
4953,0.00010594909345349314,7.989723920845528,-1.5509720221700094
4954,0.00010601584132923262,7.989721932533794,-1.5509683252305484
4955,0.00010608375621334797,7.989719982069578,-1.550964631939929
4956,0.00010608517621555568,7.9897179620243675,-1.5509609113937064
4957,0.00010610854283390709,7.989716014212058,-1.550957199945411
4958,0.0001061625700375009,7.989714012305612,-1.5509534953911164
4959,0.0001061930364096749,7.989712044994325,-1.5509497898461644
4960,0.0001062312671141701,7.9897100371906635,-1.5509460778987658
4961,0.0001062723701671132,7.989708097239616,-1.5509423722887585
4962,0.00010630013132883013,7.989706083543158,-1.5509386563496859
4963,0.00010629621965902433,7.989704104132385,-1.5509349279484759
4964,0.00010635749469927197,7.989702105289945,-1.550931228545622
4965,0.00010646357465170244,7.989700143979217,-1.5509275548639883
4966,0.00010651513974323752,7.989698181047551,-1.550923853647813
4967,0.0001065279699137969,7.989696160811393,-1.5509201359403733
4968,0.00010653884985763562,7.989694213948065,-1.5509164152189325
4969,0.0001065946082713428,7.989691263377628,-1.5509108518551966
4970,0.00010666990702049662,7.989689225607602,-1.550907160407488
4971,0.00010671650314370228,7.989687309758182,-1.550903460585519
4972,0.00010674648431126549,7.9896852519377655,-1.5508997470578028
4973,0.00010674005677927449,7.989683332228583,-1.5508960187432637
4974,0.00010677374848754765,7.989681303919068,-1.5508923035859243
4975,0.0001069166209236514,7.9896794032388,-1.550888651069967
4976,0.00010700575960911893,7.989677335368351,-1.5508849650580343
4977,0.00010699191784340231,7.989675386900514,-1.5508812446074443
4978,0.00010696332825246588,7.989672353169727,-1.5508756378835735
4979,0.00010695203947963152,7.98967045557059,-1.5508719113301017
4980,0.00010709410433227668,7.989667458088193,-1.5508663826806435
4981,0.00010713595794080654,7.989665508634157,-1.5508626746030334
4982,0.0001071992804743626,7.9896625289607845,-1.5508571182035538
4983,0.00010728715420015699,7.989660494558528,-1.5508534347877205
4984,0.00010733432953155139,7.989658525566691,-1.5508497299738044
4985,0.00010727831067632185,7.9896555464026076,-1.5508441168460614
4986,0.00010738522120263623,7.989653640040485,-1.5508404455610458
4987,0.00010746832892018107,7.989651574604198,-1.5508367585909368
4988,0.00010745683118305581,7.9896486495962575,-1.550831166542016
4989,0.00010749024962138014,7.989646660096104,-1.5508274556592607
4990,0.00010756088518432872,7.989643681776857,-1.5508218995075091
4991,0.00010766675381991794,7.989641725810817,-1.5508182281286012
4992,0.00010771294092154405,7.98963868473298,-1.5508126587201079
4993,0.00010767621793495709,7.989636791840339,-1.5508089206159765
4994,0.00010781643986044985,7.989633798855424,-1.550803396699448
4995,0.00010787366953855832,7.989631833217646,-1.55079969719936
4996,0.00010785453242712072,7.98963078570893,-1.5507978281331793
4997,0.00010785825954670036,7.989629785692396,-1.5507959665181905
4998,0.00010784750568171266,7.989627885800166,-1.5507922371497116
4999,0.00010787535884822256,7.989625841867469,-1.5507885165823088
5000,0.00010798963597044345,7.9896239028036495,-1.5507848502962585
5001,0.00010808414981932111,7.989621825608261,-1.5507811698663219
5002,0.00010814108602951505,7.989619925770134,-1.5507774806690535
5003,0.00010813472031104923,7.989617893881787,-1.550773749569476
5004,0.00010808047491041947,7.9896159938416265,-1.5507699973077638
5005,0.00010814738096739853,7.989612942225496,-1.5507644321988865
5006,0.00010822374911230089,7.989611007837235,-1.550760744489343
5007,0.00010831224042898872,7.989609004083285,-1.5507570635520576
5008,0.00010833661671455224,7.989607088430614,-1.5507533477926814
5009,0.00010834311168769405,7.989605047367008,-1.5507496219273524
5010,0.00010834663621439018,7.989603116338194,-1.5507459002005397
5011,0.00010839849335297391,7.989601083272505,-1.550742196892436
5012,0.00010850698392338989,7.989599160134201,-1.5507385237363145
5013,0.00010854705024491435,7.989597127062931,-1.5507348205448923
5014,0.00010853634006785001,7.989595196856648,-1.5507310888248917
5015,0.00010855060716418118,7.989592227423354,-1.5507255044972548
5016,0.00010876389043895058,7.989589201065158,-1.5507200157875753
5017,0.0001086662688061502,7.989587218740792,-1.550716243180115
5018,0.0001085469631032527,7.989584195901974,-1.5507105887373729
5019,0.00010894629571649796,7.989581281720897,-1.5507051783655266
5020,0.00010892057430476208,7.989578357726243,-1.550699590236109
5021,0.00010875524038813835,7.989576237029663,-1.5506957811642108
5022,0.00010890050888836918,7.989573317864402,-1.5506902494211794
5023,0.00010909056486545815,7.989571360078286,-1.5506866131868273
5024,0.00010907991942799618,7.989568382617374,-1.5506810252880892
5025,0.00010906847774430192,7.989566492629586,-1.55067729743193
5026,0.0001092517350583799,7.989563469989573,-1.5506717967514587
5027,0.00010930953949673618,7.989561507223688,-1.5506680996592435
5028,0.00010929446155157185,7.989559462570925,-1.550664370041944
5029,0.00010930084491758315,7.989556563341668,-1.5506587829449159
5030,0.00010933758582080354,7.9895545951207225,-1.5506550746167556
5031,0.00010937043743327952,7.98955254348958,-1.550651361410617
5032,0.00010941832704926505,7.98955059943662,-1.5506476606480517
5033,0.00010949501001870914,7.989548578587118,-1.5506439650699335
5034,0.00010952223898566481,7.989547659594748,-1.5506421138627362
5035,0.00010950535283033244,7.989545671224242,-1.5506383786928375
5036,0.00010960557310146879,7.989543656633783,-1.5506346954344903
5037,0.00010966252815055295,7.989541693869767,-1.550631004503221
5038,0.0001097085346157065,7.989539662051878,-1.5506272927914149
5039,0.00010970218291429167,7.989537724742846,-1.5506235717481949
5040,0.0001097469983497716,7.989535760878399,-1.5506198676901155
5041,0.00010978920134762953,7.989532777143389,-1.5506142920624453
5042,0.00010983233229683609,7.989530803668821,-1.5506105913080315
5043,0.00010988740059558218,7.9895287320680834,-1.5506068882556496
5044,0.00011000048502902128,7.989525836803665,-1.550601349903746
5045,0.00010998433874388006,7.989523896629775,-1.5505976217032125
5046,0.00011009723826010032,7.989520872746526,-1.5505920791287306
5047,0.00011013013385714541,7.989518933496247,-1.5505883798882687
5048,0.00011009877682407782,7.989515910675302,-1.5505827702052708
5049,0.00011013783139619685,7.989513995205177,-1.5505790599141942
5050,0.00011032243699558015,7.9895110291319735,-1.5505735576241217
5051,0.0001103000543110025,7.989507987174919,-1.550567961857649
5052,0.00011022884602346499,7.9895060317612,-1.5505642004414693
5053,0.00011029220463191542,7.989503030728581,-1.5505586306718162
5054,0.0001104924092642674,7.989501098516054,-1.5505549956087556
5055,0.00011063409803129142,7.989499077663463,-1.5505513383954161
5056,0.00011054930915693877,7.989497148032632,-1.5505475795698056
5057,0.00011043267380436845,7.989495073746362,-1.5505437923139118
5058,0.00011043869517199328,7.9894931569144525,-1.5505400697421752
5059,0.00011066159034603545,7.989491168018624,-1.5505364566095536
5060,0.00011085325802411849,7.98948918887475,-1.5505328296687313
5061,0.00011079501556809667,7.989487278990026,-1.5505290786008452
5062,0.00011064833834058121,7.989485201672167,-1.5505252748183531
5063,0.0001106752500705293,7.989483272270373,-1.5505215540893984
5064,0.00011087643130401018,7.989481232900856,-1.5505179148537729
5065,0.00011100402878826307,7.989479338457745,-1.5505142483580823
5066,0.00011084466310393592,7.989477263112548,-1.5505104493431545
5067,0.00011084019315531645,7.989474350911546,-1.5505048468226652
5068,0.00011103997930313287,7.989472390215627,-1.5505012135765213
5069,0.0001111175216887521,7.989470399912152,-1.5504975249980224
5070,0.00011108266640175262,7.989469361767079,-1.5504956475474052
5071,0.00011106037138741907,7.989468424074762,-1.5504937770113558
5072,0.00011108881606702635,7.989466429395237,-1.550490060764333
5073,0.0001112144460852015,7.98946446238223,-1.5504863951780705
5074,0.0001113619555928021,7.989461455696874,-1.5504808797843028
5075,0.0001113202573013999,7.989459533809989,-1.5504771401872608
5076,0.00011124966917397851,7.989457490839589,-1.5504733729632165
5077,0.00011127136823507343,7.989455540645164,-1.5504696542821406
5078,0.00011143647499643846,7.989453527449272,-1.5504660033277065
5079,0.00011157485043974366,7.989450614558928,-1.5504604777397455
5080,0.00011130663159149909,7.989447632884623,-1.5504547658170975
5081,0.0001115363354860522,7.989444601823299,-1.5504492816219926
5082,0.00011170183229477933,7.989442733094316,-1.550445627986346
5083,0.00011168070044376332,7.989440679622686,-1.5504418952050172
5084,0.0001116892973691904,7.989438714729929,-1.5504381706690225
5085,0.00011178536048293144,7.9894367536075315,-1.5504344886005788
5086,0.00011190287783412485,7.989434787434121,-1.550430821929367
5087,0.00011193425839400258,7.989432735935545,-1.5504271073482432
5088,0.00011177514528253164,7.989430816656904,-1.5504233076404812
5089,0.0001118238067053533,7.989427759851528,-1.5504177267835166
5090,0.00011203914318563788,7.989425863683896,-1.55041410631335
5091,0.00011217776886484424,7.989423824043797,-1.5504104428188754
5092,0.00011199255629705395,7.989421901836392,-1.5504066370337222
5093,0.00011196114983871543,7.989419857800334,-1.5504028904462257
5094,0.00011214047352926305,7.989416893377502,-1.5503973805823157
5095,0.00011225384608901796,7.989415012556753,-1.55039370938939
5096,0.00011226788256217607,7.989412955768726,-1.5503899930810157
5097,0.0001122996854350684,7.989411054688589,-1.5503862829201767
5098,0.00011231466623414262,7.98940898586158,-1.5503825636039554
5099,0.0001123660567149604,7.989407085286957,-1.550378865333661
5100,0.0001124342290289203,7.989404081739887,-1.55037330531664
5101,0.00011246955359428112,7.989402113837158,-1.5503695961817605
5102,0.00011248115597737594,7.989399160592243,-1.5503640118260567
5103,0.00011262946821663343,7.989396137258276,-1.550358491029134
5104,0.0001127085752493866,7.989393192015937,-1.5503529395163125
5105,0.00011271069540863635,7.9893902507286265,-1.5503473597429804
5106,0.00011271133494988385,7.989387242962266,-1.5503417687533878
5107,0.00011280138392276164,7.989385268209379,-1.5503380801114484
5108,0.00011288001270357607,7.9893832747204065,-1.5503343930389766
5109,0.00011293953291721505,7.98938132816632,-1.5503306949304638
5110,0.00011293391249829609,7.98937934443433,-1.5503269673867985
5111,0.00011296062230402594,7.989377337648997,-1.5503232545629206
5112,0.00011306530914509085,7.989375386803245,-1.5503195802604173
5113,0.00011315617815318675,7.989373326653835,-1.5503158966260502
5114,0.00011321005762112244,7.989371408226741,-1.550312196653221
5115,0.00011316586322190013,7.989369402438031,-1.5503084515357306
5116,0.00011312799818785943,7.9893674733442746,-1.5503047039074394
5117,0.00011316703094889564,7.989365466307264,-1.5503009924663143
5118,0.0001132592820861851,7.989363453348745,-1.5502973100010495
5119,0.00011334028102245842,7.989361462821216,-1.5502936230533904
5120,0.00011341009335264904,7.989358589382178,-1.5502880700333301
5121,0.00011339691895065958,7.989356544960931,-1.5502843349849367
5122,0.00011344170250985216,7.9893535630941415,-1.5502787658003263
5123,0.00011355243724373784,7.989350679665289,-1.5502732286996666
5124,0.00011360294014996142,7.9893486254785895,-1.5502695252323895
5125,0.0001136156742678467,7.989346696345981,-1.5502658086270238
5126,0.00011367922688364557,7.989344618500172,-1.5502621094925138
5127,0.0001137493289165239,7.989342726628941,-1.550258415182824
5128,0.00011374947736777882,7.9893397501055095,-1.5502528265396232
5129,0.00011373948693073845,7.989337749691866,-1.5502490944727576
5130,0.00011387491104506117,7.989333789976192,-1.5502417037106124
5131,0.0001140344081298719,7.989331814598597,-1.5502380544012468
5132,0.00011402705890632692,7.989328809314763,-1.5502324668085603
5133,0.0001139034992986068,7.989326824285275,-1.5502286807071934
5134,0.0001138952234464598,7.98932484533372,-1.5502249474329017
5135,0.00011415811619038338,7.989321914169976,-1.5502194783593801
5136,0.00011429257572280364,7.989319884833379,-1.5502158186211128
5137,0.00011415611281096586,7.9893169787613125,-1.5502101704706377
5138,0.00011406758218762762,7.989314923612352,-1.5502063886647004
5139,0.00011417991602947897,7.98931300067567,-1.5502027167390855
5140,0.00011441371182391722,7.989310964534069,-1.5501990943950141
5141,0.0001145319720252839,7.9893090497917125,-1.5501954320133928
5142,0.00011436570870706908,7.989306021406755,-1.5501897593233904
5143,0.00011430251828697687,7.989304097006762,-1.5501860075994902
5144,0.0001144884864607032,7.989302068086401,-1.5501823794637357
5145,0.00011466899599162779,7.989300154264641,-1.550178736856515
5146,0.00011469999686547281,7.989299177136001,-1.5501768879129252
5147,0.00011469038271105016,7.989298132875093,-1.5501750222400879
5148,0.00011470222591662334,7.989297135965136,-1.550173163629603
5149,0.000114662560317949,7.9892952192168165,-1.5501694175676488
5150,0.00011465103325794381,7.989293165783005,-1.5501656782689317
5151,0.00011474320735662335,7.989291251638214,-1.5501619967763083
5152,0.0001148226575899904,7.989289200408379,-1.5501583035555526
5153,0.00011486844738866927,7.989287309788102,-1.550154597541497
5154,0.00011487193612243546,7.989285284663967,-1.5501508741638401
5155,0.00011490941977817697,7.98928232050479,-1.5501453031736767
5156,0.00011496348899759195,7.989280337796075,-1.5501416020127994
5157,0.00011507960744762942,7.989278382647775,-1.5501379280550083
5158,0.00011511214636467277,7.989275409878219,-1.5501323538935248
5159,0.00011509235002736411,7.9892733599803325,-1.5501286180244702
5160,0.00011512239628607585,7.98927147231386,-1.550124912698246
5161,0.00011528447509685605,7.989269417317676,-1.5501212554759136
5162,0.00011538518728162107,7.989267458778253,-1.5501175789269912
5163,0.00011538006555709474,7.989264460990703,-1.550111996782752
5164,0.00011534169717259464,7.989262557260825,-1.5501082526886307
5165,0.00011541513711305847,7.989259523098148,-1.550102687064961
5166,0.00011550785828281307,7.989256549531658,-1.5500971444930547
5167,0.00011556973623622835,7.9892536207588964,-1.55009158678817
5168,0.0001156074345177331,7.98925158727567,-1.5500878708978043
5169,0.00011559668201618407,7.989249648474111,-1.5500841468682676
5170,0.00011571260572120055,7.989246732091839,-1.5500786099317654
5171,0.00011580006682340077,7.989244659150747,-1.5500749268866278
5172,0.00011578847601449535,7.9892417334645485,-1.5500693363069673
5173,0.00011578694386557319,7.989239734864259,-1.5500656069417824
5174,0.00011587986227412558,7.989237834895457,-1.5500619225282577
5175,0.00011600841990570013,7.989234804839934,-1.5500563985500269
5176,0.0001160583718021219,7.989232775182619,-1.5500526991898922
5177,0.00011604660756557763,7.989229880750179,-1.5500471086588445
5178,0.00011604222416880456,7.989227844258296,-1.5500433764611017
5179,0.00011614455741243587,7.989225929643642,-1.5500397002293518
5180,0.00011621750691661795,7.989223876601297,-1.5500360079328936
5181,0.00011620127176930099,7.989221949722752,-1.5500322770449557
5182,0.00011623502808565098,7.989219944961392,-1.5500285647912961
5183,0.00011636311447595774,7.989218009328772,-1.5500249035504954
5184,0.00011639329332858295,7.989217013329327,-1.5500230572889189
5185,0.00011642722587856222,7.989215992759513,-1.5500212062448266
5186,0.00011640941042565856,7.989214950969857,-1.5500193384632244
5187,0.00011640741108576702,7.989213064334452,-1.5500156104418719
5188,0.00011639796545551553,7.989210996871585,-1.5500118775591718
5189,0.00011643255772697051,7.989209106576705,-1.5500081677951119
5190,0.0001166153996550726,7.989206103567881,-1.550002667977861
5191,0.00011664639435271968,7.989204156572045,-1.5499989579679736
5192,0.00011667351352523372,7.989202105828295,-1.5499952486103719
5193,0.00011668391440739292,7.989200189493928,-1.5499915269219842
5194,0.0001166715054272844,7.989198144603664,-1.5499877910664588
5195,0.00011678996406855518,7.989195208191206,-1.5499822599068969
5196,0.00011684165105681167,7.989193218159215,-1.5499785598276619
5197,0.0001168513554504973,7.98919125083472,-1.5499748366027344
5198,0.00011687420861568256,7.989188325205555,-1.5499692573098725
5199,0.00011692026916454457,7.989186254185689,-1.5499655467409055
5200,0.00011709217140173385,7.989183372596289,-1.5499600417794324
5201,0.0001171126976948901,7.9891813409995365,-1.549956324469175
5202,0.0001168779554869133,7.9891782621273215,-1.5499506239768974
5203,0.00011726389148494516,7.989175409399566,-1.5499452044257498
5204,0.00011737567489218406,7.989173417533604,-1.5499415294733627
5205,0.00011728234343656352,7.989171511459592,-1.549937768196614
5206,0.0001172136631186453,7.98916942792174,-1.5499340084164863
5207,0.00011725868179935029,7.989167484552258,-1.5499303083688525
5208,0.00011744999508814847,7.989164467977279,-1.5499248017035554
5209,0.00011749199282864295,7.9891625975751195,-1.5499211013174417
5210,0.00011748294958752227,7.9891605318352985,-1.5499173693115997
5211,0.00011758670264580312,7.989157600496249,-1.549911830888191
5212,0.00011776178244319488,7.989154644668648,-1.5499063317395754
5213,0.00011761485587491653,7.989151605554254,-1.5499006713411536
5214,0.00011760405708788918,7.989148652177643,-1.549895066009013
5215,0.00011791423804418515,7.9891457488829065,-1.5498896274115
5216,0.00011781973247469104,7.989142713619726,-1.549883998383927
5217,0.00011770864868445239,7.989140712512843,-1.549880214382564
5218,0.00011785964755674438,7.989138749485391,-1.5498765544940445
5219,0.00011806853210712062,7.989136821450319,-1.5498729314757025
5220,0.00011811680433411195,7.989135796851513,-1.549871090929086
5221,0.0001181003930563725,7.989134804898303,-1.549869221935266
5222,0.0001179535497204893,7.98913284550822,-1.5498654216170018
5223,0.00011790029782066425,7.989130775165248,-1.5498616573919426
5224,0.00011789751798791866,7.9891288324624385,-1.5498579207214787
5225,0.00011814675209038509,7.989126873025186,-1.5498542968159474
5226,0.00011836928304452622,7.989124996844564,-1.549850682697232
5227,0.00011836725695624749,7.989122903067372,-1.549846953456625
5228,0.0001181231168355604,7.9891209593048185,-1.5498431211778634
5229,0.00011835462173447319,7.9891179426330705,-1.5498376276072283
5230,0.00011855834784553533,7.989116068763979,-1.549834000875984
5231,0.00011857374869361752,7.989114021397003,-1.5498302891050315
5232,0.00011832043082617426,7.9891120389223955,-1.5498264470340086
5233,0.00011838901337212008,7.989110075640232,-1.5498227439501615
5234,0.00011875024406036853,7.989107142772525,-1.5498173225255014
5235,0.00011879208437276798,7.989105126781431,-1.5498136212988718
5236,0.00011866579821712891,7.989103097816045,-1.5498098337936361
5237,0.0001186172033354922,7.989100143737294,-1.5498042195023876
5238,0.00011881825105613579,7.9890982052585615,-1.5498005873591565
5239,0.00011891793583505512,7.989095204163809,-1.5497950447957802
5240,0.0001188059229634432,7.989093256403885,-1.5497912705322014
5241,0.00011884552258958076,7.989091243146825,-1.5497875594044284
5242,0.00011909769601905081,7.989088274965471,-1.5497820875349535
5243,0.00011915392259562528,7.989085373328386,-1.5497765362945626
5244,0.00011916633720093566,7.989083368777138,-1.549772819715391
5245,0.00011915730971072352,7.989081431447826,-1.5497690857352147
5246,0.000119224645341998,7.989078461452582,-1.5497635304469355
5247,0.00011927550118937476,7.989076397950485,-1.5497598240607373
5248,0.00011932936997981807,7.989074505329077,-1.5497561270621034
5249,0.000119356068648596,7.989072471643282,-1.5497524033551158
5250,0.00011935981777345114,7.989070551511047,-1.5497486901930126
5251,0.00011946917133915827,7.989068522994312,-1.5497450101194143
5252,0.00011951978200853142,7.9890665500321445,-1.5497413116749537
5253,0.00011953121056384176,7.989064554081017,-1.5497375887902438
5254,0.00011956489564327701,7.989062621691629,-1.5497338817766553
5255,0.00011958029358990514,7.989060622840929,-1.5497301558924441
5256,0.0001196298579436893,7.9890586753487955,-1.5497264548515184
5257,0.00011967338140457541,7.989057688048131,-1.549724610952883
5258,0.00011968609118874712,7.989056638665171,-1.5497227552503194
5259,0.00011971806538848398,7.989055601806773,-1.5497209048638174
5260,0.00011974272730686975,7.989054672950086,-1.5497190585868705
5261,0.0001197780741213328,7.989053691051892,-1.5497172101058263
5262,0.00011982276032538454,7.989052664689895,-1.5497153646252766
5263,0.00011985305379212167,7.98905076008129,-1.549711657604556
5264,0.00011988412012505924,7.989048745834964,-1.549707944173497
5265,0.00011988179902116497,7.989046765820549,-1.5497042184595446
5266,0.00011991174081099122,7.989044762850769,-1.5497005068861058
5267,0.00012006881063401632,7.989042827654325,-1.5496968570706606
5268,0.00012014989175770196,7.98904081735443,-1.5496931695704659
5269,0.00012010098498167601,7.989038808109871,-1.5496894256518634
5270,0.00012009210983831367,7.989036900505567,-1.549685696089252
5271,0.00012008076553264845,7.989035841529705,-1.5496838258770969
5272,0.00012008793201349485,7.989034858925309,-1.5496819634318284
5273,0.00012018002570565067,7.989032933302152,-1.5496782795865804
5274,0.00012026419106914821,7.989030880328737,-1.5496745919348125
5275,0.00012030276405068221,7.989029962590007,-1.5496727521218396
5276,0.00012034242498893286,7.989027960526395,-1.549669038484109
5277,0.00012034800822451218,7.989025998903339,-1.549665316925801
5278,0.00012035079015446326,7.989023981103816,-1.5496615914027212
5279,0.00012039786787764595,7.989022028824721,-1.5496578892816113
5280,0.0001204738021536416,7.98902003535839,-1.5496541970264368
5281,0.00012052416662902244,7.989018083672456,-1.5496504972549165
5282,0.00012055463508978569,7.98901607869275,-1.5496467824452358
5283,0.00012056435211199007,7.989013145635919,-1.549641193976566
5284,0.00012069609152992925,7.9890110964754815,-1.5496375291194235
5285,0.00012080063507676408,7.989009161559446,-1.549633862455954
5286,0.00012081622161383163,7.989007120700866,-1.549630141013072
5287,0.0001207667385526183,7.989005241377445,-1.5496263975395386
5288,0.00012076222431659004,7.989003197282127,-1.5496226650962752
5289,0.00012085199051152396,7.989001218322854,-1.5496189757771013
5290,0.0001208689544047122,7.989000257996318,-1.5496171267701158
5291,0.00012095182564202189,7.988998200989378,-1.5496134369903474
5292,0.00012098865510265221,7.988997287896975,-1.5496115957612588
5293,0.0001210368384200405,7.988995275505028,-1.5496078854351636
5294,0.00012100092472506405,7.988994288413512,-1.54960600828982
5295,0.00012100853840293339,7.988992373410526,-1.549602284589503
5296,0.00012112013760301323,7.988990316607578,-1.5495986084503006
5297,0.00012116860941335428,7.988989388410277,-1.5495967736636054
5298,0.00012122345428137951,7.988987365712881,-1.5495930687057071
5299,0.00012119253258898228,7.988985421337665,-1.5495893332724222
5300,0.0001212106974484254,7.988983447019378,-1.5495856100481518
5301,0.0001212363303851007,7.988981439111259,-1.5495819017536523
5302,0.00012139088768590054,7.988978392098367,-1.5495763804690719
5303,0.00012147796082370748,7.988976514129495,-1.5495727016296144
5304,0.00012152617079621528,7.988973530237046,-1.5495671370768447
5305,0.00012149206857172167,7.988971595618646,-1.5495633920993577
5306,0.00012149703864812576,7.988969535452888,-1.5495596680335542
5307,0.00012157184583891642,7.988967609434832,-1.5495559780569246
5308,0.00012165082185557497,7.988965564621402,-1.5495522861374502
5309,0.00012169365035885016,7.988963673405619,-1.5495485793779824
5310,0.00012170135501278935,7.988961636748163,-1.5495448553034539
5311,0.00012172007083558747,7.988959697531602,-1.5495411423336407
5312,0.00012176505274182046,7.988957630944966,-1.5495374307359284
5313,0.00012182191029009256,7.988955748924171,-1.549533738170925
5314,0.00012192656071228976,7.988953709525315,-1.5495300558813823
5315,0.00012193994596992255,7.988951790293401,-1.5495263353465962
5316,0.00012192609735329682,7.9889497201728235,-1.549522599599171
5317,0.0001219904034892127,7.988947820528187,-1.5495189062823491
5318,0.0001220907560757601,7.988945771433469,-1.5495152242346248
5319,0.00012214160037080579,7.9889438474880805,-1.5495115214783781
5320,0.000122146440430492,7.988941805012072,-1.549507800172516
5321,0.00012218470535674812,7.98893992581806,-1.549504090500411
5322,0.00012220460480821674,7.988937878012172,-1.5495003716744569
5323,0.00012227422476039133,7.988935938527152,-1.5494966781234893
5324,0.0001222801445025285,7.9889349409744685,-1.549494821698245
5325,0.0001223075871164171,7.988933863211084,-1.5494929702626516
5326,0.0001223686892210504,7.988931965679014,-1.5494892766167556
5327,0.00012240954054785775,7.988930936388416,-1.5494874305321475
5328,0.00012243582354690307,7.9889299503570355,-1.5494855770482943
5329,0.00012244254588325215,7.988928075553115,-1.5494818575677678
5330,0.00012245928604927262,7.988926002725959,-1.5494781374804067
5331,0.0001224847948875118,7.9889240770651275,-1.5494744244629524
5332,0.00012256850579371248,7.988922045440125,-1.5494707351980763
5333,0.00012269052963819033,7.98892014837745,-1.549467071503484
5334,0.0001226967622028222,7.988919123207941,-1.5494652018509525
5335,0.00012259804523062593,7.9889180562235005,-1.5494632922695475
5336,0.00012244417224746546,7.988916101204922,-1.5494594894880203
5337,0.00012252059647703775,7.988914051149779,-1.5494557858637317
5338,0.00012277731810208256,7.988912177173317,-1.549452176095451
5339,0.00012290802442072423,7.988910199322317,-1.5494485111428042
5340,0.000122901004414344,7.988908219293762,-1.549444788883784
5341,0.00012288947480107166,7.988907245776036,-1.5494429207296843
5342,0.00012285202567349486,7.988905180643418,-1.5494391759329322
5343,0.00012286593158953584,7.98890329938706,-1.5494354620609319
5344,0.00012302272144371827,7.988901237458566,-1.5494317999886769
5345,0.00012315241355486333,7.988899341986472,-1.5494281382247355
5346,0.0001231204893068488,7.988896300388557,-1.5494225309898526
5347,0.00012296353105627688,7.988894362038085,-1.5494187318662986
5348,0.00012305661185732606,7.988892292261217,-1.5494150403281945
5349,0.00012327309127701134,7.988890422271075,-1.5494114162158958
5350,0.0001233738448656376,7.988889457598544,-1.549409595641177
5351,0.00012328370877194803,7.9888874173249755,-1.5494058347420132
5352,0.00012320298605511946,7.988885451059122,-1.5494020737018686
5353,0.00012333548825202724,7.9888834334842285,-1.5493983988643858
5354,0.00012348569880264222,7.988881491554201,-1.549394748446981
5355,0.00012359890867278794,7.9888795067535,-1.549391077229811
5356,0.0001235699598329727,7.988877544902484,-1.5493873462956362
5357,0.00012355458020220847,7.988875545187774,-1.5493836129185383
5358,0.00012351887269238776,7.988873613273653,-1.5493798638094312
5359,0.0001235461602105042,7.98887257646323,-1.5493780129241688
5360,0.0001236096448435663,7.988871564282196,-1.5493761760270455
5361,0.00012372123878310074,7.988869617822834,-1.5493725059412775
5362,0.00012382785237686236,7.988867622628088,-1.5493688320190206
5363,0.00012383682967034227,7.988865704059309,-1.5493651106223778
5364,0.00012374543228321934,7.9888636338947885,-1.5493613420045476
5365,0.00012370806198863977,7.988861719024948,-1.5493575997569564
5366,0.00012388845368007919,7.988859686885695,-1.5493539466699977
5367,0.00012404761914268546,7.988857767194116,-1.5493502984828549
5368,0.00012410379445630272,7.988855766190878,-1.5493465996029172
5369,0.00012395163128103653,7.9888537370156225,-1.5493427980411254
5370,0.00012380150194878854,7.988851788454019,-1.5493390020425428
5371,0.00012400025167957177,7.988849796829383,-1.5493353621387296
5372,0.0001243377478054806,7.988847908694514,-1.5493317907351412
5373,0.0001243289421041516,7.988845868946462,-1.549328064857217
5374,0.00012406031077302998,7.988843909832502,-1.5493242200780966
5375,0.00012411519807785528,7.9888418578773654,-1.5493205098197713
5376,0.00012434941838245978,7.988839910832792,-1.5493168902606629
5377,0.00012451471793207248,7.9888379533248255,-1.5493132438070318
5378,0.00012440432706476597,7.9888359685198695,-1.5493094689684634
5379,0.000124236105687029,7.9888339652065055,-1.5493056629476631
5380,0.0001243554103966169,7.988832012665815,-1.5493019860932593
5381,0.00012460435647821105,7.9888300360794755,-1.549298371744497
5382,0.0001246435445274677,7.988828077062383,-1.5492946671722703
5383,0.00012449790032915237,7.988826042226451,-1.549290870308992
5384,0.00012454047734855478,7.988824096295813,-1.5492871596703075
5385,0.000124675137302115,7.988822103606975,-1.5492834921493126
5386,0.0001247985583572301,7.988820193236502,-1.54927982512809
5387,0.00012484088623301328,7.9888182107238785,-1.549276123816841
5388,0.00012485526098788706,7.9888162118664265,-1.5492724041838983
5389,0.00012489161182485336,7.988814221244362,-1.5492686986255497
5390,0.00012494860073208557,7.988812275348823,-1.5492649992693694
5391,0.00012498241338859022,7.988810271569952,-1.5492612897249496
5392,0.00012504154701100208,7.988808311087187,-1.5492575913167554
5393,0.0001250402841094188,7.988806325320969,-1.5492538656407104
5394,0.00012505327114770132,7.988805285145446,-1.549252005151607
5395,0.00012507858610347693,7.988804343008591,-1.5492501618209558
5396,0.00012515755283751045,7.9888033792490205,-1.5492483304860551
5397,0.0001251896493062527,7.988802383051292,-1.5492464858022068
5398,0.00012524873360141362,7.988800345697568,-1.549242788555163
5399,0.0001252592190100001,7.988798417123979,-1.5492390696414544
5400,0.00012530034505433716,7.988796419953327,-1.5492353649202522
5401,0.000125312567021592,7.988794489178352,-1.5492316406228959
5402,0.00012535398069796243,7.988792455404401,-1.5492279298942973
5403,0.00012538069501974222,7.988790498476786,-1.5492242173027841
5404,0.0001254472365064261,7.9887884736927175,-1.5492205236804606
5405,0.00012552844297928728,7.98878653282375,-1.5492168307442504
5406,0.0001255150834922723,7.9887845627721825,-1.5492131032052747
5407,0.00012556554570234985,7.9887825722509085,-1.5492093995335634
5408,0.00012570095204174315,7.988779634895351,-1.5492038791480471
5409,0.00012571944935131987,7.988778611345792,-1.5492020242994733
5410,0.0001257131558146509,7.98877660083153,-1.5491982933237127
5411,0.00012573150255245947,7.988774695318919,-1.5491945764141648
5412,0.00012584979715958087,7.988772647486032,-1.5491909054249928
5413,0.0001258900793339898,7.988770701024066,-1.5491871995888273
5414,0.000125867589677445,7.988768647516816,-1.5491834628958212
5415,0.00012587071961795072,7.988767731047114,-1.5491816044705
5416,0.00012596881408774238,7.988765786791383,-1.5491779224841142
5417,0.00012608133071599365,7.988763755556842,-1.5491742475249133
5418,0.00012601576554773322,7.988761781376761,-1.5491704972164164
5419,0.00012599044515266422,7.988759792655354,-1.5491667564851674
5420,0.0001260689214713496,7.988757860627336,-1.5491630617069203
5421,0.0001262018531804791,7.988755856572837,-1.549159399448328
5422,0.000126262051410894,7.988753901489008,-1.5491556999568734
5423,0.00012624695569582388,7.98875189389979,-1.5491519691775193
5424,0.00012622036377403167,7.988749972140344,-1.5491482275310993
5425,0.00012630607134663343,7.98874789055753,-1.5491445388200966
5426,0.0001263886506966733,7.988745958693318,-1.5491408567130007
5427,0.00012643503244313148,7.988744906090377,-1.5491390149868804
5428,0.00012652850927019347,7.988743007162802,-1.5491353399961152
5429,0.00012654947872535468,7.988742031205345,-1.5491334863838322
5430,0.00012650967284228036,7.988739991796721,-1.5491297391296206
5431,0.00012653253668228919,7.988738089689108,-1.5491260247567482
5432,0.00012665513770863523,7.988736044739167,-1.5491223552037932
5433,0.0001266981148248153,7.98873410101081,-1.549118650535111
5434,0.0001266771997163412,7.988732050071884,-1.549114914794073
5435,0.00012668077982917042,7.98873113483981,-1.5491130567683822
5436,0.00012672161099603672,7.988729172992889,-1.549109343521464
5437,0.00012676222170875004,7.988727176871079,-1.5491056429323489
5438,0.00012687930993311174,7.988725203712932,-1.549101969636408
5439,0.00012694228987062434,7.988723153525485,-1.54909827467272
5440,0.00012691639310072146,7.988721239731973,-1.5490945388908723
5441,0.0001269170273975293,7.988719230156327,-1.5490908086521256
5442,0.0001270359618002696,7.988717319983003,-1.5490871405503397
5443,0.00012713242475312868,7.988715251731515,-1.5490834608515296
5444,0.0001270884463140213,7.9887133163222295,-1.549079713080822
5445,0.00012700170305446018,7.9887112742290505,-1.5490759396434246
5446,0.00012698814948430736,7.988709342772121,-1.5490722010880935
5447,0.0001271501388084332,7.988707349447795,-1.5490685440134262
5448,0.0001273454540995986,7.9887054032852465,-1.5490649155258303
5449,0.00012736424422706314,7.98870337779153,-1.5490611970294645
5450,0.00012725617845428292,7.9887014408214645,-1.5490574241703785
5451,0.00012728027097401874,7.988699451287087,-1.5490537024734639
5452,0.00012737703011405765,7.988697481276107,-1.5490500209100633
5453,0.00012748545693778981,7.988695464807371,-1.5490463421241794
5454,0.00012752309985439541,7.988693584837418,-1.5490426373056252
5455,0.00012754458126767922,7.988691527547174,-1.5490389206560249
5456,0.0001276625487869814,7.988689600570698,-1.5490352560394225
5457,0.00012772852865849558,7.988687557107802,-1.549031562348427
5458,0.00012772159802777616,7.988685599051553,-1.5490278367968904
5459,0.00012770565406225608,7.988684649379534,-1.5490259648996543
5460,0.0001277055644049579,7.988683607152675,-1.5490240985864177
5461,0.00012773732127057446,7.988682635486922,-1.5490222518938705
5462,0.0001278042031209533,7.9886816887744985,-1.5490204210645235
5463,0.00012789417115339715,7.988679704642076,-1.549016737174645
5464,0.00012789157199466798,7.988677674733166,-1.5490130115469263
5465,0.00012787525613234375,7.988675746380063,-1.549009277904102
5466,0.00012789670662119408,7.988673710072666,-1.5490055559253366
5467,0.00012793909223010708,7.988671762469947,-1.549001853278278
5468,0.00012808814640564794,7.98866975736343,-1.5489981931664711
5469,0.00012813510146757412,7.988668831180257,-1.5489963572552772
5470,0.00012818353685415074,7.988666813020746,-1.5489926507917708
5471,0.00012820268339627664,7.9886648570581045,-1.5489889434468753
5472,0.00012819755472294678,7.988662863242116,-1.5489852082492637
5473,0.00012818672018880846,7.988660888877408,-1.5489814793250698
5474,0.00012827889911779523,7.988658926274539,-1.5489777938142555
5475,0.0001284094858329688,7.988656915174584,-1.5489741299498274
5476,0.00012843899962881606,7.988654950738363,-1.5489704227680217
5477,0.0001284423121997723,7.988652937825752,-1.5489667024714744
5478,0.000128438382018544,7.988651026355446,-1.5489629712055195
5479,0.0001284739965865298,7.98864899902035,-1.5489592598357746
5480,0.00012853748730569058,7.988647065866172,-1.5489555634505323
5481,0.0001285822125079184,7.988645039162261,-1.548951858326898
5482,0.00012861648686737556,7.988643085450469,-1.5489481472842488
5483,0.00012862586576574162,7.988641077368191,-1.54894442068797
5484,0.00012871206750509042,7.988639148847343,-1.5489407356091849
5485,0.00012879216771509422,7.988637093178433,-1.5489370472937691
5486,0.00012884507428291374,7.988635184296565,-1.548933351572823
5487,0.0001288716666228405,7.988633144147869,-1.548929633485505
5488,0.00012886445394662084,7.988631236326394,-1.5489259027746975
5489,0.00012883655238622352,7.988629181220668,-1.5489221608308612
5490,0.0001289268953248428,7.988627248724754,-1.54891847766894
5491,0.00012900344983269246,7.988625194997233,-1.5489147829209584
5492,0.0001290841770813284,7.988623331228685,-1.5489110933513652
5493,0.00012909671731136025,7.988622344210217,-1.5489092381195433
5494,0.00012913270183356797,7.988621284374409,-1.548907390784552
5495,0.00012915627502583797,7.988620325583826,-1.5489055384141366
5496,0.0001291702282644998,7.988619355990089,-1.5489036812061376
5497,0.0001291552572428097,7.988618372724876,-1.5489018150472313
5498,0.0001291837020322018,7.98861635901903,-1.5488981017877892
5499,0.00012929664214779107,7.988614444298014,-1.5488944300956244
5500,0.00012941643329078675,7.988612361511098,-1.548890763924065
5501,0.00012940324618605992,7.988610434568798,-1.5488870342043244
5502,0.00012926126260268236,7.988608400870584,-1.548883234454828
5503,0.00012921903534896326,7.988606443448753,-1.5488794865994095
5504,0.00012940867073825917,7.988604471678584,-1.548875839766223
5505,0.00012964299745884975,7.988602515953773,-1.5488722291268546
5506,0.00012962509241819928,7.988600486837008,-1.5488684947064304
5507,0.00012948023114245263,7.988598546061697,-1.548864702980389
5508,0.0001295055924477059,7.988596550294837,-1.5488609789535437
5509,0.000129718004014271,7.988594608777284,-1.5488573669052128
5510,0.00012980608899627224,7.988592649189152,-1.5488536791770373
5511,0.00012982561521983203,7.988590634677761,-1.5488499617783666
5512,0.0001297988108378595,7.988588686370532,-1.5488462227692505
5513,0.00012980997813854313,7.988586677580453,-1.5488424973455708
5514,0.00012986825407979418,7.98858571403777,-1.5488406625280293
5515,0.00012996131580746077,7.988583697111927,-1.5488369768634023
5516,0.00013001403258105886,7.988581744994535,-1.5488332713442348
5517,0.00013000043412775852,7.988580796591068,-1.5488314091431632
5518,0.00013001522616541925,7.988579749692367,-1.5488295500741935
5519,0.0001300764983912855,7.988577788944561,-1.548825849846212
5520,0.00013009793470773707,7.988575775191692,-1.5488221371188404
5521,0.00013015671677723891,7.988573869873666,-1.5488184407806938
5522,0.00013019176383372884,7.9885718560864705,-1.5488147238961139
5523,0.0001302206479890166,7.988569877480681,-1.5488110126659356
5524,0.0001302213474594943,7.9885678765435575,-1.548807281324486
5525,0.00013025025814965803,7.988565939677069,-1.5488035683113068
5526,0.00013039516883554188,7.988563934567164,-1.5487999084520954
5527,0.000130476530551881,7.988562904259896,-1.548798083677758
5528,0.00013053480975988728,7.988561960374228,-1.5487962519383685
5529,0.0001305717617380044,7.988559987184269,-1.5487925497561765
5530,0.00013050962007841888,7.988558969643973,-1.5487906595031475
5531,0.00013041163069717638,7.988556997908727,-1.5487868831446696
5532,0.0001304535340780702,7.988555023290862,-1.548783168443739
