index,x,y,orientation
0,0.9999996125975888,0.9999997135376176,1.5700001565924002
1,1.000000526035277,1.0000176400134901,1.5700017818505618
2,1.0000018407178368,1.000062146026751,1.5700051138369666
3,1.0000027211096674,1.00009599493665,1.5700088137421104
4,1.000003680584787,1.0001167447261232,1.5700138202455411
5,1.000004675381807,1.0001242322907171,1.5700194848937208
6,1.0000051725250123,1.0001229971550594,1.5700223864565155
7,1.0000056639389747,1.0001184400064471,1.5700252483073882
8,1.0000061463557812,1.0001105591456232,1.5700280112475984
9,1.0000066171146629,1.0000993531318434,1.5700306201655405
10,1.0000067083836823,1.000085645579276,1.5700328540546034
11,1.000006088710406,1.000073110392931,1.5700345283825774
12,1.000005835996673,1.0000638839700506,1.5700359830075818
13,1.000005680989916,1.0000583174292732,1.5700373372056267
14,1.0000056834511308,1.0000569382088706,1.5700398216254896
15,1.000005971887364,1.0000679487436355,1.5700423594586472
16,1.000008722499439,1.003252686374821,1.570031876098734
17,1.000014181586259,1.011082376873113,1.5700042417147564
18,1.0000245705690072,1.0235212997194478,1.5699759179968473
19,1.0000386945203776,1.040504743505721,1.5698997578556615
20,1.0000654884163311,1.0604740600678426,1.567954837090675
21,1.0001782300297797,1.0809100962626028,1.559903833063006
22,1.0004800177260076,1.1013456680579057,1.5499046334549615
23,1.0009918333523282,1.1217751885916705,1.5392075749392546
24,1.0017234242453676,1.1421919159235636,1.5280779340107458
25,1.002685278278099,1.162598199660256,1.5166770037373043
26,1.0038842583120728,1.182996885949223,1.505109269683309
27,1.005317222213491,1.2033837566179697,1.4934393693318755
28,1.0069882817873916,1.2237509000461786,1.4817042358502936
29,1.0089007392840097,1.2440944928569384,1.4699285469940782
30,1.0110522469193886,1.264413525610306,1.4581228698129887
31,1.014725256278471,1.294843293516089,1.4403829920665618
32,1.0174782776417493,1.3150912751858284,1.4285424777726459
33,1.0204693315080817,1.3353048097378166,1.4166870593055687
34,1.0236954834660301,1.355481392474544,1.404823231595348
35,1.0271647358993992,1.3756171347668131,1.3929481212481132
36,1.0308753265265267,1.3957098103876657,1.381142581799866
37,1.0368691383899447,1.425765234650408,1.3642131024183284
38,1.0411436587650655,1.4457424537551262,1.3532697520772223
39,1.0433645146470898,1.4557126936942297,1.347861822612348
40,1.0456390043463324,1.465670352017809,1.3424836893912235
41,1.0479677580554758,1.475615507270625,1.3371256794809014
42,1.050347419983409,1.4855488105108925,1.331785392740176
43,1.052778911501583,1.4954697510402122,1.326458890379893
44,1.0552631398584351,1.5053770683811198,1.3211411070166181
45,1.0603921685725257,1.5251500097562183,1.3105236752080178
46,1.0630364753129267,1.535015584727098,1.3052231257190978
47,1.0657326691497782,1.5448667267669967,1.3000228431537715
48,1.0712728560407083,1.5645269269258617,1.2901066610265326
49,1.074113245978555,1.5743364886674067,1.2853253664773128
50,1.0770024346416762,1.5841315469869341,1.280628058316427
51,1.0829187615558455,1.603679673918821,1.2714247385700261
52,1.0859442407679154,1.6134327802914963,1.2668900063827302
53,1.0890120771678637,1.6231727660733293,1.262388708891664
54,1.092122639142251,1.6328988155504207,1.2579128419997345
55,1.0984765208529654,1.6523075128542801,1.2490146173633543
56,1.1050038223375136,1.671658131725501,1.2401656943654442
57,1.1117018350579173,1.6909505305557146,1.2313443864433828
58,1.118567747516304,1.7101836119159208,1.2225381454259612
59,1.12560329872029,1.7293550842999537,1.2137384603821861
60,1.1328078614044368,1.7484633737778223,1.2049406316519164
61,1.1401809072180271,1.7675074290811885,1.1961415662294546
62,1.1477183413106085,1.7864859005336038,1.1876974355573633
63,1.1554111252352413,1.8054007229042026,1.179790616763902
64,1.1632497866946478,1.8242542913871989,1.1722252152266324
65,1.171229640029152,1.8430480579673758,1.164877980560698
66,1.183454649128061,1.8711279042534712,1.1540990958996709
67,1.1917713484067556,1.8897742337273928,1.1470078697191568
68,1.2002171304433846,1.9083612748890397,1.1403135634351211
69,1.2087830657395755,1.9268923184607587,1.1341831561884503
70,1.2174590364475302,1.9453710829351922,1.1284156268013732
71,1.230667569822637,1.972995990878025,1.120175563739287
72,1.239597373892668,1.9913521145789883,1.1148941416410796
73,1.2486209896578475,2.0096614304998996,1.1099675949392127
74,1.2577325263771617,2.0279265710418377,1.105306863277422
75,1.2623198739819077,2.03704317277615,1.1030456221484628
76,1.266927707879369,2.046149198033627,1.1008185525413092
77,1.2715555962663987,2.055245001915332,1.0986192859467074
78,1.2808712256470358,2.073405901777878,1.0942829335290691
79,1.2902647446215378,2.0915265001066183,1.090005288048202
80,1.2997348402085425,2.1096071389308095,1.0858530558326829
81,1.309278575087152,2.1276487266406616,1.0818587150755492
82,1.3188934840854558,2.1456520572629527,1.0779675445143024
83,1.328578070606623,2.1636178661581766,1.0741442498212188
84,1.3383306724343678,2.1815465814743167,1.0703652676635753
85,1.3481506018995875,2.1994385680078343,1.0666158436128534
86,1.358037134231848,2.2172935559653397,1.0628861092455084
87,1.367989436088312,2.2351116595998435,1.0593418537389891
88,1.3780023893348528,2.252894862940332,1.0560700550683817
89,1.3880719379002602,2.2706458426929435,1.0529767872084899
90,1.398195239517071,2.2883660774809296,1.0500008958102764
91,1.4083709097479482,2.3060564189713135,1.0471025588528156
92,1.4185960686419747,2.323717450751528,1.0444271637836184
93,1.428866049683646,2.341351781933771,1.0420490949774368
94,1.4391760726620968,2.3589620645684177,1.0398664909839537
95,1.44952361484423,2.376550324435912,1.0378128381721274
96,1.459906288906963,2.394117483149582,1.0358443901525034
97,1.470323143086188,2.4116643229611445,1.0339323497225223
98,1.4755439439060651,2.420430201330178,1.032991241209294
99,1.4860099978903538,2.4379472817841012,1.0311758301937575
100,1.4965057863879196,2.455446076613646,1.0296509971864287
101,1.5070263896047456,2.4729297216719126,1.028352711183467
102,1.5175683066635615,2.4904002322268792,1.027203793646776
103,1.5281294041155111,2.5078587860342387,1.0261538370943533
104,1.5387083342054308,2.525306357172983,1.0251696536024515
105,1.5493039613313484,2.5427435337216258,1.0242293272512633
106,1.5546079530820878,2.5514584604788286,1.0237708805641943
107,1.559915850634244,2.5601709848671335,1.0233183549779445
108,1.5652275996728018,2.5688810853582753,1.0228706903872495
109,1.5705432076459567,2.5775887714860484,1.0224270309678625
110,1.5758627202588293,2.5862941448010046,1.021986663793403
111,1.5811860003963671,2.5949971260256794,1.0215489867059442
112,1.5918438724939272,2.612395933869611,1.0206799428263438
113,1.5971786464642315,2.621091917175027,1.0202479212017095
114,1.6025169555752579,2.629785611721935,1.019866710261058
115,1.6132018701515853,2.6471674500618994,1.0193518169852667
116,1.623893760132496,2.664544748343018,1.0190720020131057
117,1.6345889841414751,2.681919332459531,1.0189474156599543
118,1.6452855520627803,2.6992929390926435,1.0189256141239393
119,1.655981868186439,2.716666360657561,1.0189720070163752
120,1.6666770904224926,2.7340405680179947,1.0190636891812594
121,1.677370189948401,2.7514157144136524,1.0192081008329545
122,1.6880597039775498,2.768792836721124,1.0195071222786218
123,1.6987427974775402,2.786173349608347,1.019925506535753
124,1.7147523828887008,2.8122534863225286,1.0206918974728556
125,1.725413832798097,2.8296473413892804,1.0212600413150794
126,1.7360651833463125,2.8470474747605437,1.0218564089541042
127,1.7467058655758765,2.8644538337815164,1.0224717619197563
128,1.757335757724983,2.8818668329559425,1.023100057749454
129,1.7679545474813168,2.8992864460925016,1.0237371708079426
130,1.778562251924542,2.916712967682053,1.024380329334208
131,1.7891586770747243,2.9341461016540435,1.0250276393506503
132,1.799743784557634,2.951586173384992,1.025677694660014
133,1.810316896998647,2.9690331144791675,1.0264149005279142
134,1.8208762123139373,2.9864884175833226,1.027284430128795
135,1.8314196319146194,3.0039531563852537,1.0282411584426139
136,1.8419458839131775,3.0214283784836233,1.02925546848426
137,1.8524539383305447,3.038914205496812,1.0303079805672104
138,1.8629434060196157,3.056411145804513,1.0313859743291958
139,1.878641886785917,3.0826776931406723,1.0330330734474786
140,1.8890833308217652,3.1002032637553723,1.0341436083778683
141,1.9047087114001768,3.1265131675626225,1.0358201918481948
142,1.9099073588258586,3.1352889402795494,1.036380952638027
143,1.9151010955927803,3.1440675408941328,1.0369423775543722
144,1.9202899101993973,3.1528490952224435,1.0375043393449088
145,1.925473831056349,3.161633697104903,1.0380667525578473
146,1.9358267674335348,3.179211612539199,1.039192670669515
147,1.9461600025943455,3.1968013520885337,1.0403198339833393
148,1.9513191816437747,3.20560051778672,1.0409067016704903
149,1.9564730117361848,3.2144026239612176,1.041533816043689
150,1.9667634868697967,3.232016766444156,1.0428801099893539
151,1.9718995309505392,3.240829066922152,1.0435880470171008
152,1.9770292047551967,3.24964498583626,1.0443134490214798
153,1.9872691433863936,3.2672881377419634,1.0458041610385123
154,1.9974824655129053,3.284946539204406,1.0473326700329222
155,2.0076686196165707,3.302620440820103,1.048885974020359
156,2.017827189471079,3.320310202668276,1.0504555325680545
157,2.027957856174207,3.338015894192952,1.0520357454142668
158,2.03806055786465,3.3557379332313957,1.0536230379376343
159,2.0481350868912758,3.3734759316829503,1.05521511872291
160,2.0581813354259473,3.3912299397360552,1.05681055200537
161,2.068199193085532,3.408999825290873,1.0584084025120712
162,2.0781886685252227,3.426785780564109,1.060008095482843
163,2.0881496595527524,3.444587598437465,1.061609093831971
164,2.0980820409153274,3.462405442087908,1.0632109876049716
165,2.1079858462305046,3.480238965186352,1.0648134788971484
166,2.117861000809193,3.4980883263735834,1.0664163660080763
167,2.127707496479006,3.5159535335040246,1.0680195952857672
168,2.137525624017547,3.533834632888688,1.069623358566536
169,2.1473152256062633,3.5517314965732485,1.0712276621759558
170,2.152199150143855,3.5606858711845084,1.072029934494019
171,2.1619452159222297,3.578606281536606,1.073634836398764
172,2.171662474131423,3.5965422302368686,1.0752404277308956
173,2.18135114536182,3.6144936359096826,1.0768468769491217
174,2.191011071096301,3.6324606664150045,1.0784309188510248
175,2.195830495166157,3.641449913187274,1.0791712010704313
176,2.2006433910525156,3.6504426475631693,1.079878850758822
177,2.2054500035538918,3.659438823090998,1.0805601453665223
178,2.2102505679197204,3.668438336514675,1.081220176795051
179,2.2198342384413685,3.6864465179591477,1.0824921327846293
180,2.2293955241047105,3.7044669229705534,1.0837189643317757
181,2.238934918408537,3.722499071385784,1.0849165285676934
182,2.248452921801425,3.7405427622131193,1.0860951968513002
183,2.2532039996948434,3.7495687756288345,1.0866796954692703
184,2.262690337263078,3.767628928047255,1.0878420842223322
185,2.272155709657153,3.7857001527364735,1.0889985819003434
186,2.28160010913607,3.803782172934659,1.0901516107343736
187,2.2910237129817905,3.8218752563654896,1.091302639483403
188,2.3004265719590027,3.8399789101571957,1.092452541038499
189,2.309808674120233,3.8580934232681137,1.093578600177884
190,2.3191712952019565,3.8762181390916206,1.094567345028723
191,2.328516979367884,3.8943521674743833,1.0954491290626818
192,2.3378473278708896,3.9124942242616982,1.0962615566111218
193,2.3471634257692284,3.9306438119928426,1.097029084895695
194,2.3564658193198897,3.948800410146081,1.0977675966484282
195,2.3703945869079055,3.9760479868006335,1.0988429817976395
196,2.379664291635182,3.9942213540700178,1.099547400570286
197,2.3889212312719823,4.01240105431334,1.1002461349463806
198,2.398165495460414,4.03058732840468,1.1009412680857487
199,2.407397109760111,4.048779860509302,1.101634300897079
200,2.4166161519123066,4.066978923412079,1.102326294869631
201,2.425822583921626,4.085184287104615,1.1030179723257774
202,2.4350164179069753,4.103396332226673,1.103709691729884
203,2.4441978196423944,4.121614541232588,1.1044018190863691
204,2.453366738125682,4.139839182792024,1.1050712331623023
205,2.462524361495787,4.158069533255378,1.10560388819382
206,2.4716730844610244,4.1763047001171465,1.1060301383200999
207,2.4808145731079483,4.194543485806892,1.1063874951788892
208,2.4899500540851798,4.212785500850835,1.1067002401839345
209,2.499080068267276,4.231030107834946,1.1069841703759218
210,2.5082051832383696,4.249277392066581,1.1072496844177193
211,2.5127659152607396,4.258401909635376,1.1073777622292367
212,2.5173254754097067,4.267527085946649,1.1075035542748841
213,2.5218839043842562,4.276652882684662,1.1076275569113472
214,2.530997446696839,4.294906259592609,1.1078716559164674
215,2.5401065871527075,4.313161666473252,1.1081123790556515
216,2.5492113855618763,4.331419293013371,1.1083512975308591
217,2.5583116783473736,4.349678960514641,1.1085894703817214
218,2.5674077044840193,4.367940982314651,1.108827514051328
219,2.576499349639223,4.386204980171295,1.1090656631870572
220,2.5855866419075166,4.404471205037797,1.1093040259687887
221,2.5901286107391446,4.413605009521921,1.1094233515803393
222,2.599209389717342,4.431874357680555,1.1096624516318625
223,2.6037482495603483,4.441009934837309,1.1097589540809878
224,2.6128239696896793,4.459282281745895,1.1098381692411565
225,2.621899280497308,4.4775553046116165,1.109810885190252
226,2.63097574024468,4.495827775333694,1.1097147203297513
227,2.640054345305595,4.514099289341673,1.1095740872672646
228,2.6491356084649165,4.532369361247574,1.1094049507017936
229,2.6582202078286623,4.550637985842853,1.1092177225038442
230,2.667308377578835,4.568904747419156,1.1090187159472111
231,2.671853833175646,4.578037435874584,1.1089160828849625
232,2.6809475356843886,4.5963014018333475,1.1087065539856396
233,2.6900449843212604,4.614563443473564,1.1084932568453647
234,2.6991465998181257,4.632823654492142,1.1082623709133423
235,2.7082529000296898,4.651081664699815,1.1080068292626484
236,2.717363855885702,4.6693374911184735,1.1077353542452106
237,2.726479560154226,4.687590739824851,1.1074537492948193
238,2.7356005490924074,4.705841460231101,1.107166038080635
239,2.744726914580099,4.7240893347048765,1.1068748592726612
240,2.753858869147745,4.742334603670253,1.1065818149581732
241,2.7675664220052303,4.769697436743965,1.1061402404272267
242,2.781285756279776,4.797054255149141,1.1056977777898824
243,2.7950177708560537,4.824404963351505,1.105256112349893
244,2.8087617314837603,4.8517498213504355,1.1048155774178536
245,2.817930963309629,4.8699763479728455,1.1045226435316502
246,2.8271055367460654,4.888200182008462,1.1042304886111733
247,2.8362853081817283,4.906421251029213,1.1039392321946246
248,2.8454705407707053,4.924639736227893,1.103648988017969
249,2.8546610544524547,4.942855420036339,1.1033596092602165
250,2.859258262946098,4.951962239176135,1.103215184938303
251,2.8638568184950164,4.961068424086293,1.1030709319735172
252,2.873057770296623,4.979278724423163,1.1027829558124358
253,2.8776602161491716,4.988382898493625,1.1026392599018808
254,2.8822639465215936,4.9974865018220385,1.1024957544257203
255,2.891475384408714,5.015691720039445,1.102209400455767
256,2.900692108310098,5.033894314050822,1.101923884072121
257,2.909914086558733,5.052094273717431,1.1016391676012327
258,2.9191410706630427,5.070291506683392,1.101355242362683
259,2.928373249644406,5.088486249723031,1.1010722643375113
260,2.937610577491365,5.106678212318589,1.1007903054753105
261,2.9468530982233783,5.12486766466019,1.1005092250091424
262,2.956100593124572,5.143054344173868,1.1002288334514039
263,2.9653532511500527,5.161238546096008,1.099949111914485
264,2.9746108507063327,5.179420105638805,1.0996700659190306
265,2.9838736885182042,5.197599272421092,1.0993918348672977
266,2.9931415956921015,5.2157757848990585,1.0991143935530123
267,3.002414602031743,5.233949788214632,1.0988376950702838
268,3.016333226006722,5.26120589423858,1.0984240616670538
269,3.030263290100277,5.288456231798611,1.098012582711514
270,3.039556189485251,5.306619883698784,1.0977393547893313
271,3.048854011101536,5.324780996096771,1.097466813291905
272,3.0581567195089447,5.3429395336397825,1.0971948859915859
273,3.0674643489870426,5.361095610471876,1.096923617646507
274,3.0767769573436032,5.379249151696121,1.0966531174900402
275,3.0860946365439728,5.397400311062509,1.0963833926760802
276,3.1000801103458175,5.424622270193703,1.0959800564243156
277,3.114076486173111,5.4518385229101405,1.0955784982202326
278,3.123413555312595,5.469979644432708,1.095311938632897
279,3.132755368992536,5.488118116282806,1.0950462212685899
280,3.142102093019366,5.5062541861103504,1.0947812118581304
281,3.151453449745596,5.524387589001149,1.0945167811405485
282,3.1608096476432115,5.542518738899896,1.0942529649127235
283,3.170170634305599,5.560647340294296,1.0939898684276899
284,3.1795365784822214,5.57877362522981,1.0937275204881494
285,3.1889071351352536,5.596897346793157,1.0934658170567513
286,3.1982823873379247,5.615018790336835,1.0932047633515796
287,3.212354055346275,5.6421960862563365,1.0928147320743478
288,3.2217411657546813,5.660311329151817,1.0925558149665338
289,3.23113292247941,5.678423996454454,1.0922976686184787
290,3.2405293550317142,5.696534317339818,1.0920401395981232
291,3.2499303002065196,5.714642075413554,1.0917831561876064
292,3.2593359368622936,5.732747606134429,1.0915267739919519
293,3.2687462711038178,5.750850650315931,1.0912711029554003
294,3.278161372797097,5.768951442573221,1.091016125362812
295,3.287581024795343,5.7870497123932125,1.0907618023242962
296,3.297005266333011,5.805145664846444,1.0905081587046734
297,3.3064339664458617,5.823239139621895,1.0902552799424947
298,3.315867198318954,5.841330314912923,1.090019056168307
299,3.3253044665813136,5.859419214817216,1.08980772634503
300,3.33474544232924,5.877506201125409,1.0896127544271619
301,3.3489132366208443,5.904633135072808,1.0893394435508106
302,3.3630882231801893,5.9317564692430516,1.0890798573484362
303,3.3772702696285406,5.958876348327584,1.0888282467402632
304,3.3914590678529053,5.985992486248596,1.0885815633449696
305,3.405654520921944,6.013105029700523,1.088338399814174
306,3.4151217576035595,6.031178302877846,1.0881777758697333
307,3.429327930868605,6.058285208351962,1.0879385321054638
308,3.4435406911412523,6.08538859562616,1.0877009110491844
309,3.457759788206274,6.11248880202868,1.0874646786496265
310,3.4719853982352182,6.139585666534195,1.0872299463503599
311,3.486217377035478,6.166679179905262,1.0869966437434138
312,3.4957088678493498,6.184739711980986,1.0868419820113984
313,3.50522664183796,6.202808289260219,1.084059150412385
314,3.5147903517310475,6.220833461144913,1.0820454126125258
315,3.5290938470433284,6.247875750528741,1.088350942012086
316,3.543184804358205,6.275022180765736,1.097023556458884
317,3.5524419090191643,6.293189336541353,1.1033015645120652
318,3.5615821122757505,6.31141468094506,1.1099234326847622
319,3.570595846047703,6.329701380741058,1.117322057489671
320,3.579469107411884,6.348054836783049,1.1253057846134884
321,3.5881917384103295,6.3664792359549445,1.133668256728472
322,3.6009803378797263,6.394252392863977,1.146641864641861
323,3.6093040924604995,6.412858961554661,1.155459700555215
324,3.621479791477684,6.440904642430831,1.168801880953402
325,3.629387772837037,6.459690874873728,1.1777380112352351
326,3.633187887252482,6.468891392974878,1.1822130391295136
327,3.6406369024488368,6.487271837009564,1.1911657505972435
328,3.6479201027412462,6.5057158101548715,1.2001188071544917
329,3.6550378360035167,6.524223542238835,1.2090708428417278
330,3.6619895056961185,6.542794116839319,1.2180206573464911
331,3.6685307212132923,6.5607871743872925,1.2290318526598858
332,3.674745418385857,6.578518544409716,1.240792793618976
333,3.680758773980592,6.596317710783161,1.2513427268431672
334,3.6865896538287144,6.614178569258919,1.2611205756060766
335,3.6922498916224114,6.6320955214561845,1.2704066788580368
336,3.6974996477116697,6.649279905843151,1.28066575964218
337,3.7050167581227016,6.675053822833661,1.2952717908061002
338,3.7098247798134714,6.692294585611597,1.3043673901256039
339,3.7144777319571625,6.709578609388285,1.3131661662373786
340,3.7188053613618783,6.726257170940447,1.3231498609652548
341,3.7249611427831577,6.7512619468000254,1.3376854313051696
342,3.7307629343166075,6.77635095222412,1.3513714181682641
343,3.7344367175422244,6.793096238678557,1.3602522366570071
344,3.7379561791786657,6.809842076526643,1.3690509143271328
345,3.7429594274162836,6.835016890174637,1.3821690655056862
346,3.7461113984894503,6.85183527459072,1.39088645029709
347,3.749051033696188,6.868313855519756,1.3996322553431075
348,3.751841775533689,6.884789856183037,1.4084302605267405
349,3.754448941738662,6.901048804214619,1.417264362934428
350,3.756864622102555,6.917018048284779,1.4261260898921893
351,3.759138005679829,6.933005770106411,1.4350073193463964
352,3.761262293117138,6.948961454101407,1.4439285710453569
353,3.7632436967484226,6.9649313722891195,1.4528987764450656
354,3.7650812608109807,6.980918298679101,1.4619028335499025
355,3.7667743932748117,6.99692087873373,1.4709315440455806
356,3.7684325837908306,7.013958072637877,1.4776312976871995
357,3.7700438832621725,7.031065058429146,1.473016981229344
358,3.7718055521809406,7.0478571949656565,1.4535862839916436
359,3.773915551449638,7.064602737329221,1.4321210808623812
360,3.776385626162108,7.081297063527861,1.4107072573028128
361,3.7777545559512347,7.089623011702059,1.400002652034562
362,3.779165056252779,7.097610282849684,1.387408690990015
363,3.780668669505384,7.105536074590913,1.3718210432897397
364,3.782299284050097,7.113439897664482,1.3546342475753141
365,3.78406519698272,7.121313315810475,1.3372933767898818
366,3.7859644058589246,7.129153062090154,1.3209719633315202
367,3.787988783598006,7.136959952679298,1.3063926792913076
368,3.7901294365553935,7.144746267013477,1.2929486059481348
369,3.7923725904407686,7.1525038125772396,1.279815682938876
370,3.797070910240918,7.167636158864341,1.2540215837483897
371,3.8021483221595576,7.18261882516316,1.2285251123552055
372,3.807604505702447,7.19746498791623,1.203190415138961
373,3.8123608445012187,7.209511182757189,1.1803821854893495
374,3.8165954716263815,7.219517950964233,1.1527375462175031
375,3.8179515187719053,7.2225387925652536,1.1392317830004106
376,3.8189762837501604,7.224754618203753,1.1381141568913413
377,3.8194889046017986,7.22585873155905,1.1470409740735832
378,3.820230305935854,7.227519617261458,1.1613620142671273
379,3.8209520145001497,7.229198541810654,1.1812540739830066
380,3.8214180388547025,7.230333921106963,1.1874056754976483
381,3.8221030805880885,7.232044286110649,1.188014359814564
382,3.8227652858636687,7.233688659066062,1.1863656245572307
383,3.823162279394955,7.234669486389231,1.1849013667131054
384,3.823744387480191,7.2361003299170585,1.1825495173862235
385,3.824108443501438,7.236990106680069,1.1808846585967707
386,3.8246560169317583,7.238320522642451,1.1782693306937342
387,3.825021432157165,7.239202208560599,1.176358401399111
388,3.8254357587635828,7.240196609212962,1.174338478185098
389,3.8261423549116858,7.241895113459164,1.181424723324539
390,3.8264794356826384,7.242705629536323,1.202602165680017
391,3.826777073610046,7.2434718551705615,1.2267672823173148
392,3.8270533311737602,7.244241817845485,1.2515535815078687
393,3.8273093349937963,7.245017191263853,1.2767423735943166
394,3.8275454109942326,7.245798397851733,1.3021682164903123
395,3.8277649879554203,7.246598341412503,1.3277396737778615
396,3.828061843448841,7.24783549546936,1.366213929987979
397,3.8282351370767467,7.2486790569054245,1.3917486412036664
398,3.8283863615565945,7.249527530393352,1.417072348391194
399,3.8285228518557846,7.250425192521238,1.4421729020510927
400,3.8286434342012368,7.251387530383715,1.4665567766542467
401,3.828694820018577,7.251870257674349,1.4785454807069374
402,3.828740265301454,7.252353674521886,1.4904432570407427
403,3.828780506802942,7.25284441862345,1.5022688239240256
404,3.8288148092175844,7.253336742278881,1.5140377244257013
405,3.8288659357831594,7.254322519725468,1.5374748204387771
406,3.828894482616457,7.255334153476338,1.5608357797749233
407,3.8288985845627828,7.256399532467846,1.584132906222867
408,3.8288760420294135,7.257531135091926,1.6072116712722913
409,3.8288270706386713,7.258663188486611,1.6301783156157466
410,3.828770575726993,7.259516568566451,1.6565837872427605
411,3.828694672175711,7.260367037376048,1.6802484299999814
412,3.828551661950097,7.261634481231682,1.6910857383142062
413,3.8283909875167734,7.262895824609145,1.693413329109677
414,3.828243081821395,7.264130542732916,1.6931263382512287
415,3.8280939081964305,7.265311672223363,1.68806601684171
416,3.827815753923087,7.267780645170807,1.6770620820865076
417,3.827520689873693,7.270688020149535,1.6618877284494176
418,3.827343345108424,7.272666837093863,1.6591161122410192
419,3.8271699511650215,7.274650120725121,1.6577405062736947
420,3.826998204352873,7.276633260530987,1.656712383630173
421,3.8267430271147975,7.279611287107472,1.6557337616852543
422,3.826573989424026,7.281599770642766,1.6552274722324198
423,3.826406092114144,7.283588317454526,1.6547633401609978
424,3.826162687362407,7.2864915428772425,1.6540913943834674
425,3.8260029291263886,7.288408373912985,1.6536439192539858
426,3.8258457399547106,7.290304361504218,1.653198121913852
427,3.8256908262593283,7.292184755412628,1.6527530927196443
428,3.8254635859948807,7.294960203022564,1.6520919388188737
429,3.825315073574756,7.29678605315112,1.651656873610359
430,3.8250950516861493,7.299512515397257,1.6510080913485936
431,3.824950723272149,7.301310270999941,1.650578792523093
432,3.824807229326398,7.303107937323746,1.650150243720276
433,3.824595956741188,7.305773895982761,1.6495081748218805
434,3.824457134480233,7.307538727635486,1.6490826485912022
435,3.8242499780073116,7.310186141140885,1.6484429452577498
436,3.824115270001154,7.311920687845899,1.6480170364775704
437,3.8239149985279868,7.3145194066592945,1.647380444474125
438,3.823784534881077,7.316221897633874,1.646957853959007
439,3.823719609290368,7.3170721243129755,1.6467475715854314
440,3.823590458209402,7.3187725879540215,1.6463274485514068
441,3.823401869876757,7.321278002955626,1.6457018212259882
442,3.82327675761227,7.3229467898215175,1.6452864419493702
443,3.823153163585229,7.324602230707859,1.6448709783788065
444,3.823031931455122,7.326240256532912,1.6444585440287771
445,3.8229114871195016,7.327878113366094,1.6440470114972188
446,3.8227925070647224,7.329502836259092,1.6436353043465413
447,3.8226752194794433,7.331110339642041,1.6432260399093697
448,3.822558743487657,7.332717754316055,1.6428175220915122
449,3.8224431807099886,7.334325338440398,1.6424081461060593
450,3.822329116747304,7.335919713790588,1.6419975457064204
451,3.822160805114695,7.3382860619558485,1.6413847720567578
452,3.8219960234224057,7.340624542500348,1.6407742033774555
453,3.8218877648000142,7.342172301213657,1.6403700900393572
454,3.821728166965806,7.344471113999228,1.6397659198006107
455,3.8216755514260385,7.345232722217754,1.6395655115159269
456,3.8215708638305963,7.346755938991404,1.6391648455903716
457,3.8214676388708266,7.3482667981286305,1.6387640510855332
458,3.8213659539319225,7.349761431937679,1.6383661298609344
459,3.8212650248178193,7.351256060876864,1.637969405274602
460,3.8211655878135042,7.352738199405123,1.6375728288535458
461,3.8210678153905078,7.354204351753663,1.637178538439142
462,3.8209705181970457,7.355670552144251,1.6367847631634926
463,3.8208745469587257,7.357124516147102,1.6363908889837955
464,3.8207802519284773,7.358562889588974,1.6359998455279787
465,3.8206874069511367,7.3599891244212365,1.6356106115757367
466,3.8205505148619383,7.362105346516007,1.6350329026008716
467,3.820459890144082,7.363515987352028,1.6346488329143614
468,3.820327585453134,7.365593688787562,1.6340766638629594
469,3.820240142098166,7.366977494233885,1.6336970691910526
470,3.820154684824604,7.368336736135583,1.6333197412567406
471,3.8200698319791915,7.369694130303648,1.6329449073605462
472,3.8199855255452566,7.371051670776027,1.6325704811482147
473,3.819860057710187,7.373087882321659,1.632006889246266
474,3.819778442453188,7.374421207370796,1.6316313589295541
475,3.8197378884797204,7.375086962897304,1.6314442037399255
476,3.8196974888538073,7.375752736694274,1.6312571376293115
477,3.8196572371004227,7.376418569146449,1.6310699894357803
478,3.8195387657397526,7.378391897491692,1.6305094718751887
479,3.819460782054478,7.379697827559443,1.630138095808976
480,3.8193837754180113,7.380994471285239,1.6297673078443171
481,3.8193080471705945,7.382279250141988,1.6293988411714264
482,3.819232947327442,7.383563939427043,1.6290311212357986
483,3.8191582361542307,7.384848627719323,1.6286626922819922
484,3.819049004913561,7.386740170791226,1.6281124146202608
485,3.8189422831795046,7.388607104747675,1.627566750764063
486,3.818872306985094,7.389842349880029,1.627206743778508
487,3.8188032854448326,7.391067199204659,1.626848072709051
488,3.8187016643432417,7.392884044188676,1.6263150495310728
489,3.818601049468266,7.394700930898161,1.6257830280589485
490,3.818503286446462,7.396484173361665,1.6252536157698905
491,3.818407085828715,7.398255627139449,1.6247269981698442
492,3.818344314073254,7.3994202818873145,1.624378954122166
493,3.8182509974851224,7.4011670729474694,1.6238586782808266
494,3.818189263389961,7.402331674605,1.6235111132596887
495,3.818129087307144,7.403475055577046,1.62316436236126
496,3.8180396302624486,7.405187699013483,1.6226461229581588
497,3.817980880984081,7.406319832137363,1.622300686506604
498,3.817923372433843,7.407439362926231,1.621957926673299
499,3.817866243257511,7.40855877076118,1.6216162843682373
500,3.8177821709800046,7.410217335911651,1.621105389573474
501,3.8177270452805567,7.41131475216189,1.6207673693302551
502,3.8176459872736515,7.4129405545592775,1.6202631483507173
503,3.8175929113442146,7.4140163502453875,1.6199304591438906
504,3.8175138429681605,7.41562982954718,1.6194323484106534
505,3.817436821118677,7.417217979695173,1.61893565397327
506,3.8173606966388998,7.418805011456701,1.6184394046282053
507,3.81728666820025,7.4203619423882845,1.6179452521997821
508,3.817237859411929,7.421399002816842,1.6176171737403617
509,3.8171662265456727,7.422935332299632,1.6171263602452879
510,3.8171191426602307,7.423951650870681,1.6168014497851897
511,3.8170957303927464,7.424459827859334,1.616639176733794
512,3.8170724027838885,7.4249680510161005,1.6164768443138502
513,3.817026944049552,7.425965557006428,1.616153856545779
514,3.8169818703440526,7.426961674855961,1.6158328164698676
515,3.81693783143827,7.427939253102707,1.6155142893784744
516,3.816894240805689,7.42891539948292,1.6151983200709552
517,3.8168510132786344,7.4298916539260285,1.6148831406516553
518,3.8168084351876086,7.430859367735288,1.6145682106819559
519,3.816766546092335,7.431816275360125,1.614255458936533
520,3.816725366220643,7.432764666717667,1.6139441908413426
521,3.8166649247784368,7.434171163331617,1.6134819431312009
522,3.816605114576213,7.43557752334157,1.613021028838414
523,3.816547014366748,7.436957239789784,1.6125627751648517
524,3.8165087008984826,7.437876270717805,1.6122588227768968
525,3.8164524710477274,7.4392375865261515,1.6118044584257896
526,3.8164155334718983,7.440138275754366,1.6115039184211837
527,3.816378915783179,7.441038852571931,1.6112038240663547
528,3.8163254316064554,7.442368325760162,1.6107565643682131
529,3.816272466521594,7.443696736005848,1.6103114371016636
530,3.8162208127940827,7.445008561078122,1.6098670935371886
531,3.8161869931148904,7.445876500905116,1.6095726711381566
532,3.8161536835097896,7.446736684116125,1.609278912870381
533,3.8161047084130812,7.448012284790542,1.6088421926270258
534,3.816072535118657,7.448862590339693,1.608551959679115
535,3.8160410604667248,7.449696982240099,1.6082631106203644
536,3.8160098291734936,7.450530094488209,1.6079758990989328
537,3.815964027388088,7.451764251041892,1.6075474064771962
538,3.815919294302288,7.452988792322276,1.607123102588251
539,3.815875565563791,7.45419797760188,1.6067011042657515
540,3.8158467634826447,7.454997988371749,1.606422402909275
541,3.8158183157313217,7.455797816478972,1.6061444185968816
542,3.815776954051799,7.456974645134078,1.6057303244183752
543,3.8157496277209058,7.457758384161664,1.6054556496145773
544,3.8157094618772467,7.4589193402286345,1.6050448927030119
545,3.8156832234345797,7.459687271342408,1.6047729326853089
546,3.8156573943213696,7.460448525520161,1.604501709073188
547,3.81563209073472,7.461200968631205,1.604232677815906
548,3.8156194750140795,7.461577229993221,1.604098617897569
549,3.8155944209316814,7.462329645581968,1.6038307511886396
550,3.815569658518437,7.463082062722093,1.6035626461556438
551,3.8155455145508435,7.463822694533792,1.6032950657393907
552,3.815521515922749,7.464562402122923,1.6030281608835582
553,3.815497956616975,7.465289742865347,1.6027828768754775
554,3.815475240796945,7.466000566897309,1.6026629947086695
555,3.8154526462590037,7.466711091136445,1.6026361725515195
556,3.8154302761417207,7.467415266525923,1.6026664449357255
557,3.8154080938757438,7.468111524377167,1.6027311135739721
558,3.8153858134551415,7.468807549333506,1.6028168312853581
559,3.815363497273486,7.469503170516817,1.6028953414791862
560,3.815341252032412,7.470198420440606,1.6028647930532733
561,3.815308023641958,7.471235811671394,1.6026750661247822
562,3.8152861925299066,7.471917921259329,1.6024961330021261
563,3.8152645914314256,7.472600072893172,1.6022938825894881
564,3.815243381542976,7.473276224831098,1.6020771590447453
565,3.8152225428427133,7.47394469791449,1.6018529847481917
566,3.815201780787295,7.474613195444087,1.6016239277995405
567,3.815171338578606,7.475603250526294,1.6012758352246919
568,3.81515142163268,7.476258117687476,1.6010437859077578
569,3.815131661168213,7.476913053990849,1.600811326986023
570,3.8151028274927885,7.477876319712221,1.6004637807894373
571,3.81508377162549,7.478517960392388,1.6002327615198308
572,3.81505591401786,7.479470106771832,1.5998872348810742
573,3.815037577602476,7.4801007554167205,1.5996586515488216
574,3.8150195553394406,7.480725811696446,1.59943080251653
575,3.8149931155386687,7.481652511614764,1.5990917994365488
576,3.8149755568627475,7.482270357879007,1.5988663333882607
577,3.814950175228828,7.483178934137206,1.5985305212183487
578,3.814933488889771,7.483784166806088,1.5983079643489762
579,3.81490876473139,7.484686479154354,1.5979743682942384
580,3.8148845876105373,7.485575822605027,1.5976434836330007
581,3.814868991584954,7.4861632878618005,1.5974239561902615
582,3.814853582876994,7.486744022410987,1.5972062287014945
583,3.814845898676734,7.487034303445962,1.597097753186668
584,3.814838246763434,7.487324584773807,1.596989387374355
585,3.814822932855067,7.487905302275473,1.5967726384513061
586,3.814808010148747,7.48847609788583,1.5965775553819261
587,3.8147936767374744,7.489034059493692,1.5965092190754122
588,3.8147865681403794,7.489312872188265,1.5965130418658628
589,3.8147725548237386,7.4898598239168415,1.5965704728764833
590,3.8147654872382475,7.490132920932273,1.5966169914806438
591,3.814758412832364,7.4904060275054025,1.5966720699945205
592,3.8147442685195108,7.490951961621652,1.5968010314882928
593,3.8147301744683833,7.491497132676149,1.5968700419314035
594,3.8147230861346864,7.491769743813179,1.5968629632903013
595,3.81470893057967,7.492315150840408,1.5967931452152173
596,3.8146878648112543,7.493123569952746,1.5966019277975274
597,3.814674028454719,7.4936585343228765,1.5964433205671051
598,3.814653675478226,7.494456246486797,1.596180687122473
599,3.8146337387572156,7.495242575406944,1.5959043702523095
600,3.814620717484093,7.495762024626246,1.5957164847533305
601,3.8146015910522304,7.496532129236575,1.5954347314776327
602,3.8145826447013635,7.497302341851473,1.5951523856170238
603,3.814564289728066,7.498059918087898,1.5948707563295428
604,3.814552132701993,7.49856453307397,1.594683525685928
605,3.814534249084415,7.499311885729276,1.5944034765511357
606,3.814522635579232,7.499806087216358,1.5942183367666782
607,3.8145110980699086,7.50030042480133,1.5940335777732169
608,3.8144941675116226,7.501032262132268,1.5937569221573087
609,3.814483010799888,7.501516388611004,1.5935732859591163
610,3.8144666324211793,7.50223816711507,1.5932979591479586
611,3.814456013705666,7.502712191207593,1.5931146476381635
612,3.814440293900271,7.503415174704349,1.592862326567556
613,3.8144301843921737,7.503870267297521,1.5928344414136648
614,3.814415307889736,7.504548360684752,1.5929652102196938
615,3.814405517143358,7.504993676111214,1.5931168532388962
616,3.8143956028701482,7.505438902637716,1.5932972954455678
617,3.8143805062071077,7.506106101650374,1.593430269479392
618,3.8143704439658506,7.506551140707724,1.5934026851413496
619,3.81436039730482,7.506996438305465,1.5933226274131254
620,3.814355467486799,7.507215327340436,1.5932697515217562
621,3.814345682773387,7.507651871839982,1.593147561081263
622,3.81433582668393,7.508088560754047,1.593010312578013
623,3.814326136588885,7.508525158365448,1.5928635508733278
624,3.8143167913520095,7.508953583219442,1.5927116264493804
625,3.814307402656868,7.50938127794083,1.5925569079395583
626,3.814298064351356,7.509809096037869,1.5924002005241182
627,3.8142890270612613,7.510228500038698,1.5922430139805668
628,3.8142800073531986,7.510647508642942,1.5920860301532582
629,3.814271094013606,7.511066382248053,1.5919288859232414
630,3.8142623891366014,7.511478600897989,1.5917722042994615
631,3.8142495050399683,7.512096051788687,1.5915382505096822
632,3.814236932764656,7.512705573960724,1.5913051578464028
633,3.8142244486112,7.513310331827292,1.5910740242696428
634,3.814216345979196,7.51370976072624,1.5909204705479025
635,3.814212398806267,7.513907203834475,1.5908442591640892
636,3.8142045671999636,7.514301908324436,1.5906926008676265
637,3.814196740761809,7.514696662451552,1.5905413594812838
638,3.8141890417004674,7.515083758286296,1.5903910165186323
639,3.8141814250357684,7.515470283945905,1.5902417501694368
640,3.814170423137704,7.516038444848811,1.5900200525689696
641,3.8141631951095682,7.5164169821255555,1.5898732736888221
642,3.814152557274669,7.51697334076779,1.5896553475178523
643,3.814145568781196,7.5173439756089175,1.5895113470278404
644,3.814138798930228,7.517707390039189,1.5893685294696556
645,3.8141287777418436,7.5182518450224105,1.5891563101432569
646,3.814122078174029,7.51861478900983,1.5890151957680247
647,3.814112465582132,7.519138471097867,1.5889844722074444
648,3.814106192078842,7.519486604037253,1.589101162142772
649,3.8140997733076043,7.519834420334942,1.5892796425292217
650,3.8140902190246866,7.520347656308846,1.5896152947791264
651,3.8140838932953476,7.520689289277795,1.5898655049966932
652,3.8140741460945864,7.521201628147102,1.5901467176153385
653,3.814067568449569,7.521543575753433,1.5901337662046067
654,3.81406097703832,7.521885851331606,1.5900193359611572
655,3.8140512299038507,7.52239002479348,1.5898046039504485
656,3.8140416203659626,7.522893550004222,1.5896041698631922
657,3.8140354351081327,7.52322288272454,1.5894749878639765
658,3.8140323656016215,7.523387255809928,1.5894113799906227
659,3.814029301916056,7.523551695456505,1.5893482040849998
660,3.814026242730216,7.523716143839066,1.589285331644962
661,3.8140231869308776,7.523880490324128,1.5892226570565615
662,3.8140172026365646,7.524202936080867,1.5890984482765307
663,3.814014235747659,7.524363945913643,1.589036864070814
664,3.8140084194985224,7.524685821314487,1.5889142850724092
665,3.813999851423093,7.525159214595916,1.5887342552368409
666,3.8139941817472653,7.525474416148202,1.5886166513764977
667,3.8139885935693765,7.525789728785301,1.5884999384913465
668,3.813983120860516,7.526098773700442,1.5883834509548602
669,3.813977616710035,7.526407528000557,1.588266775407746
670,3.813974924449862,7.5265618497374165,1.5882083482262077
671,3.813969687647034,7.526864518770513,1.5880919872874888
672,3.813964521796992,7.527166809444618,1.5879762963720314
673,3.813956790487984,7.527617451174794,1.5878034475155323
674,3.8139516875635544,7.527913425728467,1.5876906849917105
675,3.8139441610112557,7.5283574056973634,1.5875242697393674
676,3.813939381645026,7.528648486281464,1.587413833086962
677,3.8139369885821215,7.528793931307905,1.5873584957254807
678,3.813929718321712,7.529230167571302,1.5871918185089962
679,3.8139226494719405,7.529657737218735,1.5870256534416036
680,3.8139180788763194,7.529942536136884,1.5869154531445353
681,3.813911299965586,7.530364074310871,1.5867507934571534
682,3.8139068083470677,7.530642990613742,1.5866419496594895
683,3.813902427702189,7.530921744751997,1.5865334172232985
684,3.8138959010876685,7.531334592628733,1.5863712093967552
685,3.8138916153422966,7.531607567624952,1.586263998235329
686,3.81388550790006,7.532011747459387,1.5861043722501285
687,3.8138814133490975,7.532279069105164,1.5859990040108525
688,3.8138753277794555,7.532674725453672,1.5858421419311666
689,3.8138714000448948,7.53293642023893,1.585738743121947
690,3.8138675213097333,7.5331980360750475,1.5856357482094412
691,3.8138618312074177,7.533582776397784,1.5854826172224918
692,3.81385799726309,7.533839035395311,1.585381269926947
693,3.813854260069218,7.534095222092082,1.5852801172949882
694,3.8138507009055798,7.534346532490696,1.5851795756556992
695,3.8138488937171875,7.534471981853463,1.585129581811822
696,3.8138470571185956,7.534597402139809,1.5850796917015322
697,3.8138435132617676,7.534846019220176,1.5849805666825905
698,3.8138399692758385,7.535091630974134,1.584884074902103
699,3.813836440099433,7.5353372538934105,1.5847893961411923
700,3.8138330945688734,7.535581077866174,1.584695901372551
701,3.8138297980359677,7.53582243890562,1.5846036610026157
702,3.8138264459386786,7.5360637199021365,1.5845121044560722
703,3.8138230922068708,7.5363050350178735,1.584420840478093
704,3.8138199019826575,7.5365374689622895,1.5844162990098924
705,3.8138168151129537,7.536768865208287,1.5845396060246382
706,3.8138136185471567,7.536997827061694,1.5847417140103746
707,3.8138104417413015,7.537223992785023,1.58499201784347
708,3.8138073330689313,7.53745005629578,1.585272268423466
709,3.813802517016375,7.53778884072224,1.5856409210077798
710,3.8137991137007945,7.538014843564919,1.5857464235632686
711,3.8137940354881783,7.538352518863254,1.5857801785098324
712,3.813790725308209,7.538574678414936,1.5857551152287304
713,3.813784057072749,7.539019214714482,1.5856483281432496
714,3.8137791026727292,7.539346219259018,1.5855466884364349
715,3.8137759648047918,7.539564064290723,1.5854757105423511
716,3.8137729137526426,7.539777600988475,1.5854036951474983
717,3.813769791180482,7.539990890266095,1.5853313298018272
718,3.8137650663316056,7.540310838991865,1.5852221638145636
719,3.813762001275518,7.540519993250121,1.5851450476230884
720,3.8137590657297764,7.540728775566924,1.5850618063472803
721,3.813754771917053,7.541035804709916,1.5849323725030806
722,3.8137518473028247,7.541240374210385,1.5848450055398384
723,3.8137489264695428,7.541442919485134,1.584757795467545
724,3.813746010194671,7.541643199598222,1.5846746700947738
725,3.813743286909066,7.541841850581579,1.5845951157322442
726,3.813739366861429,7.54213688716728,1.5844841473046134
727,3.813736635623943,7.542333493701466,1.5844134546165378
728,3.813733843501495,7.542530229981129,1.5843441067298156
729,3.8137312186821473,7.5427230353128385,1.5842727639657386
730,3.8137287235979884,7.54291574324638,1.5841977144125365
731,3.8137262152267386,7.543108248572665,1.5841202121374158
732,3.8137223667567284,7.54339140601198,1.5840034391979885
733,3.8137210928950416,7.543485641318588,1.583964771778198
734,3.8137198152064284,7.543579951898095,1.583926158818198
735,3.813717343552477,7.543766816501474,1.5838498713692286
736,3.8137149813169766,7.543951411321556,1.5837784402680917
737,3.813712624153196,7.544136062490441,1.5837104767020918
738,3.8137102614280862,7.544316983839428,1.583644750204778
739,3.8137090930842166,7.544407403687994,1.5836124888431682
740,3.813706688057596,7.544588067206645,1.5835486587355088
741,3.813703352762899,7.544853768831843,1.5834534491723373
742,3.8137000575023055,7.54511914957412,1.5833579142485723
743,3.8136977976495032,7.545295991468059,1.583293943312862
744,3.8136944492313685,7.545557992468805,1.583198740988565
745,3.8136923317512617,7.5457311794641955,1.5831371129944034
746,3.813689250018348,7.545987723828644,1.5830130008367653
747,3.8136860547243896,7.546242370963404,1.5827873850017273
748,3.8136830031323643,7.5464937907362435,1.5825397975645779
749,3.813680114326769,7.546743190830526,1.5823664107296753
750,3.8136772795901983,7.546989633126625,1.5822352367334078
751,3.8136743883980206,7.5472342072825604,1.5821281764899264
752,3.813671685364038,7.547475552380062,1.582031779839872
753,3.813669066299135,7.547714942573519,1.5819374718230212
754,3.8136663211800426,7.547952917351209,1.5818439689572146
755,3.813663756834642,7.548187240123986,1.5817538518416547
756,3.8136612954705265,7.548418476970556,1.5816669953428062
757,3.8136587299594127,7.548647900016396,1.5815842897697754
758,3.8136570565286356,7.548800784042565,1.5815303536420968
759,3.813654684914644,7.5490255448693855,1.5813802731174538
760,3.813652357264352,7.549245876496519,1.5811417985512817
761,3.8136507931423855,7.549392629120216,1.5809573499090575
762,3.81364917049608,7.549536996443448,1.580793778090491
763,3.813647772380717,7.549677633893218,1.5808114926903694
764,3.813646480603672,7.549817953674845,1.5809652213127656
765,3.8136444103802467,7.550025129290945,1.581338873418036
766,3.813642986793938,7.5501619825514865,1.581637038633834
767,3.813641663086526,7.550298761864337,1.5819350644272803
768,3.813640142295976,7.550435675157286,1.5821183474469092
769,3.813639345657967,7.5505041971169256,1.5821748429468383
770,3.8136377041933907,7.550641552457063,1.5822409143265208
771,3.8136361183961696,7.550778855932641,1.5822648090838942
772,3.8136346623142,7.550914025040147,1.5822626328452407
773,3.8136330997725314,7.551048952509395,1.5822441559112508
774,3.8136315123277353,7.5511840472741225,1.5822155914014373
775,3.813630003056971,7.551316429361765,1.5821781551942877
776,3.813628484989582,7.551448809143772,1.582132923876121
777,3.8136269934114897,7.551581111732143,1.58208280655217
778,3.8136255262076313,7.551710976347667,1.5820318695004207
779,3.8136240667405126,7.551840460041084,1.5819822709123366
780,3.813621898426205,7.552033844458219,1.5819093680170524
781,3.813620510713731,7.552161194729793,1.5818623294815404
782,3.8136183440536455,7.552352117816046,1.5817932873459795
783,3.813616941136849,7.552477001083563,1.5817480850839163
784,3.8136155826812796,7.5526015432085885,1.5817035103344943
785,3.8136135902383246,7.552786069001565,1.581637717431707
786,3.8136122008074316,7.552908024274666,1.5815948908272204
787,3.81361093824544,7.553028972800067,1.5815437356577948
788,3.8136096723455712,7.5531484008818826,1.581441649497874
789,3.8136083934040426,7.5532680186968175,1.5813014711297062
790,3.8136071550669786,7.553387636483677,1.5811376400789647
791,3.813605802878568,7.55350514853278,1.5809921877460615
792,3.8136045641112375,7.553622232797033,1.58088650120642
793,3.813603463622564,7.553738246820608,1.5807965217580922
794,3.8136023719913834,7.553852707034235,1.5806707099172492
795,3.813600560999639,7.554024718859165,1.5804316025474199
796,3.813598969867565,7.554193296334478,1.5802295592216884
797,3.813597922372092,7.5543052937959905,1.5801380134767284
798,3.813596359732858,7.554472239513604,1.580034547995025
799,3.8135952992489046,7.554581765676453,1.579978751887459
800,3.813593708420333,7.554746052576602,1.5799055056773648
801,3.8135925567996876,7.554906995935639,1.5798395623295984
802,3.8135908193537964,7.555066011862155,1.5798013210289252
803,3.8135893469771425,7.5552202458436675,1.5800296888167884
804,3.8135883290478425,7.55537287842895,1.5804488640418817
805,3.8135873649506644,7.555473050495288,1.5807835069722174
806,3.813586218161451,7.555573037524872,1.5811432851463783
807,3.8135856713451908,7.555622965686687,1.5813295565855567
808,3.813584658152634,7.555722988360311,1.5817108551279282
809,3.813584274317546,7.555772958960402,1.581880089374807
810,3.8135832781621084,7.555873195932993,1.5821047547683558
811,3.813582047637411,7.555973102519848,1.5822273194688379
812,3.8135808878204025,7.556072131723163,1.58228896873525
813,3.813579748982867,7.556171398805801,1.5823132628057257
814,3.8135786869072814,7.556269803481156,1.5823123546857156
815,3.813578145667524,7.55631856892257,1.582301443083448
816,3.8135769663604764,7.556416138441868,1.5822638416673238
817,3.8135757810088045,7.55651281971887,1.5822146270488637
818,3.8135747098677046,7.5566084690507065,1.5821715845490336
819,3.813573647112626,7.5567039655609465,1.58213418256536
820,3.8135721034851437,7.5568454210058595,1.5820784460690713
821,3.8135709653079695,7.556939054856707,1.582033245842213
822,3.8135693184469255,7.557077593893791,1.5819641791823167
823,3.813568518246505,7.557169277352165,1.581926404387059
824,3.8135676176010085,7.557260797073922,1.5818927650894734
825,3.8135657867888435,7.557396388641207,1.5818466980791421
826,3.8135652085176517,7.557441185458326,1.5818322314737967
827,3.8135643152309395,7.5575308765768625,1.5818042106015076
828,3.813563198006024,7.557663116519769,1.5817638255536597
829,3.8135620951647082,7.557751240536675,1.5817374138145952
830,3.8135608931539937,7.557839203602356,1.5817111909496488
831,3.8135595745866295,7.557969630521899,1.581672481504237
832,3.813558255547337,7.558099040167386,1.5816344455335656
833,3.8135567230822582,7.558225760145272,1.5815969740314009
834,3.8135553384200334,7.558352390578853,1.5815601214549535
835,3.813554090995401,7.558477388231734,1.581521925742078
836,3.8135532458446297,7.558560009349217,1.5814935810831094
837,3.813551866679121,7.5586824768737495,1.5814522528244543
838,3.8135509835740646,7.558763354263949,1.5814306162333391
839,3.8135497049306197,7.5588838589056015,1.5814029515530053
840,3.813548897948903,7.558963145812715,1.5813837234507002
841,3.8135480686344194,7.559042298499472,1.5813633732829844
842,3.813547163062678,7.559120002791598,1.5813436998932116
843,3.813546735485529,7.559158786301949,1.5813345260040412
844,3.8135459144541755,7.559236243849944,1.581317053545017
845,3.81354513002362,7.559313824405907,1.5813003542016144
846,3.813544363007546,7.559389760842222,1.5812830411551548
847,3.8135435864210345,7.559465758972271,1.5812644279885877
848,3.81354278160081,7.559540922680207,1.5812450044569208
849,3.8135419105063773,7.559615355617301,1.5812252880391007
850,3.813541103524215,7.5596896398727536,1.581205435564459
851,3.8135400515373354,7.5598004793817015,1.5811755424396612
852,3.8135389781222298,7.5599096856051196,1.5811459293068797
853,3.813537744884104,7.560018863349402,1.5811163991087482
854,3.8135369424053422,7.560090476859576,1.5810968588166399
855,3.8135359090915872,7.560197097775908,1.5810679876262472
856,3.813535290825208,7.56026706351082,1.5810491341749875
857,3.8135341841909325,7.560372193634334,1.5810211023327039
858,3.813533056214099,7.56047516521764,1.5809715788043577
859,3.8135319714703204,7.560578005270916,1.5808944527676774
860,3.813531399568412,7.560645317226128,1.5808456976376224
861,3.8135307327405377,7.560712458248491,1.5808089214208725
862,3.8135296713756937,7.560811113454954,1.5807669592911484
863,3.813528979322024,7.560876825417578,1.5807441112727767
864,3.813528397854238,7.560941854997999,1.5807213896132464
865,3.8135273892559423,7.561038417677594,1.580666805290148
866,3.8135267259152292,7.56110279846143,1.5806211016941865
867,3.8135258027298855,7.561198047728724,1.5805535677692957
868,3.8135252079062565,7.56126110889728,1.5805209516686716
869,3.8135246073321674,7.561323443786268,1.5804947266218874
870,3.8135236147686764,7.561415898261135,1.5804625748164889
871,3.8135230265947055,7.56147752013632,1.580443906024749
872,3.813522286474247,7.561569354396513,1.5804163384518468
873,3.8135216900920534,7.561629764540682,1.5803880684003697
874,3.813521043292019,7.561690073352513,1.5803525911554648
875,3.8135201282160462,7.561779135508078,1.5802909193604395
876,3.813519584187307,7.5618384395910905,1.5802463114632754
877,3.8135190843379783,7.561897263397385,1.5802019996612369
878,3.813518494822156,7.561955302246718,1.5801677489428438
879,3.8135182169289936,7.561984394828119,1.5801537088449078
880,3.813517644352949,7.562042383619918,1.5801297164242358
881,3.813517069171972,7.56209989229036,1.5801094302282044
882,3.813516821826828,7.5621282452174,1.5801002948014529
883,3.8135163666175207,7.562185007193384,1.5800833711038715
884,3.8135157925163643,7.562241263302776,1.5800676121617356
885,3.81351521099881,7.5622968272655715,1.5800527690427912
886,3.81351447225251,7.562380118783502,1.5800315615911262
887,3.8135140476270974,7.562435693721134,1.5800178120437969
888,3.813513599344796,7.562490132009719,1.5800043102220829
889,3.813513029141651,7.562544584919558,1.5799910151362038
890,3.813512467863336,7.562598966879559,1.5799778491866696
891,3.8135116503616877,7.562678882412543,1.5799527807168599
892,3.8135112011330263,7.562757745115106,1.5799225289511323
893,3.8135102695946648,7.5628359201153375,1.5798933935897697
894,3.8135094286056668,7.562938622332636,1.5798589205055136
895,3.8135090903721474,7.562989624623262,1.5798446815393974
896,3.8135082179638444,7.5630651681599,1.5798251156621599
897,3.813507728421236,7.563115106371273,1.5798129939920484
898,3.8135072934732492,7.563164560419122,1.5797922845794041
899,3.813506756883132,7.563238073420887,1.5796677970511583
900,3.8135059947927674,7.5633119022192385,1.5794729031297903
901,3.813505313210937,7.5633850515615055,1.5792437106526744
902,3.813504864939655,7.56343340174722,1.579080968392186
903,3.813504292756743,7.563505100020803,1.5788289726285003
904,3.813503622462945,7.563576210852511,1.5785718833617506
905,3.813502990076998,7.563646149364251,1.5783457446367546
906,3.8135027201126395,7.563692281132657,1.5782550806132092
907,3.8135021768864177,7.563760135842351,1.5781719934280953
908,3.813501809288453,7.563804938893452,1.578136876975285
909,3.8135015154628187,7.563849702871111,1.578110907762498
910,3.8135012253836704,7.563894000509887,1.5780890094152156
911,3.813500753086484,7.56395964831861,1.5780459768495672
912,3.813500278257016,7.5640238844562555,1.5779970253043005
913,3.8134999657383006,7.564066659768223,1.577963795958639
914,3.813499503840949,7.564130114352297,1.5779183578777356
915,3.8134992035291915,7.5641719083605405,1.577896756708274
916,3.813499040850091,7.564192867602395,1.5778877110005403
917,3.8134988940789416,7.564213823877113,1.5778795183674412
918,3.8134986103458384,7.564254781341782,1.5778625190311317
919,3.813498401192654,7.564275293227724,1.5778532015041626
920,3.8134980760731447,7.5643162684385015,1.5778335265078949
921,3.81349782900003,7.564357243002105,1.5778129009294601
922,3.8134975687419628,7.56439742831311,1.5777933624334346
923,3.8134972863612946,7.564437497481171,1.5777759432126308
924,3.8134970269996056,7.564477234536885,1.5777602932379526
925,3.813496757174734,7.564516464316629,1.5777481039630739
926,3.8134966346098693,7.564536162503828,1.5777430080406465
927,3.813496374257208,7.564574947747779,1.5777339714815186
928,3.8134960868929926,7.56461339677254,1.5777251762593925
929,3.813495828517763,7.564651722689368,1.577716413731363
930,3.813495483319934,7.564689915961128,1.5777076340828193
931,3.813495106442968,7.564746483161577,1.577694712017555
932,3.813494938748753,7.564784277682644,1.5776862101525482
933,3.8134945194793515,7.564839842619427,1.57760339319055
934,3.8134941918467717,7.564876953324894,1.5774949766313677
935,3.813493916899883,7.564914220348515,1.5773625560100244
936,3.813493692555485,7.5649511952933315,1.577224247568879
937,3.8134934855273177,7.564987667440345,1.5771289348700221
938,3.8134932441260307,7.565023992454446,1.5770667688842495
939,3.8134928808383286,7.5650595924794715,1.577049293820401
940,3.8134926561296294,7.565093966801442,1.5771850761233757
941,3.8134925438551353,7.565127613027907,1.5774328232672026
942,3.813492369054513,7.565177094315711,1.5779186730173902
943,3.813492269381926,7.565210062929361,1.5782623138714205
944,3.8134918366107335,7.565259922321831,1.5785674989119018
945,3.813491547889568,7.565293535316695,1.5786751451756205
946,3.813491210588157,7.5653437461816715,1.5787612768629316
947,3.8134909790623697,7.565377190517164,1.5787900993384938
948,3.8134905787284668,7.565427175455319,1.578810780621414
949,3.813490253888267,7.565460003897427,1.5788160670165665
950,3.8134899822760926,7.565492988375765,1.5788175808540699
951,3.81348965288249,7.565541844842302,1.578801559489011
952,3.813489284166835,7.5655743457079305,1.5787635451281739
953,3.81348886693074,7.565622796111215,1.5786864794094821
954,3.8134887726410156,7.565638695695758,1.5786660761471545
955,3.813488674552905,7.565654472793276,1.5786495902997912
956,3.813488566716078,7.565670292145405,1.578636180088213
957,3.813488446071795,7.5656861458770015,1.5786251711752861
958,3.813488230107874,7.565717749621195,1.5786084388736221
959,3.813487913760577,7.565748776963032,1.5785964691154744
960,3.8134875915661675,7.565779691991863,1.5785875157467955
961,3.813487460781505,7.565810384854096,1.578581017882365
962,3.813487420651891,7.565840577304186,1.5785785417978908
963,3.813487328238075,7.5658556904036915,1.5785784033517558
964,3.8134869566147755,7.565885997205582,1.5785795461518717
965,3.8134864590423696,7.56593053849093,1.5785654155714055
966,3.8134862992148815,7.5659602817922025,1.5785431043241838
967,3.813486094346536,7.565989832825318,1.578516818890449
968,3.813485776812233,7.566018923332254,1.5784978678084276
969,3.8134855108331913,7.5660480965591415,1.5784848966620333
970,3.8134852677820428,7.566090837014494,1.5784720677171633
971,3.8134852101119727,7.566105091479794,1.5784688893746008
972,3.8134850307271404,7.566133617306481,1.5784634971854465
973,3.8134846356724226,7.566175854259639,1.5784569565766424
974,3.8134843903991174,7.566203642021119,1.5784532958115438
975,3.8134840798809893,7.566245189506399,1.578448393616601
976,3.8134838854490924,7.566272499891451,1.5784454335020721
977,3.8134836429557524,7.566299812707978,1.5784426012000337
978,3.8134834450734822,7.566326551959135,1.5784407784317638
979,3.813483281489853,7.5663533002127625,1.5784403510033502
980,3.8134831117084813,7.566379970443561,1.5784407549494148
981,3.8134826913879416,7.56641937085609,1.578369902910896
982,3.813482485299253,7.566445832590842,1.578268144430329
983,3.8134822136352513,7.56648497074352,1.578106154651723
984,3.813482050448527,7.566510859491057,1.578042800783853
985,3.8134818293816077,7.5665362791353905,1.5779980890736143
986,3.8134815061194485,7.5665740359075135,1.577907797381729
987,3.8134813152490574,7.566599203716572,1.5778355777288124
988,3.8134810860994763,7.566636548811321,1.5777350634658667
989,3.813480949159986,7.566661288530808,1.5776958055892205
990,3.813480636707499,7.566697552140714,1.577661665264512
991,3.8134804249691276,7.566721557058547,1.5776484087228115
992,3.813480355904446,7.566733520072122,1.5776435227786965
993,3.8134802225149578,7.566757529943236,1.5776360685551492
994,3.8134800850050263,7.566781256077201,1.577630688849093
995,3.8134799512549353,7.566804750085932,1.5776266828628815
996,3.813479790436293,7.566828085401086,1.5776235076893583
997,3.813479575319772,7.566851111977186,1.5775872103742388
998,3.8134793615728846,7.566874186341119,1.5775015848322103
999,3.813479380143811,7.566897543164256,1.5773855463265192
1000,3.813479276311412,7.566920544885052,1.5772596001801205
1001,3.8134789115052667,7.566943278034123,1.5771742942616673
1002,3.8134785976918044,7.566977039391677,1.577102094440875
1003,3.8134785567424685,7.566999118742459,1.5770752386420708
1004,3.8134783825688907,7.567021019459539,1.5770579244780907
1005,3.8134781189597255,7.567053289517557,1.576971972198555
1006,3.8134778846617245,7.567085783191747,1.5768028111027577
1007,3.813477774580816,7.56711753348173,1.5766636919915868
1008,3.813477589667552,7.567149083886486,1.576594750422471
1009,3.813477328701197,7.5671795495674745,1.5766496721910126
1010,3.8134772204208733,7.567208711676039,1.5769982045120565
1011,3.8134726061884376,7.568075539026906,1.5770825110976774
1012,3.813469571548883,7.569129429266655,1.572912468011237
1013,3.8134671585525797,7.569259503621508,1.5470238940918575
1014,3.8134586972335516,7.5693154424043,1.5275670029784905
1015,3.813458993961973,7.5693546080536604,1.5197791495385853
1016,3.8134617056586455,7.569375015339006,1.519522586844991
1017,3.813615719528126,7.572525310579898,1.5248655640611588
1018,3.813890385449628,7.579054170466886,1.5370792930742265
1019,3.814227754211631,7.591076908151978,1.5472456253866518
1020,3.814485743782714,7.601015726909281,1.5387885555681329
1021,3.814962535562964,7.612749414912779,1.5146957443159894
1022,3.8158256076083146,7.625082774125849,1.4766188236285775
1023,3.817171611199843,7.637409645508475,1.4379984424226424
1024,3.820084309713741,7.655854437144115,1.3815706424129024
1025,3.822605176214641,7.6680753087377544,1.3442778661160661
1026,3.8255786120923108,7.680191065361781,1.307053671963357
1027,3.828115643061301,7.6890668459444775,1.2634851145258386
1028,3.829205590992202,7.69243279631494,1.2384173109119336
1029,3.8303208498239845,7.695612275730585,1.2131429955999058
1030,3.831474704830384,7.698657519025126,1.1891289751051362
1031,3.8338160531149614,7.704267008890016,1.1492387738416552
1032,3.835752455138855,7.708487812830337,1.1240274256277734
1033,3.8368842643631926,7.710832512695366,1.1149314133744834
1034,3.8373143212626086,7.711699867014467,1.1142640145567888
1035,3.838284564323507,7.713665338046295,1.1115224577510314
1036,3.838920906496501,7.714950584535511,1.1093575721286206
1037,3.8398802501390583,7.716875829680472,1.1058476330657556
1038,3.84054009447176,7.718189005170335,1.1033991019881406
1039,3.8412244989641513,7.719542760646054,1.1008653115657434
1040,3.8419110138498134,7.720892655696574,1.098283404785848
1041,3.8429471841521567,7.722914263157941,1.0943751434656024
1042,3.8436424129601034,7.724259253095705,1.0917613884830606
1043,3.8443409028237183,7.725601738953335,1.08916499815604
1044,3.845394665216926,7.727611956678256,1.085298588286933
1045,3.846103493639538,7.728953922410908,1.0827281685056989
1046,3.846818921451888,7.730299299847951,1.0801269003277945
1047,3.847899604874869,7.732315772808491,1.0761840482305163
1048,3.8489885780542847,7.734328984999564,1.0722178925419907
1049,3.8497192246167358,7.735668739824385,1.0695707938997114
1050,3.8504533452995084,7.737006592057573,1.0669298980418855
1051,3.8515609766509913,7.739009731184729,1.062981409581179
1052,3.852302629998578,7.740340614827998,1.0603699514091833
1053,3.8530476876374005,7.74166915628861,1.0577842723967545
1054,3.853796086140557,7.742995821998257,1.055217605749964
1055,3.854549983944276,7.744324277819216,1.0526492696666452
1056,3.855307525598345,7.745651073830844,1.0500678213041874
1057,3.8560683302147356,7.74697570294201,1.0474801353183247
1058,3.8568323616088014,7.748297947028393,1.044891035990122
1059,3.8579847188831082,7.750277491697339,1.0410107519007816
1060,3.8591430492376957,7.7522496006489705,1.03715021017595
1061,3.859918705982958,7.753560457706947,1.0346031723209284
1062,3.861085671132751,7.7555186817829735,1.0308300670627286
1063,3.862258277408636,7.7574694239901785,1.0271395999615351
1064,3.8634398611406815,7.759419043258695,1.0234769130519992
1065,3.8642324984655296,7.760717872556048,1.0210066717764854
1066,3.865027290533918,7.762012890588668,1.018524863987615
1067,3.865823907151542,7.763303793388895,1.0160485858625492
1068,3.866223372240688,7.763948422314619,1.0148133586751371
1069,3.866623619867681,7.76459253894887,1.013580051901102
1070,3.8674247353761415,7.7658765593937975,1.011124968582489
1071,3.8686284989369697,7.767792681025338,1.0075190218015446
1072,3.8694347849020625,7.769067662199789,1.0051542069312707
1073,3.870243996120523,7.770340637554801,1.0028113919324437
1074,3.871057372253437,7.771613442733817,1.0004587771926716
1075,3.8718737968256463,7.772884407176518,0.9980786604531684
1076,3.873102377036331,7.774784795346635,0.994485967725385
1077,3.873922207202715,7.776044633338067,0.9921091342947803
1078,3.874744768078771,7.777301801657825,0.9897474074244627
1079,3.8755695465376934,7.7785559068654875,0.9873796321515858
1080,3.87639723280064,7.77980827636709,0.9850077206226876
1081,3.8772265325886575,7.7810565141197205,0.9826372151998994
1082,3.8784732668820556,7.782920811019382,0.9791017734243331
1083,3.879307880873614,7.784161150132312,0.9767578753975068
1084,3.8801402700861165,7.785391809694874,0.9744503050948603
1085,3.8813931662837087,7.787232962096782,0.9710782677153635
1086,3.8822319781525,7.7884581397025405,0.9688636267466605
1087,3.883495443942617,7.79029256476469,0.965505230048316
1088,3.8843411782564545,7.791513288696589,0.9632498349834719
1089,3.885609990611526,7.793333559604434,0.9598583699106733
1090,3.8864591357370593,7.794544371831194,0.9575975510303447
1091,3.88773251733931,7.7963494112039475,0.9542158803437022
1092,3.8885845762587525,7.797549940183655,0.9519704634455417
1093,3.889439463971705,7.798748589518818,0.9497327016336325
1094,3.8907203253961593,7.800534356508901,0.9464204751511005
1095,3.891574893282058,7.801718931695195,0.944278098386727
1096,3.892431898153946,7.802901399904719,0.9421742186764116
1097,3.8932901832209903,7.804080314374912,0.9400715834156051
1098,3.8945818702200925,7.805845051670081,0.9368826898849609
1099,3.8958689935366064,7.807591835472033,0.9337433542900334
1100,3.8971601439082293,7.80933243452636,0.9306865448057946
1101,3.8980222312284196,7.810488566707635,0.9286373648001387
1102,3.8993178239744926,7.812217022939491,0.9255396485946676
1103,3.9001811738206684,7.813362545292938,0.9234675796752644
1104,3.900613834829543,7.813934646002683,0.9224311537021103
1105,3.9014808186051497,7.815077422009365,0.9203594251828388
1106,3.9019151341430605,7.815648175082267,0.9193246855694326
1107,3.9027831465955116,7.816785124951734,0.9172617493475516
1108,3.9036501068623624,7.817915763807085,0.9152227815263804
1109,3.9040844230957936,7.81848031649789,0.9142114949568153
1110,3.905387730270606,7.820167525915294,0.9111945498763571
1111,3.9058225825804023,7.820728215464286,0.9101891543985197
1112,3.906694033878518,7.821848318014082,0.9081797702348944
1113,3.9075646592908275,7.822962726699731,0.9061807292869506
1114,3.9084334186624865,7.824070045470202,0.9042268562259589
1115,3.9093042456281366,7.825175613763578,0.9023108063761553
1116,3.9101756056435026,7.8262775520414944,0.90041667917823
1117,3.9110472165421557,7.827375446110308,0.8985088646109034
1118,3.9119207547575656,7.8284716004689585,0.8965899033354294
1119,3.9132299342685015,7.8301062758081335,0.8937052784756612
1120,3.9141031484232354,7.831191204554475,0.8917853070010202
1121,3.914978483081594,7.832274537118249,0.8898699534978644
1122,3.916134082361134,7.833713587968564,0.8977213282953213
1123,3.9173907745088616,7.835318662259992,0.9373336183772663
1124,3.918533675118696,7.836919381673913,0.9780601278736131
1125,3.9192583569074597,7.838010885685466,1.0046595028452623
1126,3.919961142208879,7.839132991607814,1.0360504486187314
1127,3.920629998678768,7.840273452023647,1.0679866974887087
1128,3.921271835226928,7.841455400044061,1.089255742858003
1129,3.922118333267547,7.843074392258782,1.0859190793778717
1130,3.9224750399589023,7.84376991755468,1.0670767810936779
1131,3.923207615177921,7.845065715982831,1.0457182550977706
1132,3.9252899573381197,7.848535137944126,1.0012468631429723
1133,3.926897312862539,7.85100478442091,0.9794137314651993
1134,3.9297548883642666,7.85521860476228,0.9727527611634955
1135,3.9304157039733703,7.856184094508524,0.9807149482486953
1136,3.931056030982789,7.857137439832673,0.987716855558223
1137,3.932036658136045,7.858630186467743,0.9892197699630317
1138,3.9326914901472523,7.859627253456068,0.9884763458877889
1139,3.933668304615831,7.86110830381438,0.9862222888676765
1140,3.933986525078843,7.861589138442013,0.9852628325799838
1141,3.93462423223422,7.862550010157747,0.9831339181220562
1142,3.9352616713858772,7.863506324907892,0.9808078512029688
1143,3.935898669312211,7.8644568123696725,0.9783505370995764
1144,3.9362181740491593,7.864931458524648,0.9770881844598134
1145,3.936859211801538,7.86587963482096,0.9745182595422658
1146,3.9375025245384303,7.866826249125238,0.9719041979238019
1147,3.938148132173547,7.867771204050718,0.9692610778532278
1148,3.9387964681253074,7.868714745080398,0.9666036568659552
1149,3.939447672645,7.869656563925506,0.9639446255734891
1150,3.9401014328582353,7.870596800884878,0.9612891862972499
1151,3.9407575081668056,7.871535475024474,0.9586402937967172
1152,3.9414162758068865,7.872472543814131,0.9560026423599578
1153,3.9424093664394606,7.87387489314746,0.95207228477523
1154,3.9430738796975042,7.874807025846261,0.9494747165877981
1155,3.943740744475135,7.875737437201837,0.9468994461264706
1156,3.944745621007011,7.877129574352434,0.9430719076667657
1157,3.9457531058940494,7.878514411478009,0.9393080575449906
1158,3.946765646576256,7.8798951540872375,0.935614113399712
1159,3.9477841887276193,7.8812732984282725,0.9319434307419747
1160,3.9488077416031078,7.882647918020624,0.9282758366504263
1161,3.9498343243021234,7.884015699276012,0.9246269081118833
1162,3.950521270141361,7.8849253611087295,0.9222087623065957
1163,3.9515531236598735,7.886283385790468,0.9186175993338621
1164,3.9525881314279347,7.887635155608841,0.9150970819673906
1165,3.953626566978693,7.88898172134045,0.9116070822849955
1166,3.9546683258386666,7.89032323555161,0.9081282814211789
1167,3.9557122448348703,7.891657110429255,0.9046733749914191
1168,3.9567604612099716,7.892987685310698,0.9012456590699354
1169,3.9578069625943564,7.894306684589906,0.8978806766952571
1170,3.958506920736107,7.895183485174197,0.8956810025980279
1171,3.9595576471965312,7.896492917744726,0.8924009508641686
1172,3.9606107527697993,7.8977965235956145,0.8891296712244271
1173,3.961663963596155,7.899091164380964,0.8858951953745773
1174,3.962720968711198,7.900382347127649,0.8826983747287208
1175,3.9634249149143526,7.901237503242158,0.8805824006337895
1176,3.9641303547862345,7.902090701233173,0.8784749536988388
1177,3.965190032074288,7.903365682520701,0.8753329932764602
1178,3.9655426642659104,7.903788153677319,0.8742920277240904
1179,3.966249292645504,7.904631992858829,0.8722202128943444
1180,3.9666032204177513,7.905053323698683,0.8711892729176622
1181,3.9669575599371414,7.905474239347879,0.8701616169970737
1182,3.9676616196282195,7.906307952168974,0.8681427539439713
1183,3.968366654881209,7.907139523644377,0.8661779497788785
1184,3.969073265812987,7.907969658385874,0.8642532207779331
1185,3.969781402818595,7.908798392156653,0.862359161634199
1186,3.970488932204833,7.909623080210696,0.8604652727257875
1187,3.971197896531648,7.9104463076002265,0.8585539522048508
1188,3.9719065388852477,7.911266202513589,0.8566351935529715
1189,3.9726145774426778,7.912082047254155,0.8547170604837211
1190,3.97367941571225,7.913302973831728,0.8518492244161788
1191,3.974742357761384,7.914515024922623,0.8490077653195689
1192,3.9754506498954014,7.915318684374157,0.847141987972129
1193,3.9765116926574047,7.916516932921957,0.8443718246368227
1194,3.9772191701894446,7.9173121416867875,0.8425318807818646
1195,3.978276838842233,7.918495969838284,0.8398007699265146
1196,3.97898130800851,7.919280628019654,0.8380198851181128
1197,3.9800364940543496,7.920450551522976,0.8353802256797839
1198,3.9807399883291756,7.921227287118201,0.833617233277328
1199,3.9817975612142376,7.922389972838654,0.8309760282595281
1200,3.982501444610066,7.92315997123612,0.8292287759604122
1201,3.983552772386674,7.924305574750879,0.8266955196877792
1202,3.984704529187003,7.9255571897945005,0.8257491426470933
1203,3.985847096073291,7.92680739689767,0.8449622134955317
1204,3.986804441953011,7.927908126074224,0.8813791389323679
1205,3.9877160807384087,7.929041160248562,0.9178166568420665
1206,3.988599254697702,7.930223476723591,0.957922304037031
1207,3.9891807411639406,7.931059063423218,0.9767416508320215
1208,3.9910137633071647,7.933791581415647,0.9773014879883007
1209,3.9926832799468994,7.936261440440743,0.9727193657383822
1210,3.9943670384893224,7.938725396872757,0.9685328527048097
1211,3.997028936586551,7.942576925450988,0.9626938375358562
1212,3.9988197746986134,7.945142407200769,0.9589858792272411
1213,4.001476069260326,7.948911246299674,0.9536087888160494
1214,4.00323827614041,7.951387592070544,0.9501239253242535
1215,4.0041224840621785,7.952623364776772,0.9484037469541122
1216,4.005008731236679,7.953857591751785,0.9466959058057342
1217,4.0067349339958644,7.956248818919525,0.9433247099037466
1218,4.008464656683136,7.958627726462409,0.9400082602812739
1219,4.010202026257401,7.961000568022568,0.9367341601206624
1220,4.0119368811257985,7.963354024778076,0.9334887883217547
1221,4.013665278183626,7.965682968522875,0.9302397822820004
1222,4.015401227891776,7.968006151635752,0.926990238001676
1223,4.017976045135115,7.971422805002459,0.9221342851312697
1224,4.019683303182567,7.973669644334742,0.9189214721874135
1225,4.02223736654892,7.977002765773813,0.914141320007222
1226,4.023914520679139,7.979173622669369,0.9109912152724904
1227,4.0264174098187455,7.982387304676264,0.9063235409435435
1228,4.028051578535509,7.9844688584413905,0.9032788334824359
1229,4.029679229836998,7.98652914100001,0.9002804105908153
1230,4.032106382174713,7.989578038008963,0.8958191570113307
1231,4.03373189965598,7.991604418648803,0.8928660632097171
1232,4.036141273972894,7.994585627778637,0.8884744680990146
1233,4.037737932970111,7.996546451528626,0.8855790847102936
1234,4.039340083558916,7.998502420880578,0.8827068224683214
1235,4.041682506983962,8.001341508605744,0.8784703149143887
1236,4.043247793381357,8.00322519978873,0.8756961913828155
1237,4.045581493367004,8.006014029990416,0.8715989593665191
1238,4.047865073982048,8.008720528416085,0.8676344790980014
1239,4.049387945280246,8.010513497450434,0.8650468895151444
1240,4.051670523001891,8.013183182251552,0.8611624085310873
1241,4.053963210660195,8.015843944387202,0.8572827583091945
1242,4.0554465967745355,8.017554394662142,0.8547332143575115
1243,4.0569297362542285,8.01925562446625,0.8522358478408415
1244,4.059151843123303,8.021788663359217,0.8485584534672689
1245,4.06062067061068,8.023452793799736,0.8461194206456987
1246,4.062811409849209,8.025919522028095,0.8424776226403106
1247,4.06424251254542,8.02752132537479,0.8400921320130117
1248,4.066396001196982,8.029917139291815,0.8365770573947081
1249,4.067808793172904,8.031479656044024,0.8342609965464222
1250,4.069930853163206,8.033813281296334,0.8308105909783401
1251,4.071999197075191,8.03607199088745,0.8274215453526298
1252,4.073379670311223,8.037571096608628,0.8252043163905075
1253,4.074071191424491,8.038319542727908,0.8241060474203658
1254,4.074763475907817,8.039067239774367,0.8230139527622308
1255,4.076121419448399,8.040528985885027,0.8208438152881264
1256,4.077480033365315,8.041985036465924,0.8186895470224638
1257,4.078841629518588,8.043437995067489,0.8165510038263687
1258,4.08016726981943,8.044846797693454,0.8144423770758163
1259,4.08149245049653,8.046249040061515,0.8123712748677442
1260,4.082820365245134,8.04764826877515,0.810330224997361
1261,4.084123096658784,8.049015658973143,0.8083106031991802
1262,4.085426036074775,8.050377609711683,0.8063070208641802
1263,4.086714927914321,8.05171934108991,0.8043248202648868
1264,4.088618159314768,8.053691209506555,0.8014415494295279
1265,4.090516440308134,8.055646837847078,0.7986387633841604
1266,4.092394022645344,8.057570093618935,0.7958595163502576
1267,4.093648438968363,8.058849342942441,0.7940161850225694
1268,4.095486577606391,8.060715112231005,0.7912808067162729
1269,4.096712897290201,8.061954040068512,0.7894797915827438
1270,4.0985033433390905,8.063755048329982,0.786833388373885
1271,4.099697256021318,8.064950857884886,0.7851076994882796
1272,4.100893286144499,8.066144677565967,0.7834060389328075
1273,4.1020646784129315,8.067309739239649,0.7817226427235435
1274,4.103235697487041,8.068470604743947,0.7800535178703266
1275,4.104934189891152,8.070147785722975,0.7776282982003696
1276,4.106066494293374,8.071261074796714,0.7760703539890759
1277,4.107200260883473,8.072372430628521,0.7745459420736795
1278,4.108871771545602,8.074004958279478,0.7722831864929087
1279,4.1105450318468915,8.075631768137098,0.7700319002314454
1280,4.112182411850632,8.077216509187728,0.7677975241724047
1281,4.113274477597982,8.07826953705717,0.7663186392528275
1282,4.114355396732356,8.079308764810522,0.7648504164018345
1283,4.11595372133518,8.080839770687867,0.7626793830152347
1284,4.117020869605267,8.081858346727639,0.7612507872520899
1285,4.118579774642068,8.083341041435338,0.7591686352648095
1286,4.1196188750054095,8.084325907173383,0.7578244804484131
1287,4.121170227148353,8.085791409161185,0.7558522609858896
1288,4.122189438234669,8.086751144766591,0.754547401106026
1289,4.123209820442071,8.087709485911512,0.7532474351821866
1290,4.12420578529622,8.08864236549655,0.7519570674591489
1291,4.124703127407608,8.089107297502043,0.7513164836166986
1292,4.125698542276921,8.090036077998155,0.7500438475282982
1293,4.126695122687818,8.090963645618208,0.7487820033000345
1294,4.127667215984641,8.091866134336748,0.7475344127625214
1295,4.128638071516079,8.092765265123289,0.7463026295161964
1296,4.129595800283883,8.093649919109135,0.7450893792375416
1297,4.130534882597499,8.094515337263857,0.7439172986947749
1298,4.1314747726969765,8.095379659029465,0.7427792015556606
1299,4.132394866821337,8.096223623834762,0.7416608776999432
1300,4.133774001982301,8.09748521828382,0.7400029685968839
1301,4.1346844914812095,8.09831588882537,0.7389093090419948
1302,4.135582327491802,8.099133206434582,0.7378228428214831
1303,4.1369305322363426,8.100356998017064,0.7362065585105166
1304,4.137819721779465,8.101162160867904,0.7351391159803459
1305,4.139133286553694,8.102348123572074,0.7335620046622702
1306,4.139999364492384,8.103128165631746,0.7325255458257498
1307,4.141278373465065,8.104277044419216,0.7309984119703042
1308,4.142131959664765,8.105041719566508,0.7299957702891834
1309,4.143374445182465,8.106152338125733,0.7285562818841582
1310,4.144202053315798,8.106890262953696,0.7276443485191507
1311,4.145425461506475,8.10797843263027,0.7263196921251074
1312,4.1462334650651265,8.108695767253888,0.7254520325453752
1313,4.147042017448912,8.109412457028132,0.724593968205371
1314,4.148227120730061,8.110460085988827,0.7233174973416994
1315,4.149016675831605,8.111156663681024,0.7224714998188576
1316,4.150173305515512,8.112175235228843,0.7212075896541823
1317,4.150944139859095,8.11285231567558,0.7203683672868728
1318,4.1520708187400555,8.113840236610503,0.7191217178856495
1319,4.152821532824698,8.114496994480726,0.7183003095015665
1320,4.153928859679955,8.115463686849827,0.7170839001673711
1321,4.1546593750424865,8.116100367549107,0.7162860860814877
1322,4.155390317656655,8.116736300539204,0.7154971824451652
1323,4.156458140716531,8.117663188911118,0.7143347823592492
1324,4.157525020192484,8.118587399961552,0.7131960380924558
1325,4.157880985796485,8.118895212745384,0.7128207271633471
1326,4.158228346819745,8.119195388483895,0.7124480180026713
1327,4.1589201930837545,8.119792586343241,0.7117112871586506
1328,4.159612446931153,8.120389326568617,0.71098421914406
1329,4.160293985498888,8.120975943138541,0.710271327725933
1330,4.161294304590457,8.121835451308254,0.7092802627645318
1331,4.161627802121043,8.12212162020905,0.7089663251837525
1332,4.162295175503577,8.122693718308696,0.7083558514527069
1333,4.162948892385015,8.123253416824198,0.7077622629440274
1334,4.163601695766989,8.123811692220691,0.7071803377634889
1335,4.1645654385710005,8.124634753376933,0.706323801471661
1336,4.165201543273856,8.125177150312117,0.7057611523490488
1337,4.166140648663252,8.125976792502232,0.704927888731207
1338,4.166760568418961,8.126503970499803,0.7043792430190555
1339,4.167380669277907,8.127030685929771,0.70383541281714
1340,4.167994177583746,8.127551161423288,0.7032962105902545
1341,4.1685984072216735,8.128063277370904,0.7027620635928175
1342,4.169202806056899,8.12857496142724,0.702232554681661
1343,4.170086856565632,8.129322444961268,0.7014476684217836
1344,4.170970147807467,8.130068050573156,0.7006734233764239
1345,4.171831296630255,8.130793958136515,0.6999098447589673
1346,4.172404992473216,8.131276657895986,0.6994066938305062
1347,4.173251358095657,8.131988279721872,0.6986601692150373
1348,4.173809844071056,8.13245728344951,0.6981684851880979
1349,4.175321977336728,8.133715712414185,0.6949215032154333
1350,4.1762771783999435,8.134498405152899,0.6757362881327899
1351,4.177184671734158,8.135197268383184,0.627137532880532
1352,4.178034586753886,8.135792954707746,0.5849805427338574
1353,4.17859673190173,8.136151148196486,0.5633273076553015
1354,4.179579479329321,8.136752426215008,0.5330377243831905
1355,4.181094124614274,8.137637297514742,0.5251406156993812
1356,4.182829692693012,8.138637189049183,0.524417453819546
1357,4.185761613946939,8.140330230757286,0.5237287469925391
1358,4.187853023246607,8.14153722780808,0.5234439362580996
1359,4.191055746989094,8.14338551634323,0.523166688877639
1360,4.1932185396748505,8.144632228790165,0.5230384628716661
1361,4.195381369705512,8.14587929556258,0.5229368204258905
1362,4.196462812242888,8.146502573933246,0.522892643216041
1363,4.197540845396765,8.147123635600675,0.5228529715708332
1364,4.1986181447428885,8.147744486954872,0.5228180792069791
1365,4.200772414693834,8.148986443963889,0.5227588359348968
1366,4.202932075560475,8.150230252229116,0.5227064613490915
1367,4.205098234859351,8.151478261619252,0.5226446904593531
1368,4.208347623203583,8.153349911130011,0.52253621579951
1369,4.2104951313674395,8.15458679207158,0.5224677297388377
1370,4.2126410857246865,8.155822255435266,0.5224117072068594
1371,4.21478705035141,8.157057607721395,0.5223631443797612
1372,4.216940555473159,8.158297618057501,0.5223152393237486
1373,4.220186744098503,8.160165648937086,0.5222093712638304
1374,4.222350839021623,8.161411072038275,0.522121648322687
1375,4.224522168098397,8.162660133920136,0.5220189760830768
1376,4.2266940074299555,8.16390961887839,0.5219007869846637
1377,4.229928478180488,8.165769108241461,0.5217239279322974
1378,4.232084068290847,8.167007724358243,0.5216128823200424
1379,4.235339230221043,8.168878269587557,0.5214359175083847
1380,4.237518642676033,8.170130208161229,0.5212918897664542
1381,4.23970069965492,8.171382910009122,0.5211325408220228
1382,4.242978697203332,8.17326412655249,0.5208667612782849
1383,4.246256986571432,8.175144379552432,0.5205809158002601
1384,4.249530805714159,8.177020698118218,0.5202872623831581
1385,4.2528021261742905,8.178894247049032,0.5199978814638905
1386,4.256102115696094,8.180783134270934,0.5196885847888036
1387,4.258303507672362,8.182042258439639,0.5194654686927064
1388,4.261589628668994,8.18392057722456,0.51912715760618
1389,4.263773577159944,8.185168256534872,0.5189160490658022
1390,4.267063125011859,8.187046434332823,0.5186090475772905
1391,4.269278488557465,8.188310289484152,0.518384072511436
1392,4.271494338343377,8.189573885352665,0.5181423258584602
1393,4.2748443641015195,8.1914829930897,0.5177433055583315
1394,4.277079298613786,8.192755522882207,0.5174559284150407
1395,4.280417040026913,8.194654294668544,0.517023152820153
1396,4.282642006548791,8.195919096544463,0.5167400615082749
1397,4.2848674018013355,8.197183234777018,0.5164593661194792
1398,4.288241094198125,8.19909800243702,0.516023671042595
1399,4.289373131062066,8.199740089395307,0.5158656424165222
1400,4.290505322462425,8.200382076261548,0.5157025254649343
1401,4.291637726288714,8.20102393192827,0.5155352750787137
1402,4.293916410693759,8.202314547690355,0.515186477684761
1403,4.296196741191912,8.203605141705577,0.5148211884414273
1404,4.298477721373924,8.204894987713555,0.5144449216802881
1405,4.300764704910596,8.206187037457369,0.5140619037471196
1406,4.301908691640777,8.206832907995047,0.5138687983273054
1407,4.3041971423767516,8.208124048897142,0.5134802223991823
1408,4.307677130581283,8.210085191630105,0.5128682396135761
1409,4.309999740490624,8.211392511635022,0.5124387724068646
1410,4.312319695752446,8.212696963822406,0.5120011073569629
1411,4.315794179147943,8.214648150140963,0.5113566239538624
1412,4.318111303905528,8.215947769788388,0.5109333793837993
1413,4.3216625225665135,8.217937040174636,0.5102618288274628
1414,4.324033809550148,8.219263579631816,0.5097832697301733
1415,4.327604715989253,8.221258282518278,0.5090369747092661
1416,4.330007639495977,8.222598388924204,0.5085151282506297
1417,4.3336200983778115,8.224610297885524,0.5077082556118853
1418,4.3360323936207115,8.225951575349079,0.5071648632343944
1419,4.338445334825466,8.22729143808616,0.5066192363587634
1420,4.342145742082462,8.229342888831779,0.5057594487011926
1421,4.343381078709917,8.230026802376909,0.5054594622078786
1422,4.3458525758456705,8.231393681253326,0.5048465755166083
1423,4.349612888069554,8.233469265798046,0.5038875488460299
1424,4.3533783091756,8.235543062782654,0.5028896379086291
1425,4.357158161480083,8.237619849290496,0.5018704336924728
1426,4.359699920601776,8.239013506793079,0.5011770852121669
1427,4.363534838991902,8.241111910316848,0.5001185730758528
1428,4.366126484587588,8.242526880570635,0.4993849386318473
1429,4.37001646154315,8.244646142215348,0.4982511497775483
1430,4.373931103371574,8.246772992938837,0.4970931531964789
1431,4.377862149071684,8.24890284205902,0.49591869488883533
1432,4.381864674173376,8.251065276867598,0.4947139703112685
1433,4.384563195492127,8.252519649161247,0.4938684394763983
1434,4.388625111200091,8.2547032058892,0.4925738737761479
1435,4.391334917558214,8.25615601249641,0.49170546229021095
1436,4.394045893230617,8.257606643158846,0.49083451961539387
1437,4.395446172604531,8.258354765665066,0.49038997942547574
1438,4.398263085707989,8.259856956957218,0.489459416357303
1439,4.401081945182986,8.261356888485441,0.4884899759507066
1440,4.403933402237647,8.262870703320045,0.4874904687351807
1441,4.406828540543959,8.264403811859495,0.4864464153372934
1442,4.409725615581187,8.2659339840816,0.4853701694958437
1443,4.412660435705636,8.267479910634384,0.4842693489781127
1444,4.415599902399826,8.269024357070183,0.48314960471147356
1445,4.418540993422425,8.270565516775779,0.4820180029689784
1446,4.423126826872202,8.27295955089141,0.4802383517458106
1447,4.4261926827884714,8.274554393809042,0.4789926222869017
1448,4.430824573724617,8.276954726131674,0.47708432368166187
1449,4.433916039572779,8.278550338990785,0.4758005358811736
1450,4.438704098435456,8.281011764932984,0.4738209930934129
1451,4.441960193228705,8.282678807662172,0.4724154853735581
1452,4.445219114932049,8.284341453623533,0.47096505122442667
1453,4.450264696930129,8.286903667847161,0.46868138642352214
1454,4.453637579920779,8.288608356880738,0.46709420350660025
1455,4.458782113963817,8.291195454544214,0.46464235726190617
1456,4.462249068630508,8.292929794836503,0.4629549047621497
1457,4.467455314127,8.295520477051097,0.4603769819321753
1458,4.472918042410316,8.298220968095775,0.4576695470079188
1459,4.478432119543282,8.300927859789535,0.4548143292947177
1460,4.4821616494550565,8.302747342257117,0.4528487317778594
1461,4.485895334292532,8.304559875499418,0.45084919029597625
1462,4.491865081895362,8.307439006768805,0.44766092834786375
1463,4.497865225950056,8.310308513453778,0.4442492604680829
1464,4.502049954602682,8.312294779641558,0.4418548291507392
1465,4.506254541743248,8.31427791538977,0.43935102750305266
1466,4.51046467502964,8.316250690783155,0.4367769646199219
1467,4.517016214642801,8.319294543934195,0.4327499019007667
1468,4.523593464417876,8.322317366252237,0.4285569570449863
1469,4.5282666550632245,8.324444992277124,0.42562280503068534
1470,4.535323911421109,8.327626204601367,0.420946778133031
1471,4.540037890995872,8.329728505967799,0.4177204228397698
1472,4.547325114304079,8.33294281886166,0.4127029154843528
1473,4.5521999195470215,8.33506845955928,0.40925426921607416
1474,4.5559602353383015,8.336695768575321,0.40732951691378805
1475,4.560414422491115,8.33863263376018,0.4139502997274907
1476,4.565625226276749,8.340938072957014,0.42103814187718774
1477,4.5711631268962565,8.343418838937291,0.42012910310545143
1478,4.5767344118330096,8.345894616449634,0.41454782780281707
1479,4.582320525474539,8.348337786497957,0.40924498248894686
1480,4.587918980028628,8.350751101877433,0.4041191248939795
1481,4.5945921480577665,8.3535767547829,0.39562339044456407
1482,4.601374504568369,8.356379208459364,0.38680698484031495
1483,4.61200746123819,8.36063964536455,0.37452301651697434
1484,4.619295521537126,8.363475043839998,0.3664255391432406
1485,4.63053050537648,8.367714493259244,0.3541509733556141
1486,4.638157700455271,8.37050330644378,0.34566829092996404
1487,4.64964472690033,8.374564534472897,0.3326636604812487
1488,4.657391399543355,8.377193794964718,0.31951034870635625
1489,4.669699042423506,8.381103815730127,0.292501482252523
1490,4.682456982988915,8.384801083447414,0.2701035722173944
1491,4.691150848049096,8.387153929183311,0.25637834324333375
1492,4.703581037923304,8.390300258908104,0.23692026704609243
1493,4.707368004547399,8.391207164478137,0.23114603700146272
1494,4.715005354696174,8.392965846906284,0.21962865100718656
1495,4.726030776675053,8.39534128641491,0.202789633918948
1496,4.733450924913197,8.396829998606403,0.1911916769565096
1497,4.740742343143583,8.398203070202328,0.17861854304406083
1498,4.75147211649817,8.40003112222875,0.15533688237405277
1499,4.758659540281859,8.401108097205288,0.1387351936024072
1500,4.763841246449516,8.401795388004077,0.12069870342267573
1501,4.771352054885457,8.402616721726067,0.09319400555567402
1502,4.776366490937632,8.403049696948928,0.07488485805082505
1503,4.779017054454868,8.403230895626642,0.05530309494193358
1504,4.780092891830104,8.403289237324804,0.04511913934902259
1505,4.782243575243242,8.403371674437428,0.025310670551777596
1506,4.784292300151832,8.403406934116298,0.004859359673768028
1507,4.785617275830899,8.403400149083792,-0.025192321209154607
1508,4.785806729590567,8.40340082862998,-0.06828921587729116
1509,4.785872235468572,8.403402572131217,-0.09106281758627136
1510,4.78600087317189,8.403402800003184,-0.13710449659567508
1511,4.786065384142505,8.403401264798436,-0.16034116019145656
1512,4.786194022904255,8.403394184741469,-0.20718607703320263
1513,4.786382284993366,8.403376049432397,-0.2782409689294771
1514,4.786500172174245,8.403359419093405,-0.3260595700880651
1515,4.783691476485043,8.404410608226154,-0.3795213038450894
1516,4.776731588420677,8.4074380922713,-0.44114737004238425
1517,4.7658727934633625,8.412987363155958,-0.5078424209705701
1518,4.751453922202077,8.42162840631502,-0.5776209372973817
1519,4.733893533841639,8.433903552431147,-0.6491476345883548
1520,4.71366319512372,8.450316211575023,-0.7214533591232772
1521,4.679468288365637,8.48366345505048,-0.8298207846378703
1522,4.654963972289706,8.512202568984076,-0.9012749876454342
1523,4.629768402288198,8.546128522396941,-0.9717019883693914
1524,4.5920170008632475,8.607529795816085,-1.075099736268351
1525,4.567788593884758,8.65558160291007,-1.142629296102699
1526,4.534366906691811,8.738532366535763,-1.2423052786411055
1527,4.514957498106852,8.800994744176844,-1.3081682587969976
1528,4.491791316868377,8.9051884026981,-1.4070216032020864
1529,4.481288621044763,8.981433959888726,-1.4735844884142444
1530,4.475579081177239,9.062809219692276,-1.5411579807460987
1531,4.477633086408715,9.193758266597008,-1.645206869412151
1532,4.486968536993034,9.286359729449794,-1.7168545748162771
1533,4.503938588921528,9.382902273753652,-1.7897473438833114
1534,4.529211729929279,9.48234138632613,-1.8635429840687798
1535,4.563257716961297,9.583933457557604,-1.9387217352521007
1536,4.606433049820679,9.685166797611977,-2.0154808582174084
1537,4.654741609129287,9.777995414618387,-2.0938059316122124
1538,4.70775386555806,9.862835940838082,-2.1739537559852185
1539,4.794670453768377,9.97609246684364,-2.294221477062734
1540,4.856148344634137,10.041226913451089,-2.372578939069061
1541,4.94926262651155,10.125601025761476,-2.4853701611722987
1542,5.04499842877688,10.189460224484556,-2.5924782785312073
1543,5.106773371880493,10.224959569926463,-2.660356117464989
1544,5.166155319975881,10.256147664222027,-2.7259348526123035
1545,5.223872599393359,10.278267994734692,-2.7897725401420823
1546,5.251547885797466,10.28752283277758,-2.82133879642231
1547,5.278192154961389,10.296178621524888,-2.8522748738066306
1548,5.304013885901257,10.303575338195555,-2.8827454696928836
1549,5.352865328747982,10.31526101023298,-2.9427580858428244
1550,5.397741700938672,10.323206336864116,-3.002117502363759
1551,5.4383762257840775,10.327956012981376,-3.061479585985352
1552,5.474620820166757,10.330017435128028,-3.121421291620837
1553,5.506321455144934,10.329918257050014,3.1007658076640943
1554,5.533896138189632,10.328400594406231,3.038722334424066
1555,5.556165484021726,10.325463058548312,2.9753824914857705
1556,5.573644151630842,10.322132266057661,2.909917772241022
1557,5.586403623670605,10.318767243785603,2.842420036481963
1558,5.595865716262951,10.319087719202649,2.7731986215771607
1559,5.599853599637194,10.314167949777636,2.7054320412502193
1560,5.60396484478022,10.311921296984535,2.6109799948331487
1561,5.605868762968038,10.31038159272456,2.554941741025014
1562,5.605858377982604,10.310510519794446,2.5033706109706575
1563,5.6057636278479075,10.310524999271417,2.457197611569908
1564,5.605734435774799,10.310544571398966,2.4144416782018188
1565,5.605722555858356,10.310542315440884,2.351798497745487
1566,5.605740935418286,10.310511998432888,2.311554903490738
1567,5.605768562996457,10.31047112740737,2.2727942662031086
1568,5.605766668382788,10.310468162572539,2.2185486046953082
1569,5.6057840767874385,10.310460457568832,2.1876996740368244
1570,5.608447490973777,10.311778206374157,2.1397693873880725
1571,5.607074089555232,10.309527932342913,2.0944578746641778
1572,5.606670441284601,10.30907625396392,2.075664755515257
1573,5.606686342609658,10.309061486858216,2.066748239398935
1574,5.606660751268169,10.309122872602028,2.058339159869805
1575,5.606598051202152,10.309240998498598,2.03569004998857
1576,5.60660377966258,10.309222871286364,2.0223990660173317
1577,5.606649921661515,10.309134702655829,2.0171433389456563
1578,5.606643912921676,10.309144860416257,2.0139175609205986
1579,5.60662116032815,10.309205657771102,2.0032665770738456
1580,5.606619888015622,10.309208097622701,1.9902906504687188
1581,5.606645434090314,10.309145757673454,1.9831070021672055
1582,5.606699552855235,10.309037340614355,1.9894746283945122
1583,5.6066892728675795,10.309068372741036,1.9946049857925088
1584,5.606671341911854,10.309113067147406,1.9944766808559562
1585,5.606646828837098,10.309174727792755,1.9915562377480496
1586,5.606577332262336,10.309341706779271,1.9749319843677897
1587,5.606527427317977,10.309483897789509,1.942474911742573
1588,5.606508370186718,10.309533201216263,1.9021427189096838
1589,5.606516821820643,10.309498527847575,1.8635784332645604
1590,5.606536937323687,10.309429018651944,1.8328702983858836
1591,5.6065348698078035,10.309444038893727,1.8047050487389291
1592,5.606535570659498,10.30946547833486,1.789069892612124
1593,5.606527882977164,10.309508432095654,1.7537975168109539
1594,5.606522030725033,10.309552489406745,1.7153130881857042
1595,5.6065301879103995,10.30954643864434,1.6771722650052323
1596,5.606533300446945,10.309550898284144,1.6397061486003928
1597,5.6065362755511625,10.309581042786467,1.583253691838391
1598,5.606541134991046,10.309635523032114,1.5250375015298012
1599,5.606546367887823,10.30968398268528,1.484671110847051
1600,5.606200992727149,10.306925149213615,1.4167327718479512
1601,5.604900886007594,10.29965805654919,1.360700060074957
1602,5.602095584963007,10.287984720836967,1.2976969492525976
1603,5.5936951053474315,10.262691039164897,1.192926334566868
1604,5.5871037222827225,10.239882046390985,1.117672915743293
1605,5.5661131108501625,10.207752651033402,1.0006269582052152
1606,5.554582916261492,10.190973600709539,0.9200503845953983
1607,5.537376402890589,10.169932127881133,0.8021171350168972
1608,5.525934433841451,10.15978312247189,0.7313034064282651
1609,5.509789242402483,10.146355342937456,0.6506433016708547
1610,5.503573263590858,10.141329711126499,0.6134324208537005
1611,5.496240566344025,10.13666453380747,0.5901614674571561
1612,5.490470836723652,10.132776328953565,0.5840885427672464
1613,5.485781373811678,10.129653583672635,0.6052147956051752
1614,5.48171124746384,10.130521902998828,0.6369597415738514
1615,5.482325439267185,10.12723122957195,0.6954501880986256
1616,5.482283638545292,10.127226142879648,0.7419445723928378
1617,5.482283140840908,10.127213832796672,0.7887929243876156
1618,5.482321459149614,10.126918704558285,0.8565335494932573
1619,5.48223905030964,10.127034959683101,0.9189207481156709
1620,5.48223985615284,10.127048468479225,0.9751935432423324
1621,5.482240136200375,10.1270510467725,0.9929773834858993
1622,5.482234867900932,10.127042944517479,1.0107614068106028
1623,5.482224931113469,10.1270156370606,1.0631733405068278
1624,5.482210182456447,10.126982240138869,1.0983301805817518
1625,5.482189856346088,10.126936316497558,1.1343113930631172
1626,5.4821658908273205,10.126878072450047,1.1715211565540142
1627,5.479298668303104,10.127829407087207,1.1899765738254324
1628,5.481573562286272,10.126282456299947,1.2268958963994134
1629,5.481688155332951,10.12622822542907,1.2699163087123488
1630,5.481704956582249,10.126197932701718,1.3378109936646407
1631,5.481716356064656,10.12620594614815,1.380019242628298
1632,5.48172056955595,10.126193727823361,1.438085981200356
1633,5.481712015237687,10.126141364214638,1.4934901530822824
1634,5.481574063653363,10.123072618009667,1.5503472498374467
1635,5.48169777289915,10.10986467205641,1.6136038199689606
1636,5.483448257521493,10.086313983042954,1.682895312725993
1637,5.48628074594586,10.064964678404742,1.7323005162872227
1638,5.491025232197716,10.039237170291107,1.7842164408301915
1639,5.497757179277096,10.011048896934739,1.8385666480253473
1640,5.505161045784772,9.987325415830544,1.8943275831792297
1641,5.514779113031117,9.96017241835114,1.9811549239250197
1642,5.521084608186311,9.946598123070988,2.0402139889239153
1643,5.5307769431016265,9.929067231504689,2.119522289816719
1644,5.536964244222812,9.919325409068813,2.1604974107097665
1645,5.548655948088021,9.907803567856286,2.1995672050478405
1646,5.552552456279828,9.897828449402583,2.215476195742435
1647,5.5551413061977115,9.894348877104177,2.1957956369923237
1648,5.555368866276337,9.894029801740517,2.147450053423901
1649,5.555337361454999,9.894085487763238,2.102578115674354
1650,5.555326108794036,9.894119690688052,2.028399424556314
1651,5.5553485227029995,9.894086928894527,1.9833379659008392
1652,5.555391875936884,9.894015234718676,1.9247183931486238
1653,5.555392654207015,9.894029864733735,1.9066660383958218
1654,5.555393991626971,9.894059882986111,1.8715445903267063
1655,5.555380810258575,9.894129500212477,1.8187409150723046
1656,5.555368758537468,9.894214248491929,1.7819089838973723
1657,5.555373394914351,9.894285281131179,1.744955977550528
1658,5.555365524211477,9.894315935949475,1.7065035979087637
1659,5.555367024633368,9.894313005581491,1.6878171381640006
1660,5.555370159397344,9.894313351983183,1.669326461366443
1661,5.555375011789776,9.894320969143928,1.6325339278900037
1662,5.555380058993119,9.894336459413013,1.5954557048859268
1663,5.55538537526535,9.89435846323899,1.5575920876897495
1664,5.5553902534319874,9.894387525592027,1.5185673898215846
1665,5.555394699187909,9.894424165554614,1.478096445223139
1666,5.555399259298491,9.894469118632971,1.435963291423939
1667,5.555405663440979,9.89452336144279,1.3920085741882176
1668,5.555415766480883,9.894586793766617,1.3461256075507726
1669,5.55545852173511,9.894728543274717,1.297327896912775
1670,5.555205672321813,9.894033378272294,1.2155145205879179
1671,5.551537870207705,9.885318866191204,1.131471298951834
1672,5.542291507250879,9.867278229010772,1.0467149927633432
1673,5.5343901227421375,9.854925227117395,0.9911968387307748
1674,5.524409069084856,9.838794197037217,0.9181568819853818
1675,5.515960290268404,9.830048420597405,0.8634534853042143
1676,5.51053915465786,9.823774457162978,0.844062013019965
1677,5.504976683380607,9.817579751032797,0.843158276909381
1678,5.503189638561949,9.81556494548218,0.8608657431219001
1679,5.502824712032931,9.815093558090666,0.9112591309715606
1680,5.502786740275117,9.815059831976056,0.9714822211237026
1681,5.501592430043901,9.812724854709144,1.0191137488030029
1682,5.501417172367085,9.813254697045252,1.0875366747734547
1683,5.501447903004726,9.813258535401925,1.1279430365692984
1684,5.501454963408458,9.813235794200935,1.181908784639696
1685,5.503128142166998,9.812597265573038,1.2166704580671097
1686,5.502094513602494,9.81399058207162,1.253314048103872
1687,5.501852265367327,9.813750289799676,1.308748931921226
1688,5.5018291539162885,9.813633899017743,1.3484980070447272
1689,5.501832524383175,9.813622581745909,1.404797126900094
1690,5.5018341524304395,9.813539966686326,1.4438549992142184
1691,5.501575097489333,9.810447265121317,1.5059641498944154
1692,5.501214192898768,9.797146995080146,1.5821038241208156
1693,5.50168877618323,9.783426536908197,1.6387760826108588
1694,5.502221843149614,9.77647725831169,1.6669005159192094
1695,5.502932171549421,9.769671560692498,1.69368777812204
1696,5.504751289663208,9.75692143333483,1.7410927359661543
1697,5.506834606291324,9.745783932087349,1.778169015265432
1698,5.508871305328571,9.736550268045283,1.8035222367144175
1699,5.510617029341383,9.729351701428984,1.8163212749643185
1700,5.51190091990256,9.724245506678237,1.8159935578171642
1701,5.512794096212731,9.720629968269645,1.789871907468049
1702,5.512835379859437,9.72058390685092,1.7376858306083693
1703,5.512820560943037,9.720701878605647,1.6910479394408549
1704,5.512818512648857,9.720759701533375,1.6401502723384753
1705,5.512819045941827,9.72077795815343,1.5916157193173275
1706,5.51282330299516,9.720787478743073,1.5462123478261294
1707,5.512826754315432,9.720810761880529,1.5017020453748038
1708,5.512832214823517,9.720838273332165,1.4570692052711578
1709,5.512840960597555,9.720876560027806,1.4116158711746598
1710,5.512845910085093,9.72095039254642,1.3413193358446411
1711,5.513831671991095,9.720094911451476,1.2946201534400017
1712,5.512844843690371,9.721035096077113,1.247619540008815
1713,5.512934136777641,9.72125632089613,1.1759967670772156
1714,5.511775688126973,9.718679530789336,1.129244162386535
1715,5.50584964803627,9.707226044573051,1.061349280649706
1716,5.497354823177067,9.693001218024268,1.0012725156227964
1717,5.489728689353033,9.681579335548616,0.9630645471812662
1718,5.484279258007254,9.673870578812146,0.9533369458881596
1719,5.482148185243186,9.670829687754928,0.9636996756785762
1720,5.481333090893088,9.669633996477478,0.9880086771991534
1721,5.481262364156651,9.669505311810024,1.0236510420972895
1722,5.4795963676732775,9.669816347465003,1.0656177956759756
1723,5.480029140479692,9.667579308245335,1.112274127793052
1724,5.480170749436699,9.667853048110908,1.159439525626965
1725,5.480183883574413,9.667913589821172,1.223157617484315
1726,5.480203790356452,9.667956221682319,1.2606746556556832
1727,5.4802165974812445,9.667967164259212,1.296518689477984
1728,5.48021876467291,9.667919526833776,1.3504376860419003
1729,5.480221131313008,9.66788511114041,1.3869218830613943
1730,5.48007478679568,9.666825886554742,1.444630894353186
1731,5.479506826489657,9.661471350117116,1.4884397677381513
1732,5.478733945357161,9.645608773263936,1.5622646375865483
1733,5.478854959230151,9.633977685377474,1.6099232398891508
1734,5.479112077056822,9.62823434009543,1.6306754589140249
1735,5.479467361133828,9.62273280570603,1.6486350268199492
1736,5.480331066792794,9.612986434648992,1.6752840024109656
1737,5.481187513150009,9.605270253435657,1.6889686742936612
1738,5.481857439982757,9.599728173170858,1.6893139599620712
1739,5.482251577257816,9.596411757569642,1.6759776600502203
1740,5.4823696879555674,9.595369919036386,1.6485654383170107
1741,5.482365809979368,9.595461464441229,1.6092615301180337
1742,5.482375313593114,9.595495210643108,1.5688120834748052
1743,5.482382137470943,9.595535643270157,1.528153410543703
1744,5.482393309902804,9.595610169741587,1.4655098572822005
1745,5.4824073093228,9.595687921177266,1.3997383167320134
1746,5.482425211894824,9.595761244126804,1.3300635957172873
1747,5.484008201856806,9.594326215343003,1.2783117249591305
1748,5.482380786342933,9.594956148909551,1.2242915316270315
1749,5.48242944956345,9.59499755660703,1.1712670413285802
1750,5.481237912920202,9.592391939380018,1.1221497847233692
1751,5.477575795865877,9.585894962652098,1.0759871789721926
1752,5.469309223446125,9.571263119303758,1.0123465242962835
1753,5.463963628743756,9.562993490416138,0.9790174007821028
1754,5.459137944198559,9.555973649473634,0.9576268558224997
1755,5.4538900186009895,9.548582416003278,0.9505936151784153
1756,5.451972308648642,9.545877677403762,0.9631998792685325
1757,5.4513607359796765,9.544955988330422,1.0062084409920777
1758,5.451300221966953,9.544863670034175,1.0456670214816888
1759,5.451264972849688,9.544792296101043,1.0935224770239218
1760,5.451260092891672,9.544778783039574,1.164973808430623
1761,5.45128151233026,9.544834650147346,1.2261441966749314
1762,5.45128984681193,9.544838491184748,1.2801230053195467
1763,5.451286125303871,9.544799536414716,1.3152259453839419
1764,5.451264396041339,9.544691440557413,1.3695923249698019
1765,5.451266418233745,9.544649756859526,1.4069372619528062
1766,5.451256210476063,9.544573085710585,1.4440756932054588
1767,5.450989664034306,9.541411630350003,1.5068122711861625
1768,5.450662021935349,9.533658829942379,1.5562743586087617
1769,5.450626209832886,9.528046243860333,1.583063611457395
1770,5.450748059305805,9.522200056212283,1.6104919929207584
1771,5.451026366328428,9.516368546971975,1.6374617819170394
1772,5.452029031332422,9.504786228148923,1.6864971222455645
1773,5.453480583713927,9.493734913253562,1.7247692726524009
1774,5.455031692992815,9.48434831498536,1.750098112666615
1775,5.456378796470344,9.477082953803443,1.762099375959719
1776,5.457360432867589,9.472009145918337,1.7605676517813587
1777,5.461152107012919,9.467711683919845,1.7459600927933956
1778,5.458698236615402,9.466269808595738,1.72093493440023
1779,5.458634155743946,9.466420611670081,1.681588811448776
1780,5.458633710707029,9.46653561847289,1.6332151884847654
1781,5.458625718324265,9.466593211213702,1.5831627346222985
1782,5.458621545844596,9.466626023139947,1.5362179252021202
1783,5.458623814075168,9.466667837809638,1.4915537333351438
1784,5.458626503209459,9.466717877068257,1.4467053073149831
1785,5.458640706204159,9.466780115372119,1.3776985571128548
1786,5.4586469525136785,9.466819271368669,1.3305030015321901
1787,5.458655856565701,9.466850082391234,1.283587401818799
1788,5.4613710524263706,9.467511626230344,1.212013924300769
1789,5.45919029616194,9.467751292528018,1.1668616891184036
1790,5.459243885792418,9.46784566604051,1.0978940146497838
1791,5.459241993737809,9.467876495305493,1.059163114300558
1792,5.459198513332707,9.467836312036363,1.0277850163852353
1793,5.459149225294106,9.467761855224134,1.0298273343403275
1794,5.4590838873707215,9.467639780101376,1.052964241744399
1795,5.4590285415151545,9.46749603643252,1.1116898872974728
1796,5.45899643905477,9.467392239307266,1.1654585671291142
1797,5.459002240590508,9.467376125028174,1.22036051429936
1798,5.459018650205236,9.467403975682943,1.2690895291767472
1799,5.459035863993283,9.467450757054854,1.330544047369273
1800,5.459040608477545,9.467433680487803,1.3848653910743582
1801,5.459035820638197,9.46736699824953,1.4373903778927266
1802,5.4590312113654225,9.467301021415382,1.4917857954082845
1803,5.459036448509608,9.46740580716901,1.5322992871493364
1804,5.459046307413959,9.467663676062509,1.5403675290187762
1805,5.4590533927739076,9.467777601713781,1.5336446752779025
1806,5.4590635099237055,9.467903802658961,1.5216071559310511
1807,5.4590648594976985,9.468085065096092,1.48420958200426
1808,5.459076068658866,9.468149582799022,1.4426946670469136
1809,5.459086266413154,9.468212603691988,1.3992428527408693
1810,5.459099591716533,9.468278181708307,1.3537574629772693
1811,5.459136800997896,9.468347815202865,1.3043455454087607
1812,5.458751087865514,9.468581951734334,1.2445634760483706
1813,5.4564646379660875,9.468765920343355,1.2138557263078813
1814,5.4595301408547225,9.469346556478632,1.1527144108840626
1815,5.4595646212973294,9.469636519289809,1.0958122396304195
1816,5.459629016620393,9.469659627636558,1.0450331551764869
1817,5.459640207881928,9.469717952291349,1.0006163166473565
1818,5.4596113668167146,9.469704384673546,0.971018134663994
1819,5.459526945789521,9.46958903994416,0.9619116537197694
1820,5.459443392178755,9.469441857247299,0.9827222554663629
1821,5.459348806147298,9.46937179399771,1.0167981354737115
1822,5.459290798125221,9.469100648520154,1.0927790925896763
1823,5.459293868604187,9.469109284558616,1.1738116083773384
1824,5.45931270786392,9.46918303521438,1.2186011542349924
1825,5.4596043574783595,9.468780174983326,1.259734750281423
1826,5.459085275522564,9.469122756886417,1.2987338914121835
1827,5.45911848605162,9.46916504006438,1.334597709763159
1828,5.4591336998007325,9.469186659956799,1.368043671308886
1829,5.459137937863329,9.469171502610147,1.4027243224287307
1830,5.459144253869868,9.469131186873978,1.4573210324225745
1831,5.4591569921590075,9.469226677008507,1.4990898814278695
1832,5.45916409925912,9.469357762864135,1.509971726635892
1833,5.45919006669388,9.469526691114496,1.5027734391312224
1834,5.459196855077846,9.469715647605595,1.474905779094861
1835,5.459206584865527,9.46982564500021,1.4145820856559523
1836,5.459218684183203,9.469874799239843,1.3713790125301868
1837,5.459234566367233,9.469931741843054,1.3259440965477998
1838,5.45927228468377,9.469995569021465,1.2765983214271326
1839,5.459017847365141,9.469260434740397,1.2166921850014585
1840,5.455278877684343,9.46058035507696,1.1133183020032038
1841,5.449596492189472,9.44992842931128,1.0379610501858136
1842,5.44062932269276,9.435838631538294,0.9591912424960777
1843,5.435359526098509,9.42854040946111,0.919324447808968
1844,5.426561652887478,9.413955299932343,0.8421202234490701
1845,5.420350848072014,9.411074999648015,0.8052212506781986
1846,5.410156827587639,9.400650885155992,0.7388607539804413
1847,5.398109984654708,9.390025543048287,0.6835300529485231
1848,5.3907870175010855,9.384617949360607,0.638888512849434
1849,5.387178817456082,9.3820433417435,0.6056485920971084
1850,5.385999837916033,9.38123529742231,0.5829829559540056
1851,5.385891201933981,9.38114822922507,0.5704538398600945
1852,5.385862629547826,9.381125392008206,0.5612037060896798
1853,5.385835078467738,9.381103105712285,0.5536904898768685
1854,5.385793764394112,9.38108780186093,0.5537315078323877
1855,5.3892744415627325,9.382997304764354,0.574669314612737
1856,5.3891921734661405,9.383120215155314,0.6051867424820206
1857,5.3891130808216765,9.383083963640228,0.6642342548592987
1858,5.389078082864271,9.383062132163781,0.7252352051302643
1859,5.38905823875545,9.383034846385387,0.7858320279424557
1860,5.389005260839821,9.382967088125763,0.8282460316458753
1861,5.388986983515975,9.382931373400924,0.8698939461173649
1862,5.389047095019534,9.382997814936354,0.9152549320298756
1863,5.389131184814652,9.383101743016608,0.926650068298354
1864,5.389374835049098,9.383038923015352,0.9219720596858878
1865,5.3888441116861765,9.383560796809608,0.9136572461338412
1866,5.389358020376337,9.383186490771836,0.9029297860847665
1867,5.389391563007002,9.383254145984624,0.8898685170792769
1868,5.389451842901227,9.383329832129524,0.8632935138581563
1869,5.389467621896517,9.3833549310515,0.8404350430038849
1870,5.38945701567052,9.38334156894966,0.8214771519531204
1871,5.389450579422096,9.383329740070783,0.8066922573836186
1872,5.389459903835456,9.38332437721669,0.79438140675262
1873,5.389482395176867,9.383335624676278,0.7751878554152776
1874,5.389491362691671,9.3833369676533,0.7622836983595654
1875,5.389496233731565,9.383334467889858,0.7495177281789562
1876,5.389497099330142,9.38332484661521,0.7309205615656104
1877,5.389494051827936,9.38331528899349,0.7190255790095638
1878,5.389486992604827,9.383300731694384,0.7020822610225381
1879,5.389484067526932,9.38329392519482,0.6914315275515153
1880,5.389483574765028,9.383291753481194,0.6863052368151659
1881,5.389483787281856,9.383290425666994,0.6813122699059706
1882,5.389486166579876,9.383290042346733,0.6717242592087891
1883,5.389490431672667,9.383291847651025,0.6626582685665303
1884,5.38949512952096,9.383294475827425,0.6540985222463789
1885,5.389498656913204,9.383296186306174,0.6460245294021497
