index,x,y,orientation
0,3.868748014569787e-07,8.000000287404026,-1.569999843442225
1,-1.667041737545711e-07,7.999991579279231,-1.5699989252621194
2,-8.725887871795005e-07,7.999970293241552,-1.5699973182772593
3,-1.7417975216318148e-06,7.999937857335285,-1.569994887129672
4,-3.0211952971396242e-06,7.99989197784219,-1.569988804689222
5,-3.98174711837258e-06,7.999877857992052,-1.5699833948351418
6,-4.206158760073716e-06,7.998861041373887,-1.56998077950725
7,-3.7326946169423633e-06,7.994396220826219,-1.571151122761405
8,-2.70694546876576e-05,7.988398305222526,-1.579210795645079
9,-0.00011682578338020351,7.981689191893599,-1.5974073343220276
10,-0.00034645425995813813,7.975094996159234,-1.6174105666612661
11,-0.0006951398821570107,7.968689154473093,-1.6375547665845018
12,-0.001172549490974454,7.962280305896726,-1.6577866696514665
13,-0.0017881711924041441,7.955793664823757,-1.679023848500556
14,-0.002924107589011987,7.946559856677785,-1.7147729079012468
15,-0.0038502350380143157,7.940460059191311,-1.7331539203306296
16,-0.004879710568430825,7.934378453278354,-1.7499201724625735
17,-0.006055936179790448,7.928089974825153,-1.7653191095708518
18,-0.007389079864158884,7.921487422948657,-1.7778542890796505
19,-0.008805476359546675,7.91489082031394,-1.789944490830685
20,-0.010520084371163993,7.907323262299117,-1.7993377074383194
21,-0.012321060050895786,7.899686879240637,-1.8077371691948145
22,-0.014186675508889182,7.892065461014699,-1.8160089460103475
23,-0.015143581159475658,7.888257937740939,-1.8201110163230165
24,-0.01710422403474679,7.88065079746164,-1.8282687382654699
25,-0.019378357051774996,7.8720966242550645,-1.8339726109515408
26,-0.0217248774376103,7.863453426156125,-1.8388633095078724
27,-0.024207903093709612,7.8544726266902245,-1.8430394361737623
28,-0.0268677148100951,7.844983200793053,-1.8456175637245413
29,-0.029556249146181157,7.835489696273155,-1.848804513191175
30,-0.03227750798016841,7.826003194300551,-1.8523762833167208
31,-0.03674012164197654,7.810646847481199,-1.854895469981446
32,-0.039753989626862406,7.800351010259861,-1.8567758526553557
33,-0.04431545687972573,7.784916112292771,-1.8601740342491542
34,-0.04590954487486046,7.779568948096342,-1.8613929458897496
35,-0.04751946702002235,7.774191883737926,-1.8626250512476832
36,-0.050760350607690914,7.763441325646534,-1.865118047792802
37,-0.05244492288880823,7.757890786836447,-1.8663556560780512
38,-0.05585081783780937,7.746740339870254,-1.8687473437729578
39,-0.05928390254415777,7.735596347666167,-1.8710615836170075
40,-0.06279385519121626,7.724296609319803,-1.8733182040110758
41,-0.06639608516371513,7.712789087126409,-1.8754890774309854
42,-0.07002313581833605,7.701288071683815,-1.8775973965829604
43,-0.07367435266096921,7.6897944354430505,-1.8796662071508958
44,-0.0755660638215254,7.68387154266164,-1.8806746607136497
45,-0.07747228176869517,7.677923165759371,-1.8816492701787562
46,-0.08130313818854493,7.666029582241683,-1.883522528961276
47,-0.08322686413941634,7.660085185416541,-1.8844313056890005
48,-0.0851559214824998,7.654142516249483,-1.8853264804304204
49,-0.08709029741602067,7.648201562990438,-1.886210803806738
50,-0.08907783073605315,7.642116011775649,-1.8870702679364546
51,-0.09107757919593854,7.636009440090712,-1.8878936343408341
52,-0.09308265268925597,7.629903828678229,-1.8886878829400917
53,-0.09710733248255994,7.617696978322779,-1.8902116082745803
54,-0.09912671653678777,7.611595754537435,-1.8909494427508686
55,-0.1012091231679825,7.6053202447426544,-1.8916718038215148
56,-0.10540516665212347,7.5927180592031345,-1.893068644041322
57,-0.10756663820363592,7.586249131594905,-1.8937146966432958
58,-0.10974089127347676,7.579754665096853,-1.8942913249853797
59,-0.11410101555010761,7.566767774450668,-1.8952883375007223
60,-0.11847317142048645,7.5537847553591435,-1.8961419564551223
61,-0.12297215896452024,7.540461063577903,-1.8968575914354109
62,-0.12748882189963184,7.527113776755747,-1.8974420867129356
63,-0.1297501124890156,7.520440837695267,-1.8977005724109184
64,-0.1320131761218202,7.513768386842139,-1.8979424122412298
65,-0.13664628107865712,7.500125887275185,-1.8985719769683784
66,-0.13897019248684447,7.4932940623815085,-1.8989825322583775
67,-0.1412971318906784,7.486462694778184,-1.8994398953147154
68,-0.14362736383359642,7.479632232036479,-1.899934590215541
69,-0.14829846768219615,7.465974741935762,-1.9010073909619618
70,-0.15066852909303008,7.459063766462401,-1.9015470456091277
71,-0.15542878976458246,7.4452182891302625,-1.9025327579571352
72,-0.16020224780419406,7.431376934651752,-1.9034318648959145
73,-0.16502075010860023,7.417444437736658,-1.904242718584104
74,-0.16745541572184058,7.410417362660027,-1.9045599973971967
75,-0.17233135790987023,7.396364482944805,-1.9050454115832638
76,-0.17477179644951468,7.3893387356811635,-1.9052328611451765
77,-0.17725539679069574,7.382193553386947,-1.9054412465253103
78,-0.17974679742678362,7.375030248582333,-1.9057106613317658
79,-0.182240588487225,7.367866788822529,-1.906028624894312
80,-0.18473680986108135,7.3607037190019735,-1.9063852691450172
81,-0.18973751697155164,7.346380075985536,-1.9071848867618264
82,-0.19227968504336776,7.3391130251529795,-1.9075900149661744
83,-0.1948305799616054,7.331829895809113,-1.9079636695346314
84,-0.19994070512249232,7.317265622811498,-1.9086403344558582
85,-0.20506032429119705,7.302704263259054,-1.9092513723083253
86,-0.20765132469366504,7.295346141245529,-1.9095672856958434
87,-0.212849179257299,7.280607554897141,-1.9103074929086896
88,-0.21545255825233545,7.273239120896634,-1.9107177140052072
89,-0.21805907409035724,7.265871637759813,-1.91114756248702
90,-0.22070861607928666,7.2583927996679165,-1.9115662095256205
91,-0.22602944060900843,7.243402296429228,-1.912305431880107
92,-0.22869404258354936,7.235908033896554,-1.9126384464566932
93,-0.2313939282832369,7.228322438047516,-1.9129408274414936
94,-0.234101022411478,7.220723096078119,-1.913206358414675
95,-0.2395214681522055,7.205525420335509,-1.913653865856201
96,-0.2422341376725307,7.197927436916968,-1.9138465932061475
97,-0.2477347561049038,7.182535593387495,-1.914294028345882
98,-0.2504905936781619,7.174832737227662,-1.9145646780377716
99,-0.2532486554911852,7.16713041216784,-1.9148582833491945
100,-0.25604775064155255,7.159320679762116,-1.9151431931341756
101,-0.25885493980413077,7.151494948724857,-1.9153949530310823
102,-0.26447560500980294,7.135843817247615,-1.9158233417495827
103,-0.2701026346590166,7.120194745905797,-1.9161820522057071
104,-0.2729181978994315,7.112370904172786,-1.9163433921346438
105,-0.27855294722638657,7.096724602118734,-1.9166409790600984
106,-0.2813720290452151,7.088902176245124,-1.9167803648617638
107,-0.28419221252586846,7.08108004138052,-1.9169150875827474
108,-0.2870404703423161,7.073183725924743,-1.9170738690595162
109,-0.2898940551130685,7.06527611675258,-1.9172773676855568
110,-0.29274952213019745,7.057368698541926,-1.9175164908712354
111,-0.2984669498290865,7.041555331001738,-1.9180739226167363
112,-0.30136642232584165,7.033546875787364,-1.9183539970697856
113,-0.3042737040048878,7.025523311685426,-1.9185990611449408
114,-0.31009437036416604,7.009477009877587,-1.9190101442641168
115,-0.3159442208935952,6.993369234331369,-1.919358435777033
116,-0.31888629387584355,6.985274362458185,-1.9195366029469372
117,-0.32183016141678716,6.977179597052041,-1.919719503700578
118,-0.32477554742801423,6.969085202928649,-1.9199061591947109
119,-0.32772239997218655,6.960991435271702,-1.920095789066135
120,-0.33366413246912574,6.944686875791591,-1.9204699061416415
121,-0.33666540191521943,6.936457499814371,-1.9206324656951794
122,-0.34267247655552535,6.919998629804018,-1.9209127408700757
123,-0.34567771997225405,6.911769509118689,-1.921036164214148
124,-0.3487096858424198,6.9034709657551225,-1.921160698905592
125,-0.35174655652447684,6.895161659699933,-1.9212946777871498
126,-0.3547848374727588,6.886852435839344,-1.9214361001423048
127,-0.3608931874668801,6.870159110308665,-1.9217597148230918
128,-0.3639679289584894,6.861762660070834,-1.9219815989986666
129,-0.3670447691330231,6.85336647603015,-1.9222398546241073
130,-0.37012387150303777,6.844970961222183,-1.9225270589313184
131,-0.3732054461243255,6.836576247846994,-1.9228373463674358
132,-0.3762896959345331,6.828182491754392,-1.9231659874982712
133,-0.3825537020479898,6.811160343467272,-1.9237550542142925
134,-0.3856926906474572,6.802641596284597,-1.923997898737916
135,-0.3888337584216489,6.794123338872087,-1.9242152640994554
136,-0.3919765902501046,6.7856056569750836,-1.9244122941054842
137,-0.39826696680644513,6.7685721405816,-1.9247607259878146
138,-0.40464720322473663,6.7513116503507185,-1.9249565046967083
139,-0.4078416380126415,6.742672864936401,-1.924976109658906
140,-0.4110361210728838,6.73403404371427,-1.9249571427476744
141,-0.41423030578576386,6.725395082886978,-1.9249072412445125
142,-0.4206640840297027,6.707989836362635,-1.924759451585928
143,-0.42391062224270115,6.699203295260863,-1.9247072491880175
144,-0.42715711999866746,6.690416112999591,-1.9246713759372744
145,-0.43040345751944603,6.681628446893397,-1.9246484899076362
146,-0.43364978807774224,6.672840502742026,-1.9246359645206035
147,-0.44019609491240796,6.655116124365848,-1.924466446703408
148,-0.44346980184509954,6.646247735936136,-1.9242882891602135
149,-0.44674187446290214,6.637378614311018,-1.9240640179084467
150,-0.4500117852912723,6.628508799832869,-1.9238028275371883
151,-0.4532792502619314,6.61963825092668,-1.9235120280846474
152,-0.45654408949339315,6.610766767771789,-1.9231974815083528
153,-0.4631335514543114,6.592836228945953,-1.9226289127713827
154,-0.4664272867792005,6.583862280474888,-1.9223931456190844
155,-0.47300901227805664,6.565911660270048,-1.921988039270402
156,-0.4795840335820763,6.547958202294769,-1.9216439541305135
157,-0.48615319001990764,6.530002570826344,-1.9213382578959082
158,-0.48943575825000807,6.521023958781874,-1.921195056991163
159,-0.49275067835731273,6.511952841701999,-1.921036232390608
160,-0.49606927522658945,6.502866708205762,-1.9208452449081288
161,-0.5027685284586898,6.484506118010917,-1.9203058333232128
162,-0.509461679328156,6.466126928056293,-1.9195702962472034
163,-0.5128030038279331,6.456935333529156,-1.919152090111637
164,-0.5194736027411194,6.438547813305316,-1.9182458684364452
165,-0.5262183183541493,6.4199018416123295,-1.9173101824517846
166,-0.5295876416847091,6.410566544690656,-1.9168463374321454
167,-0.5329527183610603,6.401229480986538,-1.9163842709618397
168,-0.5363530158595956,6.391781380883389,-1.91589598827068
169,-0.5397545741282903,6.382314601617293,-1.915360081504753
170,-0.5431513974099741,6.37284554633149,-1.9147859783910526
171,-0.546542691243462,6.363374151805491,-1.9141813370781129
172,-0.5499684442446837,6.3537879376056035,-1.9135354465961494
173,-0.5568125978785272,6.334573027155901,-1.9121045794839575
174,-0.560224340479819,6.324961320815074,-1.9113369971368757
175,-0.5636287026157563,6.315346862075409,-1.9105437076508769
176,-0.5670254751609086,6.305729796708007,-1.909729820869421
177,-0.5704143080702151,6.296110033641905,-1.9088802492322772
178,-0.5771666626173069,6.276861789604999,-1.9070506231065019
179,-0.5805292132874866,6.267233020093447,-1.9060873377724068
180,-0.5838823418000383,6.257601095083644,-1.905100140866005
181,-0.58722587951042,6.247965914136468,-1.9040938042437667
182,-0.5905596052559338,6.238327343193989,-1.9030651877470535
183,-0.597197100059458,6.219040063096643,-1.9009399444498505
184,-0.6005003302371162,6.20939125946338,-1.8998520364191447
185,-0.6037930002210818,6.199738787292914,-1.8987516502451822
186,-0.6070750009489941,6.190082785676213,-1.8976412295954037
187,-0.6103462500885696,6.180423169650326,-1.8965227331418453
188,-0.6168559252357956,6.161092959691133,-1.8941949803128146
189,-0.6200931938447122,6.151422285959456,-1.8928622644173942
190,-0.6233171792379305,6.1417474816528586,-1.8914254301840987
191,-0.6297218678325531,6.1223840519051596,-1.888322869104621
192,-0.6360646513585827,6.103000875291533,-1.8850268913670212
193,-0.6392118045347771,6.093301466326944,-1.8833304258686583
194,-0.6454563187409558,6.073886696642715,-1.8798706518248502
195,-0.6516330070107805,6.054450483804345,-1.8763488438685378
196,-0.6546955499086277,6.044724177172846,-1.8745718643496967
197,-0.6607684356096657,6.025255679986739,-1.8709569827305332
198,-0.6637782916776974,6.015513268114849,-1.8691179149718409
199,-0.666770171747302,6.005765339655173,-1.8672632564062865
200,-0.6726994090105693,5.986253111029971,-1.8634961171801157
201,-0.6756361342393198,5.976488701284185,-1.861548549657063
202,-0.6814517813993403,5.956942729796523,-1.8575467928430098
203,-0.6871883121313346,5.937373843033029,-1.8534464086038422
204,-0.690026312676475,5.927580599971532,-1.8513708197986498
205,-0.6956398281716824,5.907976894770027,-1.8469786910923964
206,-0.701164273695172,5.888348593000835,-1.8422454132809478
207,-0.7065937815257386,5.868694522300034,-1.8372958310475964
208,-0.7092717059045281,5.858857481624139,-1.8347658367299589
209,-0.711924494970295,5.849013835154812,-1.8321566104378466
210,-0.7171510320244969,5.82930639533261,-1.8266245162322157
211,-0.7222657974871585,5.80957054972582,-1.8208007738588414
212,-0.724779563710206,5.799691737223856,-1.8178134401559223
213,-0.7272636820797763,5.7898054929843,-1.8147891966918206
214,-0.7297178573256818,5.779911904926868,-1.8117374923354856
215,-0.7345349138195532,5.760102313005493,-1.8055768369126457
216,-0.7368976746212655,5.750186654754586,-1.8024752064405116
217,-0.7392296699230266,5.740263786416397,-1.799363098013446
218,-0.743800501460575,5.7203964961500935,-1.793075232709803
219,-0.7482444244923458,5.700501213252757,-1.7865343344762195
220,-0.7504171875896583,5.6905429721407845,-1.7831876906172233
221,-0.7525564010112802,5.680577483174494,-1.7798038719542775
222,-0.7546617303827584,5.670604940065546,-1.7763906360925492
223,-0.7567329306321439,5.660625356786985,-1.7729355611295763
224,-0.7607708699051393,5.640645325247173,-1.7658849946543578
225,-0.7627367058562697,5.630644903733323,-1.76230789526729
226,-0.764666699756215,5.6206377465905595,-1.758705447603804
227,-0.7665605546528098,5.610623705201809,-1.755082790912077
228,-0.7684180380418145,5.600602937584199,-1.7514439233150316
229,-0.7720222494570188,5.580541604429398,-1.7439568193413433
230,-0.7737676036704743,5.570501350379991,-1.7400962170928378
231,-0.7771405689790647,5.550401130479366,-1.7322157896762105
232,-0.7787673866904311,5.5403413953754965,-1.7282168056272866
233,-0.7818697682265234,5.520399583490492,-1.7202564253381214
234,-0.7848118090273937,5.500448281978221,-1.712398274595353
235,-0.7875974971521948,5.4804748967841865,-1.7046018491826036
236,-0.7889318374417006,5.470480148190236,-1.7007179254281521
237,-0.7902275068854574,5.460480332762187,-1.6968404539100448
238,-0.7926374779338454,5.440995190353747,-1.6891019190541814
239,-0.7937836867124394,5.431264659961291,-1.6852400052649201
240,-0.7959630587449906,5.411792102685135,-1.6775247915058453
241,-0.7979693654556039,5.392523141644928,-1.669836921693844
242,-0.7989033860772133,5.383023840298996,-1.6660432871930548
243,-0.7998013769194754,5.373522013573769,-1.6622802391191276
244,-0.8006482135763299,5.364182760260226,-1.658491415885959
245,-0.8014576980570941,5.354864939086988,-1.6546367839281242
246,-0.8022309320932548,5.34554488261276,-1.6507299892286391
247,-0.8029675515900146,5.336222316757483,-1.6467817711687602
248,-0.8036672964911643,5.326897256265592,-1.6428004588064522
249,-0.8043298264119302,5.317569590823244,-1.6387926391794834
250,-0.8049548762565641,5.308239437102368,-1.6347634359016283
251,-0.8060916045353591,5.289572047137499,-1.6266554070525494
252,-0.8070678348975076,5.271079232294887,-1.6185725146244592
253,-0.8078861241569719,5.252815202963161,-1.6108829442277677
254,-0.8082430107144213,5.243681342569199,-1.6071572809687862
255,-0.8088557434346964,5.225409884474399,-1.5998624504299974
256,-0.8091123604877936,5.216272495518929,-1.5962710125373931
257,-0.8093319055640142,5.2073018234777315,-1.5927275570298607
258,-0.8095194289050265,5.19835454175049,-1.5892425790675684
259,-0.8096758103289987,5.189407167492115,-1.5858031981031906
260,-0.8098952214768059,5.171702905783495,-1.5790451801748595
261,-0.8099593408035212,5.1629733160546385,-1.5757525245610153
262,-0.8099947796717671,5.154244251731587,-1.5725079015675414
263,-0.8099333037756165,5.128138490493943,-1.5630474734836537
264,-0.8097604682274561,5.110864868497827,-1.557339999236145
265,-0.8096376149842299,5.102228343113086,-1.5546457758412997
266,-0.8094916291048042,5.093591912003852,-1.5520275543162396
267,-0.8093242747918487,5.084993523254968,-1.5495014345650047
268,-0.809135471068735,5.076400732298039,-1.5470781773183717
269,-0.8089258640497433,5.067808274115202,-1.5447356501766587
270,-0.8086964339036107,5.059216238349831,-1.542456172338016
271,-0.808447529004471,5.050624667202824,-1.5402260220686783
272,-0.8081784759492174,5.042000195773337,-1.5380107755508927
273,-0.8075823394060553,5.024743038108224,-1.5335490399157676
274,-0.8069091450373762,5.0074886803049745,-1.5290569588356826
275,-0.8061582378698101,4.990237419579308,-1.52454366047286
276,-0.8053295041942521,4.97298989608227,-1.5200143336026277
277,-0.804885750535193,4.964367576012386,-1.5177448216101446
278,-0.8044162647031019,4.955630682658978,-1.5154935097599969
279,-0.8039262168261404,4.946878397998248,-1.5132751319281503
280,-0.8028882427876665,4.929375690191101,-1.5089088800075112
281,-0.8017681516928575,4.911779165503278,-1.5046768626728726
282,-0.8011766115878786,4.902919445994717,-1.5027376604123406
283,-0.7999435644165893,4.88520140163391,-1.4991534548432741
284,-0.7986486241772498,4.867486416596307,-1.4958327089645993
285,-0.7972961715257708,4.849775305460187,-1.4926741055316626
286,-0.7958883960693948,4.83206804151082,-1.4896139318211614
287,-0.7951599256664844,4.823159447834803,-1.488135729053002
288,-0.7944177104464383,4.814243538561489,-1.4867163852099547
289,-0.7936628248422904,4.805328198891919,-1.4853430881581011
290,-0.7921167936457426,4.787500039937343,-1.48269697308569
291,-0.7913261831659412,4.778587384956593,-1.481410079962687
292,-0.7905179550930568,4.769603819794289,-1.4801805618510393
293,-0.7896977279252132,4.76061037590258,-1.4790333086827674
294,-0.7888672790217445,4.751617329284474,-1.477950762006284
295,-0.7880155301042452,4.742497328140453,-1.476965913403008
296,-0.7862833516445955,4.724221643427678,-1.4753297906403422
297,-0.783634600326061,4.6968089574217275,-1.473400943526899
298,-0.7818124305182074,4.678244652083354,-1.4722298803089837
299,-0.7799657508562199,4.659661346512518,-1.4710208535010265
300,-0.7790222864432629,4.650252748617143,-1.4704478970700943
301,-0.777116711831921,4.631402016418174,-1.4694847746516289
302,-0.776157500865335,4.621976412859689,-1.4690697014128622
303,-0.7742091451963588,4.602940363919502,-1.4683685587890491
304,-0.773217919127874,4.593302309204384,-1.4681384008239127
305,-0.7722244300889344,4.58366363511582,-1.4679773882530733
306,-0.7712294522079843,4.574024679062839,-1.4678707991783693
307,-0.7702334955086206,4.564385556833956,-1.467807015682704
308,-0.7682403977205075,4.545106729965059,-1.467773683116221
309,-0.767243955435335,4.535467216790023,-1.4677913599149206
310,-0.7652181130651865,4.515862832505089,-1.4678195154625402
311,-0.7642039885302312,4.506048909606408,-1.4678177964615988
312,-0.762152035859455,4.486192734372864,-1.4678397975017459
313,-0.7611114935749856,4.4761182326550575,-1.4679458762466098
314,-0.7600719500951646,4.466042089662231,-1.4681108735994777
315,-0.7590341001455783,4.455965027562571,-1.4683222806572036
316,-0.7569517418196436,4.43567839909234,-1.4687663107850835
317,-0.7559134691314517,4.425530098661539,-1.4689771474763618
318,-0.7538431428517095,4.405232467404529,-1.469384085541799
319,-0.7517806584742064,4.384934098000522,-1.4697780672144416
320,-0.7507524502646076,4.374784665818444,-1.4699718640452062
321,-0.7497263667484427,4.364634869885275,-1.470194418817672
322,-0.7476819353810641,4.344334156216866,-1.4707818684951177
323,-0.7456503724943591,4.324031717954732,-1.471498595219424
324,-0.7436339131548302,4.303727460818163,-1.472295997371305
325,-0.7426318676170777,4.293574742553907,-1.472715005301757
326,-0.741633967899285,4.283421538023662,-1.4731121264179234
327,-0.7406400644343408,4.273268101822883,-1.4734624074607747
328,-0.7386623730544156,4.252960666247708,-1.4740599849896456
329,-0.7376779090605418,4.2428065568734565,-1.4743214613887534
330,-0.7366961181771337,4.232652251950754,-1.474576323012372
331,-0.735716861151045,4.222497726257788,-1.4748365605912723
332,-0.7337663474580893,4.202187831209609,-1.4753691269219114
333,-0.7327950997365984,4.192032461174582,-1.4756399189459477
334,-0.7308590602703277,4.171721795914098,-1.4758615820454892
335,-0.7289238875767013,4.1514123353507735,-1.4756055786999838
336,-0.7269809291753828,4.131104689139359,-1.4750434722328576
337,-0.7260047908508239,4.120951560700575,-1.4746670441330745
338,-0.7250246765583855,4.110798932677505,-1.4742417835605381
339,-0.7240401156228243,4.100646898083605,-1.4737779539963554
340,-0.7220559454505924,4.080344846349827,-1.472696396484041
341,-0.7200482512007076,4.060045621098599,-1.471435535274971
342,-0.7180140994616171,4.039749542680275,-1.4700627417459786
343,-0.7159514917348001,4.01945640536537,-1.4686198960523882
344,-0.7138588633304754,3.9991666973126603,-1.4670589933396518
345,-0.7117313983203308,3.978881557831486,-1.4650402590789877
346,-0.7095601201260751,3.958602380779323,-1.4626810234507728
347,-0.7084561455831238,3.948464970210708,-1.4614157696360668
348,-0.7062073633875239,3.928195605744338,-1.4584864619691156
349,-0.7038938420113082,3.9079354382349982,-1.4548121651693502
350,-0.7002703212561968,3.877566873072656,-1.4481544517605585
351,-0.6977374730266735,3.857337007478282,-1.4432726588740508
352,-0.6951038765348888,3.837121027692875,-1.4381093101439903
353,-0.6937472286422907,3.827018793735831,-1.435304977817636
354,-0.6923615740656108,3.816920931823712,-1.4322869975881747
355,-0.6880094403436117,3.7866588478811947,-1.4219458332534465
356,-0.6849270937280032,3.7665131430626584,-1.414370331603403
357,-0.6816894350408202,3.7463929543783765,-1.4064786704624472
358,-0.6782910964042491,3.726299734696981,-1.3983841761066849
359,-0.674729337500921,3.706235342002043,-1.3901569196899735
360,-0.6728859853468165,3.6962144898157736,-1.3859440792436035
361,-0.6690709059184391,3.6761979760170878,-1.3771583763392177
362,-0.6650775138262743,3.656217583790312,-1.368039735140903
363,-0.6608998697708325,3.636275562804051,-1.3586702127076664
364,-0.6587406024400357,3.6263199088871056,-1.3538498713147449
365,-0.6565331421638289,3.616375074148631,-1.3489519517356816
366,-0.6542766314804976,3.6064412791514444,-1.3439916713276947
367,-0.6519707188203372,3.5965189567059115,-1.3389807568501364
368,-0.6472094317817223,3.576710207007618,-1.3288425178817134
369,-0.6422461403688988,3.5569512720574243,-1.318591231766303
370,-0.6370799132152027,3.5372445315097676,-1.3082609107790255
371,-0.6344203819410238,3.5274114395060105,-1.3030733854257635
372,-0.6317097808534514,3.517592236241224,-1.2979022241567628
373,-0.6289483547970129,3.5077869692232566,-1.292769967446172
374,-0.6261367748861696,3.4979958935114444,-1.2876679018669952
375,-0.6232755403056736,3.488219225459561,-1.2825887094170938
376,-0.6174041813256402,3.4687097457906924,-1.2725551639541373
377,-0.6143957544918663,3.4589768147813764,-1.2677275257596692
378,-0.608239992043379,3.4395535631033822,-1.258390026731324
379,-0.6019048793827131,3.420186793105047,-1.2493396499298415
380,-0.5953966492029009,3.4008767638637654,-1.2405420040821802
381,-0.5920794136162406,3.3912426126997524,-1.236355953046018
382,-0.5853256085818863,3.372014502882179,-1.2283351630769688
383,-0.5784205928457804,3.3528390815685603,-1.2206354691241685
384,-0.5749127846852479,3.343270956698609,-1.2168668149752264
385,-0.5713694861019324,3.3337158244692153,-1.213192155001416
386,-0.5605343361116857,3.305125302711757,-1.2028299247579164
387,-0.5531498633622326,3.2861255338524313,-1.1962758975345267
388,-0.5456436920185694,3.2671726881587895,-1.1901417735666244
389,-0.541847633565303,3.257712750197314,-1.1872716723665868
390,-0.5341759759492792,3.23882429856177,-1.1818027417413566
391,-0.5264026802186796,3.219976616055464,-1.1765851054779586
392,-0.5224794666827793,3.2105675877316697,-1.1740726548489828
393,-0.510572282245017,3.1823970892618716,-1.1669938062965648
394,-0.5025259123734145,3.163661708490637,-1.162565793734372
395,-0.49847204050818444,3.1543068299878114,-1.1604958355409607
396,-0.49439887806531857,3.144959977767149,-1.1585098943651801
397,-0.49030726929888363,3.135620903925113,-1.1565914545182563
398,-0.48619813483673163,3.1262894931644793,-1.1547597593624732
399,-0.48207214895716266,3.1169652997067514,-1.1530284265869448
400,-0.47377256842103727,3.0983371445009866,-1.1497980356827309
401,-0.4654148484539313,3.079734542606338,-1.1468093918164268
402,-0.4570026106614501,3.061155976191378,-1.1439810241130286
403,-0.4527769380036889,3.051875412192491,-1.1426082636387551
404,-0.4485387343485131,3.04260057860673,-1.141268309519728
405,-0.4400256914724067,3.0240675091090887,-1.1386949464746112
406,-0.4314653231916746,3.0055556985614653,-1.1362215836245881
407,-0.4228597600509145,2.987064582248198,-1.1338134262549322
408,-0.41420979156162774,2.968593676456379,-1.1314476216111953
409,-0.4055164380262725,2.950143058005359,-1.1291090559168857
410,-0.40115369490452585,2.9409252362878724,-1.1279647021904626
411,-0.39678054111695055,2.931712413118676,-1.1268552393929576
412,-0.3880037662757193,2.913301015701178,-1.1247160444325055
413,-0.37918788685952176,2.894908103727135,-1.1226369839226904
414,-0.37476576657375943,2.885718460877025,-1.121608006059221
415,-0.36589338343374206,2.8673528575585197,-1.1195549939216407
416,-0.36144299558123005,2.858176834856476,-1.1185279739703242
417,-0.3569832352448969,2.84900547767742,-1.1175006428574552
418,-0.3480354831248395,2.8306766651533204,-1.1154452593733848
419,-0.3390499248517796,2.812366101666574,-1.1133958438571607
420,-0.33454317914735965,2.8032176777524382,-1.1123857215267476
421,-0.33002708650283014,2.7940736601694414,-1.111384830613169
422,-0.3209674318328707,2.7757989653125374,-1.1094039051811897
423,-0.31187191615211823,2.7575420564034587,-1.1074424674293393
424,-0.3027406914755853,2.739302987800709,-1.1054989270550457
425,-0.2935743427691252,2.721081733557817,-1.1035934938413114
426,-0.28437341298251256,2.7028776965865275,-1.1017171333320166
427,-0.27976031253160494,2.6937821444450085,-1.1008003764262657
428,-0.27050929059918993,2.6756033749155077,-1.0990453324958784
429,-0.26122709674443545,2.6574405551393347,-1.097364082312517
430,-0.2519141927230585,2.639293381054656,-1.095654161828113
431,-0.24256970666408867,2.621162452243852,-1.0938581433488663
432,-0.23788521040386032,2.6121033212744247,-1.092937658762275
433,-0.22849071916733832,2.5939979941320392,-1.0910482008745572
434,-0.21906167868361492,2.575910917041288,-1.0891030562854063
435,-0.21433388613276438,2.56687433035892,-1.08811594137946
436,-0.20485158863670966,2.5488153735017085,-1.0861214799011574
437,-0.20009702525501263,2.5397931186313536,-1.0851199815553432
438,-0.19056058708216267,2.5217628353005384,-1.0831225912629663
439,-0.18098823335149722,2.5037516234101735,-1.0811305672194227
440,-0.17138003328545406,2.4857595617731665,-1.0791419250983925
441,-0.16656251748746836,2.4767708831439412,-1.0781198269411945
442,-0.16173579487985015,2.467787286913267,-1.0770479958444255
443,-0.15205273302748668,2.449836148541886,-1.0747909228489902
444,-0.14232807195935948,2.4319076568475695,-1.0723741374414062
445,-0.1325589274046878,2.414003395691724,-1.0698062984235226
446,-0.12274333724959635,2.3961249310456996,-1.0671393584588975
447,-0.11287936891685423,2.3782734400695142,-1.0643589383681804
448,-0.10296508409753377,2.360450350509328,-1.0614616445527032
449,-0.09299860299206186,2.3426566304186727,-1.0584880726816004
450,-0.08799541865088933,2.3337709312098363,-1.0569813311577332
451,-0.08297886923100045,2.324892987198035,-1.0554361790803248
452,-0.07794852978305973,2.316022986344426,-1.0538330598925176
453,-0.0678444574444273,2.2983080324823253,-1.0504943250642982
454,-0.057680695713148954,2.2806279174947104,-1.047030177093534
455,-0.047454738674092015,2.2629837044936703,-1.0434254724923582
456,-0.04231779365453259,2.2541756903674544,-1.0415658090552542
457,-0.03199400344553687,2.2365886997004525,-1.0377585390637467
458,-0.021602454476967802,2.2190418206207756,-1.033831764568766
459,-0.011141716313712427,2.201536527076677,-1.0298212041219772
460,-0.0006105727715202457,2.1840737747954817,-1.0257562739107653
461,0.004681634451560993,2.175358616483342,-1.0237097902892307
462,0.015319875056200992,2.157960909883291,-1.01957843296222
463,0.02603039678734212,2.140608126262192,-1.0153156543987403
464,0.03681563413415116,2.123301922821059,-1.0109518007895442
465,0.0476764795170888,2.1060435939299866,-1.0065216233817638
466,0.053135723882815414,2.097432591837902,-1.0042868095175546
467,0.05861429193361413,2.088833779605747,-1.002039162025315
468,0.06962928772485773,2.071673274536648,-0.9975148800896483
469,0.0751660782824598,2.0631116408573305,-0.9952420679754362
470,0.08072232242015133,2.0545626558711483,-0.9929560723438404
471,0.08629802186199849,2.0460264453730646,-0.9906519783597791
472,0.09189344139220293,2.03750319138053,-0.9883333851079923
473,0.10314429269369554,2.020496407042894,-0.9835485688639896
474,0.10880028495569166,2.012013724407333,-0.9810731946669077
475,0.11447739566733851,2.003545254887706,-0.9785562538160341
476,0.12589617029269964,1.986651843594595,-0.9734278276960576
477,0.13163824303998112,1.9782275778373661,-0.9707501918434912
478,0.13740301276150607,1.969819152376224,-0.9679179024651039
479,0.14319176639098075,1.9614275388323072,-0.9649594185980424
480,0.14900550778504393,1.9530534723999304,-0.9618983745636481
481,0.15484497017949084,1.9446976726324394,-0.9587539386678995
482,0.16071068683684464,1.936360565300756,-0.9555416787509928
483,0.16660331376711326,1.9280425459470087,-0.9522743280437561
484,0.1725232317319629,1.9197439267311598,-0.9489788590636861
485,0.17847045044361248,1.9114648985225964,-0.9456764373194997
486,0.18444490362496052,1.9032055462854711,-0.9423687284899641
487,0.1964757528963168,1.8867459465011762,-0.9358260810014426
488,0.21472122175738242,1.8622028609567758,-0.9262285662809767
489,0.22701482884715676,1.8459378016760986,-0.9199247377652676
490,0.23941010514566163,1.8297501452938671,-0.9136712913462947
491,0.2519065973964967,1.8136399755455064,-0.9074544772207966
492,0.26450247928186144,1.7976075073099989,-0.901264907108282
493,0.2771974476287899,1.7816531177185966,-0.8951188188516277
494,0.289989149140313,1.7657760827728706,-0.8891217312214392
495,0.30287563022545727,1.749975124580231,-0.8832440302881779
496,0.31585406571993513,1.734249400045734,-0.877448678872822
497,0.32892340417913973,1.71859868297011,-0.8717125659287178
498,0.3486942283636111,1.695262950926606,-0.8631858688527675
499,0.3619848048309444,1.6797993819406745,-0.8575401371709641
500,0.3753619568294045,1.664410525277132,-0.8520002682517009
501,0.38208251010006555,1.6567436495805457,-0.8492888995937562
502,0.3955851371423057,1.6414640553437085,-0.8439524595633466
503,0.40916888057498785,1.626256092507343,-0.8387016344316578
504,0.4159905681799812,1.6186787580468427,-0.8361000969513229
505,0.42283176398510974,1.6111190359311764,-0.833533183816307
506,0.43657206625894485,1.5960516000759208,-0.8285393167766787
507,0.4503864989084219,1.5810518771181088,-0.8236826511011712
508,0.4573209190574399,1.5735770593832858,-0.8212921012240618
509,0.4642732417680178,1.5661186586313411,-0.8189433549172513
510,0.4712428976992063,1.5586764269594704,-0.8166501497018045
511,0.4782294455679179,1.5512499657980503,-0.8144030758775619
512,0.49225239232737394,1.5364435043340194,-0.8100176264895581
513,0.4992881131662029,1.5290631521206306,-0.807867674334822
514,0.5063396081336933,1.5216978646232702,-0.8057397766934569
515,0.5134066541434685,1.5143474004384565,-0.8036524301428244
516,0.5204891769267,1.50701154870843,-0.8016195124907475
517,0.5275864704551222,1.4996899336583038,-0.799631670115759
518,0.5346981976550682,1.4923822539963973,-0.7976811166897193
519,0.5418241489948065,1.485088315998548,-0.7957614378657579
520,0.5489641653553824,1.4778079392926702,-0.7938674686038308
521,0.5561179303336738,1.4705408979482277,-0.7920166968976908
522,0.5632849451441425,1.4632869021072148,-0.7902222991136577
523,0.5776576263634892,1.448816757864247,-0.78676520888866
524,0.5848626827228387,1.441600056628099,-0.785087580404231
525,0.5920795785168499,1.4343953055429497,-0.7834581735838938
526,0.5993081034257736,1.427202160439892,-0.7818894075318489
527,0.6065479531371498,1.4200202266855868,-0.780370915556795
528,0.6137987521375252,1.4128491438752555,-0.7788937983403694
529,0.6210599973808336,1.4056886199399161,-0.7774509498140663
530,0.6283314819017176,1.3985384492454078,-0.7760366281013933
531,0.6356130732392232,1.3913984425389068,-0.7746460579504536
532,0.6502060250323672,1.377148364558785,-0.7719211789920863
533,0.6648373850103723,1.362937647249535,-0.7692524052655447
534,0.6721673772521332,1.3558468097930905,-0.767933736060764
535,0.6795066220678586,1.3487656238189585,-0.7666233762247465
536,0.6942127718920048,1.3346319061105596,-0.7640227339471934
537,0.7015797483264011,1.3275793084034975,-0.762730559636042
538,0.716340778360611,1.3135026220198696,-0.7601806701899245
539,0.7237346056437663,1.3064781888072956,-0.7589605727535673
540,0.7533928633472144,1.2784675811966768,-0.7543715356380966
541,0.7682692513650521,1.2645121806966595,-0.7521909955358925
542,0.7757186911670123,1.2575464992524874,-0.7511411180697183
543,0.7906391999446202,1.2436377442827813,-0.7491785371362972
544,0.8055862929794243,1.2297571457334515,-0.7473494532010091
545,0.8205584652601665,1.2159030558712518,-0.7456115468994603
546,0.8355545396472741,1.2020745095213532,-0.7439361097680552
547,0.8505736428683732,1.1882706697810173,-0.7423035408638626
548,0.8656150276362685,1.17449111916817,-0.7407003950463227
549,0.8731439396295607,1.1676103525938724,-0.7399069237553139
550,0.8806783768156712,1.1607355227772171,-0.7391177303959863
551,0.8882182224293868,1.1538666495851415,-0.7383321660672763
552,0.8957633315561611,1.147003749250776,-0.7375497364002916
553,0.9184307545524035,1.1264504847342702,-0.7352179526388894
554,0.9335688081754855,1.1127777321643657,-0.733674292995239
555,0.9487281077204694,1.0991281744898902,-0.732138089750962
556,0.963907998820008,1.0855013363016164,-0.7306911123878406
557,0.986713430352997,1.0650995786513404,-0.7287577320652978
558,0.9943238654559509,1.058308474625482,-0.7281557885687808
559,1.0095570188757688,1.044739695898752,-0.7269947148225006
560,1.0248056407065804,1.0311883681516918,-0.7258750845363564
561,1.040069286797007,1.0176539096352126,-0.724783636110764
562,1.0553473287009791,1.004136015591266,-0.7237116723760669
563,1.078291372073764,0.9838898260851496,-0.7221291743699799
564,1.093605169709904,0.9704124314836208,-0.7210867031907453
565,1.108932845351492,0.9569509720618075,-0.7200519873728399
566,1.1166019576393995,0.9502260975822336,-0.7195370739644027
567,1.1319506907101535,0.936787996294864,-0.7185333528044633
568,1.1473123774879759,0.9233643310083854,-0.7176654108520019
569,1.1549976417490695,0.9166572394399862,-0.7172746637801278
570,1.1780682921293424,0.8965529396201406,-0.7162188934688437
571,1.1934600772419588,0.8831630107519051,-0.7155806193616593
572,1.2088600933677625,0.8697828583051259,-0.7149752668887819
573,1.2165631466037927,0.8630961772244786,-0.7146815263422783
574,1.2242680817395983,0.8564117326590208,-0.7143924546073652
575,1.2319748590830044,0.8497295640212035,-0.7141073604798233
576,1.2473942696190965,0.8363716886105343,-0.7135468724023292
577,1.2705372920926392,0.816351054307056,-0.7127243833357292
578,1.2859753282611657,0.8030143108492744,-0.7121846815895577
579,1.3014205304839839,0.7896856119850104,-0.7116495964544739
580,1.3168729403312553,0.7763651721214719,-0.7111177288359275
581,1.3246018202045264,0.7697080793135048,-0.7108526344232629
582,1.332332454286436,0.763052979135504,-0.7105879255496156
583,1.3400648733673515,0.7563999254123815,-0.7103235381192619
584,1.3555347581249844,0.7431001899999619,-0.7097955811584966
585,1.3710114158020164,0.7298081859797796,-0.7093514196343529
586,1.3787518089080348,0.7231645601858964,-0.7091810010705932
587,1.3864932038660247,0.7165221662921982,-0.7090369360101135
588,1.394235590594626,0.7098807970803588,-0.7089145440742108
589,1.4019788416241314,0.7032402750575799,-0.7088099786723489
590,1.4174671561264713,0.6899613811333074,-0.7086422880082162
591,1.4407037761333936,0.6700469270708668,-0.7084620398609524
592,1.456196722068983,0.6567726005101494,-0.7083717981938872
593,1.471690941604178,0.6434993457511093,-0.70829612773172
594,1.4871860308585738,0.6302273015801577,-0.7082298360758011
595,1.5026820599024497,0.616956227363997,-0.708169408182205
596,1.5181786163154103,0.6036862220741058,-0.708112602220341
597,1.5336759099119903,0.5904170926046552,-0.7080582721202487
598,1.5491737066959057,0.5771489623863647,-0.7080059297466352
599,1.5646723029517053,0.5638815316510633,-0.7079554902946176
600,1.5801715614833105,0.5506149670201711,-0.707906924260724
601,1.59567167677639,0.5373489003097442,-0.7078599168579004
602,1.6111722739815475,0.5240833341175378,-0.7078138899414051
603,1.6189229067524642,0.5174507611248449,-0.7077911056843418
604,1.6266737476636177,0.5108184369501488,-0.70776841013926
605,1.634424763383304,0.5041863894855787,-0.7077457239870735
606,1.6576785624773571,0.4842913494240326,-0.7076769460846932
607,1.6809333790716856,0.46439780324248775,-0.707606597801252
608,1.6964372547075313,0.45113640756880363,-0.7075592627453565
609,1.7119416781757353,0.43787599509938074,-0.707512240952685
610,1.7274468845667974,0.4246162881994496,-0.7074660076472732
611,1.742952604600376,0.41135722733314334,-0.7074207305491979
612,1.758459024720571,0.398098437783849,-0.7073762675553812
613,1.7739662171360577,0.3848405320715218,-0.7073324813980634
614,1.7894741668202554,0.37158324130417647,-0.7072927914481709
615,1.797228275772144,0.3649548397972445,-0.707281865534192
616,1.804982449608162,0.35832649359052043,-0.7072765746046432
617,1.81273660735726,0.35169813877234735,-0.7072758080527335
618,1.8282448864895895,0.33844125077963155,-0.7072845336423401
619,1.8359988436252905,0.33181285166065827,-0.7072928071487663
620,1.851506617583985,0.31855590967092734,-0.7073150672901748
621,1.8592604573685143,0.3119273397868295,-0.707328492065921
622,1.8670141160215805,0.3052987359245809,-0.7073431534374799
623,1.8747676549217611,0.2986700085873428,-0.7073588962390199
624,1.8825211425819939,0.2920410658460152,-0.7073755829725563
625,1.8902745348065608,0.2854119651629761,-0.707393335146533
626,1.8980277760952002,0.2787827204918205,-0.7074122189417703
627,1.9019064335865068,0.2754744076376395,-0.7069501702011816
628,1.9049267642288206,0.27288816694271156,-0.7062434759576198
629,1.9086709099361994,0.2696936396203561,-0.7058957442698908
630,1.9176815303780868,0.26200705118043377,-0.7075639400609394
631,1.9226109523168338,0.25778163623150363,-0.7109703090681402
632,1.9276304818781427,0.2534408427929288,-0.7171659297774267
633,1.932678941097461,0.24901133601954936,-0.7267065783811335
634,1.9376989033553487,0.24452230590271973,-0.7380166039189793
635,1.9426671880177417,0.23997253434645346,-0.7494752856208372
636,1.9468677695101442,0.23603085660442796,-0.7624097886643817
637,1.954314067205893,0.2287426723901709,-0.7936765801944274
638,1.9579247029312667,0.22503697542372467,-0.8096871597682468
639,1.9614771581752564,0.22127435782224644,-0.8246389616242459
640,1.964719036768554,0.21773994877111838,-0.8379850875080839
641,1.9709828710592732,0.21063500357118295,-0.8623356203087038
642,1.9770740245250702,0.20338579356774736,-0.8857110694820285
643,1.9798987667462251,0.19990688457876668,-0.8964506014873115
644,1.9826665488314055,0.1964192314720361,-0.906479751143181
645,1.988099236570214,0.1893606309050859,-0.9265604610208873
646,1.9933886247814434,0.1821959656486487,-0.9466473680198721
647,1.9959790481815816,0.1785738767423431,-0.9566840735444284
648,1.9990852038764502,0.17414030135289774,-0.9660810341148324
649,2.0063066286166027,0.1635435554018137,-0.9803335720934139
650,2.010005190220891,0.1580027202514188,-0.985421820607141
651,2.0173250081646525,0.14686358135305333,-0.9945312161547871
652,2.020948612186624,0.14126997382586967,-0.998678403324009
653,2.024549000871923,0.13566198428528115,-1.0026177220149537
654,2.028127393927783,0.13004052638983127,-1.0063863199543484
655,2.031684617672905,0.12440609344605776,-1.0100152331273828
656,2.0357464387775472,0.11792508244612261,-1.0129250081156085
657,2.0403953732645057,0.11046324648415189,-1.0146755410421218
658,2.051003467546578,0.093367921515091,-1.0158536376954193
659,2.0617443206104262,0.07603040982722475,-1.0164477327497456
660,2.072481799264132,0.058682113056792294,-1.016579043710592
661,2.0832193485744646,0.04133575193263689,-1.0163518965684366
662,2.0993371877790006,0.015325400634403637,-1.0155661622053311
663,2.104715097308182,0.006658329708493245,-1.0151687026495384
664,2.1154823811452976,-0.010669026191438355,-1.0141985485531282
665,2.126267912377394,-0.02798471798040444,-1.0129662565025803
666,2.137076189354367,-0.04528469735270268,-1.0114768618515069
667,2.142490161814922,-0.05392801363099333,-1.010664704491981
668,2.153339917891137,-0.0712005519706344,-1.008897680002867
669,2.158776486604404,-0.07982938498818645,-1.0079488317924898
670,2.1642212173013147,-0.0884529378992546,-1.0069673532384573
671,2.1696743629866004,-0.09707105679797925,-1.00595960065218
672,2.180606887248677,-0.11429046043883266,-1.003884178074387
673,2.186086611645132,-0.12289142583894866,-1.0028238342115612
674,2.197073669344629,-0.14007548200222325,-1.000671390888822
675,2.20258129737058,-0.14865864346058769,-0.9995832885805553
676,2.2136248924109663,-0.1658072246699631,-0.9973818182429198
677,2.224706294009017,-0.18293155149910995,-0.9951122490490194
678,2.230261602396311,-0.19148420382401915,-0.99395738540272
679,2.241402139008071,-0.20856979877332094,-0.9916207725416738
680,2.2525825709723386,-0.22562875436053298,-0.9892539444764482
681,2.26380376172563,-0.24266091349442998,-0.986835692336237
682,2.2694297876982996,-0.25116672631066606,-0.985611517136685
683,2.2807130596998855,-0.26815751174799285,-0.9831427373656129
684,2.2863704420508713,-0.27664239429139853,-0.981900903006131
685,2.2977165939562694,-0.2935907583662439,-0.9794148805312453
686,2.303405436138075,-0.30205431180335995,-0.978185468635243
687,2.309104781531316,-0.3105109862088232,-0.9769653173524567
688,2.320534336487367,-0.3274037932175407,-0.9745467131942109
689,2.3262644967576067,-0.33584001951015235,-0.9733461117534069
690,2.332004921717694,-0.344269483978359,-0.972150290323799
691,2.337755387297555,-0.3526921487594809,-0.9709551951311818
692,2.349286315068858,-0.36951666602198663,-0.96855880613049
693,2.3550669492288177,-0.37791850535739396,-0.96735897370803
694,2.3666582274920738,-0.3947010393579724,-0.9649585003492401
695,2.3724689358223263,-0.40308183044285373,-0.9637585157262528
696,2.3782898163545414,-0.41145570478162174,-0.9625577929471567
697,2.384120694746905,-0.41982257772911324,-0.9613555550204966
698,2.3899615529478178,-0.4281824308217414,-0.9601523171013722
699,2.395812439543441,-0.4365352355947619,-0.9589485288753816
700,2.401673401930976,-0.4448809629406536,-0.9577530323335013
701,2.4075443514189963,-0.45321970683641666,-0.9565725287034345
702,2.419315256766187,-0.46987636654933806,-0.9542464467920265
703,2.4311248612746885,-0.4865059661747807,-0.951954338083389
704,2.4429725904840547,-0.5031089237658272,-0.9496916459907909
705,2.4548578397690077,-0.519685672410955,-0.9474808123092942
706,2.4608141821909633,-0.5279642779233569,-0.9463918608275805
707,2.472753468021943,-0.5445020658511243,-0.9442392898494665
708,2.478736462882978,-0.5527613566257301,-0.9431734097178962
709,2.4847281948864484,-0.561014224479072,-0.942116853203082
710,2.496737584676515,-0.5775010222912339,-0.9400359274664251
711,2.5027552053179,-0.5857351677223852,-0.9390082431686143
712,2.5148156315702543,-0.6021849204776402,-0.9369721927859881
713,2.526909259637778,-0.6186101194476348,-0.93495596071667
714,2.539035755737436,-0.6350109869851398,-0.9329667785954742
715,2.551194605953137,-0.651387900017181,-0.9310075168827682
716,2.5572861940756137,-0.659567567543932,-0.9300360824039123
717,2.563385782639673,-0.6677414019157351,-0.9290701116038999
718,2.5694931963526915,-0.6759093935335192,-0.9281099045096786
719,2.5756084907771517,-0.6840715846079793,-0.9271547826087151
720,2.5817316653384608,-0.6922279807773768,-0.9262042257027892
721,2.5878625721062374,-0.7003785422867536,-0.9252578126238917
722,2.600147219030747,-0.7166621207461209,-0.9233727867028141
723,2.6063010450896344,-0.7247952168091524,-0.9224278235577215
724,2.6186319673601894,-0.7410436768083899,-0.9204644651714898
725,2.624809665551457,-0.7491582249043506,-0.9193263522688577
726,2.6371594395411386,-0.7653160633280797,-0.9162989224034481
727,2.643367773801257,-0.7733917324690572,-0.9133754030775352
728,2.65587477935823,-0.7894905587102912,-0.9057070367713054
729,2.6685106015432902,-0.8054857232149594,-0.8971417836578984
730,2.679346063297821,-0.8189476346180078,-0.8865595227040396
731,2.6873998934747423,-0.8287212300060425,-0.8733869494871327
732,2.693318971846961,-0.8357002095455481,-0.8573693202285181
733,2.698515659417492,-0.8416097630313214,-0.8352170954984351
734,2.7023866040219047,-0.8457989246898625,-0.8042276814584121
735,2.705133568587597,-0.8485824875752249,-0.7619023753014676
736,2.7062783174795206,-0.8496697082827204,-0.7383897861528342
737,2.707441618394953,-0.8507220150520393,-0.7153393116032805
738,2.7086284052724894,-0.8517474060773591,-0.6941321074677025
739,2.709807613888853,-0.852724400803898,-0.6758701850890866
740,2.7109646021502107,-0.8536447275875738,-0.6611583702308746
741,2.712117333399149,-0.8545335863029819,-0.648349367949443
742,2.713277713822114,-0.8554097079387587,-0.635743143737811
743,2.714448800674206,-0.856271216193181,-0.6233027033320838
744,2.7164399357927076,-0.857699365517802,-0.6124549587895752
745,2.723323930109,-0.8624660338346408,-0.5983026022282324
746,2.734085624332538,-0.8697488017645358,-0.5913407345868248
747,2.7487365460174287,-0.8795606876191577,-0.589145560538197
748,2.765632672549427,-0.8908516012825203,-0.5894239646727794
749,2.782587020601943,-0.9021890946019274,-0.5892544449066184
750,2.7995499227653253,-0.913522315649404,-0.58853266485613
751,2.816521412475247,-0.9248434522899186,-0.5879732401681654
752,2.8334977954661666,-0.9361594513235001,-0.5879813034910737
753,2.8504728910654635,-0.9474788182735268,-0.5883631799780296
754,2.8674425025470742,-0.9588077322133958,-0.5891602728903995
755,2.875923439982883,-0.9644780058470701,-0.589727489759479
756,2.8844009895494507,-0.9701533386948676,-0.5903794143471479
757,2.8928746931416707,-0.9758343068809948,-0.5911000803273836
758,2.9013442799113456,-0.9815216858050336,-0.591898805228658
759,2.9098092806226172,-0.9872161194713056,-0.5927819458113537
760,2.9182692704806454,-0.9929182846812203,-0.593733515749732
761,2.935173109247874,-1.0043483321633817,-0.5957914059724759
762,2.943616498097644,-1.0100769669058878,-0.5968782125386446
763,2.952053803556369,-1.015814929949817,-0.5979935075388731
764,2.9689093189782,-1.027319567852683,-0.6002871503373016
765,2.9857383371769584,-1.038863501474282,-0.602636963724687
766,2.9941424445110134,-1.0446503056283007,-0.6038251320596637
767,3.0109297331501135,-1.0562539320314102,-0.6062170045195994
768,3.0193128249753602,-1.062070733560445,-0.6074175528239149
769,3.027688836428045,-1.0678974234549252,-0.6086196153032594
770,3.044419504024914,-1.0795808132673577,-0.6110250320060223
771,3.05277425568354,-1.0854374370611648,-0.6122272413776354
772,3.069462250331987,-1.0971808173553552,-0.6146288770684365
773,3.077795564749368,-1.1030674521496961,-0.6158277330180283
774,3.0944411646832966,-1.1148709859486514,-0.6182202921995559
775,3.111059123271917,-1.126714620775304,-0.6206047182139381
776,3.1276494125387204,-1.1385979588718214,-0.6229795100238389
777,3.135934106057667,-1.1445545933113819,-0.624162842702487
778,3.144211823316935,-1.150521021478577,-0.625320935151746
779,3.1524825918012027,-1.1564967606481777,-0.6264367422860045
780,3.1607466525179806,-1.162481523817387,-0.6275173114303385
781,3.1772553629916356,-1.1744772473531997,-0.6295951043064946
782,3.193738982819045,-1.1865063012065429,-0.6315895946649916
783,3.2101983710095467,-1.1985675238241378,-0.6335248261532717
784,3.2266342438538422,-1.210659758980203,-0.6354177317608444
785,3.24304713256725,-1.2227826929456835,-0.6372799560422695
786,3.2512451563269984,-1.2288556291806516,-0.6382021281334723
787,3.2676245952393437,-1.2410242591228342,-0.6400320186301904
788,3.2758061399037706,-1.2471200424851685,-0.6409406043820266
789,3.2839823136648585,-1.253223346026901,-0.6418453965504722
790,3.3003184243326023,-1.2654520013535322,-0.6436443793627996
791,3.3166328759158086,-1.2777101466274416,-0.6454297542608661
792,3.3329252356722496,-1.2899972406807159,-0.6472017088908392
793,3.3491955436140204,-1.3023129528959672,-0.6489604257739467
794,3.365443964146795,-1.314656828837922,-0.6507064178389086
795,3.3816703254904144,-1.3270285942784847,-0.6524406680354823
796,3.405969308926715,-1.3456384940733368,-0.6550230637050537
797,3.4221422120139913,-1.358079322524623,-0.6566504168858396
798,3.4382956673104172,-1.370545840995327,-0.6581407756187575
799,3.454431321771063,-1.3830359481061774,-0.6595373704433939
800,3.4624928827037382,-1.3892893994636433,-0.6602098077389659
801,3.4786036182124978,-1.4018123441844792,-0.6615156252535896
802,3.494698031352687,-1.4143559388257632,-0.6627588726670626
803,3.502739351479202,-1.4206349998372383,-0.6633184853518391
804,3.5107771131030163,-1.426918327907307,-0.6638395813924121
805,3.5268428331147943,-1.4394965400114026,-0.6647920241138895
806,3.542896572092825,-1.4520890909294044,-0.6656570894155708
807,3.5589392457936504,-1.4646948484248308,-0.6664628614613156
808,3.5749718447271146,-1.477313080078839,-0.6672287195240405
809,3.5909951932774353,-1.489943444855706,-0.667967695883723
810,3.6070095035447016,-1.5025859078787913,-0.6686878855112921
811,3.6230155031751634,-1.5152397665449033,-0.6693109974426951
812,3.6470117483797897,-1.534236575713612,-0.6699979960789663
813,3.6709959342755916,-1.553247580109536,-0.6705048051475505
814,3.686980014626653,-1.565927426002478,-0.6707823386257181
815,3.702960453502064,-1.5786110587718594,-0.6710291366265092
816,3.7189373916729407,-1.591298201419288,-0.6712554309231423
817,3.72692476943268,-1.5976431784248295,-0.6713633065860112
818,3.7428974224579226,-1.6103355111522564,-0.6715721534664412
819,3.750882871649882,-1.6166829369087157,-0.6716741488667891
820,3.766852230363112,-1.6293805506713595,-0.6718747759200754
821,3.7828193157470036,-1.6420816930646325,-0.6720718615315808
822,3.7987843378959285,-1.6547862364932675,-0.6722656543368697
823,3.814747027918011,-1.6674937608946923,-0.6724558761561628
824,3.8307071180769325,-1.6802041553575304,-0.6726421539159908
825,3.8546420141048072,-1.6992751431567383,-0.672910184525178
826,3.8705955542361123,-1.7119920197358973,-0.6730599628029009
827,3.886547177730392,-1.7247106684076003,-0.6731893742327935
828,3.9024970454047336,-1.7374313187580135,-0.6733060178742893
829,3.9184456369015543,-1.7501541186241374,-0.6734150029366527
830,3.926419468229363,-1.7565162779875845,-0.6734676142501136
831,3.9343931647912602,-1.762878945024458,-0.6735193286463769
832,3.9423666923129197,-1.7692420701988738,-0.6735702864795076
833,3.95831303983515,-1.7819696437296424,-0.6736699528537922
834,3.982230221065688,-1.8010641622149457,-0.673813224886728
835,3.998173181972148,-1.813795441079465,-0.6739040828745362
836,4.0141147755489195,-1.826527986906235,-0.6739914581373656
837,4.030054845079975,-1.8392615111088897,-0.6740762800653428
838,4.045993635998445,-1.851996181013769,-0.6741598993073881
839,4.0619312842952,-1.8647321081638428,-0.674243714134308
840,4.077867948037991,-1.877469510746365,-0.6743286468380564
841,4.093803955357365,-1.8902087455621035,-0.6744148353388478
842,4.109739222531016,-1.902949582056249,-0.674501752831083
843,4.125673870104889,-1.9156919419606138,-0.6745883946178848
844,4.141607324423329,-1.928435660816223,-0.6746735453263074
845,4.157539449951731,-1.9411808569280673,-0.674756388364055
846,4.17347016751117,-1.953926918407204,-0.6748368418142319
847,4.189399622283176,-1.9666738124002827,-0.6749154062699811
848,4.205327798209118,-1.9794218694260037,-0.6749929917986547
849,4.221254728545664,-1.9921710238094008,-0.6750708785230359
850,4.237180961667295,-2.004921628697266,-0.6751500343517796
851,4.253106407096864,-2.017673683301648,-0.6752306858298273
852,4.269031327009642,-2.0304274723656777,-0.675312278590169
853,4.276993514296616,-2.036804910565055,-0.675353129751245
854,4.284955454194114,-2.043182693801577,-0.6753938138445673
855,4.300878658130249,-2.0559393553829826,-0.6754741408449161
856,4.316800770119061,-2.0686970494970964,-0.6755524404232052
857,4.332721440939372,-2.0814557262424738,-0.6756282652430435
858,4.34864074459714,-2.09421562514681,-0.6757018742753197
859,4.364558771676647,-2.106976175921483,-0.6757744700960122
860,4.380476038730923,-2.1197375922924238,-0.6758473978462579
861,4.404350179163589,-2.13888228986296,-0.6759590595081898
862,4.42822289680565,-2.158030644412284,-0.6760736226722808
863,4.452094243060053,-2.1771820111256117,-0.67618863080649
864,4.468007360317657,-2.189951224801116,-0.6762635922941198
865,4.483919102929505,-2.2027214644358346,-0.676336225826543
866,4.499829736280777,-2.2154925981876854,-0.6764065211988403
867,4.515739051333865,-2.228264410865223,-0.6764750648615785
868,4.523693326138056,-2.234650664899112,-0.6765090155332636
869,4.531647359374916,-2.2410371660317776,-0.6765429651213538
870,4.5396011091586495,-2.2474239076369114,-0.6765770623380629
871,4.5475546372272,-2.2538109219382036,-0.6766114398411356
872,4.563461154272815,-2.2665860154299398,-0.6766813060146643
873,4.579367270492109,-2.2793625491867817,-0.676752721063836
874,4.587320087732172,-2.2857512898431116,-0.6767888344023323
875,4.5952728107909016,-2.292140425017596,-0.676825033981637
876,4.603225362997572,-2.298529929849188,-0.6768611758822095
877,4.61912986179168,-2.3113097761816515,-0.6769327375935813
878,4.627081715168944,-2.317700099895554,-0.6769678867463901
879,4.635033345330163,-2.3240907085456057,-0.6770024875841271
880,4.642984688661711,-2.3304815902487617,-0.6770364726480308
881,4.650935673045911,-2.3368725970982256,-0.6770698649038573
882,4.658886356916453,-2.343263763785608,-0.6771027034200034
883,4.666836759894525,-2.349655142930272,-0.6771350514877983
884,4.6827367152661585,-2.3624386507714954,-0.6771987593652805
885,4.698635671342665,-2.3752227741220895,-0.6772623728874311
886,4.714533972924814,-2.3880079347745813,-0.6773269927786666
887,4.730431429737325,-2.400794436145545,-0.677393072695039
888,4.746328436499567,-2.413582504910049,-0.6774604891868871
889,4.754276840606629,-2.419976951564806,-0.6774945304423509
890,4.762225112478996,-2.426371643187758,-0.6775286087171292
891,4.778121190380564,-2.439161980630861,-0.6775961581460551
892,4.786068874442521,-2.4455576470156832,-0.6776293245274161
893,4.801963276779806,-2.4583495783092024,-0.6776940184488792
894,4.8178566580025715,-2.471142367686335,-0.6777563537399156
895,4.833748947883606,-2.4839356652140703,-0.677816788266746
896,4.849640202971292,-2.496729730197541,-0.6778762054731071
897,4.857585410197419,-2.50312716001306,-0.6779058763832285
898,4.865530337571611,-2.5095247714034183,-0.67793576441921
899,4.873475157888099,-2.5159226328252933,-0.6779660150702701
900,4.889364679696792,-2.528719120329037,-0.6780278718718059
901,4.905253648913097,-2.541516847502137,-0.678091231368553
902,4.913197953248069,-2.5479163785255925,-0.6781232010097821
903,4.9290861065048475,-2.5607162984622596,-0.6781871660706229
904,4.937029957938983,-2.5671165960347895,-0.6782189077255172
905,4.952917159238409,-2.5799178255816915,-0.6782812061664044
906,4.968803366918415,-2.592719986368345,-0.678341227137379
907,4.976745977469042,-2.5991213478166753,-0.6783703070908755
908,4.9846882672566455,-2.6055229277632903,-0.678398824514782
909,4.992630283458736,-2.611924632631072,-0.6784269059589041
910,5.000572111915704,-2.6183265444664405,-0.678454694092524
911,5.008513708936433,-2.62472852439313,-0.6784823694406548
912,5.016455134994136,-2.631130624809814,-0.6785101003649651
913,5.024396358609714,-2.6375328927142796,-0.6785380265352577
914,5.0323374076054375,-2.6439353959455922,-0.6785662551988373
915,5.04821914339101,-2.6567414240874894,-0.6786238654098854
916,5.056159732808919,-2.663144980693241,-0.6786532456237574
917,5.072040641653078,-2.6759530045741413,-0.678712994187808
918,5.087921373538209,-2.688762135531238,-0.678773312420901
919,5.103801513719985,-2.7015721131674235,-0.678833019635393
920,5.119680757726407,-2.7143831534551937,-0.6788909406407939
921,5.1355588944410515,-2.7271949589885023,-0.678946552682379
922,5.151435970086484,-2.7400073007294825,-0.6790000772065197
923,5.167312220526205,-2.752820228276227,-0.6790523364193832
924,5.183187484286778,-2.765633694682968,-0.6791045060599957
925,5.199062133200688,-2.778448212192571,-0.6791576580094758
926,5.206999214005974,-2.784855810354235,-0.679184843643923
927,5.2142018239849515,-2.7906704422640343,-0.6794280599696033
928,5.225921650794003,-2.8001453695169163,-0.6809922703574863
929,5.230431945498187,-2.803802540749815,-0.682185948962447
930,5.234043462032576,-2.8067381212948685,-0.683586833289271
931,5.23856848146571,-2.8104318330648645,-0.6868625925958202
932,5.239748330294712,-2.811401166215161,-0.6889357038170485
933,5.241099073742481,-2.8125188912305195,-0.6969231401466892
934,5.241457511008054,-2.8128200951673192,-0.7148986191865558
935,5.241504972131902,-2.812847422714519,-0.7398369840963859
936,5.2415269993033275,-2.812861850170494,-0.7526860115269538
937,5.241568396215998,-2.8128915052479835,-0.7788945039275056
938,5.241627255582628,-2.812939097650126,-0.8189703853435449
939,5.241665442928966,-2.81297271109977,-0.8459179038102508
940,5.241702327963274,-2.813007676898078,-0.8729048344251303
941,5.241720277019881,-2.813025927722375,-0.8863871903873797
942,5.24175528199918,-2.813063830420192,-0.9132937136011279
943,5.2418053435277425,-2.813123123184943,-0.9534385155750361
944,5.24183721365467,-2.813164563507646,-0.9800253461075442
945,5.241852444275811,-2.8131858415570568,-0.9932615845044703
946,5.241867512122652,-2.8132075304002133,-1.0064589785045774
947,5.241897380660121,-2.8132518717380517,-1.032737733350917
948,5.24192516924307,-2.8132978555336945,-1.0588663534127307
949,5.241938516969116,-2.813321372614996,-1.0718772465939588
950,5.2419650888367455,-2.8133693754790854,-1.0977998176549544
951,5.241990252829488,-2.8134189076427583,-1.1236036897266395
952,5.242002360714836,-2.813444323875465,-1.13646672372752
953,5.242025670088011,-2.8134965121457776,-1.1621271423072435
954,5.242047736919543,-2.81354987255941,-1.1877181351292287
955,5.242069063938156,-2.813605091096515,-1.2132621072026957
956,5.242086282392565,-2.8136588020505733,-1.2393051196697764
957,5.242101884565442,-2.8136831305623615,-1.2733882444591498
958,5.2420938970124515,-2.8136386796897677,-1.2786458563258996
959,5.242073620835738,-2.8135841330926485,-1.262562041136508
960,5.2420444410770655,-2.8135166748867975,-1.2344371676433936
961,5.242031047297274,-2.8134807006966063,-1.2200056679485967
962,5.242002742753867,-2.813409064439043,-1.1905917144015772
963,5.241973320451787,-2.8133380040277807,-1.1606169251815337
964,5.2419422785178575,-2.813269734030148,-1.130236758755144
965,5.24190975108468,-2.8132056809163952,-1.0995583020172162
966,5.241876242207427,-2.813144067519122,-1.0686654396760007
967,5.241841699190785,-2.8130852604038736,-1.0376308901819054
968,5.241823813082934,-2.813056586507073,-1.0220809102105546
969,5.2418044880564505,-2.8130247059609346,-0.989676611745235
970,5.24179811428063,-2.8130285165667304,-0.9534127926409157
971,5.241797486220595,-2.813033540060918,-0.9372381603425927
972,5.2418020381566,-2.813043111779571,-0.924018269784007
973,5.2418287957155965,-2.8130808886177183,-0.9100206548102383
974,5.2418782137118125,-2.8131525685612084,-0.916979083421862
975,5.241916396009159,-2.8131865257152158,-0.9440681911676975
976,5.241951037443759,-2.8132273731708146,-0.9725151318132531
977,5.241982573780564,-2.8132696033555518,-0.9997134285683843
978,5.24201201494679,-2.813313695614184,-1.0260294028787047
979,5.242039872736638,-2.8133585515220805,-1.0517005231880447
980,5.242053253090528,-2.813381247603712,-1.0643482297533997
981,5.242078827991789,-2.813427366752837,-1.0893493123536555
982,5.242103118240842,-2.8134746593101254,-1.1140427356507534
983,5.242126265615415,-2.813522711304688,-1.1385097589212316
984,5.242148221191348,-2.8135720148093344,-1.1628153677148754
985,5.242169175500741,-2.81362262112907,-1.1870137572963406
986,5.242189145903705,-2.8136742395779013,-1.211151852467938
987,5.242198730645037,-2.8137005653199125,-1.2232114977080346
988,5.242227780219468,-2.813798196066847,-1.271598531839276
989,5.242252654966722,-2.8138582992563332,-1.3014020659482375
990,5.242266207596412,-2.8138890216616885,-1.3165267577077848
991,5.242261621878579,-2.813873040973406,-1.3105659472103934
992,5.2422390197193725,-2.8138198707474413,-1.2837159991266565
993,5.2422124916222295,-2.813745311936561,-1.2533436189365914
994,5.242199489348926,-2.8137079057290584,-1.2379382175725049
995,5.242158790280718,-2.8135959122579473,-1.190993914131749
996,5.2421441966777005,-2.81355955042899,-1.1751434169832784
997,5.242113444433535,-2.813488388998147,-1.1432015314738717
998,5.24208076988639,-2.813419811885278,-1.110999669802822
999,5.242046685476722,-2.8133540256741085,-1.0786071893649565
1000,5.242010776003904,-2.8132910510736875,-1.0460921996745387
1001,5.241975950911634,-2.813236927525193,-1.0092885732502088
1002,5.241955814880761,-2.813212002805041,-0.9903838612141966
1003,5.24192587067295,-2.8131738444091257,-0.9590269711292042
1004,5.241914923119932,-2.813162345773153,-0.9430410429161912
1005,5.241926741872191,-2.813186228875648,-0.9480169496141401
1006,5.241958962812245,-2.8132176751525417,-0.973407852933901
1007,5.241991368437565,-2.8132575309020607,-1.000255720655838
1008,5.242019926281257,-2.813298632255417,-1.0258556916428134
1009,5.242046589665077,-2.813341967864032,-1.0505738300467455
1010,5.242071616534286,-2.8133859486664528,-1.074652986604185
1011,5.242083104736049,-2.8134305156535135,-1.1013110894139793
1012,5.242093894555548,-2.8134549566290485,-1.121040565526717
1013,5.24212497858757,-2.813511625314308,-1.1670853387599394
1014,5.242153381025568,-2.813563211273024,-1.2096161108311485
1015,5.242172700513794,-2.813615766813538,-1.241558742719001
1016,5.242182900048511,-2.8136480354328106,-1.255759251636891
1017,5.242196454824124,-2.8136633589450017,-1.27510862206863
1018,5.24219547029252,-2.8136546160960045,-1.277490461591133
1019,5.242188778300107,-2.8136337404895917,-1.2741810344447995
1020,5.24215944140168,-2.813568312411609,-1.2517623117068803
1021,5.242147411968485,-2.8135355164737796,-1.2380499173791308
1022,5.242120917262767,-2.8134668538266383,-1.208943935835733
1023,5.242106796765153,-2.8134317067169032,-1.1937437541054454
1024,5.242092470915692,-2.813396165050133,-1.178212136878816
1025,5.242077528433133,-2.8133604050233085,-1.1624068976760815
1026,5.242028921799232,-2.8132554417094187,-1.1137859506557168
1027,5.241997105156253,-2.8131943048850507,-1.0745017626784539
1028,5.241965477492224,-2.8131506824774197,-1.0317839655360221
1029,5.241947694774437,-2.813125843554298,-0.9977641306314033
1030,5.241945983016197,-2.813124694660588,-0.9866395215363774
1031,5.241958975514659,-2.813151016439277,-0.979720025170195
1032,5.241988724775414,-2.813196851029121,-0.9963154873161595
1033,5.24200856059287,-2.8132145437317417,-1.0103380041596717
1034,5.242039372472676,-2.813255469163168,-1.0367267025498466
1035,5.242066107404782,-2.813298160541122,-1.0614721679482015
1036,5.242078488781176,-2.813343414497103,-1.0882471176216126
1037,5.242103697227485,-2.8133951014259715,-1.1308452661997863
1038,5.24213463667867,-2.8134484146507828,-1.176990490173201
1039,5.242160582141774,-2.813493264645472,-1.2143146714780377
1040,5.242179630925933,-2.813555744447461,-1.2433471140060957
1041,5.242189526739987,-2.813558060338902,-1.264631071358087
1042,5.242169295868214,-2.8135021127449766,-1.2516823068676843
1043,5.242152793117609,-2.813472454453522,-1.2386013278382828
1044,5.24214039756924,-2.81343994573516,-1.2246776645982773
1045,5.242113296343068,-2.8133704860338766,-1.1949425598591867
1046,5.242098276493483,-2.813334835567249,-1.1793513969121958
1047,5.242066826586588,-2.8132628784434774,-1.14712840191836
1048,5.242022488949315,-2.8131769031985856,-1.0860141870079083
1049,5.241998939687303,-2.8131401719513023,-1.0461056312741543
1050,5.241975945746334,-2.8130967193644847,-1.0144338152802157
1051,5.241957257973857,-2.8130681193959695,-0.9987355374100133
1052,5.24194300100475,-2.8130592152100657,-0.9751828700944059
1053,5.24194873267655,-2.813066168452891,-0.970481763794306
1054,5.2419585531127,-2.813083955149926,-0.9712924746107411
1055,5.241984729879297,-2.8131319796320926,-0.9908283335162689
1056,5.242008558701307,-2.8131491533126325,-1.0059300010345897
1057,5.242025867110492,-2.8131707758900966,-1.0201387149929624
1058,5.24204073718767,-2.8131923654857833,-1.0335955115502655
1059,5.242068166681413,-2.8132356612350295,-1.0587718832508708
1060,5.242079856066804,-2.813279391742303,-1.0854694578650699
1061,5.242105337966982,-2.813330603611298,-1.1279641609384607
1062,5.242134536578836,-2.813380887327601,-1.174040043441414
1063,5.242160772849114,-2.813430502843773,-1.2113187412798048
1064,5.2421711898066095,-2.8134611429146212,-1.226200850401045
1065,5.242190824633324,-2.8135203807444347,-1.2532132100426179
1066,5.24220741449089,-2.813560844635609,-1.2761549161221126
1067,5.242208514003361,-2.8135538570696577,-1.2839984256280812
1068,5.242198893778342,-2.813514281717326,-1.2700410278910874
1069,5.242168263767962,-2.8134509100193412,-1.2423619071607304
1070,5.242140373503485,-2.81337746060507,-1.2118800550966764
1071,5.2421101325232975,-2.813301328944871,-1.179508801281923
1072,5.2420917919279715,-2.8132594301175247,-1.1401653539924947
1073,5.242065887907197,-2.813215621033881,-1.0977609692624921
1074,5.242034159135953,-2.8131499711926127,-1.0477544684565665
1075,5.242021221727882,-2.8131400719045194,-1.0248421874842921
1076,5.242035544662129,-2.8131675409747166,-1.0214000314983938
1077,5.242085296734027,-2.8132380704307027,-1.0563897817606855
1078,5.242114134375552,-2.813283914742649,-1.0836197575823443
1079,5.24212688629847,-2.813306747883661,-1.0960812207388135
1080,5.2421366806726395,-2.813351386988162,-1.1226769711865026
1081,5.242158681608,-2.813402632661587,-1.1651230616019512
1082,5.242172120086773,-2.8134289344387997,-1.1886135946879681
1083,5.242185407457171,-2.81345219214338,-1.2111251552425455
1084,5.2421986666766,-2.8134793483528044,-1.2312678571807238
1085,5.242219325383934,-2.8135332051270514,-1.2630540221339086
1086,5.242228194203673,-2.813564049015386,-1.2768015500144392
1087,5.242236020712514,-2.8135938046606492,-1.2897533899252815
1088,5.242243597590347,-2.8136223624034167,-1.3020973343913207
1089,5.242258788358596,-2.8136608878969125,-1.3239120248756988
1090,5.2422587354678285,-2.813649371035564,-1.3311865470006703
1091,5.242247484242464,-2.813606759376639,-1.3170113489672917
1092,5.242233238135842,-2.8135746166402207,-1.3035635091422606
1093,5.242209103693028,-2.813498517324135,-1.2742296500822328
1094,5.242181206147322,-2.81341778015039,-1.2425396922619425
1095,5.242163172628082,-2.8133566166430057,-1.2075531020470671
1096,5.242151169629002,-2.81333187681969,-1.1865755750577978
1097,5.242126035931258,-2.8132841757606473,-1.1444008432578818
1098,5.242111044592454,-2.813249613221283,-1.109957313412735
1099,5.242099594619245,-2.813218870555684,-1.0948637111718096
1100,5.242064991973767,-2.8131542667704417,-1.0627052683964389
1101,5.242051874523787,-2.8131310320262397,-1.0334338522816007
1102,5.242034777995039,-2.813103794303468,-1.0184315760385927
1103,5.2419966410878205,-2.8130485159553604,-0.9866063249976388
1104,5.242000185231078,-2.8130620792401886,-0.9724952402038224
1105,5.242028395093827,-2.813100037293736,-0.9631280570353157
1106,5.242071427482625,-2.813156868494779,-0.9591051444030227
1107,5.242156634855226,-2.813283106581694,-0.9689513048669911
1108,5.242177628062925,-2.81332853619429,-1.0020051850390934
1109,5.24218834212031,-2.8133422801519794,-1.0239899896396443
1110,5.242201824178279,-2.8133567005261986,-1.0469439611407565
1111,5.242221336921128,-2.813385149283502,-1.0890827927472493
1112,5.242255805756871,-2.813411377440334,-1.106101551269624
1113,5.2423013563860295,-2.8134917417090892,-1.1208398995450348
1114,5.242318145029421,-2.813591625370992,-1.1342818114091189
1115,5.242339693061453,-2.813622442498258,-1.1467539912722007
1116,5.242373133696459,-2.813662996026063,-1.1584594567419157
1117,5.242387150020507,-2.8137236278185638,-1.1791390144566325
1118,5.24283535868843,-2.8139085228479304,-1.2121107573462424
1119,5.242889202754147,-2.8141155373361566,-1.238991912791056
1120,5.242917652937342,-2.8141783848242756,-1.2678755521363754
1121,5.242845973322377,-2.813904688084785,-1.2807143727289219
1122,5.242694338462001,-2.813443659450591,-1.2910595416414516
1123,5.242518146650987,-2.8128020952999977,-1.2980514470666642
1124,5.242045672926236,-2.8110564241658653,-1.2993188698305327
1125,5.241850114971657,-2.810378278973656,-1.2927491021484652
1126,5.241784671255279,-2.8101001316401075,-1.28308868131699
1127,5.2416879499951605,-2.8097677325379853,-1.2704162362771165
1128,5.2417787768972985,-2.8100708382050046,-1.2344341362284548
1129,5.241876484799882,-2.810332609863817,-1.2136331082705254
1130,5.241995813739513,-2.810623019348224,-1.1926421592064036
1131,5.242090447710925,-2.810864048644238,-1.172480316583853
1132,5.242147942577569,-2.8109830145475136,-1.153876755300954
1133,5.242181499403546,-2.8110505746523877,-1.1372087145929999
1134,5.242190859903947,-2.8110661585221455,-1.1212530156429248
1135,5.242207416169109,-2.811091960623875,-1.1061811729790454
1136,5.242204113851366,-2.8110799560783564,-1.0917273508037755
1137,5.242188324531268,-2.811047370545761,-1.076606348775573
1138,5.242180064735065,-2.811028133583864,-1.0609274935930744
1139,5.242205240895434,-2.8110735027359754,-1.0462611900714582
1140,5.242199615577579,-2.811060130385731,-1.0323206572045305
1141,5.242309082879468,-2.8112429250600743,-1.0197562646262035
1142,5.242534955038752,-2.8116140559018237,-1.0108605586436448
1143,5.243246812829162,-2.812745391387224,-1.0063800531289104
1144,5.243827538608814,-2.8136697654008738,-1.0217819852315422
1145,5.2439478003274695,-2.813880107468284,-1.0362006090221307
1146,5.244039895470346,-2.8140170177797814,-1.0726586435579921
1147,5.2440162144254705,-2.813976268987262,-1.0920231247908674
1148,5.244037981417873,-2.8139951829332737,-1.1278285835331825
1149,5.244136972702452,-2.814200063090599,-1.1569404976618536
1150,5.244275054642533,-2.814518851751969,-1.1817092810323948
1151,5.244443919977828,-2.8149401461150387,-1.2035723079234335
1152,5.244707966657196,-2.8156568846170607,-1.2348107891036226
1153,5.244863092037825,-2.8161096239241514,-1.2568030624514013
1154,5.2449427939335935,-2.8163514467103608,-1.2791098342578964
1155,5.244773828602268,-2.8157550293664984,-1.2971908240852486
1156,5.244400828823442,-2.814395880987577,-1.3036853769956065
1157,5.244163471296423,-2.813531449533418,-1.3007631606036631
1158,5.2439461033748636,-2.812769423588913,-1.2814417389854142
1159,5.243902897632859,-2.812609682077999,-1.2523629438197317
1160,5.243886257640411,-2.8125715511405156,-1.2369555641544605
1161,5.2438964434584046,-2.8126058328164683,-1.2035517224204266
1162,5.243986216331638,-2.812820823569029,-1.1638735940082396
1163,5.244098814687793,-2.813066791004326,-1.1257021542038184
1164,5.244149562690948,-2.813160670862018,-1.0927211067206786
1165,5.244173809989876,-2.8131986793260584,-1.0625060758310612
1166,5.244188489005722,-2.8132236829773323,-1.0324293351307887
1167,5.24415957461692,-2.8131674205965016,-1.003709850143858
1168,5.244544503809574,-2.813756925418668,-0.9806789899074435
1169,5.245328210281927,-2.814913741652391,-0.9744347533792718
1170,5.246001211960044,-2.815913863895834,-0.9880953178645074
1171,5.246268553800385,-2.8163158774578454,-1.0129986663246777
1172,5.246303646625597,-2.816333207440297,-1.07004391648393
1173,5.246185265647667,-2.8160849243652772,-1.1087242343488901
1174,5.246318109762441,-2.8163398253440994,-1.15341877914458
1175,5.246389207382767,-2.816492818690526,-1.1656032135596643
1176,5.246467040898841,-2.816667341723165,-1.176991622220355
1177,5.246024007939242,-2.8162428567963547,-1.1967444743045497
1178,5.246005743931203,-2.817380919012947,-1.190306408857782
1179,5.246076511008585,-2.817686416094107,-1.1661800282583001
1180,5.246005330007359,-2.8176259861780157,-1.1208775193955776
1181,5.245888328473125,-2.817462839175994,-1.0832605995625977
1182,5.245604388303705,-2.8170246396526544,-1.0418445320347909
1183,5.2448052515438475,-2.8166503638622853,-1.0052357822995828
1184,5.244476970176871,-2.815221211630265,-0.9899160255689204
1185,5.243928638962379,-2.813759658211978,-0.9773055458340645
1186,5.244687978584561,-2.8143280666774975,-0.9641026035257955
1187,5.245712429004088,-2.8157645559007465,-0.980222810874158
1188,5.245936304726269,-2.8160534248976026,-1.0122998206662646
1189,5.245925296852093,-2.815984072146917,-1.0505960369475555
1190,5.245971718519862,-2.815999992247282,-1.0862339549834612
1191,5.246087851144495,-2.8161719477972276,-1.1152693019876931
1192,5.2476432193940825,-2.815823043638461,-1.1399889943197816
1193,5.2457004609675115,-2.8167789784799546,-1.1623819769958146
1194,5.245465324813761,-2.81628504554585,-1.1827780095539344
1195,5.2452831591330815,-2.81590017990208,-1.2036983227180744
1196,5.245127947302989,-2.815517886588904,-1.22528696737799
1197,5.2450124211148985,-2.8152788390015253,-1.248388515324576
1198,5.2448850532401305,-2.8150019903542893,-1.271264571937917
1199,5.245027526748817,-2.8154713400186977,-1.296392515983778
1200,5.245365188129851,-2.8167422964234983,-1.3151047238258817
1201,5.245589645289293,-2.8176113432198444,-1.3196268614421378
1202,5.246065889088343,-2.819477523248206,-1.3156885903178186
1203,5.246177757162464,-2.819912075274286,-1.3067658277795027
1204,5.246208554500054,-2.8200528482290648,-1.2685534262237257
1205,5.246203659193768,-2.820034060072085,-1.2541217807622331
1206,5.24619287725411,-2.819996542214307,-1.2390496573565213
1207,5.246237199345825,-2.820114125767109,-1.2033740993765125
1208,5.246163889158726,-2.819917756945686,-1.1647087017528577
1209,5.246108852560657,-2.819802594388616,-1.1468482303690595
1210,5.24612417753915,-2.8198263388495164,-1.114571973623249
1211,5.2460574670794955,-2.819715731532335,-1.0846131941902477
1212,5.245718303499843,-2.81911560268235,-1.0606926876756821
1213,5.245074659945832,-2.8179863075531917,-1.052348338347616
1214,5.244662941032938,-2.817269778200897,-1.0553816526074378
1215,5.24421173792024,-2.8164614271896484,-1.073480961654319
1216,5.2440072214242965,-2.816106942659056,-1.1024170489691032
1217,5.244157536213889,-2.8164395269402167,-1.1618072302999989
1218,5.244206316371062,-2.8165529879234943,-1.1977191910589533
1219,5.244170191856196,-2.8164590831418264,-1.2125127399953473
1220,5.244069703756514,-2.8161945519045695,-1.2378546849676026
1221,5.244045294535855,-2.816113271992156,-1.2655429160630445
1222,5.244252059807377,-2.8167600257732057,-1.2665363865271968
1223,5.2444126365611385,-2.817267727052026,-1.2483356463217703
1224,5.244475030120357,-2.8172695923610704,-1.2190631481250365
1225,5.244459253208873,-2.8163557717691354,-1.1828395005741106
1226,5.244372106539062,-2.816090806268299,-1.1626031977767006
1227,5.244476637689988,-2.815860200104428,-1.1050064936484638
1228,5.244904398498177,-2.8162136078335096,-1.0743857651579147
1229,5.244996386295404,-2.8163392986122875,-1.0472685642874846
1230,5.245507996316772,-2.817164787056551,-1.0313217193072457
1231,5.246330190882655,-2.818485223387738,-1.0329115705305325
1232,5.246593307047134,-2.818906054008733,-1.0411636694401145
1233,5.246894956122206,-2.8193860185059894,-1.064160479613868
1234,5.247107905289352,-2.819805162809562,-1.0990452922509029
1235,5.247007314117697,-2.8193706120989788,-1.1390524734487975
1236,5.2468955360937315,-2.819154976309456,-1.1929967303058868
1237,5.246980390195909,-2.819375497542815,-1.2209977878209675
1238,5.247096241197114,-2.819702717426259,-1.2450977435850015
1239,5.247051806497901,-2.8195572783712506,-1.2625435774626763
1240,5.246790537200108,-2.8187256057487287,-1.2659044399141932
1241,5.246529002822168,-2.8179085852164616,-1.2507327769409455
1242,5.246482343507197,-2.8177672600923303,-1.2378606519008961
1243,5.246433975172815,-2.817617927894041,-1.2093621305634898
1244,5.246420243980623,-2.8175728437400553,-1.194011367442295
1245,5.246270505945633,-2.8181705625343576,-1.1596286904742001
1246,5.246620820429131,-2.8197895494595446,-1.115295894373955
1247,5.246725940148594,-2.82005081454084,-1.091901812168434
1248,5.246993120677021,-2.8200694724304514,-1.0486839433181094
1249,5.247259146669467,-2.8202997091101056,-1.0141371544916116
1250,5.247297458225573,-2.8204216027727846,-1.0014398767102313
1251,5.246397754316974,-2.8197302793242636,-0.9887346875975992
1252,5.245199098950617,-2.817963757675902,-1.0097136846146262
1253,5.245103092291882,-2.81783748299051,-1.0446250212313912
1254,5.245322763310866,-2.818168422266975,-1.0839748747031699
1255,5.245443218268603,-2.818623695670011,-1.120524114362943
1256,5.245392211825652,-2.8184829081767937,-1.1504767783208891
1257,5.245269770640712,-2.8182061535150464,-1.175437238729345
1258,5.245101547242141,-2.8178000694769096,-1.197078229833745
1259,5.244918542859725,-2.8173447840157197,-1.2173795098698592
1260,5.24476501387251,-2.8169290222418364,-1.2388269920211181
1261,5.244629217396628,-2.8165471659761945,-1.260951677207567
1262,5.244609093710227,-2.8164642441310193,-1.2710442318716229
1263,5.245319876733751,-2.8164397811733664,-1.2790213674130755
1264,5.2452493835700915,-2.816109330573398,-1.2855848238051293
1265,5.245045036004624,-2.815345429651941,-1.275148559189224
1266,5.244998067816142,-2.8151304397510155,-1.2469805070647697
1267,5.245133258084121,-2.8153975772162627,-1.1889320804818888
1268,5.245232326163828,-2.8155758302070093,-1.1527922186850375
1269,5.245265760716566,-2.815601596824027,-1.121906124207668
1270,5.245654775013821,-2.8157001553264394,-1.0904959774155454
1271,5.245263646804748,-2.8155256242907942,-1.063615029466313
1272,5.2451963540527275,-2.8154106448227627,-1.0399772447768474
1273,5.24521039426045,-2.8154448516060735,-1.0167865449734825
1274,5.245396774569249,-2.815750796662489,-1.006864092647821
1275,5.245697936602653,-2.816230941122547,-0.9993805600908665
1276,5.246605459039638,-2.817646377847619,-0.9947750818991731
1277,5.246989184252443,-2.818951904879468,-1.0172608154050504
1278,5.246383219980456,-2.817963095254896,-1.043499373911616
1279,5.246188678326695,-2.8176210694690385,-1.0603134496978117
1280,5.245657461776039,-2.8170247031229203,-1.1147161844750677
1281,5.245288187231539,-2.8167488462716577,-1.1462043528116879
1282,5.245165095014525,-2.8165062814962902,-1.1720531472752196
1283,5.245089472998989,-2.8163373384791197,-1.183585993509349
1284,5.244899967373329,-2.815920839557749,-1.2046827563578428
1285,5.244709990789455,-2.8154752143482167,-1.2250707301607682
1286,5.244625961139913,-2.815268708575957,-1.236006475723104
1287,5.244472673209881,-2.814873135278115,-1.2582218637332405
1288,5.244259382194508,-2.815114894522438,-1.2804219004207362
1289,5.244635634652749,-2.8154203546175753,-1.2889246947127921
1290,5.2449461511116375,-2.816659487463701,-1.29615749381941
1291,5.244999094100835,-2.8176324301926527,-1.2936181562974869
1292,5.2459181476943195,-2.817404843772125,-1.2602736234815248
1293,5.245977704221204,-2.8174793262591438,-1.2229011320207104
1294,5.24608576305158,-2.8176912731044164,-1.1842584753799361
1295,5.2461369487964005,-2.817777728408334,-1.166654473028003
1296,5.246196742935507,-2.8178403619390733,-1.135126114962249
1297,5.246229134096293,-2.8178546943266474,-1.1057735045051302
1298,5.246221405958355,-2.817797487352005,-1.0747311128465635
1299,5.246256206897419,-2.8178443991850814,-1.05977692531818
1300,5.246306345054589,-2.8180405212947903,-1.0301630428236654
1301,5.24647187788312,-2.8182030314002917,-1.014143345177537
1302,5.246920815349215,-2.8188297332771253,-0.9886986089826774
1303,5.247710799437653,-2.8200310509157474,-0.9806632811839695
1304,5.248165574111083,-2.820719841648305,-0.984293673591563
1305,5.248414559814839,-2.821105418305377,-0.9931467230594893
1306,5.248569490223545,-2.82132878775989,-1.0041994473238554
1307,5.2483060720231665,-2.8215776628052875,-1.0345561099620322
1308,5.247937150909401,-2.8209953072556564,-1.053543147375271
1309,5.247666777014293,-2.820549342982093,-1.073348039145638
1310,5.247484761858071,-2.8202003528648496,-1.093019269405894
1311,5.247302418721208,-2.8198572560937087,-1.128784591031293
1312,5.247261514965284,-2.8197799572136506,-1.143946720860095
1313,5.247242928834216,-2.8197497264428293,-1.1575964114732409
1314,5.247240068757641,-2.8197345365212185,-1.1702344394408575
1315,5.246882209253227,-2.819995958450328,-1.181894688922341
1316,5.246770172326808,-2.8196677821640317,-1.2027899342411745
1317,5.24667747244671,-2.819449726033423,-1.2122254823847276
1318,5.246652577058298,-2.8193777884186493,-1.2207685677745286
1319,5.246685770560331,-2.8194904672717014,-1.2273297934612561
1320,5.246777117637667,-2.8197661984959446,-1.2309799912810568
1321,5.247105659429045,-2.8207349680894027,-1.2265736874413364
1322,5.247206708635557,-2.821038976720424,-1.2175856849034212
1323,5.247179852943903,-2.8210211662169566,-1.1873787840513608
1324,5.247365702798278,-2.8209370839326016,-1.1682480248561158
1325,5.247361783611158,-2.820497457753497,-1.1288575860619674
1326,5.246969521147576,-2.8207005306935318,-1.1104862126133055
1327,5.246877195758975,-2.820578323943124,-1.078758049246834
1328,5.246864691872774,-2.820551892710553,-1.0627680638806523
1329,5.246815846359039,-2.8204471415438133,-1.0310964342444522
1330,5.246798807852845,-2.8203897663841957,-1.001740358822523
1331,5.246755067511792,-2.8203206572397863,-0.9884589536451468
1332,5.246676972091565,-2.820185439861001,-0.9758609411298237
1333,5.246612868147137,-2.8200775912459513,-0.9857561475777402
1334,5.246629711167525,-2.8200932646577246,-1.0184826433437413
1335,5.246649113039767,-2.8201312325013883,-1.0629568282546749
1336,5.246802140469293,-2.820318926211309,-1.1207060215411702
1337,5.247055294229091,-2.8206089322961514,-1.147110370823076
1338,5.247200682341124,-2.820528000049894,-1.1669738112014374
1339,5.247265135127024,-2.820670262551401,-1.1768763349027045
1340,5.2468910449702,-2.8206965859300657,-1.1997888435365247
1341,5.246932890666203,-2.820644188777803,-1.2138526607799796
1342,5.246959596484675,-2.820711607120708,-1.2416089230193095
1343,5.246979566880182,-2.820768636202124,-1.2672345353898309
1344,5.246987825368903,-2.8207914056498975,-1.2777046913878658
1345,5.2469975686882595,-2.8208122749057867,-1.2878441141828307
1346,5.246983988149809,-2.8207912963352686,-1.278195319380367
1347,5.246952434306328,-2.820740811905989,-1.248810223782177
1348,5.246939835379671,-2.8207071336111342,-1.209516571628765
1349,5.24692153162186,-2.820658359412872,-1.166891671935724
1350,5.2469014382030315,-2.8206168467911925,-1.132002443593009
1351,5.246883790199716,-2.820566195347131,-1.1007489548022642
1352,5.246877971494948,-2.8205471168734224,-1.084173706487677
1353,5.246881734378878,-2.8205571265351774,-1.0544839556860934
1354,5.246843816696017,-2.8205032326556254,-1.0233648912041633
1355,5.246854096993564,-2.8205155075706156,-1.00943144690349
1356,5.2474681820670845,-2.8210661934433485,-0.9976601087680105
1357,5.248197862842722,-2.822022400971074,-1.0147967941585676
1358,5.247943137871841,-2.821601653576638,-1.048052872091104
1359,5.247643507528131,-2.8210223606844327,-1.0902391195958268
1360,5.247458716713329,-2.82068522566589,-1.111577542714095
1361,5.2473092363575855,-2.820319321844548,-1.1500667680991594
1362,5.247360865807602,-2.8204157536759595,-1.1805395840366537
1363,5.2474819268310355,-2.8207083965650703,-1.2063408922101089
1364,5.247590027190034,-2.8209849684247055,-1.2290381527707852
1365,5.247630844467006,-2.8210851522810483,-1.2490531406709238
1366,5.247551669184286,-2.820839409298561,-1.2567036833990015
1367,5.247226293099295,-2.8198106999557324,-1.2626012364604269
1368,5.246834030737114,-2.8185853334918773,-1.2516416685513816
1369,5.2468265697379755,-2.818544797359677,-1.224567614812501
1370,5.246803074920053,-2.818495569808303,-1.1934170472694503
1371,5.246916778344589,-2.818767286757583,-1.1591633035648343
1372,5.247202372565623,-2.819389425235048,-1.1174356931764493
1373,5.247496582998304,-2.8199668873414145,-1.075962588699962
1374,5.247610447580114,-2.820165587411326,-1.0410010045902367
1375,5.247633191787944,-2.820200708777233,-1.0105012743899164
1376,5.247598224126047,-2.8201441925807806,-0.9816326655228076
1377,5.247701285512413,-2.8202971177845195,-0.9526125668039536
1378,5.248309035780756,-2.8211389224081374,-0.9367245742512742
1379,5.248745483425591,-2.8217362871661407,-0.9356849747272948
1380,5.249460232474558,-2.822720183993342,-0.9489410525220972
1381,5.249838504518556,-2.8232473195782655,-0.9911322982070195
1382,5.249759324615493,-2.8231056154948924,-1.0312398896572832
1383,5.249606390312011,-2.82282897064137,-1.0703639375524612
1384,5.249625049622958,-2.822851014093546,-1.0874471576015519
1385,5.249674222820058,-2.822938196045752,-1.10237468682986
1386,5.249735527671672,-2.8230567653622693,-1.1157192522301513
1387,5.249894019000783,-2.823381634148242,-1.1397183183890252
1388,5.250091500753644,-2.823815215155704,-1.1607912789098302
1389,5.250308130594286,-2.8243170221046805,-1.1799539224849438
1390,5.25050661867855,-2.824809091531412,-1.2011640333531681
1391,5.25075147875145,-2.82545394142543,-1.2356056036642862
1392,5.250834415330939,-2.825687871531626,-1.257584454878292
1393,5.250482663489902,-2.8245097293191272,-1.282145904374019
1394,5.249983372438518,-2.8228173495334206,-1.2824933323846235
1395,5.249707916578337,-2.821905470436363,-1.26521405249846
1396,5.2496407599160015,-2.821707929175426,-1.2375891887452601
1397,5.249634412273227,-2.8216727944561137,-1.18987141565469
1398,5.249721478998737,-2.8218690570703773,-1.1504679286816177
1399,5.249783436871107,-2.822000545628892,-1.1307728286142074
1400,5.249837217719808,-2.822102229860713,-1.1122750883691621
1401,5.249888816058078,-2.8221945717343075,-1.0791265206280887
1402,5.249917141407301,-2.8222317529185053,-1.0487274787600918
1403,5.250025165802769,-2.8224046146846478,-1.0189527544243413
1404,5.250605097959483,-2.823317967177576,-1.0014052766652835
1405,5.251019431081608,-2.8239682793927803,-0.9992526997620008
1406,5.25147491534788,-2.8246866199342464,-1.0021061724463913
1407,5.251766248495706,-2.825127536722257,-1.010066006535634
1408,5.251941913954216,-2.825388017874864,-1.0202287233916545
1409,5.252844465179072,-2.8256543529473697,-1.0325418081558169
1410,5.252339408968397,-2.826690325895215,-1.0475013036661796
1411,5.251360499742181,-2.825378498023377,-1.065508254796734
1412,5.2504118678361955,-2.824011887630026,-1.0862035242626988
1413,5.24992920330652,-2.8231191093914205,-1.1087509743110782
1414,5.249455088652648,-2.8221755029528475,-1.1542549484841202
1415,5.249365100869683,-2.822002941522113,-1.174790304156371
1416,5.249292258242449,-2.821887937059504,-1.2075047077400367
1417,5.249158872706573,-2.82162311586989,-1.2323261326548736
1418,5.249009903416508,-2.8212675684933624,-1.2540771114218867
1419,5.2488929614929605,-2.8210507254834973,-1.2636197766164607
1420,5.24892209005347,-2.82072196351288,-1.2722809464621314
1421,5.249055540673188,-2.8204691286648025,-1.281160275384337
1422,5.249579883183741,-2.820707681785803,-1.2900668800124016
1423,5.249604940911981,-2.820848321455784,-1.297719544628233
1424,5.249535966936437,-2.8205187430456267,-1.3051857603546135
1425,5.2494323219815175,-2.8200914572501627,-1.3033962151775411
1426,5.249263776372641,-2.819390445756547,-1.286330284102368
1427,5.249229987716969,-2.8191968923033883,-1.2588640554288837
1428,5.249217106602578,-2.819088500547454,-1.2286763922339077
1429,5.249217368267413,-2.819055088447898,-1.212749405453447
1430,5.249286378931581,-2.8191805318325054,-1.175473312002824
1431,5.249924342862903,-2.819273929176463,-1.1550634664005501
1432,5.249852396943562,-2.819363526253294,-1.1345070849049033
1433,5.249671151195357,-2.820161835678281,-1.1136215231865123
1434,5.2499366838151,-2.8203126090965283,-1.0932563169381684
1435,5.2499862445267835,-2.8204513377056846,-1.0743391289197037
1436,5.250027809162312,-2.8205340893372,-1.0573180110759106
1437,5.250042833585879,-2.8205615056203466,-1.0410365217360749
1438,5.25015392271314,-2.820758825150182,-1.0261081263793808
1439,5.2503839585733365,-2.82114225666565,-1.0145023148252077
1440,5.251113389526401,-2.8223154258500567,-1.0037882234205395
1441,5.251594352334831,-2.8230809998557325,-1.0056915411172165
1442,5.251925003398462,-2.823614292441131,-1.0127432454466039
1443,5.252113029868693,-2.8239132950337664,-1.0220964979873743
1444,5.252301592046251,-2.82424999998838,-1.033889207479344
1445,5.25241690645438,-2.8244511306931694,-1.0498611818793702
1446,5.252429837367458,-2.824453761143208,-1.0885991359020062
1447,5.252361849893364,-2.824315662344805,-1.108650540025347
1448,5.252317214154465,-2.824215098301319,-1.1277501440879876
1449,5.2523767413611395,-2.824329573414757,-1.1604887075844674
1450,5.252493790070212,-2.8245961499605254,-1.186899442997589
1451,5.252564778952342,-2.824769127981442,-1.1987456505996446
1452,5.2526405362894435,-2.8249612959763137,-1.2098913759718202
1453,5.252732172898236,-2.8252022066725617,-1.2202844382105684
1454,5.252910075271766,-2.825694737337392,-1.2401423573641117
1455,5.252993799973542,-2.8259376275051387,-1.250667273121369
1456,5.252954891874978,-2.82579091070725,-1.2704448490486264
1457,5.252666663253954,-2.8248213789093106,-1.281178724932487
1458,5.252449140444193,-2.824081843797412,-1.2810528817556603
1459,5.252116735415058,-2.8229757325498337,-1.2674248166646647
1460,5.252024556799573,-2.8226894009819783,-1.2425734261952726
1461,5.25197816337664,-2.8225503230257694,-1.2139967855788034
1462,5.251961310352855,-2.8224777645840846,-1.1827637262993793
1463,5.251969869414411,-2.822501835195777,-1.1459282172844376
1464,5.252026012333526,-2.8226227031747713,-1.1260162236677103
1465,5.252139869665568,-2.822834507063901,-1.0884249842330076
1466,5.2521906856432405,-2.822911203319051,-1.055852091070805
1467,5.252213801325086,-2.822935277124219,-1.0258632596980568
1468,5.252186405339912,-2.8228814814269114,-0.9945975087800782
1469,5.252318342914576,-2.823079637916028,-0.9801088887221183
1470,5.254583791956689,-2.8240521253054967,-0.9615970760258804
1471,5.252551765341111,-2.8246101144954237,-0.9551165260312767
1472,5.251146964790089,-2.8226529583233466,-0.9667266543437169
1473,5.25090628013715,-2.8223333166405196,-0.9937559707176716
1474,5.250843071213384,-2.8222804474170893,-1.0292335756600914
1475,5.250823439044501,-2.8222683230263104,-1.0472492196427317
1476,5.250744685809343,-2.82217142961055,-1.079685059561074
1477,5.250685646991093,-2.8220834873398224,-1.0936960093586685
1478,5.250390414265114,-2.8218872050742156,-1.1185976864527245
1479,5.250508388112382,-2.821643571844902,-1.1402377369583925
1480,5.251459998302725,-2.822152835406263,-1.1628068051800753
1481,5.251647600704245,-2.8225298579465763,-1.1852794983423103
1482,5.251827827977646,-2.8229177512664383,-1.208019441296775
1483,5.251918994694928,-2.823108113508672,-1.2188845031121274
1484,5.252002727068014,-2.823307791623303,-1.2303582654641938
1485,5.252087123206521,-2.823506712439831,-1.2422448514017446
1486,5.252178343518208,-2.8237035402768615,-1.2646475605483298
1487,5.251997298241176,-2.8230357864682274,-1.2848677386927632
1488,5.251815691531128,-2.8223864040491864,-1.291717920919641
1489,5.251489187781955,-2.8204367153503553,-1.2948117710732117
1490,5.250933854522817,-2.8191445318518915,-1.2810369558934225
1491,5.250880227709273,-2.8189701546397097,-1.2691608535163637
1492,5.250856512703109,-2.8189009008864874,-1.2547206986381672
1493,5.250987885928216,-2.819295033810235,-1.2170264036904688
1494,5.251068113683258,-2.81951949022197,-1.1962742001940037
1495,5.2512188700289695,-2.8198925752727373,-1.1566442043523195
1496,5.251272345558084,-2.820015171298072,-1.1224619351566771
1497,5.251296770576793,-2.820063712430784,-1.1066725741306271
1498,5.251282988379345,-2.820044528643517,-1.0758486545878247
1499,5.251310095175677,-2.820100933608736,-1.0610930139370345
1500,5.251305031711827,-2.820090746407857,-1.0470115623674843
1501,5.251280822634678,-2.8200531214691327,-1.0321911087406457
1502,5.2512653971034995,-2.820030014881837,-1.0167570851318668
1503,5.251664905638961,-2.8206654028942766,-0.9928005374335516
1504,5.252449333578571,-2.8218617106237485,-0.9862545728531398
1505,5.253116319176697,-2.822877548816823,-1.0000436449674392
1506,5.253266287400844,-2.823100258531657,-1.0115604797530877
1507,5.25349656145368,-2.8234806680336213,-1.035703822351141
1508,5.253584591895141,-2.823633522168648,-1.0528348593536365
1509,5.253590024469471,-2.8236358298580146,-1.0723805059077802
1510,5.253521140904951,-2.823493971365761,-1.0928746532431426
1511,5.25342928814087,-2.823307371571562,-1.113122477471614
1512,5.2533923300946945,-2.823210151965707,-1.1494152664156148
1513,5.25343774614131,-2.8233024189592073,-1.1644637074421678
1514,5.253557489213099,-2.823575020276505,-1.1903157891836615
1515,5.25362997242043,-2.8237494182969685,-1.2019248178090762
1516,5.253706521821216,-2.8239429199914037,-1.2128576300318226
1517,5.253895531740485,-2.8244465293740264,-1.2326942658847002
1518,5.254072196122653,-2.824948430310143,-1.2528704226814278
1519,5.25403608033661,-2.8248036745047846,-1.2725437097673704
1520,5.253750578077697,-2.8238302261142736,-1.283331669481788
1521,5.253535304244031,-2.8230880864940864,-1.283278348336212
1522,5.253317179436669,-2.8223472346237033,-1.2788331487074545
1523,5.253399029174981,-2.8218627444228193,-1.258022732473311
1524,5.253199302251388,-2.8217940541648217,-1.2450813215313583
1525,5.253144058371379,-2.8217271641370805,-1.2312070797949164
1526,5.253129857315886,-2.821664952233295,-1.2165437673062152
1527,5.253114801903516,-2.8216230666759405,-1.2012088926639692
1528,5.253090971176877,-2.821561114125376,-1.1677996718254067
1529,5.253166723450205,-2.8217292314966613,-1.12860013150599
1530,5.2533081872288205,-2.8220013274731244,-1.074620877953747
1531,5.253338780062716,-2.8220500527357344,-1.04341433002716
1532,5.253316319840584,-2.8220053935799987,-1.0133377430438302
1533,5.253312871386614,-2.822036907026445,-0.9825148626666581
1534,5.253487190478239,-2.822998368079018,-0.9549398327227391
1535,5.253376889113101,-2.8226387425181416,-0.944605444247407
1536,5.253070209863754,-2.8223613192000543,-0.937891338150934
1537,5.251395845368577,-2.8206372615171458,-0.9384684578441224
1538,5.250958613340528,-2.8200685636560516,-0.9464004533765563
1539,5.2507218451619275,-2.8197976279619374,-0.9749332340677381
1540,5.250697393870534,-2.8197657019132953,-0.9932598959972831
1541,5.250711432700733,-2.819807621998574,-1.012496606788168
1542,5.250727219743548,-2.8198741404432934,-1.049240603648636
1543,5.2506216022733385,-2.8197517709910676,-1.0795488039051777
1544,5.250325370537703,-2.819450636859104,-1.1043869121867258
1545,5.25137188521356,-2.819652401278241,-1.1257453021039103
1546,5.25160751541579,-2.820089349043687,-1.1471275925922235
1547,5.251820890491255,-2.820513750546397,-1.1689518576824485
1548,5.251924528859057,-2.820715251623463,-1.180068657038238
1549,5.252114192473533,-2.8211235532046763,-1.2032029795018448
1550,5.252197810177753,-2.821309518625182,-1.2142086287616471
1551,5.252330189393157,-2.821606489755998,-1.2383141034434368
1552,5.252274139220631,-2.8214101565823313,-1.250324736098569
1553,5.251806284648133,-2.8206523048066687,-1.2684559588403572
1554,5.251865827087412,-2.8199875025684986,-1.272933287915995
1555,5.251399776546979,-2.818203152720091,-1.269093904206411
1556,5.251277275616332,-2.81788020052711,-1.2471199459611209
1557,5.251262271920949,-2.817863087612126,-1.215533422138975
1558,5.251389624471943,-2.8182015398523244,-1.1809183012477542
1559,5.251663774379888,-2.818862031038344,-1.1390074679181759
1560,5.25192474923736,-2.8194831334289345,-1.0975230626981733
1561,5.252011319673267,-2.8196103770559597,-1.0625841324611771
1562,5.2520095349622355,-2.81960751009668,-1.0469521288596155
1563,5.251951432665821,-2.8195099686538843,-1.0196512047687158
1564,5.251865535983231,-2.8193734390535754,-0.9977591982203761
1565,5.252078300181974,-2.8196916006713124,-0.9802489664233501
1566,5.252739384873883,-2.820676018819663,-0.9738865586853339
1567,5.253557226706873,-2.8218773132257122,-0.9837629305532564
1568,5.253865693023276,-2.8223321422570957,-1.0099378192594295
1569,5.253937296391772,-2.8224394330117817,-1.0271248159784834
1570,5.254010074643335,-2.8225469042659204,-1.063702253996226
1571,5.254086145192144,-2.8226715440771812,-1.0969444067112823
1572,5.25420070908777,-2.8228923679991453,-1.1247196736692207
1573,5.254274095761918,-2.8230430152734054,-1.1370844841416832
1574,5.254355119770508,-2.823214927970632,-1.1486481053423747
1575,5.254544804296485,-2.82364007055478,-1.1699956380322283
1576,5.254645542069717,-2.8238769719103183,-1.1804041559010165
1577,5.254920170867266,-2.824563188605767,-1.2128036008593235
1578,5.2550184006421095,-2.8248196406123958,-1.2344757587852506
1579,5.25483696816745,-2.8242696819831123,-1.2516940112868113
1580,5.254416852117041,-2.822971125367238,-1.2572159012728579
1581,5.254154796623292,-2.8221633553451135,-1.2538086858935151
1582,5.253927662830514,-2.8214850051551723,-1.23363214490092
1583,5.253924486512087,-2.8214764857654213,-1.1995624484992808
1584,5.254000356573144,-2.8216552555116223,-1.1607600763905033
1585,5.25404922081313,-2.821743829593443,-1.1422432480209719
1586,5.254085341370682,-2.8218121720916356,-1.125135181189784
1587,5.254122081525954,-2.8218887656322003,-1.092724659196502
1588,5.254124779544339,-2.8218893835050753,-1.0774238928951159
1589,5.25415703315222,-2.8219315917177297,-1.0464657293323716
1590,5.254202473199375,-2.8221881021725284,-1.0318473334357503
1591,5.2535978559846574,-2.822113965407126,-1.0181862382536262
1592,5.2530391269682255,-2.8215074315300903,-1.0075978202349725
1593,5.251375506378206,-2.8189862547806723,-0.9995267346356653
1594,5.251317537979341,-2.818189365002935,-1.0096515930595995
1595,5.2510697502805606,-2.8184220647806892,-1.0294581681384494
1596,5.250621763748212,-2.8179009282847485,-1.0628377591899332
1597,5.2506558956872,-2.817976098761952,-1.0826362219837822
1598,5.250728098245298,-2.8181363365473757,-1.1026597160608231
1599,5.250736931082886,-2.818205353258524,-1.1547468830062904
1600,5.250771504670802,-2.8181969999174177,-1.1806199351506148
1601,5.250544631828553,-2.8179541061122046,-1.2017943616442728
1602,5.250410367442561,-2.8175455361183603,-1.2226255475283463
1603,5.250403496591039,-2.8175172023812713,-1.233087129470666
1604,5.250467551326944,-2.8176932896846605,-1.2421606638888578
1605,5.2505893566756745,-2.818045501922892,-1.2488106492745652
1606,5.250762419131367,-2.8185534290315206,-1.2521824228951244
1607,5.251185962958259,-2.8198267174279823,-1.2464613596793177
1608,5.251342765225484,-2.8201720434912088,-1.2241819039849111
1609,5.251807892883385,-2.820195746421513,-1.2105591327263865
1610,5.2517183890857755,-2.820203764527097,-1.1962659767439714
1611,5.251722367810463,-2.8201652236846715,-1.1813869446517251
1612,5.2515861780466535,-2.819821084031758,-1.1650024700477748
1613,5.251509374434923,-2.819637694827498,-1.1278744253499673
1614,5.251523884986692,-2.819658187583423,-1.1091182793432273
1615,5.251628289212845,-2.8195752234347005,-1.0911755067455675
1616,5.252044757734822,-2.8198127563969106,-1.0745202652125116
1617,5.2527763686546125,-2.8210886426921897,-1.0482253328871025
1618,5.253297622848288,-2.8219587157069337,-1.0401675170945828
1619,5.253896625932964,-2.8229600409451545,-1.036361801663849
1620,5.254515293442192,-2.823995794917872,-1.0372405164280771
1621,5.255188209489395,-2.8250993181438018,-1.0532593191400594
1622,5.25542505664791,-2.8254691405588916,-1.0766045474953678
1623,5.255534409711635,-2.8256672852719023,-1.089847404496669
1624,5.255737212221753,-2.825976348116641,-1.1447465811693214
1625,5.255645677166833,-2.825781668199719,-1.181362751438343
1626,5.255692859690482,-2.825835592100063,-1.1973653448155381
1627,5.255734571285889,-2.82592996312006,-1.2118106451498407
1628,5.25577844634189,-2.8260583129833274,-1.225109489070234
1629,5.255986866604569,-2.8266790150915853,-1.2488089129746658
1630,5.255630461733473,-2.826810046571981,-1.259581585400162
1631,5.2556350307598345,-2.826700513645095,-1.2806233912866192
1632,5.255425170015279,-2.826821505889779,-1.290983756156089
1633,5.255288725466408,-2.8268887573765062,-1.29993635482226
1634,5.255328360208841,-2.827092713964013,-1.3064802243383913
1635,5.2554183295630255,-2.8274444289600438,-1.3097487502545755
1636,5.255536810208581,-2.82793187221676,-1.309024065173542
1637,5.255732742697693,-2.8287448667809953,-1.293692489098306
1638,5.255725333428957,-2.828829632908712,-1.2673046385819702
1639,5.255692945223025,-2.8287993436753207,-1.2378408753283714
1640,5.255669211917571,-2.82875935204219,-1.2222218859979275
1641,5.255615542335827,-2.828662800446344,-1.1853546346924204
1642,5.25509343772503,-2.828128884108413,-1.1448093386915137
1643,5.255280646838425,-2.8279834199503746,-1.1081590752001567
1644,5.2552321583081225,-2.8278741337139244,-1.0775791778869435
1645,5.255209482767945,-2.8278298011586007,-1.0619502668294134
1646,5.255185516799517,-2.8277956532219997,-1.0471356872318829
1647,5.2556488452833365,-2.8277326669714022,-1.0179226817372615
1648,5.256092714538158,-2.828505253069194,-0.9917439592239694
1649,5.256374902395692,-2.8289408118243378,-0.982772985395778
1650,5.257037466421769,-2.8298531169492285,-0.9759049273988529
1651,5.258093621729218,-2.8306880660118496,-0.9792532297379425
1652,5.2588445897445695,-2.8318947556778777,-1.0009186880799459
1653,5.258946994949081,-2.8320351948995044,-1.0173994415265621
1654,5.2590036351428715,-2.8320636224394815,-1.0552095974719613
1655,5.259027448854141,-2.8320506388753217,-1.0916279069008037
1656,5.259145227524771,-2.8322158972141485,-1.1216980248565032
1657,5.259299085262104,-2.832490741715497,-1.1469882929851776
1658,5.259911621877505,-2.8325507867763005,-1.1583260393975936
1659,5.259379781332571,-2.832666906021527,-1.1688779918284613
1660,5.259665584233422,-2.8331561524970077,-1.1893344863151494
1661,5.259730361883522,-2.8333857584243356,-1.200196330148837
1662,5.259812090622539,-2.8335958994167947,-1.2110837014826998
1663,5.259967107887645,-2.8340278297703283,-1.233629592597967
1664,5.25997415519788,-2.8340543173670363,-1.244568591293518
1665,5.259909951529703,-2.8338639306101214,-1.254654937924421
1666,5.259778490468791,-2.833460107426286,-1.2627823326034817
1667,5.259355524446958,-2.8320999546917083,-1.2696276082648386
1668,5.259080494075208,-2.8312221117303875,-1.2669722466007076
1669,5.258891634418374,-2.8306229854927185,-1.259795646066169
1670,5.258825238384746,-2.830421743622795,-1.2482456113509601
1671,5.258769228303737,-2.8302561251564673,-1.219486181032584
1672,5.258749553676053,-2.83019252348975,-1.1881107652050944
1673,5.258779115775136,-2.8302590192696915,-1.1704829359295996
1674,5.258816628288896,-2.8303441516036387,-1.1508939916113325
1675,5.2588838921298935,-2.8304884986505074,-1.1306693806760522
1676,5.25895440502098,-2.830630899669649,-1.1109123810277315
1677,5.259010898312983,-2.8307372932317154,-1.092417497451976
1678,5.25905197910445,-2.830809614124697,-1.0756058760068707
1679,5.259064101499505,-2.8308255666557227,-1.0593890305325588
1680,5.259087962501984,-2.8308596561185735,-1.0291668951410338
1681,5.259070176014585,-2.8308269967049484,-1.013709745156719
1682,5.259057571195152,-2.8308035459028082,-0.9977399664782439
1683,5.260257736229747,-2.83245452146602,-0.9710121073555568
1684,5.259853516070887,-2.832634664281749,-0.9622114556462525
1685,5.259329711611759,-2.832024149213138,-0.9573687135749946
1686,5.257749496333631,-2.8302801830678743,-0.9737591566201051
1687,5.2576108923397245,-2.830108869563807,-1.0079516508445632
1688,5.257671450787193,-2.8302373797948244,-1.0281864676925925
1689,5.257883111671453,-2.830641034386716,-1.0682259703975567
1690,5.257870860474204,-2.8306628239806604,-1.1020001594498565
1691,5.257813533307761,-2.8305785368603313,-1.1160518231013057
1692,5.25742695622622,-2.8302534561542476,-1.1408711373968152
1693,5.2581092369556055,-2.8295109345257794,-1.1613061586420925
1694,5.258275687342201,-2.82992054841937,-1.1791671716270489
1695,5.25839449997826,-2.830180395751637,-1.1888717203526282
1696,5.258599763604249,-2.8306292177130254,-1.2105920669269619
1697,5.258621800232113,-2.83064306597848,-1.22118345092239
1698,5.258566564805235,-2.830434502957385,-1.2309657747340343
1699,5.25843342576117,-2.8300193817798562,-1.238845119042351
1700,5.257990190255631,-2.828638923726929,-1.245299001669399
1701,5.257704254853786,-2.827765144452944,-1.2424731380465441
1702,5.25751120806537,-2.827173894877395,-1.2351617369400139
1703,5.25744598023851,-2.826969449491243,-1.2235216993349698
1704,5.2580859785848455,-2.8268609268573646,-1.1944509460813189
1705,5.257375384177514,-2.826819881943768,-1.177230550564314
1706,5.257452696969013,-2.826802160497827,-1.1369983283186211
1707,5.257599750155906,-2.8271158008320865,-1.0974427364539077
1708,5.257645675526433,-2.8272059975203896,-1.079966750801208
1709,5.257777755542089,-2.8274503306868284,-1.0477559013147144
1710,5.258725122568943,-2.829064212268659,-1.023321947008603
1711,5.259564382773226,-2.8304568323391814,-1.0305054218978733
1712,5.259873824726698,-2.830976943343194,-1.056492526347902
1713,5.259936960873756,-2.8310862440505296,-1.0742385682575342
1714,5.259928737447507,-2.8310625358300583,-1.1125588383250693
1715,5.259962010239672,-2.8311216866031104,-1.1476589771525385
1716,5.260064349934589,-2.8313506962582937,-1.1759437791730831
1717,5.260201045169684,-2.8316855501551164,-1.1999970529298913
1718,5.260295185420823,-2.831924352343672,-1.2204172332928915
1719,5.260133470099411,-2.8314595065192263,-1.230270495827242
1720,5.259786843795789,-2.830483977004535,-1.223466391655683
1721,5.259657390708654,-2.830138643209813,-1.199668402811611
1722,5.25963156695961,-2.830070732507648,-1.1854640999392705
1723,5.259613775182591,-2.830024351337553,-1.1704856498491865
1724,5.259608790034488,-2.82999079374909,-1.1548549923164872
1725,5.259754435053509,-2.8302992922205306,-1.097133278061581
1726,5.259927334974531,-2.8306066677259825,-1.0578234200855694
1727,5.260003554285669,-2.8307247423023,-1.0238098098875672
1728,5.260377560485424,-2.8313145355095517,-0.9963223569567848
1729,5.2611279255075285,-2.8324787129365556,-0.9842656067919263
1730,5.2613273332629475,-2.833470750160422,-0.9912129591253119
1731,5.26123454238953,-2.8333014196643975,-1.0141612180548945
1732,5.261135247085818,-2.833135264593305,-1.0461718476603195
1733,5.26103825239184,-2.832979332216694,-1.0801981275645376
1734,5.261011468712069,-2.8329508799858205,-1.0961719604876212
1735,5.260925402275893,-2.8328220401528177,-1.124718395524806
1736,5.260918716157265,-2.832807161080228,-1.1373691049968653
1737,5.260334299432411,-2.8327388565104545,-1.1713454022705134
1738,5.260242538580719,-2.832313331758557,-1.1937535676030642
1739,5.260076262837161,-2.831942711266043,-1.2161066010786084
1740,5.2599054724345224,-2.8315443800707722,-1.2375628405193333
1741,5.259956866921548,-2.8317429472785474,-1.2598164384143435
1742,5.260078411993311,-2.832145721573344,-1.2686317502395206
1743,5.2602935640495385,-2.832723740563704,-1.2747657506172807
1744,5.260394224100074,-2.833528023391223,-1.277259810107057
1745,5.260783627198344,-2.8343001805025683,-1.2756644318698214
1746,5.260868947586798,-2.8349176477017863,-1.2694668882129758
1747,5.260926451097664,-2.835073482763755,-1.2586427499254293
1748,5.260931316969139,-2.8351047393875435,-1.2451352625143468
1749,5.261243908575898,-2.8350856886293,-1.2307693451482709
1750,5.261352744323024,-2.8350777671803375,-1.2157929523697035
1751,5.261077835452231,-2.834352117497228,-1.1808942151265356
1752,5.26104088860729,-2.83427265555427,-1.1424725731930305
1753,5.26106624360518,-2.834283005219228,-1.1071247000716462
1754,5.261624711216717,-2.834438548891285,-1.074673485660651
1755,5.2616812683373375,-2.8345521582498505,-1.060486446584954
1756,5.2616749877733096,-2.834522069703086,-1.0465633306315036
1757,5.261656751414656,-2.834450049708531,-1.0163987973135664
1758,5.261778585044243,-2.8346020550890825,-0.9857837960974772
1759,5.262026427020991,-2.834951842989148,-0.974494720735094
1760,5.262796133762479,-2.8360353459414713,-0.9645035992294613
1761,5.2645964259718125,-2.836981565814499,-0.9663135068365429
1762,5.264150975481165,-2.8379229804547497,-0.9817070431268903
1763,5.264475266130971,-2.8383421382741494,-1.006861332861889
1764,5.264566301423942,-2.838525081549871,-1.042526270063633
1765,5.264516556952749,-2.83843005650668,-1.080963641083946
1766,5.264507907524355,-2.8384671745215533,-1.0985996753322007
1767,5.264249153661639,-2.838741220375269,-1.1283152891032229
1768,5.264229284197811,-2.8387262140874,-1.140891902394801
1769,5.264200562371862,-2.8386879890020893,-1.1635583515092094
1770,5.264188014870073,-2.8386737577008674,-1.1738843811427209
1771,5.2641768616723335,-2.838663335733742,-1.1836693599902006
1772,5.264184727451821,-2.838710617811047,-1.1928340179488168
1773,5.264148143401403,-2.838686868031051,-1.201604140433898
1774,5.263719932909543,-2.8386124733823777,-1.2194158240810047
1775,5.263687505798567,-2.8385879888083747,-1.227125099543484
