index,x,y,orientation
0,3.868748014569787e-07,8.000000287404026,-1.569999843442225
1,-4.98017341984667e-07,7.99998236225454,-1.5699982186051642
2,-1.7417975216318148e-06,7.999937857335285,-1.569994887129672
3,-3.0211952971396242e-06,7.99989197784219,-1.569988804689222
4,-4.477321508608779e-06,7.999875773560441,-1.5699805170078718
5,-5.97003650469838e-06,7.999889448415348,-1.5699719907237903
6,-5.9722705763241125e-06,7.999926902002499,-1.5699654731769488
7,-5.554371712580776e-06,7.999943932525366,-1.569961353691843
8,-5.860427701878069e-06,7.999932096173684,-1.5699576590021063
9,-5.298000579180117e-06,7.999898600205556,-1.569952799049861
10,-4.705499402575537e-06,7.999885878965679,-1.5699487088953623
11,-4.729685417554851e-06,7.999891661328589,-1.569941623823386
12,-1.435461826710804e-06,7.9999083259948645,-1.5699367281225889
13,5.951102903225392e-07,7.999900520804627,-1.5699330461273593
14,1.4742702295274585e-07,7.999887591400493,-1.5699277223959318
15,-1.4761843722629848e-08,7.999889444242086,-1.5699218247048028
16,2.1314288131860814e-07,7.999887962678,-1.5699145861540147
17,-2.9216357272454857e-07,7.999881647706012,-1.569908905238761
18,9.488013012820476e-08,7.999879388066385,-1.5699034374527439
19,1.7429861387971562e-07,7.999876658050917,-1.5698962523198676
20,-1.0742287484552608e-09,7.9998726795588775,-1.569890568311709
21,6.792241015101778e-08,7.999869667435153,-1.5698849397691916
22,6.119849410850967e-08,7.999867188511276,-1.5698793106932318
23,5.641426736246951e-08,7.999863960634945,-1.5698737215642269
24,2.945357314545079e-08,7.999860798484512,-1.5698681347973271
25,-4.924270928428603e-08,7.999857973460659,-1.569862505504835
26,8.595579756328033e-08,7.999854976520989,-1.5698569879089779
27,6.278132484686788e-08,7.999851895036322,-1.5698514110452166
28,-1.0979911216124787e-07,7.999848891564072,-1.5698457497174894
29,1.5774703256585737e-07,7.999844978275785,-1.5698384391273594
30,1.0667423919841322e-07,7.9998418600832375,-1.5698328476610461
31,1.1759462811277393e-08,7.999838885764248,-1.5698272299091518
32,1.455589781443812e-07,7.999835947554452,-1.5698217108720074
33,1.049031846172087e-07,7.999832914909567,-1.5698161267179864
34,3.537818338910398e-08,7.999829890077986,-1.5698105121390238
35,9.977658223528315e-08,7.999826927468198,-1.5698049678033235
36,2.0146619111483481e-07,7.999822879942654,-1.5697975881817534
37,1.6278834570801604e-07,7.999819936285774,-1.569792000001415
38,4.185242755160442e-08,7.999815917097114,-1.5697845163160922
39,1.2107292250376617e-07,7.999812849421015,-1.5697789698495364
40,1.2606020044119761e-07,7.999809922948771,-1.5697733955743067
41,9.096769706210885e-08,7.999806927232466,-1.5697678099766574
42,8.384705703771776e-08,7.999803882514029,-1.5697622303120509
43,1.4322870818937925e-07,7.9998008719867615,-1.5697566733233337
44,9.618407054126271e-08,7.999797909960936,-1.569751077603545
45,4.849316379894676e-08,7.999794916682054,-1.5697454791763477
46,1.5718906382868426e-07,7.999791878365021,-1.569739955285632
47,1.5178209097879e-07,7.999788854636709,-1.5697343796709953
48,8.232221625883101e-08,7.999785912247986,-1.569728770029579
49,7.216713179975109e-08,7.999782849035182,-1.5697231860563094
50,1.377494429761184e-07,7.999779804826539,-1.569717638476558
51,1.395068197635386e-07,7.999775843894715,-1.5697102048697584
52,1.2625459010640013e-07,7.999773908204526,-1.5697064870704398
53,1.2327952256396615e-07,7.999770874996131,-1.56970091008651
54,1.525952883044007e-07,7.9997678071638125,-1.5696953454204279
55,1.692074927327053e-07,7.999763824338858,-1.5696879172248799
56,1.8456167216266101e-07,7.999761888894428,-1.5696842063306502
57,1.249603805614306e-07,7.999758835711728,-1.569678606562493
58,1.8077405427785218e-07,7.9997558216194795,-1.5696730544922834
59,1.3657097862987767e-07,7.999751789130533,-1.5696656034222296
60,8.192598255628308e-08,7.9997498576539385,-1.5696618584661957
61,1.7083192904227545e-07,7.9997458704685105,-1.5696544612877599
62,1.738981723857078e-07,7.999742821699981,-1.5696488841974205
63,2.3563675807662716e-07,7.999739846937454,-1.569643339184248
64,2.3061165988383413e-07,7.999736841136842,-1.5696377669144908
65,1.4449711549503662e-07,7.999733815703416,-1.5696321560688138
66,1.9155781204503879e-07,7.999731860461209,-1.569628457260849
67,1.7464769891897636e-07,7.999728829054524,-1.5696228730741628
68,2.0680102222324482e-07,7.999725783840327,-1.569617310580586
69,2.538399123369608e-07,7.999721776228924,-1.5696098996765624
70,2.2385247490134275e-07,7.999718797309804,-1.569604317301643
71,1.6430195343748545e-07,7.99971586260686,-1.569598712501153
72,1.9725191452496064e-07,7.999712761932862,-1.5695931495019397
73,2.5246262425578634e-07,7.999709733175041,-1.5695875986456047
74,2.6803097764258375e-07,7.999706837266689,-1.569582028759101
75,1.7412411674637846e-07,7.9997038267095615,-1.569576410719617
76,2.0855496787733117e-07,7.999700803186821,-1.5695708533530088
77,3.169831792615667e-07,7.9996977803220135,-1.5695653281652837
78,2.4117748610895e-07,7.9996957853734525,-1.569561580699847
79,1.8690741923313886e-07,7.999692770262477,-1.5695559747165335
80,2.2611780065540509e-07,7.999690813342938,-1.5695522712030197
81,2.702166029342225e-07,7.999687825347178,-1.5695467194678492
82,2.5507666423474316e-07,7.999685734497611,-1.5695429909469722
83,2.507819592806836e-07,7.999683827173113,-1.5695392743588201
84,2.3534294037834713e-07,7.999680791077538,-1.5695336875084671
85,2.890659809012932e-07,7.9996787890479855,-1.5695299971831242
86,3.761240583975097e-07,7.999676778543153,-1.5695263271877904
87,1.366017238618873e-07,7.999673690540401,-1.569520634613171
88,1.4491707710543642e-08,7.999671750323716,-1.5695168555227308
89,1.6729748045600658e-07,7.999669733040472,-1.5695131939688856
90,3.397139392921635e-07,7.999667804582669,-1.5695095613250778
91,2.8210257089304126e-07,7.999665728675213,-1.5695058143248257
92,1.4095512024622366e-07,7.999663787581724,-1.569502034481848
93,2.0075176326897733e-07,7.999661721701068,-1.5694983412108674
94,3.18566678151941e-07,7.9996597753338605,-1.569494683201382
95,3.997466733858156e-07,7.999656735393927,-1.5694891491595933
96,3.312484845785294e-07,7.999654747035184,-1.5694854090855697
97,2.705684609274264e-07,7.999651809702154,-1.569479803972192
98,2.7264779518814867e-07,7.999649740852454,-1.5694760834426957
99,3.926199860482991e-07,7.999646783327639,-1.5694705650880783
100,3.6538710381289603e-07,7.99964471233275,-1.569466838387513
101,2.9106277425944054e-07,7.999642794846768,-1.5694630914100496
102,3.92185736548859e-07,7.999639768174912,-1.5694575690151147
103,4.0970838778215637e-07,7.999637745856294,-1.5694538598746235
104,3.316802265300147e-07,7.999634777865106,-1.569448254296837
105,2.956340827282798e-07,7.999632742597519,-1.5694445148962535
106,2.9031476852342935e-07,7.99963079010074,-1.5694407951654308
107,2.860353164979153e-07,7.999628679430847,-1.5694370725725362
108,2.9449906844024236e-07,7.9996267402844445,-1.569433361069784
109,3.447270958506466e-07,7.999623776448289,-1.569427802098981
110,2.9047502267310393e-07,7.999621723725564,-1.5694240577231158
111,3.49653133697364e-07,7.999619731605301,-1.5694203658780723
112,3.9797512949984895e-07,7.999616694701255,-1.569414819655905
113,3.7451617055413115e-07,7.99961476245119,-1.5694110933904004
114,3.594984847202571e-07,7.999612689709712,-1.569407366638731
115,3.233962803065206e-07,7.999609731270302,-1.5694017719066582
116,4.2360544494428155e-07,7.999606772618372,-1.5693962452132078
117,4.563435112672134e-07,7.9996046743121445,-1.5693925411124752
118,2.683708477791326e-07,7.999602708529933,-1.5693887417263013
119,1.5740392023981387e-07,7.999599670559617,-1.5693830994873101
120,2.764359465726949e-07,7.999596669349097,-1.5693775613150025
121,4.658269071411668e-07,7.999593723682907,-1.5693720776377147
122,4.27297289976461e-07,7.99959171350904,-1.569368350593159
123,3.4746721829041985e-07,7.999589704993598,-1.5693646002450685
124,3.011327786063032e-07,7.999586729438299,-1.5693589986083227
125,3.692979843434925e-07,7.999584690599052,-1.5693553089454224
126,4.094431046191873e-07,7.999581683776013,-1.5693497532866738
127,2.285147473229421e-07,7.999579666851761,-1.5693459509291736
128,2.0038188501289285e-07,7.999577612642348,-1.569342211797298
129,4.957065161478476e-07,7.999574743810516,-1.5693367731479548
130,4.934256688363087e-07,7.999572723926302,-1.569333051668018
131,2.995427524042918e-07,7.999569726397412,-1.5693273928654055
132,3.199619761830935e-07,7.999567642152685,-1.5693236801282628
133,4.537153061533434e-07,7.999564710249356,-1.569318166875127
134,4.860487857896458e-07,7.999562665533496,-1.5693144601769065
135,4.31624925073529e-07,7.999559724235876,-1.5693088683575747
136,4.373027556841921e-07,7.999556720975216,-1.5693032975969319
137,4.4034608386410995e-07,7.999553715552128,-1.5692977240359856
138,4.37339533555771e-07,7.999550648350766,-1.5692921385550267
139,3.8898191827363325e-07,7.999547658130273,-1.5692865429959717
140,5.331538833604153e-07,7.999544731907143,-1.5692810396364492
141,5.869766677295438e-07,7.999542634362828,-1.569277348059476
142,4.945596132915519e-07,7.999539690977271,-1.569271741695578
143,4.257511652704102e-07,7.9995376354525085,-1.5692679878033244
144,4.3437644655524415e-07,7.99953467227642,-1.56926241256442
145,5.273590838368873e-07,7.99953270215661,-1.569258743204869
146,5.572225697378498e-07,7.999530652646754,-1.5692550379927355
147,4.981740858097121e-07,7.999528682807388,-1.5692513003492556
148,4.442600769340397e-07,7.99952670476575,-1.5692475535852703
149,4.7278044407157905e-07,7.999523704490315,-1.5692419910691007
150,5.387712976661161e-07,7.999521619352383,-1.5692383051699694
151,5.591141947164617e-07,7.999519682460155,-1.5692346063618048
152,4.849532131016031e-07,7.999516662747222,-1.569228992546758
153,5.443159002947137e-07,7.99951471612423,-1.5692253073041846
154,5.807488388925086e-07,7.999511624748014,-1.5692197489307302
155,5.120967728637184e-07,7.999509637746157,-1.5692160053106303
156,5.02388972463602e-07,7.9995076699813605,-1.5692122845773715
157,4.917162011597726e-07,7.999504639440001,-1.569206698424071
158,5.774922023033142e-07,7.999502702896285,-1.5692030268252264
159,5.773301031861482e-07,7.999499601063467,-1.5691974480086621
160,5.02063497443744e-07,7.999497679937447,-1.5691936997988662
161,5.812676163102201e-07,7.999494681587604,-1.569188163261505
162,4.4149630348840366e-07,7.999491565890629,-1.5691825177082745
163,3.08588809142126e-07,7.999489580311832,-1.5691787371923842
164,6.813834181050969e-07,7.999486576029144,-1.5691733207708556
165,7.074547909989863e-07,7.999484674469083,-1.5691696188677857
166,4.2826401718281434e-07,7.999481680363101,-1.5691639184776829
167,5.389922376167605e-07,7.999479652874144,-1.5691602537854306
168,5.957080999723567e-07,7.999476626420901,-1.569154710387227
169,6.361301259964852e-07,7.999473619400259,-1.5691491507426558
170,5.317769631886908e-07,7.999471650908021,-1.5691453869933913
171,5.944053424079548e-07,7.999468655150795,-1.5691398429561008
172,6.417802231836918e-07,7.999466583833153,-1.5691361481980777
173,5.803360557137325e-07,7.999463657225863,-1.5691305450085284
174,6.088168859626194e-07,7.999461614026326,-1.5691268407451964
175,6.738364957716614e-07,7.9994586330032185,-1.5691212992940131
176,6.162791760619819e-07,7.999456598039929,-1.5691175608527046
177,5.680504355787137e-07,7.999453619901992,-1.5691119581620454
178,6.337189753822701e-07,7.999450668646845,-1.5691064124529006
179,6.875255330487028e-07,7.999448599071045,-1.5691027251918204
180,6.244034054529569e-07,7.999445589421301,-1.56909712329407
181,5.80081975378935e-07,7.999443640463226,-1.569093384952076
182,6.579819011175791e-07,7.999441620941453,-1.5690897030899895
183,7.214339409761243e-07,7.999438626920399,-1.569084160218192
184,6.659620370890362e-07,7.999436573468524,-1.5690804184356493
185,5.39665942086062e-07,7.999433641573036,-1.569074779302638
186,5.871651735800483e-07,7.999431547091569,-1.569071080993288
187,6.989026158362245e-07,7.999428522830147,-1.5690655617504148
188,7.40957261289087e-07,7.999426599220471,-1.5690618722783027
189,6.271442083755828e-07,7.999423575551099,-1.5690562346413008
190,5.574092100578143e-07,7.9994206227683415,-1.5690506248112264
191,6.20739456381929e-07,7.999418519417028,-1.5690469342541038
192,7.239447753867348e-07,7.999415527197044,-1.5690414073791044
193,7.537182781321836e-07,7.999413643700767,-1.5690377056985036
194,6.107528834137394e-07,7.999410592286713,-1.5690320658787589
195,4.870939215932755e-07,7.999408546244437,-1.5690282884615427
196,6.358965767078585e-07,7.99940652485798,-1.5690246305675932
197,7.252631014780746e-07,7.99940462249591,-1.569020956092614
198,7.051098730319008e-07,7.999402565624529,-1.5690172252509336
199,6.840957497501589e-07,7.999399589084218,-1.5690116472824274
200,7.463357162203046e-07,7.999397564884226,-1.5690079649399415
201,8.152384294502276e-07,7.999395537372698,-1.5690042797403696
202,8.050497054110575e-07,7.999393584038217,-1.5690005603839914
203,6.653420412380962e-07,7.999391629897902,-1.5689967778721892
204,5.903334996834383e-07,7.9993895465088,-1.5689930217415688
205,6.880836527167045e-07,7.999387598152805,-1.5689893471852308
206,8.102288889377592e-07,7.999385525939246,-1.568985689200321
207,8.49872606246105e-07,7.999383592243437,-1.5689819957762692
208,7.065204980349497e-07,7.99938061667152,-1.5689763570289879
209,6.548939700415914e-07,7.999378584437729,-1.5689726112947555
210,7.067180608613473e-07,7.999376532065026,-1.5689689095966395
211,7.433024360094122e-07,7.999373482205996,-1.568963354545185
212,7.902604368604813e-07,7.999371594996681,-1.5689596611556649
213,7.726416911322228e-07,7.999369543955598,-1.5689559337082195
214,7.44535889180885e-07,7.99936760605079,-1.5689522039675539
215,7.439055764225561e-07,7.999365529921963,-1.568948485886006
216,7.519215670856066e-07,7.999362520944297,-1.5689429111760804
217,7.965710578816357e-07,7.999360614729081,-1.5689392136257871
218,7.808485176563978e-07,7.999357545261727,-1.5689336309621922
219,7.357480077796176e-07,7.999355593817789,-1.5689298902288955
220,8.053857493404302e-07,7.999352576815272,-1.5689243428721058
221,8.466496498571528e-07,7.999350548558517,-1.5689206459130194
222,8.109703809204798e-07,7.999347597856093,-1.5689150604832085
223,7.865062856111715e-07,7.999344563778984,-1.5689094698502943
224,7.879240272364439e-07,7.9993425399808205,-1.5689057523867842
225,7.85265175188017e-07,7.99934057002059,-1.5689020343398545
226,7.986751005987854e-07,7.999338539100311,-1.5688983197159434
227,8.254823901371998e-07,7.999336591674495,-1.5688946138060917
228,8.235846295259586e-07,7.999334542329127,-1.568890896794917
229,8.489539170258225e-07,7.999332580268722,-1.568887191377345
230,8.102294971448624e-07,7.9993305494111535,-1.5688834578694262
231,8.397000083511925e-07,7.999327600266069,-1.5688778965503045
232,9.545239565448323e-07,7.999325517425818,-1.5688742351900047
233,9.780340180211751e-07,7.999323551303653,-1.5688705353838073
234,7.342603222703126e-07,7.9993204946322525,-1.5688648390482225
235,7.468142803029426e-07,7.999317556259663,-1.5688592604021898
236,9.157656058102884e-07,7.999314553739937,-1.5688537684370976
237,9.792459742582328e-07,7.999312508281712,-1.568850085570432
238,8.576684040255611e-07,7.999309602967467,-1.568844456907302
239,7.995632180731064e-07,7.999307520193548,-1.5688407102637711
240,8.573141026291439e-07,7.999305558790455,-1.5688370205788933
241,9.28494274149841e-07,7.999303472961536,-1.568833335549667
242,9.613785529353284e-07,7.999301564380053,-1.5688296413953629
243,9.598581968806065e-07,7.9992995075369615,-1.5688259200205514
244,8.855535934342122e-07,7.999297563958767,-1.5688221719638653
245,8.350241592773048e-07,7.999295500368533,-1.5688184294500707
246,8.986895703093391e-07,7.999293542481131,-1.56881474214236
247,9.370819423961721e-07,7.999291491351639,-1.5688110415578724
248,9.181147192070342e-07,7.999288587773894,-1.56880545837827
249,8.761324505731142e-07,7.999286517002573,-1.5688017174881064
250,8.635208478677768e-07,7.999284566313101,-1.5687979929084297
251,8.856537607058309e-07,7.999282524191156,-1.568794283356602
252,1.02574809014776e-06,7.99927954347793,-1.5687887740689521
253,8.346839402891201e-07,7.999277514026124,-1.5687849706844617
254,6.810174020336856e-07,7.999274429261335,-1.5687793024082353
255,9.036618098375206e-07,7.99927252475823,-1.5687756814938278
256,1.0415616324882023e-06,7.999269550966923,-1.5687701716120404
257,8.335611025504233e-07,7.99926648802709,-1.568764503665985
258,9.60232816531951e-07,7.9992634917792795,-1.5687589846646257
259,1.0503457843536955e-06,7.999261522988471,-1.5687553120629143
260,9.771019675090788e-07,7.999258523541516,-1.568749706445721
261,8.429195211066328e-07,7.999255546954679,-1.5687440680189497
262,9.60883370651811e-07,7.999252486023433,-1.5687385393117834
263,1.0783076070576555e-06,7.999249498930588,-1.5687330221168467
264,1.042595265824695e-06,7.999247555576927,-1.5687292882126136
265,9.808531624866875e-07,7.999244554485674,-1.568723681147891
266,9.361519170956286e-07,7.999242484246238,-1.5687199411068447
267,1.020977320665254e-06,7.99923954046436,-1.5687144063750935
268,1.0978722830009436e-06,7.999236547511524,-1.5687088667437963
269,1.0534047774661678e-06,7.999233499478611,-1.5687032703734978
270,9.511613415906441e-07,7.999230522605496,-1.5686976507772412
271,1.0208383141585905e-06,7.9992275200602485,-1.5686921035769994
272,1.0644938995905998e-06,7.99922546008483,-1.5686884037103588
273,1.0487947180785533e-06,7.99922256711312,-1.568682820242497
274,1.0199118846653034e-06,7.999219524290667,-1.568677233280963
275,1.0377445623911347e-06,7.999216522894179,-1.568671661889327
276,1.1502174185207562e-06,7.999213522816197,-1.5686661413900642
277,1.0447520076451e-06,7.999210511153883,-1.5686605176716433
278,1.0241344212836306e-06,7.999208486543014,-1.5686567867336658
279,1.1515019283137587e-06,7.999205480294122,-1.5686512672055326
280,1.0996995542230294e-06,7.999203510441306,-1.56864752574365
281,8.781995460285707e-07,7.999201400500125,-1.5686436953822103
282,9.536868395276053e-07,7.999198505080856,-1.5686381366784625
283,1.1693365354973801e-06,7.999196485725912,-1.5686345184560744
284,1.1278798283438368e-06,7.999193483062631,-1.5686289244634513
285,8.866697264402113e-07,7.999191447097527,-1.5686250957146797
286,1.1386188418706229e-06,7.999188514481811,-1.5686196286861598
287,1.1762452588007766e-06,7.9991855411192825,-1.568614080619211
288,1.0239654819077134e-06,7.999181507814824,-1.5686065704380692
289,1.19205153594947e-06,7.999178492197389,-1.5686010740916865
290,1.2464823890610709e-06,7.9991754864257,-1.5685955217460543
291,1.074039266914116e-06,7.999172546162957,-1.5685898699742575
292,1.137057022467061e-06,7.999169459035485,-1.5685843224589777
293,1.242011402791158e-06,7.999166438661849,-1.5685787982588992
294,1.2101949202109917e-06,7.9991624947315385,-1.56857135342344
295,1.1144748109981097e-06,7.999160537131486,-1.5685675869469295
296,1.0899865494490536e-06,7.999157513100521,-1.5685619986932058
297,1.2104708608745044e-06,7.999154450652601,-1.5685564695607566
298,1.2422346555206934e-06,7.999151506157775,-1.5685509070486547
299,1.2150825907898019e-06,7.999149528444005,-1.5685471787475724
300,1.1896434035025978e-06,7.999146455444581,-1.568541588957649
301,1.208299905217172e-06,7.999144539268829,-1.5685378885253813
302,1.2746192029214573e-06,7.9991415264058805,-1.5685323449231643
303,1.241233425270765e-06,7.999139503027189,-1.5685286054761276
304,1.1999295243546954e-06,7.999137498961836,-1.568524871351856
305,1.2299570198230087e-06,7.999135495288111,-1.5685211652311815
306,1.344649033487311e-06,7.99913351701459,-1.5685175058039507
307,1.3403234613517344e-06,7.999131470443732,-1.5685137884265123
308,1.2372848159104167e-06,7.999129454517489,-1.5685100260885876
309,1.1905091136313796e-06,7.999127452678294,-1.568506279901261
310,1.260424957844019e-06,7.999125521071408,-1.5685025936289787
311,1.3180427607498766e-06,7.999123486757157,-1.568498899669235
312,1.2627178159805424e-06,7.999121478523494,-1.5684951612995888
313,1.2365128748734445e-06,7.999119446961094,-1.5684914279156343
314,1.29217279054936e-06,7.999117510752082,-1.568487736704261
315,1.3673006001383087e-06,7.999114446379556,-1.568482192485096
316,1.0502447003452443e-06,7.999111373883361,-1.568476461166788
317,1.2459860200211234e-06,7.9991085018722305,-1.5684709642090402
318,1.4244319896050021e-06,7.999106447687092,-1.5684673309876715
319,1.2913576652331711e-06,7.999103491794137,-1.5684617016880116
320,1.1295761013310207e-06,7.999101408943131,-1.5684579001522747
321,1.1368493278815662e-06,7.999099459480417,-1.5684541843636177
322,1.3429086424365937e-06,7.999097444868847,-1.568450553070966
323,1.4522544340152006e-06,7.999095542778225,-1.568446894290225
324,1.266493967863512e-06,7.999092419462953,-1.5684412361451359
325,1.1758180521113633e-06,7.999090466046418,-1.5684374704243158
326,1.1659231396243237e-06,7.999088424689813,-1.568433740973634
327,1.3349693493363843e-06,7.999086506382845,-1.5684300973376137
328,1.4705838947527425e-06,7.999084452933274,-1.56842644459425
329,1.4839973088444663e-06,7.999082526108478,-1.5684227415402314
330,1.2606812890965485e-06,7.999080427361848,-1.568418919445221
331,1.1019398107737557e-06,7.999078466828527,-1.5684151246888365
332,1.2550965834607407e-06,7.9990764280453845,-1.56841146223728
333,1.4820881082427135e-06,7.999074522288726,-1.5684078541463748
334,1.4551716081655784e-06,7.999072463200594,-1.5684041248979608
335,1.3414748814100845e-06,7.999070512714783,-1.5684003624723821
336,1.3212706064457988e-06,7.999068455893204,-1.5683966324443945
337,1.4048637718362592e-06,7.99906651884081,-1.5683929544685264
338,1.4916743387254794e-06,7.999063457735842,-1.5683874145088574
339,1.4221828865036975e-06,7.999061527546189,-1.568383671581989
340,1.3713434254421228e-06,7.999057511985026,-1.5683762112441482
341,1.4765520763083623e-06,7.999054500561594,-1.5683706879127295
342,1.4718025616027498e-06,7.999051446216541,-1.5683651056876646
343,1.4263216853459266e-06,7.9990485231845945,-1.5683595099452796
344,1.5223052328186365e-06,7.99904551217954,-1.5683539849261523
345,1.5262734684994055e-06,7.999043442450281,-1.5683502694936304
346,1.482734284844457e-06,7.999039449782095,-1.5683428185480237
347,1.4598263092812275e-06,7.999037512062272,-1.5683390899839635
348,1.5525442410326601e-06,7.999033515980182,-1.5683317018555147
349,1.5066405568135216e-06,7.99903042846181,-1.5683261007120217
350,1.5014015290707233e-06,7.99902749174506,-1.5683205206890665
351,1.5967218182067386e-06,7.999024503928722,-1.568314996153336
352,1.5486817556766551e-06,7.999021489311638,-1.5683093990936872
353,1.4831723946268324e-06,7.9990195037930745,-1.5683056454991537
354,1.5485977341895953e-06,7.999015509699237,-1.5682982385165483
355,1.6025349025234156e-06,7.999012479890132,-1.5682926859619677
356,1.581569495643134e-06,7.999008519583386,-1.5682852509926404
357,1.5790232916864905e-06,7.999005480017589,-1.5682796685900728
358,1.5125597811989598e-06,7.999002455422642,-1.5682740574619702
359,1.589632667163103e-06,7.998998473558304,-1.5682666582494709
360,1.6033808319446565e-06,7.9989955036320834,-1.5682610906987735
361,1.5963345689646982e-06,7.998992498442572,-1.5682555121283892
362,1.5843927366511125e-06,7.998989449586994,-1.5682499223277155
363,1.700314745241169e-06,7.998986501574062,-1.5682444096482635
364,1.6728187884645962e-06,7.998983450290927,-1.5682388282954187
365,1.6160957997628927e-06,7.998979515292857,-1.5682313657100055
366,1.6656482544909472e-06,7.998976454711328,-1.5682258081236529
367,1.711054243046315e-06,7.998973467465595,-1.5682202597266572
368,1.6302971667679624e-06,7.998970478301912,-1.568214646267659
369,1.6538341088892893e-06,7.998967475467648,-1.5682090732115659
370,1.7414121577825984e-06,7.998963424004714,-1.5682016828166914
371,1.7136707556236902e-06,7.998960449555394,-1.5681960964288126
372,1.5941230633060324e-06,7.998957499510561,-1.5681904683377585
373,1.7224272256784503e-06,7.998954459813371,-1.5681849450259888
374,1.7519056744559425e-06,7.998951422967963,-1.5681793846461936
375,1.7301618327393903e-06,7.9989485028837795,-1.568173799702642
376,1.730441113546054e-06,7.998944521198584,-1.5681663644255062
377,1.8385815928859367e-06,7.998941450858265,-1.5681608482657585
378,1.6789301677045239e-06,7.998938429776266,-1.5681551925256485
379,1.5959103184815353e-06,7.998935469219852,-1.568149566077015
380,1.8376496436940772e-06,7.998932452597047,-1.568144104332999
381,1.8638621189255665e-06,7.998929447640984,-1.5681385443440468
382,1.6277874349184961e-06,7.998926461975276,-1.5681328561553007
383,1.6698241138667915e-06,7.998923441203098,-1.5681272875955476
384,1.8634469199332739e-06,7.998920427398951,-1.568121801155619
385,1.8253074939008406e-06,7.998917504893289,-1.5681162145458762
386,1.7099550085658447e-06,7.998914484434798,-1.568110584892185
387,1.8311257861989099e-06,7.998911398739876,-1.5681050610992096
388,1.930822867850642e-06,7.998908433351635,-1.5680995407832046
389,1.8427292765561613e-06,7.998905470847501,-1.5680939269261907
390,1.819631066997025e-06,7.998902501874188,-1.5680883395122438
391,1.8718000898649346e-06,7.998899440724068,-1.5680827820029242
392,1.9302891263903514e-06,7.998896447717443,-1.5680772392818974
393,1.85598170826836e-06,7.998893510268735,-1.5680716295207628
394,1.8097899839807792e-06,7.998890457352828,-1.5680660271054498
395,1.8995509994825104e-06,7.998886422100152,-1.5680586303626576
396,1.950274152029159e-06,7.9988844472857625,-1.568054939440268
397,1.910480284687757e-06,7.998880505886614,-1.5680474887316633
398,1.8509701384611273e-06,7.998878430786774,-1.568043736371279
399,1.8840650708304176e-06,7.998875449702799,-1.5680381770283935
400,1.9441078993106147e-06,7.99887248878118,-1.5680326285874762
401,1.9284885020501425e-06,7.9988695010601365,-1.5680270437525632
402,1.9013502708839383e-06,7.998866405288114,-1.5680214532876775
403,1.995009124449338e-06,7.998862447597208,-1.568014060464878
404,2.038007360700575e-06,7.998860507423511,-1.5680103657897584
405,1.9288881617953e-06,7.998857424725501,-1.5680047408716837
406,1.908510995942097e-06,7.998855437022662,-1.5680010076220787
407,1.999415928023187e-06,7.998853471790196,-1.5679973315238316
408,1.9697811471106328e-06,7.998850389216676,-1.5679917358532813
409,1.7472260582299187e-06,7.9988484387823755,-1.5679879095712503
410,1.8781281553054117e-06,7.9988454210326205,-1.5679823736440899
411,2.0836931129456907e-06,7.998843491355497,-1.5679787491097659
412,1.996888907950964e-06,7.998840431250238,-1.5679731480858448
413,1.8284407598059348e-06,7.998838399827816,-1.567969343694442
414,1.8103883993910796e-06,7.998835445174623,-1.5679637483185322
415,2.1133769060281857e-06,7.9988324723250255,-1.567958308692009
416,2.0480855688783085e-06,7.998830460537721,-1.5679545607038963
417,1.9230684467495072e-06,7.99882847569149,-1.5679507879658845
418,1.9505632956308095e-06,7.998826452913329,-1.5679470776133875
419,2.089812137209466e-06,7.998824492882237,-1.5679434270138495
420,2.146749091666208e-06,7.998822496107896,-1.5679397364175698
421,2.0650748443139843e-06,7.998820418939611,-1.5679359788619647
422,1.9739522824924344e-06,7.998818472102531,-1.5679322234393407
423,1.953044850915569e-06,7.9988164353710784,-1.5679284883023072
424,2.0495357318257146e-06,7.998814495906929,-1.5679248145096036
425,2.1569721537406396e-06,7.998812441231228,-1.5679211491883052
426,2.1902255980446316e-06,7.998810499095119,-1.5679174503602114
427,2.125991922776766e-06,7.998808446818408,-1.5679137072949059
428,2.104793321457515e-06,7.998806507858415,-1.5679099801895917
429,2.0940817657807456e-06,7.998803533477156,-1.5679043973633309
430,2.1858120638615525e-06,7.998801476583536,-1.5679007195553722
431,2.2025802443993e-06,7.998799466624877,-1.5678970184858871
432,2.1471502998460633e-06,7.998797468088838,-1.5678932737380344
433,2.1054267043377494e-06,7.998795495071046,-1.5678895355553149
434,2.1859643914202478e-06,7.998793496547518,-1.5678858544489187
435,2.2458449476839688e-06,7.998791446981198,-1.5678821684505948
436,2.210791961675766e-06,7.998789497443274,-1.5678784372003216
437,2.1450327452621443e-06,7.998786501087521,-1.5678728284383294
438,2.1335686010300025e-06,7.998784437058566,-1.5678691005852077
439,2.1958995908299326e-06,7.998782506317665,-1.5678654145060271
440,2.2731454066620724e-06,7.9987804747367,-1.5678617300842295
441,2.0825555536571716e-06,7.998778466734393,-1.5678579251964104
442,1.989909596941842e-06,7.9987753657772,-1.567852286381593
443,2.2670464605260143e-06,7.998773480428857,-1.5678486945299326
444,2.2606295437102995e-06,7.998770488027827,-1.5678431214315802
445,2.099355562461765e-06,7.998767469503732,-1.5678374666028083
446,2.230993093949958e-06,7.998764472205544,-1.567831949109429
447,2.2722639608589485e-06,7.998761489793047,-1.5678263978496774
448,2.2898660352137403e-06,7.9987584707905715,-1.5678208256741453
449,2.231989614733358e-06,7.9987555220913125,-1.5678152253529558
450,2.279439258769809e-06,7.998753448664706,-1.567811530894516
451,2.35563012886954e-06,7.998750456772099,-1.5678059924040546
452,2.334127334045404e-06,7.9987484648428016,-1.5678022654025605
453,2.295877914014177e-06,7.9987454850844975,-1.5677966743007399
454,2.3733702928444057e-06,7.998742512854527,-1.567791137819161
455,2.2884764585927263e-06,7.998738521434146,-1.567783662956385
456,2.2823817668316242e-06,7.998735532426468,-1.567778082026962
457,2.392350577683902e-06,7.998732440436773,-1.567772557079955
458,2.331035219728475e-06,7.998728426535207,-1.567765095396573
459,2.35747305172555e-06,7.998725539113618,-1.5677595293997362
460,2.4241911186507163e-06,7.998721527535244,-1.5677521315903773
461,2.3713791118784096e-06,7.998719458628287,-1.5677483861203374
462,2.3252900996580266e-06,7.998716452250184,-1.5677427853170882
463,2.4255795161438e-06,7.998713535398408,-1.5677372542171033
464,2.448719468916384e-06,7.998710464577228,-1.5677316881011125
465,2.3492661153641125e-06,7.998707420821324,-1.5677260653982388
466,2.406783574318781e-06,7.998704512059585,-1.5677205111062553
467,2.428361015750166e-06,7.998701511814314,-1.5677149444996563
468,2.1978766255927125e-06,7.998698453263109,-1.567709249854965
469,2.4223571949526828e-06,7.99869542778221,-1.5677037617401464
470,2.4746410544987402e-06,7.99869147666408,-1.5676963597558977
471,2.401048678772918e-06,7.99868953068601,-1.567692611476096
472,2.4643916679006235e-06,7.998686471716343,-1.5676870659794204
473,2.52491819564689e-06,7.998684421242639,-1.5676833751581871
474,2.5152174744528354e-06,7.998681535048855,-1.5676777948592229
475,2.424157554122156e-06,7.99867853565406,-1.567672175409217
476,2.4678393548273705e-06,7.9986754348996945,-1.5676666118038272
477,2.620264074203569e-06,7.9986724358203425,-1.5676611111945666
478,2.502042440878366e-06,7.9986695201896945,-1.5676554802481373
479,2.3852839013679653e-06,7.9986674611850255,-1.5676517017428309
480,2.5063685331073326e-06,7.998664482061785,-1.5676461725251822
481,2.601414945725862e-06,7.998661562545795,-1.5676406439568202
482,2.6183900526243778e-06,7.9986584710315425,-1.567635075458197
483,2.533475141236642e-06,7.998655488093852,-1.5676294647853901
484,2.6434868097563607e-06,7.99865254408628,-1.5676239436467347
485,2.6086883558584098e-06,7.998649512161145,-1.5676183544896989
486,2.565071888387277e-06,7.998646479574876,-1.5676127489920406
487,2.6315217107568713e-06,7.998643516676395,-1.5676072053797614
488,2.7185786858209932e-06,7.998640527888172,-1.5676016724394204
489,2.6539088886760337e-06,7.998637481169922,-1.5675960707140473
490,2.5917039451854192e-06,7.998633489764197,-1.5675886017803782
491,2.6547033651173937e-06,7.998631541052168,-1.5675849129318558
492,2.728028337275478e-06,7.998627537304512,-1.5675775175923847
493,2.7198185931470604e-06,7.998625478055947,-1.56757379278219
494,2.6329978811183626e-06,7.9986225244781,-1.567568175208374
495,2.6518865543670165e-06,7.998620483014649,-1.5675644628041854
496,2.7036594082459993e-06,7.998617450359253,-1.5675589099817033
497,2.7162592872202035e-06,7.998614561937372,-1.5675533364081409
498,2.684057317412905e-06,7.99861053238421,-1.567545887408303
499,2.6956989233578285e-06,7.998608495478176,-1.5675421743303424
500,2.792383961236381e-06,7.998605482237418,-1.5675366440150384
501,2.8285147322873968e-06,7.998602518713548,-1.567531087110933
502,2.741537748295723e-06,7.998599541948585,-1.5675254727202663
503,2.741813744847065e-06,7.998596534697796,-1.5675198899443479
504,2.8234755450208936e-06,7.9985935123021985,-1.5675143532315434
505,2.838147015451051e-06,7.9985905310590315,-1.5675087840625217
506,2.7447996902058768e-06,7.998587537495115,-1.567503163358874
507,2.877670611890409e-06,7.998584488004955,-1.5674976452186606
508,2.8364583466916174e-06,7.99858048447875,-1.5674901962764076
509,2.7782221261574824e-06,7.998577558937006,-1.5674845873657897
510,2.870323906011938e-06,7.998574511991744,-1.567479056880212
511,2.9443913112880777e-06,7.998571477911445,-1.5674735163268905
512,2.8573520599537936e-06,7.998567509385366,-1.5674660438885415
513,2.803385879431059e-06,7.998564530424174,-1.5674604434121615
514,2.909736855398621e-06,7.99856154093271,-1.5674549137142624
515,2.9261200299280317e-06,7.998557549223803,-1.5674474877248974
516,2.8960007746360154e-06,7.998554501034235,-1.567441889503079
517,2.893106249417034e-06,7.998550512162449,-1.567434450779673
518,2.9060050403832175e-06,7.998548548049633,-1.567430737630819
519,2.9353093772186227e-06,7.998544551897898,-1.567423313848253
520,2.973017029030667e-06,7.998542543908238,-1.5674196169515646
521,2.941043067866797e-06,7.99853951601733,-1.5674140206650113
522,3.019368030430498e-06,7.9985365891930105,-1.567408487562544
523,2.9864148231523927e-06,7.9985325411603085,-1.5674010400117697
524,3.0042014077296385e-06,7.9985295643096945,-1.5673954659521958
525,2.9918440700217686e-06,7.998526520554662,-1.5673898780668778
526,2.9972590151799193e-06,7.998523495259318,-1.5673843052467749
527,3.0613711346924873e-06,7.998520568659184,-1.5673787543414293
528,2.9962278014282723e-06,7.998517584360471,-1.5673731515954346
529,3.0839612045749722e-06,7.998514522168862,-1.5673676144750441
530,3.104005448738026e-06,7.998512574061419,-1.5673639104221782
531,3.084139510802072e-06,7.998509560321045,-1.5673583262469732
532,3.059821512420338e-06,7.998507549128322,-1.5673545929369335
533,3.0395370582631653e-06,7.998504582070302,-1.5673490032061905
534,3.133430791497726e-06,7.9985024806969,-1.5673453282492213
535,3.1799653650775748e-06,7.9984994987097755,-1.5673397713562738
536,2.8201841939342632e-06,7.998496533125902,-1.567334023097111
537,3.130473127566293e-06,7.998493543060755,-1.5673285776824735
538,3.3160585626194345e-06,7.998490505082814,-1.567323094625343
539,2.9724998363220192e-06,7.99848748663096,-1.5673173634488349
540,3.0235427637953137e-06,7.998485533892161,-1.5673136667095553
541,3.1733463276540147e-06,7.99848353792228,-1.5673100151362105
542,3.230575901449964e-06,7.99848063285867,-1.5673044628680415
543,3.092973896153502e-06,7.998478482465691,-1.567300683937882
544,3.00702649474676e-06,7.998475457610416,-1.5672950549803355
545,3.012647179495362e-06,7.99847356400133,-1.5672913366553798
546,3.3028080047563426e-06,7.9984705732399775,-1.5672858874096187
547,3.1566833694233305e-06,7.99846751390171,-1.5672802448445153
548,3.072982409690016e-06,7.9984655889451,-1.567276492587933
549,3.257526948094817e-06,7.9984625332136625,-1.5672709932639997
550,3.3517827179944265e-06,7.998460559808739,-1.5672673184663706
551,3.1352725487913713e-06,7.9984575980266195,-1.567261642494348
552,3.1449727329603034e-06,7.998455533850678,-1.5672579257902741
553,3.3187820323358244e-06,7.998452576183874,-1.5672524219273216
554,3.3315579740444263e-06,7.998449606089986,-1.5672468578413696
555,3.2599994844122085e-06,7.998446530605656,-1.5672412484366522
556,3.311755336775072e-06,7.998443599540276,-1.5672356973391586
557,3.413785889876461e-06,7.998441594205566,-1.5672320297086577
558,3.3916370296917653e-06,7.998438527522336,-1.5672264509115874
559,3.366951290606352e-06,7.998437563734303,-1.5672245803056393
560,3.259205746435295e-06,7.998434533552666,-1.5672189487590162
561,3.311888594969661e-06,7.998432580787426,-1.5672152506468249
562,3.3613342964631574e-06,7.998429572084688,-1.567209698530445
563,3.3631538586922063e-06,7.9984276341735425,-1.567205980379083
564,3.385371385249339e-06,7.998425558919302,-1.5672022702639739
565,3.341874127326221e-06,7.9984225549253765,-1.5671966747975152
566,3.3485043381953746e-06,7.9984206390697565,-1.5671929602647114
567,3.3754539345873116e-06,7.99841758033046,-1.5671873912298235
568,3.3949008021187354e-06,7.99841455290351,-1.567181825349234
569,3.4373410257333325e-06,7.998411590287069,-1.5671762685403254
570,3.4151371050758695e-06,7.9984086462117245,-1.5671706790939077
571,3.4001239126675295e-06,7.998405567754614,-1.56716508952224
572,3.46935714160545e-06,7.9984025982718725,-1.5671595470535602
573,3.534353077270051e-06,7.998398599956584,-1.5671521444041439
574,3.4643217027399483e-06,7.998396584563777,-1.5671483961694266
575,3.4865135964073354e-06,7.998393574929977,-1.567142828359858
576,3.509305645166021e-06,7.9983906232382465,-1.5671372611090664
577,3.474588633531817e-06,7.998387634284702,-1.5671316667433646
578,3.553438808637287e-06,7.99838462618426,-1.5671261275640995
579,3.5848390027135484e-06,7.998382596772328,-1.5671224255226495
580,3.514800915794913e-06,7.998379625470469,-1.5671168165316007
581,3.5428164264232974e-06,7.998376626534847,-1.5671112464008077
582,3.5993700393943473e-06,7.998373575249272,-1.567105695119571
583,3.5464398130495975e-06,7.998371604249276,-1.5671019592843638
584,3.5512623025346693e-06,7.998368625260808,-1.5670963796975415
585,3.63142503154607e-06,7.998366626240054,-1.5670926930405684
586,3.6539812379555642e-06,7.9983646188413084,-1.5670889935477936
587,3.603869779351345e-06,7.998362622713504,-1.567085250522229
588,3.5793189135540054e-06,7.998360627880601,-1.5670815248107304
589,3.6365833304585658e-06,7.998358654473126,-1.5670778292163263
590,3.6473171777194123e-06,7.998356604496787,-1.567074114856376
591,3.6158186025101397e-06,7.998354663918352,-1.5670703811313635
592,3.6682863839153973e-06,7.998352598173761,-1.5670666884252005
593,3.7072517242423512e-06,7.998349636838527,-1.5670611346869356
594,3.61014797496137e-06,7.998346658795004,-1.5670555121540364
595,3.70216862513301e-06,7.998343622038668,-1.567049974442431
596,3.7331685478162874e-06,7.998340622379593,-1.567044413323226
597,3.655239032341696e-06,7.99833767882517,-1.5670388034952276
598,3.7202510607409617e-06,7.9983336598478685,-1.5670313904796844
599,3.773514432084688e-06,7.998331569185178,-1.5670277002217992
600,3.7585822929745847e-06,7.998327603439637,-1.5670202628373642
601,3.6767542238444624e-06,7.998325666321678,-1.5670165030122734
602,3.7168221240251056e-06,7.9983225664516375,-1.567010934802426
603,3.7445783145769514e-06,7.998320614044716,-1.5670072366088976
604,3.828021359960431e-06,7.998317654655398,-1.5670017018373872
605,3.826055860620363e-06,7.998314647949387,-1.566996120535213
606,3.6827063858237515e-06,7.9983116091319095,-1.5669904707132598
607,3.7810099248612596e-06,7.998308653797506,-1.566984938414793
608,3.931113146222255e-06,7.998304678596661,-1.5669775764252356
609,3.7800802433770614e-06,7.9983016150309805,-1.5669719290404425
610,3.7729836754718404e-06,7.9982986366403095,-1.5669663440115582
611,3.875574504956339e-06,7.998295633842993,-1.5669608155245687
612,3.925154931048393e-06,7.998292693875035,-1.5669552584980049
613,3.6952544537516272e-06,7.998289627151947,-1.566949570038657
614,3.888470699418302e-06,7.998286590758628,-1.5669440941990191
615,3.977742777099363e-06,7.998284678831014,-1.5669404180121567
616,3.931256107581803e-06,7.998281647502549,-1.5669348066356648
617,3.6240119379030345e-06,7.998278573912585,-1.5669290774408073
618,3.917471813247394e-06,7.998275697311916,-1.5669236223758343
619,4.118326241581715e-06,7.998273643601115,-1.566919999359758
620,4.026191079456749e-06,7.998271677873865,-1.5669162439011164
621,3.7154806839881734e-06,7.9982685924046235,-1.5669105155988758
622,3.7203468354051117e-06,7.998266640685523,-1.5669067925620557
623,4.154934258598051e-06,7.998263688446944,-1.5669014158549412
624,4.103850816366966e-06,7.998261672920335,-1.566897680219871
625,3.921050099339014e-06,7.998258728745321,-1.5668920261214168
626,3.898090539968081e-06,7.998255660501916,-1.5668864292658888
627,3.993828648444294e-06,7.998253660485461,-1.566882753936801
628,4.136415631716749e-06,7.998250718410509,-1.5668772465544851
629,4.088590692456229e-06,7.9982486450251535,-1.5668735132704537
630,4.043184205257846e-06,7.998246739660194,-1.566869770441008
631,3.98394643905956e-06,7.998243713869388,-1.5668641639004595
632,4.094307392144845e-06,7.998240629505779,-1.5668586372177409
633,4.150329742664925e-06,7.998238723843891,-1.566854951433243
634,4.167218538430755e-06,7.998236669686707,-1.566851236317027
635,4.1105650383767955e-06,7.9982347187897425,-1.5668475008065061
636,4.04865956465224e-06,7.998232662901345,-1.5668437470293872
637,4.032786598264609e-06,7.998231678161152,-1.5668418791467706
638,4.0266268748191185e-06,7.998230733130688,-1.5668400232898239
639,4.136394909971886e-06,7.998228661673575,-1.5668363487745143
640,4.2266377983286424e-06,7.998226717260904,-1.5668326758472437
641,4.240127305342028e-06,7.998225723335403,-1.5668308268251157
642,4.19650043146222e-06,7.998223663539961,-1.5668270898974284
643,4.132298095305938e-06,7.998221758678865,-1.566823343421966
644,4.117852316371638e-06,7.998220701974915,-1.5668214749286826
645,4.118965839482548e-06,7.998218743863769,-1.5668177571438644
646,4.217342316682244e-06,7.99821674279256,-1.566814082513234
647,4.244000961490711e-06,7.99821470263905,-1.5668103779067775
648,4.149152905889535e-06,7.998212690161726,-1.5668066198645276
649,4.11303628551514e-06,7.998210699436667,-1.566802882434792
650,4.145632877374732e-06,7.998208708455376,-1.5667991728857888
651,4.2842140416376684e-06,7.998205750365512,-1.5667936645329987
652,4.135360513657281e-06,7.998202659499855,-1.5667880128354446
653,3.998033561738461e-06,7.9982006908008785,-1.5667842191617312
654,4.200346342277365e-06,7.998197682809689,-1.5667787241369804
655,4.354457510895251e-06,7.998194707894365,-1.5667732214011112
656,4.151763651965205e-06,7.998191722845801,-1.56676755995263
657,4.2085656511401076e-06,7.998189697238904,-1.566763862174077
658,4.307484156210506e-06,7.998186670870743,-1.5667583298340397
659,4.3445638377088275e-06,7.998184768913014,-1.566754633317253
660,4.2787044369434e-06,7.998181753713615,-1.5667490255902856
661,4.2096793528026435e-06,7.9981797062420235,-1.5667452680107663
662,4.257618113342193e-06,7.998176749525215,-1.566739709042553
663,4.4225106182680146e-06,7.998173748708767,-1.566734206570388
664,4.438337662876578e-06,7.998171778423411,-1.5667305035529515
665,4.4183221517825815e-06,7.998169707154704,-1.5667267720599292
666,4.36063287004603e-06,7.998167766538834,-1.5667230352931043
667,4.3600130244577175e-06,7.998165760254365,-1.566719316213087
668,4.368645002115436e-06,7.9981627271392925,-1.566713739805116
669,4.39423977761146e-06,7.99815978715818,-1.566708175777123
670,4.4176938962886756e-06,7.9981577417629826,-1.5667044685615839
671,4.426935203073943e-06,7.998155788913922,-1.5667007530439319
672,4.429674684961648e-06,7.998152782196279,-1.5666951774483926
673,4.392430538549635e-06,7.9981497255302605,-1.566689576642507
674,4.468195329988299e-06,7.998146761093063,-1.5666840323079911
675,4.5099308508998324e-06,7.998143753650215,-1.566678478310879
676,4.2131463270200336e-06,7.998140733785791,-1.56667275425669
677,4.239067443807724e-06,7.998139723767858,-1.5666709001687558
678,4.4682253901556015e-06,7.998137716338624,-1.5666672769615164
679,4.628397775659502e-06,7.99813581147395,-1.5666636421366145
680,4.585929899345856e-06,7.998133733753055,-1.566659907903446
681,4.4643326389270485e-06,7.998132736747715,-1.5666579946063828
682,4.314039365275757e-06,7.99813074296737,-1.5666541968652399
683,4.3740903595148694e-06,7.998128711084397,-1.5666505006647466
684,4.524425754842759e-06,7.998126811134287,-1.5666468498976542
685,4.6022217629667455e-06,7.998124770640324,-1.5666431697084575
686,4.61689010054876e-06,7.998122867242364,-1.566639457329237
687,4.468953163004813e-06,7.9981207178378675,-1.5666356747913817
688,4.389225027397999e-06,7.998118761420716,-1.5666319139412808
689,4.421863998787036e-06,7.99811578718402,-1.56662634208101
690,4.614360684123952e-06,7.998113758868224,-1.5666227056866953
691,4.703285484888289e-06,7.998111837209059,-1.5666190299744518
692,4.538635086023599e-06,7.998109730413804,-1.5666152392793287
693,4.44813718163409e-06,7.998107818525321,-1.5666114744285211
694,4.541208533061119e-06,7.998105773137485,-1.5666077926464892
695,4.6841086748526205e-06,7.998103862502007,-1.5666041442393936
696,4.622667985759345e-06,7.9981017645454475,-1.5666003910752573
697,4.467206662048969e-06,7.998099808783884,-1.5665965994851383
698,4.639613068639961e-06,7.998096783416744,-1.5665910900446103
699,4.717581210809365e-06,7.998093785344345,-1.5665855546001308
700,4.56598263973203e-06,7.998090816415748,-1.5665799123183681
701,4.678219178336002e-06,7.998087840837039,-1.5665743809283585
702,4.7897315011767596e-06,7.998084857661357,-1.5665688558477113
703,4.72653421021973e-06,7.998082823436051,-1.5665651111367374
704,4.740952946987942e-06,7.99807990771281,-1.566559540765209
705,4.813566312943704e-06,7.998077806475501,-1.5665558549299698
706,4.769649817896009e-06,7.998074833748157,-1.5665502618914904
707,4.754321526331271e-06,7.998072875170872,-1.566546537250971
708,4.7563076715336495e-06,7.998069820810088,-1.5665409547158335
709,4.7647485277644725e-06,7.998066834304739,-1.5665353815030492
710,4.786169810964891e-06,7.998064837856706,-1.5665316737753994
711,4.830794434598718e-06,7.998062837258813,-1.56652796847
712,4.780467474499887e-06,7.998060896066413,-1.5665242290257841
713,4.82025199782205e-06,7.998058853916897,-1.5665205268329447
714,4.8596801131829e-06,7.998056848037214,-1.5665168297120537
715,4.912653300914975e-06,7.99805481769345,-1.5665131328329032
716,4.88140040586814e-06,7.998051904841277,-1.566507544537357
717,4.837839908009886e-06,7.998049835522782,-1.5665037964145798
718,4.779817344894147e-06,7.998047899723458,-1.5665000600330519
719,4.863956709970632e-06,7.998044830045226,-1.5664945123710192
720,4.907872315250372e-06,7.998042872547675,-1.5664908148114147
721,4.875449899461461e-06,7.99803992582654,-1.5664852212684979
722,4.953153887853481e-06,7.998036851888466,-1.5664796811567687
723,5.004340059441282e-06,7.998034867500416,-1.5664759844502991
724,4.931574534784464e-06,7.998031897560435,-1.5664703791732293
725,4.9224399801002525e-06,7.998029879988143,-1.566466652940376
726,5.0263410839715024e-06,7.998026931378665,-1.566461126319005
727,4.9416578605784825e-06,7.998023864572413,-1.5664555117804984
728,4.996343232436591e-06,7.998019928301505,-1.566448092495746
729,5.101356280887402e-06,7.998016846437685,-1.5664425608828318
730,4.973554668370071e-06,7.998013845373236,-1.566436928180711
731,5.099403250324118e-06,7.998009886997275,-1.5664295439468026
732,5.113529139816653e-06,7.998006933360408,-1.5664239822191381
733,5.0784722757647285e-06,7.998003876214424,-1.56641839052755
734,5.054668539876117e-06,7.998000872982918,-1.566412796548243
735,5.154383902162054e-06,7.997996873748968,-1.566405406723672
736,5.111145392914254e-06,7.997994930104147,-1.566401672496797
737,5.062885547004608e-06,7.997991931019795,-1.566396072007916
738,5.168018058965999e-06,7.997989917109663,-1.5663923966972741
739,5.18514125379014e-06,7.997986933318778,-1.5663868329843482
740,5.12070367414498e-06,7.997983902920227,-1.566381220471308
741,5.110843272362249e-06,7.997980895159062,-1.5663756360147816
742,5.243595529877415e-06,7.9979779589266045,-1.5663701221696371
743,5.1867160848762515e-06,7.997973977826496,-1.566362662603933
744,5.149327760917283e-06,7.997970930220201,-1.5663570633340986
745,5.223055801244395e-06,7.997967874383985,-1.5663515188534485
746,5.3059377442728945e-06,7.997964904006475,-1.5663459831112938
747,5.304268081736642e-06,7.997961976631903,-1.5663404083173458
748,5.26843292203953e-06,7.997959946947002,-1.5663366697918957
749,5.264210355583833e-06,7.997957976107307,-1.5663329508477413
750,5.266318583821269e-06,7.997955928694565,-1.566329229143104
751,5.270295813828912e-06,7.997953980604855,-1.5663255130461848
752,5.307069947852708e-06,7.997951921145601,-1.566321807172703
753,5.313787508595599e-06,7.997948959007653,-1.5663162332293525
754,5.345959625621401e-06,7.997946967683382,-1.5663125291161273
755,5.308204729444614e-06,7.997943946435712,-1.5663069358545967
756,5.387209173144135e-06,7.997941993062414,-1.5663032576648748
757,5.378982254350989e-06,7.9979388994998475,-1.566297676840564
758,5.366948275396334e-06,7.997936968763105,-1.566293954849843
759,5.371662488709895e-06,7.99793398940311,-1.5662883776395697
760,5.368560859251898e-06,7.997930947478715,-1.5662827910360602
761,5.396573959174943e-06,7.997927916660393,-1.566277226372653
762,5.43934263962463e-06,7.9979250189406725,-1.5662716698771022
763,5.400335562125445e-06,7.997922972821103,-1.566267931205869
764,5.477171191567558e-06,7.997919963523656,-1.5662623847855726
765,5.515965774045225e-06,7.997917021240781,-1.5662568314393683
766,5.491120820474445e-06,7.99791401686138,-1.566251246631585
767,5.4318162861606265e-06,7.997910959552208,-1.5662456306558568
768,5.522844201332857e-06,7.997907969758538,-1.566240097761305
769,5.625260343071261e-06,7.997905009784544,-1.5662345700268294
770,5.278379711980195e-06,7.997901991874353,-1.5662288215229778
771,5.487290004386417e-06,7.997898939936149,-1.5662233237794654
772,5.7792583798352064e-06,7.997895930989213,-1.5662178925073529
773,5.441399215592409e-06,7.997892980567987,-1.566212164268158
774,5.507303232436278e-06,7.997890033141498,-1.566206608411018
775,5.830287350692258e-06,7.997886945891944,-1.5662012144468687
776,5.435175282612043e-06,7.997883964116758,-1.56619544178896
777,5.5013818937029245e-06,7.997881028604695,-1.5661898807400083
778,5.718373110311795e-06,7.997877984739545,-1.5661843885285012
779,5.474065605721561e-06,7.997874971192867,-1.5661787011754185
780,5.6245322709697854e-06,7.997872043045345,-1.5661731854543328
781,5.751974577787813e-06,7.997869046856805,-1.566167674435762
782,5.737916070209972e-06,7.99786600692764,-1.5661620877267088
783,5.6327172976187735e-06,7.997861984733868,-1.5661546012274397
784,5.732395528166871e-06,7.997860070578676,-1.5661509299366192
785,5.774013005336316e-06,7.997858038349444,-1.5661472297572134
786,5.768244356629283e-06,7.99785608272783,-1.5661435120129015
787,5.726466605661169e-06,7.997854068368988,-1.5661397674716322
788,5.681923758260729e-06,7.997852073112437,-1.566136029738394
789,5.75270318555036e-06,7.997850080965223,-1.5661323402444465
790,5.797234568702576e-06,7.997848064609169,-1.5661286470998501
791,5.815465707740706e-06,7.997846106675948,-1.5661249356454356
792,5.781847755595699e-06,7.997844069973395,-1.5661211970445708
793,5.745933303324581e-06,7.997842090725871,-1.5661174617088451
794,5.771656651283514e-06,7.997839107659089,-1.5661118945284824
795,5.868513945030808e-06,7.997837053848467,-1.5661082146258989
796,5.926121770825044e-06,7.9978340822557445,-1.5661026757032854
797,5.8490914255829875e-06,7.997831102914988,-1.5660970645404837
798,5.868088347188796e-06,7.997829070298715,-1.5660933522167835
799,5.9099788232803435e-06,7.997826091662882,-1.5660877946122218
800,5.893666422261485e-06,7.997824037647263,-1.56608406644111
801,5.902850226334373e-06,7.997821040578855,-1.5660784887228807
802,5.941420315857067e-06,7.99781812380339,-1.566072930520312
803,5.938807084205571e-06,7.997814076509817,-1.5660654895400885
804,5.968159252334815e-06,7.997811138891642,-1.566059927951401
805,5.9492569452565e-06,7.997808111753383,-1.566054336754157
806,5.9370598984447375e-06,7.997805046031028,-1.5660487485716714
807,6.007619704975883e-06,7.997802118721168,-1.56604320319465
808,6.08120943990239e-06,7.9977991270109055,-1.566037666806482
809,6.022481722274477e-06,7.997796088919434,-1.5660320604004438
810,6.014281742474254e-06,7.997793109648972,-1.56602647199468
811,6.074939644679614e-06,7.997790164749903,-1.5660209212669098
812,6.121572930335663e-06,7.997787127347659,-1.566015372105257
813,6.0506187015611594e-06,7.997784080423594,-1.5660097547718033
814,6.1134509095231814e-06,7.997781122099906,-1.5660042042801163
815,6.187956317190285e-06,7.99777815096036,-1.565998662899843
816,6.130122368845965e-06,7.997775166090523,-1.5659930628644931
817,6.093626382771974e-06,7.997772132602788,-1.565987459935763
818,6.244820823479861e-06,7.997768106087904,-1.5659800970139113
819,6.1835913229704525e-06,7.997765184557681,-1.5659744962400453
820,6.217962969560012e-06,7.9977621830543315,-1.5659689340215155
821,6.279162676101707e-06,7.997760161667048,-1.565965246210545
822,6.238946113806882e-06,7.997757201289079,-1.565959654262443
823,6.182072865083191e-06,7.997755126220643,-1.5659559023082454
824,6.170321034978779e-06,7.997753178756936,-1.565952177805857
825,6.197034839126947e-06,7.9977511383128475,-1.5659484650037727
826,6.327473136259315e-06,7.997749223505738,-1.5659448128274709
827,6.396096268001564e-06,7.997747142577908,-1.565941125649856
828,6.204767278115019e-06,7.997744158157069,-1.565935461441564
829,6.11021870405131e-06,7.997742087042106,-1.565931686699645
830,6.175975030241121e-06,7.997740166862295,-1.565927993931911
831,6.324235143095033e-06,7.997738128281231,-1.5659243408878787
832,6.420673338440351e-06,7.997736216916044,-1.5659206732537532
833,6.378536280924621e-06,7.997734151921706,-1.565916940370437
834,6.329730503271685e-06,7.997732197183832,-1.5659131953695111
835,6.248818798121957e-06,7.997730163941003,-1.565909443184472
836,6.32101557076108e-06,7.997727201632747,-1.5659038934080884
837,6.393101250222308e-06,7.997724240797646,-1.5658983488963718
838,6.36885089648681e-06,7.997722195890403,-1.5658946146589987
839,6.426300461290832e-06,7.997719248443107,-1.565889065682024
840,6.490305253888915e-06,7.997716221147232,-1.565883519609973
841,6.465553354265154e-06,7.997713165768601,-1.5658779305932027
842,6.4381794292088735e-06,7.99771022401791,-1.5658723382059636
843,6.435660613706794e-06,7.997707265010298,-1.565866759551174
844,6.465260618975735e-06,7.997704239997003,-1.5658611928372606
845,6.498493279363134e-06,7.997701207043787,-1.5658556234820518
846,6.508804670791216e-06,7.997698232980048,-1.5658500533857702
847,6.478904642869509e-06,7.9976962386428,-1.565846320629287
848,6.548583177375303e-06,7.997693222338917,-1.5658407711642934
849,6.600544502954079e-06,7.997690189777969,-1.565835220947977
850,6.322860269395155e-06,7.997687205495923,-1.5658295124208537
851,6.6147154674309905e-06,7.997684201828193,-1.5658240523618343
852,6.673008440601953e-06,7.997681240219947,-1.5658185078446114
853,6.5777753152957215e-06,7.997678300367098,-1.5658128932386177
854,6.65528383074383e-06,7.997675271883536,-1.5658073562124784
855,6.717654383784316e-06,7.997672252909065,-1.5658018024761309
856,6.64019735239602e-06,7.9976692575264225,-1.565796188421598
857,6.609840640841872e-06,7.997666296311544,-1.5657905969775527
858,6.683129361534514e-06,7.997663293410422,-1.5657850534045166
859,6.695777715788205e-06,7.997660265221181,-1.5657794779721212
860,6.675978818364615e-06,7.997657259258199,-1.5657738896000806
861,6.801997009999772e-06,7.9976543297128275,-1.565768367165465
862,6.776238100738736e-06,7.997651293985693,-1.5657627869076254
863,6.789650047388872e-06,7.997649268969791,-1.5657590698740147
864,6.76674708595889e-06,7.997648271615859,-1.5657572014840915
865,6.724166300602048e-06,7.9976463642388405,-1.5657534595065832
866,6.7994798214116566e-06,7.997644278462997,-1.5657497751391598
867,6.8577304343376795e-06,7.997642310645423,-1.5657460919271156
868,6.8267220840543815e-06,7.997640262782906,-1.565742354518961
869,6.743846922406458e-06,7.997638341833867,-1.5657385986256833
870,6.802397147144024e-06,7.997636309614468,-1.5657349035735562
871,6.853477531613494e-06,7.9976333515357805,-1.5657293512579007
872,6.8693241004391e-06,7.997630341948623,-1.565723784285715
873,6.829535943005929e-06,7.997627299930959,-1.5657181788616066
874,6.8857283136101616e-06,7.997625381667626,-1.5657144913513974
875,6.991363412509142e-06,7.997622262876157,-1.5657089594952183
876,6.859553062385098e-06,7.997619294258845,-1.5657033256483663
877,6.902367968315578e-06,7.99761735480083,-1.5656996274489774
878,6.973583252160949e-06,7.99761430123935,-1.5656940767405778
879,6.962305787650621e-06,7.997612364990286,-1.5656903623047003
880,6.973128151304615e-06,7.997609341968156,-1.5656847805641436
881,6.979586736801529e-06,7.997606347029423,-1.5656792095715413
882,7.086604521720144e-06,7.997603360639627,-1.5656736879175341
883,6.973477592457358e-06,7.9976003543595375,-1.5656680596232722
884,7.038050742269278e-06,7.9975973256974715,-1.5656625067368595
885,7.078989618955515e-06,7.997595384541977,-1.5656588070124169
886,7.07559595581749e-06,7.997592355697343,-1.5656532344823193
887,7.0434803775244335e-06,7.9975893460982554,-1.565647637103433
888,7.119180860037814e-06,7.99758641513278,-1.5656420953897596
889,7.1861010391229855e-06,7.997583331960819,-1.5656365517228703
890,7.059907390165333e-06,7.997580342981944,-1.565630913446169
891,7.0998074931627525e-06,7.997578465350524,-1.5656272150582409
892,7.156058626717601e-06,7.997574431567669,-1.5656198053238803
893,7.121043296068401e-06,7.997571349128662,-1.565614206376274
894,7.162811844344534e-06,7.99756738105721,-1.5656067823412272
895,7.2774253249309866e-06,7.997565426662413,-1.5656031168910352
896,7.254459189856298e-06,7.99756143541043,-1.5655956832586344
897,7.22174609581265e-06,7.997558428478229,-1.5655900877708866
898,7.210035583476771e-06,7.997554405444002,-1.5655826393906702
899,7.262596720247925e-06,7.997551408092132,-1.5655770833852771
900,7.322941471529856e-06,7.997548423200064,-1.5655715313467176
901,7.261783176490682e-06,7.9975454531461745,-1.56556592873497
902,7.263371289235333e-06,7.997543396572522,-1.5655622055940293
903,7.35083013604685e-06,7.997541490469013,-1.5655585280444413
904,7.390815645717757e-06,7.997539417133115,-1.5655548228822789
905,7.30163096206691e-06,7.99753746956381,-1.5655510712259226
906,7.269152487845242e-06,7.997535396421286,-1.5655473283362553
907,7.331976354652288e-06,7.997533489512821,-1.5655436400537
908,7.4800995952906865e-06,7.997530452251533,-1.5655381318098207
909,7.475951186130898e-06,7.9975284747108875,-1.5655344098285586
910,7.276937795869921e-06,7.9975263885366825,-1.5655305943148659
911,7.151446886575751e-06,7.997524426772743,-1.5655268136152924
912,7.413876422702644e-06,7.9975214355821755,-1.5655213416625369
913,7.541949799679085e-06,7.997519499637506,-1.5655176871850043
914,7.374926978564289e-06,7.9975164491685335,-1.565512038878682
915,7.269904049473191e-06,7.997513400356053,-1.5655063978804604
916,7.397415308770645e-06,7.997510462369022,-1.5655008662940517
917,7.585436531668357e-06,7.99750752302462,-1.565495379464814
918,7.5639391900882945e-06,7.997504522528505,-1.5654898050424917
919,7.5072452934248935e-06,7.997501468796478,-1.5654841939820634
920,7.63125417759281e-06,7.997497474859541,-1.5654768169166582
921,7.6152752051660925e-06,7.997494506024988,-1.5654712388863754
922,7.593816930764462e-06,7.997491565110061,-1.5654656470517985
923,7.5685015197665815e-06,7.997489501793605,-1.565461913776978
924,7.674693167237505e-06,7.9974865617394455,-1.5654563910089276
925,7.69204948533661e-06,7.997484458251967,-1.5654526767339605
926,7.595766438530214e-06,7.997481483784188,-1.5654470577022326
927,7.666379936066878e-06,7.997478611885626,-1.565441510040804
928,7.704890027309993e-06,7.9974764903765765,-1.5654378044574921
929,7.557847588290528e-06,7.997473435678119,-1.5654321566726277
930,7.538732619186669e-06,7.997470500638818,-1.565426553445757
931,7.769536436735491e-06,7.997466563155035,-1.5654192132002345
932,7.799980312609225e-06,7.997463589665974,-1.5654136581182851
933,7.7404150567206e-06,7.997460510788742,-1.5654080549088067
934,7.748154347599291e-06,7.997457571153502,-1.5654024815490386
935,7.759927516802842e-06,7.997454609929038,-1.565396912380676
936,7.892126335136203e-06,7.99745157043986,-1.5653913936294184
937,7.828807719989147e-06,7.99744851526035,-1.5653857891715444
938,7.835911432793601e-06,7.9974456151705136,-1.5653802129672043
939,7.897304604791097e-06,7.997442625327171,-1.5653746608667736
940,7.863512493757206e-06,7.997438624381261,-1.565367209902474
941,7.897572575093355e-06,7.99743560849885,-1.5653616460715225
942,7.88503375378184e-06,7.997433620116945,-1.565357918922239
943,7.850759709552265e-06,7.997431578559957,-1.5653541787614025
944,7.87025062813228e-06,7.997429614348246,-1.5653504667336142
945,7.936176127998113e-06,7.997427554682442,-1.5653467769838108
946,7.98754866113634e-06,7.997425609172177,-1.5653430851371766
947,8.013671312374607e-06,7.997423594570625,-1.5653393709107337
948,7.944103254074342e-06,7.997420619684446,-1.5653337647951868
949,7.944953676355868e-06,7.997418630131689,-1.5653300481450472
950,8.003013355543936e-06,7.997415631064159,-1.565324493523383
951,8.025849027023066e-06,7.997413677735243,-1.5653207797018114
952,7.955835167581633e-06,7.997409653246054,-1.5653133086143196
953,8.058395227092115e-06,7.997406645384227,-1.5653077779483882
954,8.1064592384966e-06,7.9974036123230166,-1.565302216313193
955,8.096290896065728e-06,7.997400651974931,-1.5652966352817033
956,8.079235848356016e-06,7.9973977007271575,-1.565291051773614
957,8.12832736258464e-06,7.997394653778919,-1.565285498005072
958,8.159599177354753e-06,7.997390664929679,-1.565278076534528
959,8.134168355867188e-06,7.9973886739317726,-1.5652743404684384
960,8.125823180421923e-06,7.997385708339175,-1.5652687595185775
961,8.150974940784303e-06,7.997382711034848,-1.5652631885243684
962,8.27715814085226e-06,7.997379674575326,-1.5652576693529174
963,8.207196746011128e-06,7.997377693082259,-1.5652539228132691
964,8.163950799041138e-06,7.997374676891726,-1.5652483179886365
965,8.279411875396914e-06,7.997371680045691,-1.565242784895294
966,8.295681829890532e-06,7.997368683162453,-1.565237220314788
967,8.27945344931036e-06,7.997365701780173,-1.5652316349102657
968,8.28720582796693e-06,7.9973627511323135,-1.5652260548413461
969,8.314660680466748e-06,7.997359665962252,-1.5652204877948315
970,8.372054554973227e-06,7.997355700311948,-1.5652130799585546
971,8.34370809411561e-06,7.997352683923022,-1.5652074836663263
972,8.3689449977705e-06,7.997349751091759,-1.5652019164548785
973,8.446981770005055e-06,7.997346750420121,-1.5651963773384048
974,8.468912456820077e-06,7.997343729487729,-1.5651908067150424
975,8.392696650915812e-06,7.997340725005071,-1.5651851882987058
976,8.385091398678834e-06,7.997337753603143,-1.5651796064969379
977,8.475568224770504e-06,7.997334771127654,-1.5651740722051994
978,8.534470641837178e-06,7.997331746343893,-1.5651685134951345
979,8.465650369712862e-06,7.997328747481002,-1.5651629067557578
980,8.477242903478519e-06,7.997325760824282,-1.5651573330875805
981,8.53524091898601e-06,7.9973228253312065,-1.5651517832760031
982,8.542090540248446e-06,7.997319750970618,-1.5651461970369092
983,8.4941489733464e-06,7.9973167529614,-1.5651406018098637
984,8.586376488410289e-06,7.997314809426252,-1.5651369265104649
985,8.619697067353122e-06,7.997312783078728,-1.5651332230133457
986,8.610692631447989e-06,7.9973107940601835,-1.5651295017513982
987,8.615920992228667e-06,7.997308785657542,-1.5651257799832163
988,8.591753781249847e-06,7.997306808859388,-1.565122052216759
989,8.617436458546973e-06,7.997303793305749,-1.5651164790885295
990,8.62138858123561e-06,7.997301853783383,-1.5651127634430657
991,8.647510382596888e-06,7.997298816384436,-1.5651071895048088
992,8.634936060832188e-06,7.997295790625405,-1.5651016085222618
993,8.740577585281367e-06,7.997292829372877,-1.565096076280872
994,8.723331960736478e-06,7.997290789028404,-1.5650923544222994
995,8.729413073014135e-06,7.997287798790335,-1.5650867767849506
996,8.717912587030285e-06,7.99728485545256,-1.5650811907275175
997,8.757303797339194e-06,7.997281860770026,-1.565075635513548
998,8.789110933050662e-06,7.997279778440773,-1.565071928447684
999,8.798477772730374e-06,7.997277875541939,-1.5650682177849955
1000,8.793172982917462e-06,7.997274860800513,-1.5650626351551649
1001,8.863695575319395e-06,7.997272906264203,-1.5650589487312707
1002,8.846507367718812e-06,7.997269847934787,-1.565053365228124
1003,8.856049113312038e-06,7.997266851462512,-1.5650477897198531
1004,8.849188947831058e-06,7.997263855508949,-1.5650422020717936
1005,8.84941880621843e-06,7.997260904601486,-1.5650366218799776
1006,8.906467561034775e-06,7.997257923648892,-1.5650310719584963
1007,8.938028276345857e-06,7.9972548845191405,-1.565025504403948
1008,8.894454916647643e-06,7.997251860112582,-1.5650199038948525
1009,8.94076189292624e-06,7.997248928569207,-1.5650143472025282
1010,9.02381265901803e-06,7.997246876055872,-1.5650106661939942
1011,9.00601211947619e-06,7.997243903940934,-1.5650050836601765
1012,9.006016145039547e-06,7.997241909483691,-1.5650013638208309
1013,8.940531646129216e-06,7.997238884321787,-1.5649957530602772
1014,9.030638525560425e-06,7.997235942208178,-1.5649902148035575
1015,9.075567296513898e-06,7.997232942596076,-1.5649846536774363
1016,9.013025611051272e-06,7.997229911526431,-1.564979046293866
1017,9.018265473264793e-06,7.997226897316026,-1.564973465894344
1018,9.100830377571467e-06,7.997224954049838,-1.5649697874282131
1019,9.006605414043572e-06,7.997220920312389,-1.5649623054252135
1020,8.855858815587087e-06,7.9972188537990485,-1.564958511064913
1021,9.295713927790429e-06,7.997215002500295,-1.5649512613567484
1022,9.158322356754894e-06,7.997212010900778,-1.56494562638032
1023,9.113753554125988e-06,7.997207905431246,-1.5649381628213384
1024,9.20848012676468e-06,7.997205933554519,-1.5649344897063604
1025,9.304090785997604e-06,7.99720393241181,-1.5649308219281735
1026,9.305772608226856e-06,7.997201960341849,-1.5649271016040585
1027,9.129673811801384e-06,7.997199987302304,-1.5649232993261257
1028,9.12164341056889e-06,7.9971969255484625,-1.5649177035178734
1029,9.200946730384972e-06,7.997194988675055,-1.564914021007282
1030,9.337416617075722e-06,7.997191952525921,-1.564908508612288
1031,9.388066632703567e-06,7.99719000018309,-1.5649048178341673
1032,9.3034422887692e-06,7.997187004385968,-1.564899192800416
1033,9.226528381811447e-06,7.997185024403866,-1.5648954395904846
1034,9.277930340880837e-06,7.997182936041342,-1.564891741552983
1035,9.376563889188218e-06,7.997179911977313,-1.5648862071648326
1036,9.445143342081013e-06,7.99717802841917,-1.5648825239876432
1037,9.234184799556571e-06,7.997175086201333,-1.564876840503595
1038,9.21296524440597e-06,7.997173004054502,-1.5648731063177088
1039,9.496458683070511e-06,7.997169997672476,-1.5648676550816072
1040,9.4376924157867e-06,7.997167030316104,-1.5648620523924237
1041,9.430935282767976e-06,7.997164081332444,-1.5648564705475518
1042,9.432923071835872e-06,7.997161070854806,-1.5648508965128047
1043,9.510315260959112e-06,7.997158084628183,-1.5648453486211653
1044,9.505106039453686e-06,7.997155039054666,-1.5648397699536654
1045,9.465326241995485e-06,7.997152057223952,-1.5648341684439733
1046,9.571064850672106e-06,7.9971491275575834,-1.564828642706239
1047,9.58975229688448e-06,7.997146061870983,-1.5648230719477287
1048,9.554819165737547e-06,7.997143082423262,-1.5648174763614036
1049,9.534686348854735e-06,7.9971401205630315,-1.5648118842037524
1050,9.607053022917254e-06,7.997137094675108,-1.5648063390827474
1051,9.649026117176728e-06,7.997134081607936,-1.5648007703774292
1052,9.62418534221298e-06,7.997132161231013,-1.5647970481214988
1053,9.622879900424312e-06,7.997129102338208,-1.5647914670095577
1054,9.674954930180519e-06,7.997126100454051,-1.5647859083059776
1055,9.713262682291373e-06,7.997123117896793,-1.5647803430997576
1056,9.662897768114117e-06,7.997120181460111,-1.5647747413307493
1057,9.756588660518974e-06,7.997117101859278,-1.5647692067654606
1058,9.799871014978844e-06,7.99711410904069,-1.5647636511987137
1059,9.782880598549347e-06,7.997111162670347,-1.564758064410166
1060,9.766311036688123e-06,7.997108202891866,-1.5647524757792595
1061,9.910841648847128e-06,7.997104162991211,-1.5647451088250426
1062,9.850676332151317e-06,7.997101086173273,-1.5647395059284341
1063,9.823505090048488e-06,7.997098173709793,-1.5647339126499704
1064,9.828151155391458e-06,7.997096199465029,-1.5647301933644229
1065,9.901562690819361e-06,7.997094220731553,-1.5647265074417374
1066,9.948493748811909e-06,7.997092165134259,-1.5647228094863255
1067,9.908784612279108e-06,7.997090212156002,-1.5647190760707899
1068,9.86042595620463e-06,7.997087216181035,-1.564713476627821
1069,9.970123709777752e-06,7.9970851784244505,-1.564709801897399
1070,1.003068957392957e-05,7.997083163658529,-1.5647061080333802
1071,9.974201172699643e-06,7.997081191443263,-1.5647023696921343
1072,9.95546401428811e-06,7.997079217796164,-1.564698638541632
1073,9.961729902633424e-06,7.997076185712326,-1.5646930607976655
1074,1.006997577295296e-05,7.997073215897951,-1.5646875373562348
1075,1.0098473702707057e-05,7.997070214539208,-1.5646819730431765
1076,9.982694955622134e-06,7.997067215077317,-1.5646763381158915
1077,1.0017415540292347e-05,7.997064251987938,-1.5646707710693233
1078,1.0090243269972165e-05,7.997061251224794,-1.5646652291977243
1079,1.0138835125140911e-05,7.9970592061285775,-1.5646615299853748
1080,1.0096357615476894e-05,7.997056285195856,-1.5646559329628331
1081,1.0086006875924294e-05,7.997054220477801,-1.5646522059852728
1082,1.0122958760474128e-05,7.997051230507983,-1.5646466407676891
1083,1.01739454464077e-05,7.997048289738632,-1.5646410826803374
1084,1.0105875100066949e-05,7.997044266843977,-1.5646336116246677
1085,1.017379363752466e-05,7.997042252266813,-1.5646299211907342
1086,1.0249222969991125e-05,7.997039263276305,-1.5646243794574812
1087,1.0243273794524401e-05,7.997037299644352,-1.5646206604449446
1088,1.0217289929197084e-05,7.997034258854349,-1.5646150588022611
1089,1.0166699508695858e-05,7.997032332806986,-1.5646113259082257
1090,1.023908527306855e-05,7.997030248997289,-1.5646076323478493
1091,1.0318301542922736e-05,7.997027300346381,-1.5646020865804309
1092,1.0302035862721784e-05,7.997025315226981,-1.5645983629751625
1093,1.0255374108441934e-05,7.997021287447959,-1.5645908959643982
1094,1.0354270716031218e-05,7.997018301550403,-1.564585362407604
1095,1.043383027081058e-05,7.997015358982435,-1.5645798242393663
1096,1.035840846563375e-05,7.997012361078809,-1.5645742132593718
1097,1.0492420452002408e-05,7.997009307662111,-1.5645686970587547
1098,1.0508325775691534e-05,7.9970073437774385,-1.5645649891642033
1099,1.0417504376962857e-05,7.9970033853582505,-1.5645575136154393
1100,1.0440742667780892e-05,7.997000351963871,-1.5645519408687059
1101,1.0563172887202191e-05,7.996997341590474,-1.56454641779404
1102,1.0552316510643935e-05,7.996995339697507,-1.5645426951853219
1103,1.0498119738334699e-05,7.996992350355735,-1.5645370953716475
1104,1.0591061884970302e-05,7.996990420606756,-1.5645334228314274
1105,1.0627433994124165e-05,7.996988345744468,-1.5645297177398347
1106,1.057154609400434e-05,7.996986391397926,-1.5645259801327576
1107,1.0538474489294745e-05,7.996984375697058,-1.56452224074439
1108,1.0524152223633427e-05,7.996982427621881,-1.5645185119751872
1109,1.0600404477001492e-05,7.996980402735632,-1.5645148269739648
1110,1.0665728726906027e-05,7.996978413121894,-1.5645111433474381
1111,1.0670871852917018e-05,7.996976408977834,-1.5645074242112011
1112,1.0605066857917949e-05,7.9969743957110415,-1.5645036762419593
1113,1.0647525897283235e-05,7.9969724607903485,-1.5644999763058196
1114,1.0729785283808373e-05,7.996970389370391,-1.5644962954686503
1115,1.0692525308606439e-05,7.996967381704558,-1.564490704816826
1116,1.0645311308967498e-05,7.996964486600378,-1.5644851007716372
1117,1.073426409142441e-05,7.9969614075627025,-1.564479556104032
1118,1.077873483441965e-05,7.996959401167844,-1.564475866344194
1119,1.0809834201711825e-05,7.996956442032255,-1.5644703036270262
1120,1.0735340264778748e-05,7.996953440879148,-1.5644646900850043
1121,1.073228966772097e-05,7.9969504308000685,-1.564459106643498
1122,1.0825116070028176e-05,7.996947469758722,-1.5644535717104298
1123,1.0843786267319247e-05,7.996944454380905,-1.5644480037175568
1124,1.0833688412398717e-05,7.996941449966565,-1.5644424141506859
1125,1.0833997051272803e-05,7.996938454023618,-1.5644368341852957
1126,1.0968753527248642e-05,7.9969355336903165,-1.5644313273708952
1127,1.0770198805690436e-05,7.996932438028244,-1.5644256497800693
1128,1.0640496159773592e-05,7.9969304303749515,-1.5644218605688418
1129,1.0989298795403966e-05,7.996927525108644,-1.5644164307898762
1130,1.1013822555839494e-05,7.996924502279157,-1.5644108751899108
1131,1.0936828936363844e-05,7.996921491893388,-1.5644052642896475
1132,1.1062240324200277e-05,7.996918509745123,-1.5643997417147824
1133,1.1021144212926057e-05,7.996915521240216,-1.5643941530418792
1134,1.0999961451473312e-05,7.996913488586825,-1.5643904188809132
1135,1.0999103206340334e-05,7.99691057612126,-1.5643848366387023
1136,1.109374736615022e-05,7.996908511753906,-1.5643811573281567
1137,1.1110303803802386e-05,7.99690553820414,-1.56437559229989
1138,1.1023334919139095e-05,7.996902573258344,-1.5643699727384779
1139,1.1137927502496705e-05,7.996899560594552,-1.56436444373444
1140,1.1146342039707724e-05,7.996896493975886,-1.5643588715904044
1141,1.111544384033259e-05,7.996894560436617,-1.56435513980779
1142,1.1146951511313181e-05,7.996891604104472,-1.5643495763096866
1143,1.1234111000890472e-05,7.996889559912594,-1.5643458879416907
1144,1.1173376758330185e-05,7.99688659847734,-1.5643402864487208
1145,1.1145646983266804e-05,7.996884549801371,-1.564336547604581
1146,1.1191819660130796e-05,7.9968835791651065,-1.56433470984854
1147,1.1294171057926437e-05,7.9968815860463875,-1.564331034879263
1148,1.1272541028875207e-05,7.996878594783499,-1.5643254563756552
1149,1.1261195763987094e-05,7.996876563962189,-1.5643217259964517
1150,1.1222746862136523e-05,7.996874638255883,-1.5643179889535688
1151,1.1264066760009377e-05,7.996872591849918,-1.5643142864235995
1152,1.1349369104883535e-05,7.996870625594653,-1.5643106112681289
1153,1.1323136242411599e-05,7.9968666033530456,-1.564303162628627
1154,1.1374401485153735e-05,7.9968636010285055,-1.5642976062540763
1155,1.1445443601646952e-05,7.996860650075847,-1.5642920643105387
1156,1.1384416558672276e-05,7.9968576744556605,-1.564286462125966
1157,1.1353017803483335e-05,7.996854630833486,-1.5642808575870575
1158,1.1467740954254286e-05,7.996851624749207,-1.5642753373922076
1159,1.1528155513195271e-05,7.996848669359318,-1.5642697905022929
1160,1.1430852301670335e-05,7.996845667497947,-1.5642641625301181
1161,1.1402084493468707e-05,7.996842643465944,-1.564258565604936
1162,1.152340555100108e-05,7.996838607368449,-1.5642511833349595
1163,1.1556672866110165e-05,7.99683573148534,-1.5642456200818882
1164,1.1519662468885486e-05,7.996832715747815,-1.5642400226305653
1165,1.1558668191022622e-05,7.996829673385518,-1.564234462556937
1166,1.1658089767706297e-05,7.996826694563062,-1.5642289358121257
1167,1.1628660352819216e-05,7.996824643711891,-1.5642252034853714
1168,1.1585812400622569e-05,7.996821672485831,-1.5642196000763406
1169,1.1589149473045503e-05,7.996818760548231,-1.5642140252154677
1170,1.1710501796937206e-05,7.996815747309716,-1.5642085030499464
1171,1.1669035989766837e-05,7.996812661690933,-1.5642029020384538
1172,1.1655204178061305e-05,7.996809738538854,-1.5641973130008824
1173,1.1760302099152371e-05,7.996807744613133,-1.5641936440941395
1174,1.1758916015173783e-05,7.99680470127777,-1.564188065978049
1175,1.1748955586239095e-05,7.996801797407034,-1.5641824831528188
1176,1.1742504187411072e-05,7.996798808891666,-1.564176899705491
1177,1.1879512428535815e-05,7.996795754536952,-1.5641713855603578
1178,1.1617615413139398e-05,7.996792660923295,-1.5641656748761048
1179,1.1594655574504492e-05,7.996790699372143,-1.564161937854748
1180,1.1974746116587873e-05,7.996787741573855,-1.5641565227335972
1181,1.185615471780636e-05,7.996784829417564,-1.5641508990742106
1182,1.1797111331466294e-05,7.9967827493464325,-1.564147151554764
1183,1.1757465337273662e-05,7.996780789986302,-1.5641434092520945
1184,1.1755809921112946e-05,7.996779741216782,-1.564141547527995
1185,1.181837487957819e-05,7.996778744118145,-1.5641397113411415
1186,1.1941008895847774e-05,7.9967768407854045,-1.5641360506100548
1187,1.1968298978195138e-05,7.99677478705561,-1.5641323384640065
1188,1.1781366508709898e-05,7.996772803958062,-1.5641285324053664
1189,1.1756216356760092e-05,7.996770755513528,-1.564124793607737
1190,1.194556317908428e-05,7.996768849172066,-1.5641211581770256
1191,1.2099458785178283e-05,7.996766805580988,-1.5641175074525115
1192,1.1941357722324416e-05,7.99676482589769,-1.564113722530552
1193,1.1847885251221278e-05,7.996762804053223,-1.5641099547560922
1194,1.1900150492759396e-05,7.996760834812163,-1.564106251214374
1195,1.2056259172232057e-05,7.996758837326413,-1.5641026040169097
1196,1.2148160659015198e-05,7.996756898367401,-1.5640989317966998
1197,1.2162172465653773e-05,7.9967548390992,-1.564095222868504
1198,1.2062043911782428e-05,7.996751871667051,-1.5640896031049272
1199,1.211336245098301e-05,7.996748939693741,-1.564084049692923
1200,1.2164464838328352e-05,7.996745845906458,-1.5640784945134065
1201,1.2171460234129594e-05,7.9967438733961975,-1.5640747815129297
1202,1.2192565152950962e-05,7.996740936184871,-1.564069209136082
1203,1.2116467815685113e-05,7.996737880148352,-1.5640635873867592
1204,1.2141486938635871e-05,7.996734867594416,-1.5640580193770082
1205,1.225959797558743e-05,7.996731906402966,-1.5640524973232546
1206,1.2332016115587553e-05,7.996728914114989,-1.5640469520891425
1207,1.2157696821362805e-05,7.99672588837132,-1.5640412899010172
1208,1.2278670064193735e-05,7.9967218934538975,-1.5640338979773427
1209,1.2419859334630543e-05,7.996718961656857,-1.564028390889928
1210,1.2219967092349246e-05,7.996715890174378,-1.564022713247592
1211,1.2151335909666205e-05,7.9967128660586715,-1.5640170923958467
1212,1.2429068202847403e-05,7.996708981352691,-1.5640097793001124
1213,1.2379508702096485e-05,7.996706032224846,-1.5640041767353772
1214,1.2332475674081705e-05,7.996702981229432,-1.5639985748898364
1215,1.244402759906671e-05,7.9966999300429755,-1.5639930472060068
1216,1.255216650672885e-05,7.996696980584552,-1.563987519774401
1217,1.2535338015111866e-05,7.996694044724427,-1.5639819373937887
1218,1.244943728913348e-05,7.996690983185731,-1.5639763161506268
1219,1.251134944364695e-05,7.996688008725399,-1.5639707664582312
1220,1.255984535007882e-05,7.9966850683668405,-1.5639652122816254
1221,1.2553162334458582e-05,7.996682038751185,-1.5639596270812293
1222,1.2549881326045297e-05,7.99667897082848,-1.5639540429283323
1223,1.2597431910985604e-05,7.996676043257918,-1.5639484842564113
1224,1.2614512628717153e-05,7.99667309257103,-1.5639429146822084
1225,1.258549062911271e-05,7.996671001797751,-1.563939173733549
1226,1.257577005795811e-05,7.996669095115222,-1.5639354481451353
1227,1.2676688971796901e-05,7.996667036548614,-1.563931769338159
1228,1.2728096999242029e-05,7.996665114218561,-1.563928077363029
1229,1.2714469353033036e-05,7.996663051263807,-1.563924354992849
1230,1.2712982065474179e-05,7.996661118768887,-1.5639206326269943
1231,1.2704866710772032e-05,7.9966580522531725,-1.5639150486453723
1232,1.274225219963607e-05,7.9966550841937885,-1.5639094831038316
1233,1.2787098836526189e-05,7.996652147098197,-1.563903926437164
1234,1.2813686818870293e-05,7.996649097680911,-1.5638983659427728
1235,1.2866897063558027e-05,7.996645143731014,-1.5638909434293826
1236,1.2610685685045572e-05,7.996642125004249,-1.5638852394864189
1237,1.2808660019941995e-05,7.996639062536529,-1.563879753646274
1238,1.290322708668225e-05,7.9966361144517,-1.56387420987647
1239,1.2848370952024828e-05,7.996633128967254,-1.5638686011571314
1240,1.2913773909743551e-05,7.996631151438179,-1.5638649087400567
1241,1.3049030797500714e-05,7.996628126242724,-1.5638593972804793
1242,1.291610364216471e-05,7.996625165252282,-1.5638537505760037
1243,1.282061243325628e-05,7.996622116402918,-1.5638481179666917
1244,1.3085781733274446e-05,7.99661914765424,-1.5638426563375158
1245,1.3004706228436293e-05,7.9966152183542265,-1.5638351927516523
1246,1.288242667872065e-05,7.996612187521733,-1.563829553968256
1247,1.3065026647793182e-05,7.996609155713635,-1.5638240461020738
1248,1.3089827777295568e-05,7.996606225100312,-1.5638184800021517
1249,1.3092709857576661e-05,7.996603272457646,-1.5638129063447692
1250,1.3185265180926717e-05,7.996601169650113,-1.5638092290899321
1251,1.3249277628433783e-05,7.996598227733327,-1.5638036852127195
1252,1.3069394711836256e-05,7.996596178865729,-1.5637998788206362
1253,1.2993702106629642e-05,7.996592157068811,-1.5637923799810465
1254,1.3374249480704215e-05,7.996589262201593,-1.5637869768657569
1255,1.3254890572839936e-05,7.996586287795249,-1.56378135733387
1256,1.3237161693203274e-05,7.996583301737677,-1.5637757728015427
1257,1.3341370652403796e-05,7.996580230178482,-1.5637702432474594
1258,1.330618368840158e-05,7.996578305511325,-1.5637665110115047
1259,1.3258330890780403e-05,7.99657530363105,-1.5637609054830843
1260,1.3319071060496206e-05,7.996572262623726,-1.5637553477568409
1261,1.341374098887508e-05,7.996569275381299,-1.5637498181369627
1262,1.3447112593825624e-05,7.996566344107749,-1.5637442601453515
1263,1.3346981612055805e-05,7.996562319940486,-1.5637367715713055
1264,1.3330941925883843e-05,7.996560285605631,-1.563733039973233
1265,1.344558293560984e-05,7.996558349650336,-1.5637293736015618
1266,1.3530537759898173e-05,7.996556298766858,-1.5637256948625284
1267,1.3528596502611562e-05,7.996554333007881,-1.5637219802190045
1268,1.3477526900159769e-05,7.996552346587553,-1.5637182360751172
1269,1.3415017383747234e-05,7.9965503519855865,-1.5637144825791167
1270,1.3469550664813958e-05,7.996548364074459,-1.5637107871099563
1271,1.3585824552038618e-05,7.996545352272426,-1.5637052677956658
1272,1.365195273948612e-05,7.996543312529716,-1.5637015792663789
1273,1.3565668568509146e-05,7.996540424761652,-1.5636959605358622
1274,1.3507439739246064e-05,7.9965373479902695,-1.5636903488876945
1275,1.3627816189595104e-05,7.996533361838826,-1.563682966510348
1276,1.367846020330302e-05,7.996531359758371,-1.5636792686910523
1277,1.365046908912517e-05,7.996528461028902,-1.5636736757598442
1278,1.3574548053551632e-05,7.996526350020352,-1.563669915262158
1279,1.3545338824797935e-05,7.996524414776196,-1.563666184388334
1280,1.3661199503237742e-05,7.996521396996992,-1.563660650271539
1281,1.3724762126864026e-05,7.9965193789413815,-1.5636569575868136
1282,1.3712749772943018e-05,7.996516458230461,-1.5636513716271945
1283,1.380039591074592e-05,7.9965134723414675,-1.5636458324288118
1284,1.3817639439923119e-05,7.996509436390208,-1.563638409142223
1285,1.382069718946815e-05,7.996507410878873,-1.5636346904229848
1286,1.3775997798375273e-05,7.996504509335896,-1.563629087192639
1287,1.3819059238838662e-05,7.996502443729024,-1.5636253834272156
1288,1.3968342123532355e-05,7.996499443375596,-1.5636198764132605
1289,1.3692061983276187e-05,7.996496471558935,-1.5636141636094207
1290,1.360817329465031e-05,7.996494383132262,-1.563610389067634
1291,1.3947939732214705e-05,7.996491495614436,-1.5636049633200402
1292,1.3979338289934342e-05,7.9964885133877,-1.5635994000400382
1293,1.3773296612030202e-05,7.996485405289287,-1.563593721474985
1294,1.3802345240792087e-05,7.996481476237824,-1.563586276087452
1295,1.3993940159520373e-05,7.996479548617416,-1.563582640660384
1296,1.4004713007956938e-05,7.996475540631852,-1.5635752167677417
1297,1.404270880033221e-05,7.99647259165412,-1.5635696576629874
1298,1.4164797848407704e-05,7.996468554099756,-1.5635622772179028
1299,1.4096727536458594e-05,7.99646555391624,-1.5635566661021847
1300,1.4132973618931736e-05,7.996461534613557,-1.5635492402949553
1301,1.4229194197478254e-05,7.99645752800343,-1.563541852994339
1302,1.4156807107883814e-05,7.996454594286753,-1.5635362380923463
1303,1.426352315676976e-05,7.996451643856408,-1.5635307077211336
1304,1.4259910219072295e-05,7.996449595217305,-1.5635269884121954
1305,1.423928694515542e-05,7.996448558512486,-1.563525119377696
1306,1.4221824869257922e-05,7.9964466491698465,-1.5635213870519622
1307,1.4191759805317621e-05,7.996444589534023,-1.5635176504709736
1308,1.4272170945969709e-05,7.996442641664374,-1.5635139694223665
1309,1.4361065879042344e-05,7.99643960586107,-1.563508439747885
1310,1.4405794883659423e-05,7.9964376093430936,-1.563504743114404
1311,1.4239767743056426e-05,7.996433692889771,-1.56349722221753
1312,1.4255449214828755e-05,7.996431579273736,-1.5634935024452228
1313,1.4342705933359045e-05,7.996428549579577,-1.5634879608187975
1314,1.4414369388629384e-05,7.996426652340477,-1.5634842772719624
1315,1.4410375434063115e-05,7.99642367426555,-1.5634786954851854
1316,1.4388496434718029e-05,7.996420635552694,-1.5634730993825536
1317,1.4440788899678315e-05,7.9964176648216405,-1.563467542053276
1318,1.4476805406873119e-05,7.9964147645421475,-1.5634619779507766
1319,1.4495814205236721e-05,7.996411685607081,-1.5634564062290572
1320,1.4557882869656243e-05,7.996408654703579,-1.563450857548246
1321,1.4587196699752097e-05,7.99640573772849,-1.5634452894359843
1322,1.4526551736396799e-05,7.99640278121822,-1.563439683724877
1323,1.4597007405269651e-05,7.996399715144167,-1.563434135231855
1324,1.4707732086813404e-05,7.996396681689302,-1.5634286110863354
1325,1.465937831703578e-05,7.996393763558756,-1.5634230140583705
1326,1.4588382844624277e-05,7.996390793485696,-1.5634173951823251
1327,1.4720997540004363e-05,7.996386744412247,-1.563410017421162
1328,1.4825174934568116e-05,7.996384683299129,-1.5634063510738039
1329,1.4553302910495963e-05,7.996380676547616,-1.5633987765580648
1330,1.4452691418256469e-05,7.996378761236542,-1.5633950020455238
1331,1.4902355787420835e-05,7.996375776674395,-1.5633896254592339
1332,1.4897213037669572e-05,7.996372768498783,-1.5633840480136112
1333,1.4646533579013283e-05,7.996368786948972,-1.5633764828736472
1334,1.4852665587583168e-05,7.996366752930358,-1.5633728570194019
1335,1.4938555550450095e-05,7.996363778385647,-1.563367321273736
1336,1.4747145154614451e-05,7.996361855249251,-1.5633635154170347
1337,1.4774558613876975e-05,7.9963598177419035,-1.5633598021256616
1338,1.4921241929697158e-05,7.996356861809716,-1.5633542903335456
1339,1.4936565846764924e-05,7.996353890908188,-1.563348723022544
1340,1.4959486774956176e-05,7.996351830139922,-1.5633450118626748
1341,1.4956279242571258e-05,7.996348856096668,-1.5633394296147602
1342,1.4987487791053208e-05,7.9963468907795745,-1.5633357225882116
1343,1.4958151264555441e-05,7.996344900635548,-1.5633319883817514
1344,1.500729291686161e-05,7.996342874750844,-1.563328289714943
1345,1.5109572464418224e-05,7.996340880399697,-1.5633246234956735
1346,1.5074369599445108e-05,7.9963388483695885,-1.5633208809263508
1347,1.4840792024712127e-05,7.996335797774617,-1.5633151811675163
1348,1.4889648599117434e-05,7.9963338975037,-1.5633114820042633
1349,1.5111603824792699e-05,7.996331878163006,-1.5633078565049128
1350,1.5131751575124177e-05,7.996329952532841,-1.5633041491948365
1351,1.5009943077989047e-05,7.996327859912629,-1.563300370781792
1352,1.5053980312267128e-05,7.996325927941498,-1.5632966730489968
1353,1.518668321089355e-05,7.996322936008531,-1.5632911547246438
1354,1.519922226804982e-05,7.9963199523486,-1.5632855766289435
1355,1.5177807665421251e-05,7.99631591559701,-1.5632781301741805
1356,1.5216899440461414e-05,7.996314023654106,-1.5632744305098292
1357,1.5258243551022047e-05,7.996309973423192,-1.563267003144322
1358,1.521677718419702e-05,7.996306935794956,-1.5632614036259598
1359,1.5327862209065586e-05,7.996304007098444,-1.5632558712853946
1360,1.536138826145783e-05,7.996302002200668,-1.5632521724654125
1361,1.5363064018343908e-05,7.996298979888495,-1.563246591548305
1362,1.529264677743925e-05,7.996296042201232,-1.5632409756122483
1363,1.537058463100694e-05,7.996293019998886,-1.5632354336851741
1364,1.5441088848907554e-05,7.996290015007327,-1.5632298828855873
1365,1.5439520691308896e-05,7.996286013742125,-1.563222438294159
1366,1.5434327421653282e-05,7.996283004971725,-1.563216859870397
1367,1.545902562630366e-05,7.996280133674142,-1.5632112866879733
1368,1.5513062372774035e-05,7.9962780589013285,-1.5632075923822824
1369,1.5621862344589554e-05,7.996275068806548,-1.563202072127378
1370,1.5595047536535345e-05,7.996273012648604,-1.5631983359029271
1371,1.5541822780554482e-05,7.996269068544524,-1.563190868464521
1372,1.5620394069526135e-05,7.996266112673922,-1.563185327211436
1373,1.5594094155840636e-05,7.996263139601809,-1.5631797379277255
1374,1.554444041830177e-05,7.996260109238252,-1.563174126729561
1375,1.5674060640449496e-05,7.996256092777721,-1.563166745978379
1376,1.5719957666091854e-05,7.996253122086854,-1.5631611814181323
1377,1.570978328872447e-05,7.996250195505645,-1.5631556023353799
1378,1.572026252190619e-05,7.996247186939071,-1.5631500292653298
1379,1.5739457604863188e-05,7.996244155335698,-1.5631444504798298
1380,1.5802950855349968e-05,7.996241146137424,-1.5631388970070599
1381,1.583965129681192e-05,7.996238149995135,-1.5631333411805075
1382,1.5859761692100342e-05,7.9962361682206735,-1.5631296315319778
1383,1.584040371979347e-05,7.996234208709891,-1.5631258985954735
1384,1.5818511705962887e-05,7.996233176478991,-1.5631240258532444
1385,1.580176727113015e-05,7.996231226745868,-1.5631202969611666
1386,1.589506678423901e-05,7.9962281845697145,-1.5631147562716987
1387,1.597394646225186e-05,7.996226234743182,-1.563111077152852
1388,1.600807805839937e-05,7.996224174704656,-1.56310736975675
1389,1.5902118938758153e-05,7.996222220990424,-1.5631036018130884
1390,1.5792789930687912e-05,7.996220143629856,-1.5630998256178128
1391,1.5891225130323296e-05,7.996217234244505,-1.5630942831148915
1392,1.6105040837239968e-05,7.996215193840741,-1.5630906839573415
1393,1.5998432615042034e-05,7.996213269957741,-1.5630869187499914
1394,1.5942426155319814e-05,7.996210281214402,-1.5630813034117625
1395,1.605082241995902e-05,7.996208248367355,-1.5630776222738723
1396,1.6125751279078566e-05,7.996205308426729,-1.5630720794490156
1397,1.614443712713855e-05,7.996203233562152,-1.5630683679939206
1398,1.6086451016614784e-05,7.996200277841913,-1.5630627600603648
1399,1.6134685577875064e-05,7.996197349114468,-1.5630571993149784
1400,1.6203668129560612e-05,7.996194301912473,-1.5630516533930043
1401,1.6142105358014765e-05,7.996191251328456,-1.5630460420720942
1402,1.6204501093376993e-05,7.99618833944764,-1.5630404899147545
1403,1.6309958913092e-05,7.996185327227785,-1.56303495996322
1404,1.624997616888353e-05,7.996182328065275,-1.5630293559637027
1405,1.6199688317695015e-05,7.9961793357393445,-1.5630237499286204
1406,1.62960938150251e-05,7.996177330326535,-1.5630200737894877
1407,1.6393283252973428e-05,7.996174315689012,-1.5630145428659683
1408,1.638894216198512e-05,7.996172399271867,-1.5630108241585936
1409,1.636706391917248e-05,7.996170333340185,-1.5630070917519718
1410,1.631152850011033e-05,7.996168403082119,-1.5630033469535682
1411,1.6373930488079732e-05,7.9961653491190585,-1.5629977896938834
1412,1.6500459523642114e-05,7.996162324693831,-1.562992270847978
1413,1.6314112154991095e-05,7.996160400651353,-1.5629884614591656
1414,1.6276016084108185e-05,7.996157343129117,-1.56298284571486
1415,1.6534926790763977e-05,7.9961543899814576,-1.5629773850612843
1416,1.6317312643197636e-05,7.996150356165563,-1.5629698424020506
1417,1.6531169529922203e-05,7.996147444034851,-1.5629643569259262
1418,1.6559832938697726e-05,7.9961444517275435,-1.5629587927549742
1419,1.6397791176005857e-05,7.996141403054319,-1.5629531316508642
1420,1.662255719400429e-05,7.996138430439805,-1.5629476522641907
1421,1.6669658059914163e-05,7.996135510113363,-1.5629421048544827
1422,1.660053323466834e-05,7.996132461440693,-1.5629364927946938
1423,1.6584060849335843e-05,7.996129448215752,-1.5629308988920159
1424,1.6745978798777343e-05,7.996126456012358,-1.5629253952268205
1425,1.682585173348156e-05,7.996123533781895,-1.5629198583034174
1426,1.6639115276769986e-05,7.996121489240158,-1.5629160490218799
1427,1.666900885493436e-05,7.996117507916302,-1.5629086046877485
1428,1.6916897155496234e-05,7.99611456219611,-1.5629031419757973
1429,1.6670406799645257e-05,7.996111539063602,-1.5628974520443628
1430,1.6714671542596074e-05,7.996108489198868,-1.5628918836322505
1431,1.691197634291794e-05,7.996105561444291,-1.5628863996638414
1432,1.687086650334363e-05,7.9961035744013484,-1.5628826645816103
1433,1.6886548402902202e-05,7.996100592989355,-1.5628770869886854
1434,1.692154622572111e-05,7.996097552804331,-1.5628715185127469
1435,1.6923071651035386e-05,7.996094606195645,-1.562865935698736
1436,1.6980717943164165e-05,7.9960916416686985,-1.5628603785968562
1437,1.695370222916865e-05,7.996088626380517,-1.5628547846786245
1438,1.710907177044947e-05,7.996085582362299,-1.5628492789212436
1439,1.6899219458656677e-05,7.99608260525715,-1.5628435962426952
1440,1.6778600225723302e-05,7.996079611320883,-1.5628379485415649
1441,1.7094646771992543e-05,7.996076625195871,-1.562832499767385
1442,1.7069170160003003e-05,7.996073621403325,-1.56282691340283
1443,1.7029589475330723e-05,7.996070680508628,-1.5628213145074095
1444,1.71804567749304e-05,7.996068623226337,-1.562817665323078
1445,1.7295050367867252e-05,7.996065638207795,-1.5628121409661457
1446,1.7072875490557934e-05,7.9960627001089515,-1.5628064642785886
1447,1.7136923377045178e-05,7.996059727184769,-1.5628009029768846
1448,1.7285681481536568e-05,7.996056714469531,-1.5627953900170837
1449,1.7338206382302465e-05,7.996053693173078,-1.562789839438039
1450,1.7278109909380228e-05,7.996050691851932,-1.5627842352861105
1451,1.7307632307799844e-05,7.996047789186757,-1.5627786657239842
1452,1.7312858442249796e-05,7.996044751328639,-1.5627730808802878
1453,1.7340897942039426e-05,7.9960416989182805,-1.5627675090645279
1454,1.7374248717104868e-05,7.996038795883952,-1.5627619425532198
1455,1.74010758661399e-05,7.996035808067461,-1.5627563768441577
1456,1.7383000329129508e-05,7.996032783714732,-1.562750782884203
1457,1.746134969060982e-05,7.996030820711367,-1.5627470986076317
1458,1.7528972042191204e-05,7.996026852473767,-1.562739692584202
1459,1.75002428374288e-05,7.996023825711301,-1.5627341029680681
1460,1.7473053143161835e-05,7.996020786382575,-1.562728503126002
1461,1.758857777740568e-05,7.996016787938033,-1.5627211138860104
1462,1.761040324346303e-05,7.996014888865841,-1.5627174030771211
1463,1.755718689843517e-05,7.996011833370786,-1.562711793153446
1464,1.7570903270808434e-05,7.9960088048889135,-1.562706215846092
1465,1.7724420646696317e-05,7.996005891330833,-1.5627007106190525
1466,1.7795415127815954e-05,7.996002862649717,-1.562695170073945
1467,1.7570106968983963e-05,7.995999818681357,-1.5626894773468534
1468,1.7642092267832722e-05,7.99599690692414,-1.5626839230254626
1469,1.788127659273465e-05,7.995992913610124,-1.5626766031958843
1470,1.7758966961012537e-05,7.995989907407248,-1.5626709639590526
1471,1.755899831672307e-05,7.995986833111008,-1.5626652785584634
1472,1.790999652722814e-05,7.995983945865438,-1.5626598589588743
1473,1.793957936611907e-05,7.99598092395877,-1.562654295974063
1474,1.766607140780915e-05,7.995978905126354,-1.5626504456628874
1475,1.7897202835806956e-05,7.995975919772767,-1.562644959844284
1476,1.7999299413045587e-05,7.995972925096426,-1.5626394310354346
1477,1.7776044122589805e-05,7.995969902455562,-1.56263374588367
1478,1.78991151662754e-05,7.995967004814517,-1.5626282150672401
1479,1.805820156310241e-05,7.9959640054938985,-1.5626227142890983
1480,1.8071207708515627e-05,7.995960980044554,-1.5626171435275227
1481,1.8027774711616207e-05,7.9959580108416235,-1.5626115446481657
1482,1.8103521917323327e-05,7.995955066298418,-1.5626060048838755
1483,1.8164880312416137e-05,7.995951051826226,-1.5625985925509733
1484,1.810072028223959e-05,7.995948066172065,-1.5625929858854404
1485,1.8226554022374077e-05,7.995945015361734,-1.5625874525231593
1486,1.8006862070744247e-05,7.995940964932657,-1.562579900374944
1487,1.8083354443242486e-05,7.995938035975264,-1.5625743425296532
1488,1.8350972698621182e-05,7.99593513726147,-1.5625688848437504
1489,1.8158321024652575e-05,7.9959321040192295,-1.5625632216327066
1490,1.8195198625367e-05,7.995929060419635,-1.5625576460937738
1491,1.8402921255118023e-05,7.995926079745318,-1.5625521642363764
1492,1.8371970972958084e-05,7.995922081955147,-1.5625447197173215
1493,1.8339085762616815e-05,7.99591915936105,-1.5625391205104726
1494,1.8422734971006277e-05,7.995916189443134,-1.5625335806714158
1495,1.8463948168053765e-05,7.995913146742751,-1.5625280147560632
1496,1.8187767607098158e-05,7.995910068177821,-1.5625223038554061
1497,1.849807609630647e-05,7.99590718590851,-1.5625168506968905
1498,1.8586696015544154e-05,7.99590420806828,-1.5625113227889997
1499,1.8475439371982633e-05,7.995901146430698,-1.5625056936923993
1500,1.8427288461007147e-05,7.995898172239902,-1.5625000830134133
1501,1.8556233819506864e-05,7.995895257014414,-1.5624945590619572
1502,1.8695107366329524e-05,7.995892204523409,-1.5624890396555295
1503,1.855338505814708e-05,7.995889223585713,-1.5624833999482532
1504,1.8494976582118405e-05,7.995886260465621,-1.5624777886140435
1505,1.8666124514990655e-05,7.995883233923568,-1.5624722794950254
1506,1.8784194044819897e-05,7.995880226939705,-1.5624667572891415
1507,1.8766959722155306e-05,7.995877306802146,-1.562461173279973
1508,1.8709664819210615e-05,7.9958743392354314,-1.5624555668013789
1509,1.8861283699966335e-05,7.995871291124494,-1.5624500604411526
1510,1.8853979963173536e-05,7.995868286144484,-1.562444478953745
1511,1.877464928760317e-05,7.995865380641542,-1.562438862627251
1512,1.8801013387402184e-05,7.995863287955082,-1.562435149550215
1513,1.8916656469095375e-05,7.995860308445387,-1.562429620686768
1514,1.8920533049827743e-05,7.995857357124331,-1.5624240509430232
1515,1.888699902174185e-05,7.995854345299951,-1.5624184516365873
1516,1.8971316292253803e-05,7.995851346056233,-1.5624129037886885
1517,1.9053277490629675e-05,7.99584833763077,-1.5624073674221166
1518,1.894362313317665e-05,7.995845374640185,-1.5624017365836735
1519,1.90157322501171e-05,7.99584241881446,-1.5623961857099955
1520,1.909773075799113e-05,7.995839346255899,-1.5623906384891995
1521,1.904249317221546e-05,7.995836336735613,-1.5623850366466465
1522,1.908335734225746e-05,7.9958334670510816,-1.5623794715471948
1523,1.9103554312980296e-05,7.995830435356581,-1.562373900642826
1524,1.913632131058005e-05,7.995827377780848,-1.56236833312939
1525,1.9195887093244343e-05,7.995824416798098,-1.5623627740827961
1526,1.921378027842187e-05,7.995821486413698,-1.5623572028084132
1527,1.928121711388432e-05,7.995817448827471,-1.562349792572885
1528,1.9257718517980234e-05,7.995815442737457,-1.5623460655815327
1529,1.9286791894648137e-05,7.995811483366798,-1.5623386311152823
1530,1.9282064382119003e-05,7.995809492260632,-1.5623349122329497
1531,1.9322623526545292e-05,7.995806527005127,-1.5623293535987504
1532,1.937645937226804e-05,7.99580352984791,-1.562323797880565
1533,1.9360897023931603e-05,7.995800498930321,-1.5623182009034373
1534,1.9349647867957284e-05,7.995797529491418,-1.5623126147414557
1535,1.9466466343654407e-05,7.995793568608102,-1.5623052260185846
1536,1.953743803680487e-05,7.995791561208414,-1.5623015340673825
1537,1.9250579925607658e-05,7.995788455834582,-1.5622958116813086
1538,1.9368420933800086e-05,7.995785529537649,-1.562290269181454
1539,1.963947296505195e-05,7.995782639118668,-1.5622848126639672
1540,1.9485777746523272e-05,7.995779525071206,-1.5622791629087251
1541,1.9341846302525736e-05,7.995776496993539,-1.5622735062066326
1542,1.9508973648928846e-05,7.995773609420736,-1.5622679904269816
1543,1.969518818314694e-05,7.995769665344346,-1.5622606452619912
1544,1.958158648508419e-05,7.995766671867413,-1.5622550150878134
1545,1.9707645551738973e-05,7.995763618776937,-1.5622494904665325
1546,1.9789827599020544e-05,7.99576063745877,-1.5622439486019033
1547,1.9690649299501568e-05,7.995757722467495,-1.5622383245721168
1548,1.969005529564319e-05,7.995754680783077,-1.5622327436453847
1549,1.9821859553897062e-05,7.995751621762634,-1.5622272183373247
1550,1.9866067390715874e-05,7.995748716564076,-1.56222165962347
1551,1.983812660980035e-05,7.995745742733214,-1.5622160720742388
1552,1.9861806122969143e-05,7.995742721877974,-1.5622104988409395
1553,1.9878571943856803e-05,7.995739687515173,-1.5622049198948778
1554,1.9915061627001992e-05,7.995736751726452,-1.5621993573820805
1555,1.996368478399287e-05,7.995733791254699,-1.5621938000224451
1556,1.995079465879855e-05,7.995730748087404,-1.5621882111500285
1557,2.0019530141165724e-05,7.995727755020793,-1.562182661215047
1558,2.015832534214245e-05,7.995724793617853,-1.5621771543732796
1559,1.9983214290604164e-05,7.995721753576273,-1.5621714894812149
1560,1.992748492646976e-05,7.995718743627529,-1.5621658700017846
1561,2.0060507094466103e-05,7.995716785796054,-1.5621622111698623
1562,2.0184535652584827e-05,7.995714739664185,-1.5621585497245976
1563,2.022880158518994e-05,7.9957118751516445,-1.5621529941386305
1564,2.0087246764353037e-05,7.995708840276141,-1.5621473491342062
1565,2.017929386763814e-05,7.99570577538144,-1.5621418089737216
1566,2.0302544886675537e-05,7.995702828852402,-1.5621362864778128
1567,2.0273711359511847e-05,7.995698903970865,-1.5621288376852398
1568,2.021732020229333e-05,7.9956958892896735,-1.5621232351922774
1569,2.0323770917492178e-05,7.995692832832098,-1.5621176954256064
1570,2.03532302955124e-05,7.99568991696468,-1.562112126962687
1571,2.0309982963632336e-05,7.995686954691308,-1.5621065268814622
1572,2.0331564704328443e-05,7.995683927067413,-1.5621009529180219
1573,2.0477701933537446e-05,7.9956809043298795,-1.5620954411321946
1574,2.0224946113919842e-05,7.995676831735032,-1.5620878706608365
1575,2.0344284934831474e-05,7.9956739028716335,-1.562082329475152
1576,2.0555834684046187e-05,7.995669984770699,-1.5620749904311388
1577,2.0411212571670168e-05,7.9956679751772315,-1.5620712029626858
1578,2.0571575772514095e-05,7.995663946124966,-1.5620638344406719
1579,2.0651042847169517e-05,7.995661988191066,-1.5620601550363153
1580,2.0531139412289978e-05,7.9956580326320505,-1.5620526588146655
1581,2.0592387900172756e-05,7.995654012394156,-1.5620452373389933
1582,2.0728478858649404e-05,7.995651020123125,-1.5620397231788665
1583,2.0700820221130966e-05,7.9956470761024105,-1.5620322716739803
1584,2.067326717157202e-05,7.995644018150628,-1.5620266701714227
1585,2.075728704663147e-05,7.995641062925125,-1.5620211252267908
1586,2.081587575921058e-05,7.995639063669433,-1.5620174379913117
1587,2.0877898199334435e-05,7.995636055301716,-1.5620118799526745
1588,2.0806799993391617e-05,7.995633137175886,-1.56200626804614
1589,2.0831714836020232e-05,7.995630096225116,-1.5620006949118541
1590,2.0859506980561236e-05,7.995628048869351,-1.5619969892053682
1591,2.0918654646594243e-05,7.995625149642466,-1.561991436801194
1592,2.0928681133670855e-05,7.995622142393963,-1.5619858541946179
1593,2.0916612139247587e-05,7.995619091945726,-1.5619802693763505
1594,2.1028515609291797e-05,7.995616157631876,-1.5619747408540938
1595,2.1034292834803524e-05,7.995613193140733,-1.5619691681386252
1596,2.0978259353464084e-05,7.995610167502064,-1.5619635578353994
1597,2.109135216304441e-05,7.995607156246966,-1.561958020555377
1598,2.115659817512515e-05,7.995605203970551,-1.561954327602169
1599,2.085535931759715e-05,7.995602161758958,-1.5619486010944093
1600,2.101953830223902e-05,7.995599151696425,-1.5619430747792582
1601,2.127338089433799e-05,7.995596235590063,-1.5619376169334607
1602,2.098679540045e-05,7.995593204193511,-1.5619319067086224
1603,2.1037062358042932e-05,7.99559119703585,-1.561928200900396
1604,2.125491993168458e-05,7.995589206687841,-1.561924577424489
1605,2.126094160059894e-05,7.995586217277389,-1.561919002890501
1606,2.111249018390141e-05,7.995583239615665,-1.5619133557993763
1607,2.1251740857593644e-05,7.995581224149681,-1.5619096917773334
1608,2.140653940795451e-05,7.995578240340197,-1.5619041869862111
1609,2.1399971045894047e-05,7.995576316115606,-1.5619004663677327
1610,2.1296173700663246e-05,7.995574312329696,-1.5618966982631037
1611,2.1295556110443216e-05,7.995572274691766,-1.56189297242094
1612,2.1411465480804433e-05,7.9955692143634245,-1.5618874449881535
1613,2.1491336806994476e-05,7.995567318988477,-1.5618837665484244
1614,2.1543008421624933e-05,7.995565297012522,-1.5618800669081792
1615,2.1409530156408758e-05,7.995562363447963,-1.561874426582132
1616,2.1378360249545585e-05,7.995559368137691,-1.5618688220950647
1617,2.148028482323288e-05,7.99555730368397,-1.5618651410490543
1618,2.1536177552433664e-05,7.995555389018055,-1.5618614531689137
1619,2.1577527552406213e-05,7.995553340378352,-1.5618577512494312
1620,2.1571641652256936e-05,7.9955514384292385,-1.5618540295538739
1621,2.1549816428644352e-05,7.9955493620393945,-1.5618502934577783
1622,2.1561203511166827e-05,7.995547432791694,-1.5618465805681052
1623,2.1627870546136837e-05,7.995545384675687,-1.5618428912062041
1624,2.1688775736904593e-05,7.995542407499151,-1.561837337088099
1625,2.1651104538101123e-05,7.99554039414091,-1.5618336018438916
1626,2.1632055457812542e-05,7.995538413995635,-1.5618298686730685
1627,2.1760917113244805e-05,7.995535488250739,-1.5618243501473883
1628,2.1836932215792995e-05,7.995533391246759,-1.5618206630943852
1629,2.1713270939754638e-05,7.995530422096316,-1.5618150298035958
1630,2.1690732881589452e-05,7.995528474321643,-1.5618112942874811
1631,2.179023344017828e-05,7.995526500869132,-1.5618076156848395
1632,2.1815598970851278e-05,7.995523506823658,-1.5618020488796232
1633,2.1793316250523927e-05,7.9955214220200945,-1.5617983131841449
1634,2.180238873178795e-05,7.9955195340508425,-1.5617946023749316
1635,2.19979518842846e-05,7.995516512113952,-1.561789103677923
1636,2.1807959144021276e-05,7.995514453795561,-1.5617852948034634
1637,2.1674556883681932e-05,7.995511489177539,-1.5617796394808354
1638,2.1913146548288124e-05,7.995509467031647,-1.5617760174288149
1639,2.20910943024609e-05,7.995506558843309,-1.5617705302145697
1640,2.191729585514222e-05,7.995504485082489,-1.5617667295631372
1641,2.1782907491534114e-05,7.995502540416878,-1.5617629371443704
1642,2.197453019789411e-05,7.995499507411119,-1.5617574332174127
1643,2.216658412185979e-05,7.995497630672181,-1.5617538016676675
1644,2.2056849034380955e-05,7.995494559826679,-1.5617481764846384
1645,2.1941627293521654e-05,7.9954925361997935,-1.561744403186233
1646,2.1907302902160513e-05,7.995490578131097,-1.5617406580731534
1647,2.2047823087769092e-05,7.995488597477939,-1.5617369947034239
1648,2.2220874420103444e-05,7.9954866199396815,-1.5617333590104534
1649,2.230311245132126e-05,7.995484647417165,-1.5617296797750997
1650,2.216134776462072e-05,7.995482594800555,-1.5617258961458818
1651,2.2044958212842993e-05,7.995480647988512,-1.5617221224052877
1652,2.218311451335362e-05,7.995477608360125,-1.561716595209745
1653,2.225273352876362e-05,7.995475631053074,-1.5617129065212958
1654,2.2293581231399648e-05,7.995473679613909,-1.5617092047494723
1655,2.2321124022009668e-05,7.99547066016521,-1.5617036346005932
1656,2.2299351775600244e-05,7.995468723709932,-1.5616999120450534
1657,2.2326994647292914e-05,7.995466675822305,-1.5616962028573371
1658,2.2350764533301062e-05,7.995463700069518,-1.56169063207251
1659,2.237166794524756e-05,7.995460770411218,-1.561685058688564
1660,2.2398824111731752e-05,7.99545770436305,-1.5616794785942798
1661,2.2362096745726238e-05,7.995455733806313,-1.5616757442488092
1662,2.2467007940186256e-05,7.995452773317063,-1.5616702133602354
1663,2.2530000392091886e-05,7.995449715919963,-1.561664654307341
1664,2.2524850129349732e-05,7.995446741102869,-1.5616590748420967
1665,2.2517702611541808e-05,7.995443803934111,-1.561653490256508
1666,2.2545707369210304e-05,7.995440815611911,-1.5616479201392213
1667,2.2604536480832827e-05,7.9954378021136305,-1.5616423660150762
1668,2.263351111176866e-05,7.995434772901009,-1.5616367952910015
1669,2.264707310772672e-05,7.995431864680526,-1.561631220707829
1670,2.2648956179002672e-05,7.9954288752665255,-1.561625647428267
1671,2.2863528323018558e-05,7.995424822475807,-1.5616183042248855
1672,2.2659758225582212e-05,7.995421847697543,-1.5616126287391205
1673,2.263669856466606e-05,7.995418868245035,-1.5616070261794568
1674,2.2832823656120007e-05,7.995415854420998,-1.5616015371522955
1675,2.288574158370879e-05,7.995411893027476,-1.5615941306294712
1676,2.283359230750435e-05,7.9954088600269,-1.5615885180182396
1677,2.291743700699358e-05,7.995404884550927,-1.561581113044472
1678,2.2994525259945125e-05,7.995401948177844,-1.5615755726698173
1679,2.2925799182716256e-05,7.995398993109336,-1.5615699607386102
1680,2.306196756071189e-05,7.995395946247002,-1.5615644441842012
1681,2.305474691437844e-05,7.995392947832711,-1.5615588643292255
1682,2.2997492905455455e-05,7.995388965489677,-1.5615513902308085
1683,2.3015218447862622e-05,7.995387010557842,-1.5615476765087037
1684,2.316908477215834e-05,7.995382976668979,-1.5615403090402171
1685,2.317302846022893e-05,7.995379949727793,-1.5615347319615525
1686,2.3161418440759605e-05,7.995377067697336,-1.5615291423250761
1687,2.321124959020429e-05,7.995374064490359,-1.5615235876080908
1688,2.3285440154726806e-05,7.995369993511249,-1.5615161813323521
1689,2.320622650581548e-05,7.995367025971806,-1.5615105647890262
1690,2.330864472234711e-05,7.995364088717933,-1.561505031344745
1691,2.332826426498709e-05,7.9953610907064085,-1.5614994631230592
1692,2.3316577629929424e-05,7.995357131135413,-1.5614920128399756
1693,2.3469942215677992e-05,7.995353105461664,-1.5614846429347164
1694,2.3418734037912886e-05,7.995350049450923,-1.5614790429853567
1695,2.341907568805203e-05,7.995347175869159,-1.5614734589757386
1696,2.351681079616299e-05,7.995344140157657,-1.561467920034885
1697,2.352604636316451e-05,7.995341116857876,-1.5614623501842233
1698,2.352680294189183e-05,7.9953392014256295,-1.5614586276889018
1699,2.3543508840847534e-05,7.99533618398242,-1.5614530532293809
1700,2.3650912622740307e-05,7.995334157514227,-1.5614493812856465
1701,2.361301235302849e-05,7.995331177914707,-1.5614437936827614
1702,2.3595296664005594e-05,7.995328174503904,-1.5614381967152102
1703,2.3686001454936706e-05,7.995325202251857,-1.5614326606547138
1704,2.3700586667304455e-05,7.9953222322716755,-1.5614270890567983
1705,2.369096975240264e-05,7.995319244271739,-1.5614215023799607
1706,2.3765775024527276e-05,7.995316209006996,-1.561415953367302
1707,2.3853929286257175e-05,7.995313241780559,-1.5614104193255978
1708,2.3738348218822333e-05,7.99531028670391,-1.5614047862358995
1709,2.3861428533832623e-05,7.995306269484896,-1.5613974019855623
1710,2.3870057409241007e-05,7.995304256667789,-1.5613936842233722
1711,2.3884273692487253e-05,7.995301324922502,-1.5613881138814885
1712,2.386682685580246e-05,7.9952992719331615,-1.5613843767475482
1713,2.3984108996361025e-05,7.995296319404378,-1.5613788551786831
1714,2.404770843520808e-05,7.995294247754028,-1.5613751612046078
1715,2.3956419352667424e-05,7.9952923356344225,-1.5613714073537457
1716,2.3977582047731282e-05,7.9952893515458845,-1.5613658329508773
1717,2.4038152273e-05,7.995287341630311,-1.5613621400773234
1718,2.4057326828053814e-05,7.995284374167995,-1.5613565716884914
1719,2.4077086994939928e-05,7.995282326336605,-1.5613528563154118
1720,2.4046191413804098e-05,7.995280420654492,-1.5613491227431595
1721,2.415661059771016e-05,7.995277364205655,-1.5613435924639198
1722,2.4218334475035133e-05,7.995275392372439,-1.5613399045478484
1723,2.409606831777844e-05,7.9952714345869325,-1.5613324118663308
1724,2.4194988623942116e-05,7.995269371915191,-1.5613287283784272
1725,2.4241477440377795e-05,7.99526535785966,-1.5613213115189046
1726,2.4255323608365383e-05,7.995262462618318,-1.5613157375416147
1727,2.4269232995749553e-05,7.9952594791883,-1.5613101620304863
1728,2.43931872495804e-05,7.995256391458156,-1.5613046427728199
1729,2.4308085217651764e-05,7.995253438223183,-1.5612990231559705
1730,2.4336935207790555e-05,7.995250558185678,-1.5612934531509914
1731,2.4406747084155644e-05,7.995247479216304,-1.5612879018475654
1732,2.4406165981355376e-05,7.995244487023659,-1.5612823220667043
1733,2.4371389657964533e-05,7.995241523576561,-1.5612767191704855
1734,2.448989459190456e-05,7.995238531998466,-1.561271195101116
1735,2.4549972875827914e-05,7.995235505912664,-1.5612656350852454
1736,2.450560229785845e-05,7.9952325787332486,-1.5612600377519377
1737,2.4527533706038224e-05,7.995229575539684,-1.5612544658202523
1738,2.4618124627234216e-05,7.995226596865873,-1.561248921947618
1739,2.4625137485719077e-05,7.9952235583819,-1.5612433467062308
1740,2.4593098462199216e-05,7.995220587612714,-1.5612377526015353
1741,2.4718182351106636e-05,7.995217633408312,-1.5612322292800962
1742,2.4743559464336237e-05,7.995214576276315,-1.5612266592654065
1743,2.4733499911914363e-05,7.995211601332374,-1.5612210720323003
1744,2.4750224577764315e-05,7.995208645275758,-1.561215496073108
1745,2.477272683638717e-05,7.995205692966393,-1.5612099238778483
1746,2.4818144415797993e-05,7.995201693228366,-1.561202501347528
1747,2.4863982458657162e-05,7.9951996133119945,-1.5611987991261642
1748,2.4889836553928802e-05,7.9951967197899965,-1.561193228106166
1749,2.4879675741494726e-05,7.995193717551773,-1.561187646564759
1750,2.489978371224091e-05,7.9951906870757785,-1.5611820711340592
1751,2.4982418140676935e-05,7.995187703381909,-1.5611765185676998
1752,2.4986872750201204e-05,7.99518477397615,-1.5611709428277207
1753,2.5035017387215697e-05,7.995181767739655,-1.5611653858609051
1754,2.5060610174184376e-05,7.995177833126772,-1.5611579552913746
1755,2.5023716196053046e-05,7.995174766643355,-1.561152349085154
1756,2.5169244045226785e-05,7.995170737263069,-1.5611449760637344
1757,2.5261790530317942e-05,7.995167748972676,-1.5611394432095058
1758,2.5177467843004357e-05,7.995164843676666,-1.5611338211900325
1759,2.5098642627292328e-05,7.995161777873553,-1.5611281940266486
1760,2.5296574987208463e-05,7.995158749816394,-1.5611227042874714
1761,2.531416992613641e-05,7.995155825045924,-1.5611171338608723
1762,2.5165320988118583e-05,7.995152861329033,-1.5611114773195174
1763,2.538082374538567e-05,7.995148912774404,-1.5611041275399256
1764,2.5404932740703247e-05,7.995146872131655,-1.5611004225020562
1765,2.535111413149799e-05,7.99514288529219,-1.5610929548556638
1766,2.544560594298908e-05,7.995139943111428,-1.5610874223233528
1767,2.5504546779439984e-05,7.995136892025224,-1.5610818607663286
1768,2.5492527192015936e-05,7.995133900198698,-1.5610762772917117
1769,2.5483010957009463e-05,7.9951309544804765,-1.5610706886084946
1770,2.5542035383051273e-05,7.995127992880125,-1.5610651370765363
1771,2.5596401705993326e-05,7.995124980166133,-1.561059581730891
1772,2.558071860299169e-05,7.9951219477659405,-1.5610539847053593
1773,2.5673007456452444e-05,7.995119030699482,-1.5610484508781728
1774,2.570189926339e-05,7.995116960602645,-1.5610447442375726
1775,2.5690242935913058e-05,7.995113967729701,-1.5610391578647684
1776,2.5691065433128298e-05,7.995111070011733,-1.5610335735197807
1777,2.572237289487739e-05,7.9951070810926455,-1.5610261412243716
1778,2.578527069494537e-05,7.995104097176307,-1.5610205904548773
1779,2.582636393701791e-05,7.99510105573763,-1.5610150238971736
1780,2.5815612657782124e-05,7.995098056579286,-1.561009437375485
1781,2.5864273899446142e-05,7.995095121863537,-1.561003878134554
1782,2.5948090679598087e-05,7.995092085001657,-1.5609983389705382
1783,2.594848799119908e-05,7.995089045974849,-1.5609927567546769
1784,2.5959137913409537e-05,7.995086158287888,-1.5609871792983805
1785,2.596764174323751e-05,7.995083172750772,-1.5609815998728176
1786,2.601515505749948e-05,7.995080122769237,-1.560976041321417
1787,2.6070118474390992e-05,7.995077129078092,-1.5609704820847963
1788,2.602056530448184e-05,7.995073141825411,-1.5609630091187587
1789,2.6124404221866184e-05,7.995070195148843,-1.560957476420238
1790,2.6227374551845748e-05,7.995067199700717,-1.5609519526528297
1791,2.6269243154500568e-05,7.995064186550413,-1.5609463875631855
1792,2.6090107088703488e-05,7.995061215860478,-1.5609407189889686
1793,2.6150933255903782e-05,7.995058228960995,-1.5609351601921426
1794,2.631556313881817e-05,7.995054255669804,-1.5609277923824423
1795,2.6280128410602988e-05,7.9950513088409245,-1.5609221956039518
1796,2.6381045067312238e-05,7.995048229759972,-1.5609166596488737
1797,2.6440833724426964e-05,7.99504527433171,-1.5609111098918742
1798,2.6375391394734088e-05,7.995042352171847,-1.560905500120077
1799,2.6375926888652935e-05,7.99503933185349,-1.5608999149270508
1800,2.6496134384513695e-05,7.995036276209652,-1.5608943893182265
1801,2.6491170578785977e-05,7.99503231245187,-1.560886947399651
1802,2.652473206689293e-05,7.995029421634124,-1.5608813804775026
1803,2.661088549648674e-05,7.995027330285079,-1.5608776913962215
1804,2.64156425250336e-05,7.995024279970777,-1.5608720153623041
1805,2.6381158316301956e-05,7.995021338444736,-1.5608664064644362
1806,2.666304262681105e-05,7.995018422728834,-1.5608609487121672
1807,2.6717037998518833e-05,7.995016365022877,-1.5608572502764178
1808,2.6526992428220932e-05,7.995013367741329,-1.5608515801895562
1809,2.6602626988041232e-05,7.99501139061828,-1.5608478892681088
1810,2.674631359431036e-05,7.995009409897348,-1.5608442348975333
1811,2.684383498798719e-05,7.995007428592831,-1.5608405665432519
1812,2.680911872941834e-05,7.995005493534253,-1.5608368348901869
1813,2.6734690787764235e-05,7.9950034157266385,-1.5608330731720996
1814,2.6732591436954757e-05,7.995001493108674,-1.560829352062595
1815,2.6827392648351935e-05,7.994999398169267,-1.5608256713088358
1816,2.6915725219083854e-05,7.994997484905769,-1.5608219969079589
1817,2.6974121521183544e-05,7.994995445608731,-1.5608183007300562
1818,2.690068217638948e-05,7.994993518893583,-1.5608145523901176
1819,2.684893477184059e-05,7.994990549982899,-1.5608089401681529
1820,2.6879658651213947e-05,7.994988512483954,-1.5608052288373588
1821,2.6960483809258978e-05,7.9949865138808045,-1.5608015468136207
1822,2.7027376578372266e-05,7.994984490889746,-1.5607978579847657
1823,2.7051311190389327e-05,7.994983505096556,-1.5607960068858056
1824,2.7043774843902817e-05,7.994981592086243,-1.5607922881740135
1825,2.702162546233293e-05,7.994979531166682,-1.5607885533900216
1826,2.697421716022574e-05,7.994977608681394,-1.56078480794882
1827,2.7042141468090422e-05,7.994975551474095,-1.560781112505562
1828,2.7111491617402463e-05,7.994972590446342,-1.5607755669919212
1829,2.7140290422556197e-05,7.994970579908086,-1.5607718499553986
1830,2.708516822965589e-05,7.994968655463916,-1.560768110408915
1831,2.7085288812276367e-05,7.994966564082018,-1.5607643807179001
1832,2.7105881289277254e-05,7.994964634282585,-1.560760668579828
1833,2.7233215522179705e-05,7.99496259202237,-1.560757002120525
1834,2.7302302622675637e-05,7.994960676597077,-1.5607533193165917
1835,2.7303577674197024e-05,7.994958602516023,-1.5607496056685064
1836,2.7281542177655275e-05,7.994956666103447,-1.5607458800531608
1837,2.724328751975249e-05,7.994954596562821,-1.5607421343305863
1838,2.723080303327695e-05,7.994952698718414,-1.560738406402961
1839,2.7312155566418422e-05,7.994950668577108,-1.5607347184714866
1840,2.7405565806725053e-05,7.994948707844219,-1.560731046856576
1841,2.7408402727811944e-05,7.994946671824059,-1.5607273276957154
1842,2.7343081688245516e-05,7.994943738854933,-1.560721715013397
1843,2.7307650748834875e-05,7.994941672392312,-1.5607179697929396
1844,2.7404027575087613e-05,7.994938718959439,-1.5607124302925912
1845,2.7465788830471692e-05,7.994936760825925,-1.5607087400266546
1846,2.748991495810885e-05,7.994934780483696,-1.5607050259757638
1847,2.7496359814859046e-05,7.994931791354064,-1.560699449850344
1848,2.7491611428209913e-05,7.99492972374629,-1.5606957225037323
1849,2.760909822817127e-05,7.9949268138070515,-1.5606902006497099
1850,2.7648120323224068e-05,7.994924748157014,-1.5606864995364027
1851,2.7645200058362624e-05,7.994921761431881,-1.5606809191728144
1852,2.7601174631793444e-05,7.994918858877908,-1.5606753152428012
1853,2.7647159720636793e-05,7.994916793120255,-1.5606716113203825
1854,2.780249330746533e-05,7.994913793030666,-1.5606661045091483
1855,2.7660736991734895e-05,7.994911794803777,-1.56066231875106
1856,2.7556330210704834e-05,7.994908766237475,-1.5606566723811384
1857,2.7830913984506314e-05,7.994905873822358,-1.5606512164581934
1858,2.7675312989392638e-05,7.994901835963582,-1.5606437014046015
1859,2.773220422686905e-05,7.994899846449475,-1.560640002784705
1860,2.7976705410968178e-05,7.9948958992147166,-1.5606326779203972
1861,2.789469696309322e-05,7.994892891822162,-1.560627056865655
1862,2.7730934848582305e-05,7.994889939811907,-1.560621395821654
1863,2.798931350877698e-05,7.994886932535162,-1.5606159266306943
1864,2.8126487491999166e-05,7.99488394402001,-1.5606104104162073
1865,2.790281366317176e-05,7.994880986976582,-1.5606047273892798
1866,2.7992545364183056e-05,7.994877941354244,-1.5605991731187716
1867,2.8109174014484677e-05,7.994874967188466,-1.5605936481154126
1868,2.817418108495062e-05,7.9948720314327915,-1.5605880959117073
1869,2.8152524720562476e-05,7.994869049955788,-1.5605825143561995
1870,2.815589920434013e-05,7.99486603481396,-1.5605769306597037
1871,2.819509472198268e-05,7.9948630333867605,-1.5605713638460716
1872,2.8241308447941602e-05,7.994860041875486,-1.5605658060323402
1873,2.8316395710685368e-05,7.99485711253665,-1.560560255220819
1874,2.8286065701759147e-05,7.9948541126942665,-1.5605546559936605
1875,2.8290749169917747e-05,7.994851069441361,-1.5605490758168157
1876,2.8346168193855815e-05,7.994849077831407,-1.5605453824291746
1877,2.8388117477135428e-05,7.9948460865848725,-1.5605398179335939
1878,2.8413465570751172e-05,7.994843128231325,-1.560534243193658
1879,2.8429057160268077e-05,7.994840180472522,-1.5605286682683082
1880,2.8499976481206335e-05,7.994837203060938,-1.5605231231213808
1881,2.8545059672823976e-05,7.994834167574684,-1.5605175593738077
1882,2.8514671543268288e-05,7.9948311466868685,-1.5605119620922725
1883,2.8534884457288056e-05,7.994828219918101,-1.5605063935719277
1884,2.8688179121147663e-05,7.994825258493525,-1.560500874352778
1885,2.8504445857098834e-05,7.99482215447895,-1.5604952069728613
1886,2.8524287692838854e-05,7.994819182614344,-1.5604896197636688
1887,2.876544877238939e-05,7.994816264918651,-1.5604841491550783
1888,2.879480414855169e-05,7.994813281626141,-1.560478592157947
1889,2.8719837376095416e-05,7.994810217156652,-1.5604729711078125
1890,2.8714273037064962e-05,7.994807267797843,-1.5604673811080274
1891,2.881479931874135e-05,7.994804348616479,-1.5604618436609095
1892,2.8864097236091263e-05,7.9948013183496345,-1.5604562838917644
1893,2.8902862954910806e-05,7.994798294326936,-1.5604507145442041
1894,2.8892364928614898e-05,7.994795338317256,-1.5604451318880763
1895,2.892675365416837e-05,7.994792407876157,-1.560439567061753
1896,2.8969240514769403e-05,7.9947903423946265,-1.560435864014673
1897,2.9007781998940376e-05,7.994787341887498,-1.5604303005232585
1898,2.9050554283685307e-05,7.994784443180352,-1.560424735279935
1899,2.904826364806966e-05,7.9947814070586505,-1.5604191453081724
1900,2.904615234686288e-05,7.99477837044985,-1.56041356199081
1901,2.9119972063453524e-05,7.994776468454214,-1.5604098775548383
1902,2.922283648913129e-05,7.994774418999972,-1.5604062025102663
1903,2.9061689331416138e-05,7.99477245952302,-1.560402405239528
1904,2.8912968092408823e-05,7.99477035039542,-1.5603986000970045
1905,3.944127258922649e-05,7.9937628870790896,-1.5603989278747976
1906,9.616199622644257e-05,7.988296129214465,-1.5604131878881855
1907,0.0002696922889323486,7.971441157818086,-1.5604471166243488
1908,0.00044441184838420395,7.954425875444248,-1.5604715870097652
1909,0.0006606065832011865,7.934600742809115,-1.5581964039367546
1910,0.0012186578042072988,7.904050102977619,-1.5432918697374394
1911,0.0022916103408127312,7.8735205666743004,-1.5250861861004985
1912,0.003938557113038625,7.8430197053732735,-1.5057083879751296
1913,0.006185124959794976,7.812558280953702,-1.4857447849277814
1914,0.008022236659153196,7.792279128369902,-1.4722585482699122
1915,0.011293240353421595,7.761912367117629,-1.451875865041288
1916,0.013818256467569925,7.74170803519293,-1.4382199481237445
1917,0.016619704848707846,7.721539933698521,-1.4245512807959972
1918,0.01969564518239815,7.7014115321901295,-1.4110001354404025
1919,0.023043666009368066,7.681326271171115,-1.3975336898728679
1920,0.026661017713212404,7.661287188414529,-1.3843017041821133
1921,0.032577381221933044,7.631319942394625,-1.3649800778680523
1922,0.03684154706708409,7.611406243539136,-1.3522911288938206
1923,0.04135600213356619,7.5915471809471535,-1.3398688476529599
1924,0.0461150113793056,7.571743939907127,-1.3277689808056439
1925,0.053698130511647776,7.542148245292213,-1.3099586575544415
1926,0.059045134689098354,7.522493676465188,-1.298256964327426
1927,0.06461932131834104,7.5029014668716,-1.2868944042462858
1928,0.07041446707564326,7.4833724585039905,-1.2757766934237087
1929,0.07642436809989712,7.46390798522179,-1.2648815623527818
1930,0.08582757442494401,7.43483120195706,-1.2494736422149104
1931,0.09234069103344843,7.415525691344335,-1.2396133328918286
1932,0.09904158067335185,7.39628320936616,-1.2302131015869044
1933,0.10591887960978744,7.377101434735047,-1.2213404138613102
1934,0.11654769154282453,7.348440393798658,-1.2086161502728787
1935,0.12383352278581349,7.3294073068467,-1.2003842918211085
1936,0.131274523167732,7.310433487355754,-1.1923984565494645
1937,0.1388651740986274,7.291518679578697,-1.1845858785951566
1938,0.14660297888622026,7.27266297706577,-1.1768827393843604
1939,0.15448501919537697,7.253866952620562,-1.16924739012894
1940,0.16251048667894136,7.23513137552891,-1.1616531555919105
1941,0.17067664394937324,7.216456421683904,-1.1542609250906928
1942,0.1789791273926797,7.19784047275377,-1.1471531479381871
1943,0.19167693014466136,7.1700253794678375,-1.1368122639893756
1944,0.20030073406888557,7.1515544750744775,-1.1300450097532135
1945,0.2134693957769096,7.123957702338503,-1.1199982786342966
1946,0.22691357536840379,7.096493978062329,-1.1100203627005278
1947,0.2360274353955226,7.0782590421402185,-1.1035632857355786
1948,0.2452571019939206,7.060081662798653,-1.0973822849736397
1949,0.25459768462394333,7.041960604571251,-1.091380250168479
1950,0.26404605414284343,7.023895060716439,-1.0854948866939655
1951,0.2736002936765047,7.005884692136377,-1.079685522250483
1952,0.2832579109701253,6.987928832559015,-1.0740992974375219
1953,0.29301380559294654,6.970025207151383,-1.068811131100289
1954,0.3078212995535645,6.943264148161097,-1.0612239368161644
1955,0.3178042681042126,6.92548509166082,-1.0563075009041107
1956,0.32282846433916784,6.91661398705851,-1.0538769276593518
1957,0.32787413016400024,6.907754772651911,-1.0515290166344504
1958,0.338025699334573,6.890070166661633,-1.0472045252313933
1959,0.3482514777945891,6.872427253338536,-1.0432325255717207
1960,0.3585455223484202,6.854823524856021,-1.039492656809749
1961,0.36890448041288826,6.8372572871896775,-1.0359061205810198
1962,0.3845591815383506,6.8109758998230925,-1.03070548351823
1963,0.3950711278812456,6.793499533960656,-1.027312816621132
1964,0.41094651599184695,6.7673494717199265,-1.0226511920399606
1965,0.42159508764422576,6.749954919411011,-1.019860425494276
1966,0.4322911833994383,6.732588957413342,-1.0172482523690425
1967,0.4484162421643048,6.70658900470576,-1.0137581037234769
1968,0.4592151514795346,6.689285549293662,-1.0116246688631874
1969,0.4700501214449448,6.67200462889937,-1.0095861972633342
1970,0.4809196784488735,6.654744846601998,-1.0076958333728065
1971,0.491820768973021,6.6375043058745185,-1.0059787677591552
1972,0.5027509846237731,6.620281495239103,-1.0043770623369226
1973,0.5082261916566959,6.611676565670498,-1.0036069371227163
1974,0.5137080306578412,6.603075770025734,-1.002852410758342
1975,0.5191962580241674,6.594479012057609,-1.0021332782758454
1976,0.5301905047413074,6.577296698727239,-1.0008365623013946
1977,0.5412062872486731,6.56012773476601,-0.9996751817249034
1978,0.5522414386295094,6.542970893538284,-0.998603796568966
1979,0.5632945114983714,6.525825485078917,-0.9975922558863635
1980,0.5743645194893925,6.508691067569521,-0.9966204141096023
1981,0.5854511133566842,6.49156729725862,-0.9956748998662053
1982,0.5965538860175458,6.4744537332091765,-0.9947467864542313
1983,0.6076724929530378,6.457350199110771,-0.993830353378697
1984,0.6188067501349427,6.440256695526183,-0.9929221374730349
1985,0.6355371319802787,6.414635593536086,-0.9915705838073001
1986,0.6467097118227639,6.397567438657203,-0.9906970502692883
1987,0.6578965102016464,6.380508149751936,-0.9899604619523596
1988,0.6746983265989873,6.354933135423951,-0.9890472738913542
1989,0.6915219520026731,6.329372138860846,-0.9882684552173528
1990,0.702748340970608,6.312338282864478,-0.9877958541615344
1991,0.7139825448415068,6.295309440811663,-0.9873684350187539
1992,0.7308473498653478,6.269774355294247,-0.9867863650736745
1993,0.7420984840919326,6.252756305899606,-0.9864232785487732
1994,0.753355705787019,6.235742283359444,-0.986072894636717
1995,0.7646187176599426,6.218732191680287,-0.9857311945628898
1996,0.7758875962822203,6.201725784687454,-0.9853953914685143
1997,0.7871620956470753,6.184723334717708,-0.9850635522076453
1998,0.8040843877805781,6.1592267151329985,-0.9845700890323579
1999,0.8210191881610043,6.133738312541543,-0.984078782967351
2000,0.8323160341369435,6.116750557199297,-0.9837517160652499
2001,0.8492719712305316,6.091275589739203,-0.9832620821143361
2002,0.8605828490211496,6.07429701067199,-0.9829366364987181
2003,0.8718991214993038,6.057322205230786,-0.9826119447600485
2004,0.8888836230462012,6.0318666204904225,-0.982125925980058
2005,0.9058808254997549,6.006419746939958,-0.9816410796292467
2006,0.9172191093817387,5.989459825413035,-0.9813179237780176
2007,0.9285626457431819,5.9725033700489245,-0.980994315560851
2008,0.939911717374477,5.955550569628926,-0.980670263700501
2009,0.951266553467276,5.9386012854790176,-0.9803459978178113
2010,0.9569460645440296,5.930127987771688,-0.9801838929444137
2011,0.9626268673996324,5.921655698365278,-0.9800218782970004
2012,0.9683089660504066,5.913184213243846,-0.9798824213874116
2013,0.9739922549325364,5.904713426497603,-0.9797826618372808
2014,0.9853608019280817,5.887773142352313,-0.9796745615544826
2015,0.9967306836958942,5.870833395432232,-0.9796536985937356
2016,1.0081005194846633,5.853893514770286,-0.9796908768915467
2017,1.0194695244027723,5.836952946452594,-0.9797666116814355
2018,1.0365200127800904,5.811540269977806,-0.9799249173898943
2019,1.0535661152803157,5.7861243923889845,-0.9801134578396198
2020,1.0706076118976589,5.760704830851078,-0.9803179062075953
2021,1.0819656232174095,5.743756531139741,-0.9804595314488618
2022,1.0933212033253457,5.726806549315267,-0.9806040350438314
2023,1.1046742101518832,5.7098551312176955,-0.9807505945955769
2024,1.1160248096299885,5.692901857341702,-0.9808984754901026
2025,1.1330459096271097,5.667469032453839,-0.9811216853006658
2026,1.1443901610795533,5.650511805912311,-0.9812707478383841
2027,1.1557317225721613,5.633552859644685,-0.9814193737134744
2028,1.1670708255098683,5.616592113043156,-0.9815673149601702
2029,1.1784075758931665,5.5996296544044215,-0.9817146518750836
2030,1.1897419828999958,5.582665367767958,-0.9818616811849428
2031,1.2067387262253042,5.55721591324397,-0.982082316259803
2032,1.2237296917392015,5.531762928252245,-0.9823034464826419
2033,1.2350539480287135,5.514792087082051,-0.9824510109516469
2034,1.2520356148918654,5.489332894011307,-0.9826722382385136
2035,1.263353466820288,5.472358154676039,-0.982819220005326
2036,1.280325435518863,5.446892597754627,-0.9830380998426667
2037,1.2972923908788034,5.421423353219106,-0.9832554438817991
2038,1.3086006440415772,5.404441791624607,-0.9833999257249403
2039,1.3255580694582931,5.378966145158784,-0.9836166565514453
2040,1.3368600061635525,5.3619806146303,-0.9837614734733987
2041,1.359456623728219,5.328004553892997,-0.984051184070888
2042,1.3707510890704528,5.311014073985529,-0.9841956969210137
2043,1.3876882060648348,5.285525504920567,-0.9844114539819533
2044,1.4046199143819058,5.260033094229904,-0.9846253689254361
2045,1.421546363136039,5.23453672222197,-0.9848381024244002
2046,1.4384674753430524,5.20903693672902,-0.985050970567607
2047,1.4553827728345574,5.183533470065834,-0.9852641104513855
2048,1.4722927492433857,5.1580266347878325,-0.9854775084695354
2049,1.4835632303557593,5.141020200706093,-0.9856196762906112
2050,1.489197461353746,5.132516474508701,-0.9856905852487285
2051,1.50046403060741,5.115507652056906,-0.9858317964378132
2052,1.511728094456275,5.098496945616019,-0.9859720398254435
2053,1.5229900739135496,5.081484797156385,-0.9861116786820538
2054,1.539878908122047,5.055963469983,-0.9863206131617864
2055,1.5567619518716156,5.030438619869932,-0.9865295968662103
2056,1.5736396189681634,5.004910359108046,-0.9867389654105373
2057,1.5848886605196357,4.98788961304022,-0.986878693684649
2058,1.5961351981570755,4.970867447727021,-0.9870182811675915
2059,1.6073791343837205,4.953843502291941,-0.987157303141587
2060,1.6186206330973465,4.93681820069559,-0.9872956150925196
2061,1.6410973174529813,4.902762626275208,-0.9875701303123419
2062,1.6579487111899733,4.877216569159318,-0.9877750220956828
2063,1.6691799706667034,4.860184045885473,-0.9879117143084676
2064,1.6860225230965586,4.83463268930691,-0.9881172515855117
2065,1.7028598593731339,4.809077755485165,-0.9883229814199366
2066,1.7140817062363294,4.792039259177441,-0.9884598680677561
2067,1.7309099043361156,4.766478795426749,-0.9886640900022574
2068,1.7421261456453705,4.749436494083664,-0.9887767950441599
2069,1.7533412669165835,4.732393645056749,-0.9887548064911256
2070,1.7645575102875637,4.715351612818685,-0.9886260229933233
2071,1.7757761765939102,4.698311667905904,-0.9884265930160763
2072,1.7869985647562938,4.6812742882182,-0.9881804109006034
2073,1.7982253466853624,4.664240095762672,-0.987903347463662
2074,1.8094570504188414,4.64720899087813,-0.9876057619467592
2075,1.8206937453135243,4.63018144516122,-0.9872944996630261
2076,1.8263141015985869,4.621669006664347,-0.9871352088323829
2077,1.8375589419524658,4.604646969125756,-0.9868112946929132
2078,1.848809242488871,4.587628675917324,-0.986481992249852
2079,1.8600653298447778,4.570613824751237,-0.9861488787567487
2080,1.8713271379963645,4.553602691379747,-0.9858133397224009
2081,1.8825947414455622,4.536595228677011,-0.9854765118442175
2082,1.8938675370422158,4.519591391379041,-0.985223807387402
2083,1.9051438848912776,4.502589583847924,-0.9851017291422663
2084,1.922060800827114,4.477088007589333,-0.9850719719256993
2085,1.9333386524618208,4.460086771024049,-0.9851156365105218
2086,1.9389772299147672,4.451585923107632,-0.985149881213308
2087,1.9502533816286438,4.4345834900287,-0.9852358005439722
2088,1.9615278730114112,4.417580143571717,-0.985338019638713
2089,1.972800847870365,4.40057534752346,-0.9854507761808071
2090,1.9840718745464088,4.3835691438492645,-0.9855704224101406
2091,1.9953408280495724,4.366561346152086,-0.9856947752926623
2092,2.012239960131615,4.341047197137438,-0.9858874069172056
2093,2.0291344685653603,4.315530022249886,-0.9860848737032403
2094,2.046023700447137,4.290009471777429,-0.9862846114692565
2095,2.0629074962963116,4.264485473789315,-0.9864848587141137
2096,2.0741606137353523,4.2474676966960025,-0.986617987213355
2097,2.0854116521811084,4.2304485959589915,-0.9867505469772229
2098,2.0966605945499195,4.213427660937558,-0.986882487090351
2099,2.1079071123594284,4.196405045791295,-0.9870140730521584
2100,2.1247726045977107,4.170868440865278,-0.9872117078238624
2101,2.1416330404233865,4.145328900388547,-0.987410031242018
2102,2.152870692634457,4.128300800067996,-0.9875425151281425
2103,2.1697226642200964,4.10275565751381,-0.9877408981887997
2104,2.1865693478695256,4.077207319985902,-0.987938135141387
2105,2.1977978011997235,4.06017319040448,-0.9880686420558701
2106,2.209024194212928,4.043137553106889,-0.9881984720112464
2107,2.22585973160298,4.017581040941672,-0.9883925942199641
2108,2.237080523341918,4.000541650521491,-0.9885220913397802
2109,2.253907465656792,3.9749799767835627,-0.9887167520774249
2110,2.270729664744766,3.94941500312377,-0.9889117339793836
2111,2.281941584993017,3.9323699834347936,-0.989041569932701
2112,2.2931511862581098,3.9153236029967187,-0.989170941483772
2113,2.3099614203023178,3.889751219312847,-0.9893635449143984
2114,2.3211657595791104,3.8727010910132194,-0.9894684866616597
2115,2.337971252929499,3.8471253225259257,-0.9893814300061918
2116,2.3491769356079097,3.83007677027235,-0.9892062735553914
2117,2.3603859511516125,3.8130305404265883,-0.9889737496070963
2118,2.3715991299351735,3.7959874076315727,-0.9887032808537999
2119,2.3828172293268763,3.778947333189925,-0.9884076275744321
2120,2.394040296712933,3.7619108022408727,-0.9880951640681811
2121,2.4052687546090885,3.744877882489288,-0.9877714377465917
2122,2.416502632165736,3.727848836264243,-0.9874399202976155
2123,2.4277423948949814,3.7108233050051216,-0.987102976517779
2124,2.4333645071289185,3.7023119514725553,-0.9869330777686021
2125,2.4389880324925497,3.693801533808408,-0.9867624671675433
2126,2.4502395092073286,3.6767834142774922,-0.9864197922398152
2127,2.4671274681800903,3.651263670583509,-0.9859040951113514
2128,2.484028625883476,3.625752888134439,-0.985388055154157
2129,2.4953030533944434,3.6087501269267848,-0.9851286127512595
2130,2.5065809966051646,3.5917494334137077,-0.984999747671878
2131,2.5122206082637066,3.583249518675617,-0.9849698975323791
2132,2.5291402557751077,3.5577499855390617,-0.9849723426228502
2133,2.546059114497471,3.5322493912410784,-0.9850611545782865
2134,2.562975343801082,3.506746583094562,-0.9851965796176052
2135,2.579887834003598,3.4812412393432566,-0.9853580124742969
2136,2.596795634606983,3.455732902094851,-0.9855338731664278
2137,2.6080651524736007,3.4387258726181433,-0.9856559123854749
2138,2.624965668225255,3.413212915083343,-0.9858428347428099
2139,2.6418608907767833,3.3876965937323096,-0.9860312637320324
2140,2.653121765864651,3.370684014607085,-0.9861567993387973
2141,2.6700094398155048,3.345162189661563,-0.9863445837900371
2142,2.681265276254561,3.3281457132799983,-0.9864696941502151
2143,2.698144735217499,3.3026186257105605,-0.9866578544042658
2144,2.7093951291486373,3.285598772317777,-0.9867837234785006
2145,2.726266701483965,3.2600664499562453,-0.9869728663551909
2146,2.737511639118534,3.243043232590479,-0.987098892814799
2147,2.754374895939365,3.2175058428615086,-0.9872870860860204
2148,2.7656144054148766,3.20047918595268,-0.987411602543847
2149,2.7824700843653183,3.174936210240548,-0.987597002566621
2150,2.793704565468737,3.1579056388615556,-0.9877200927603772
2151,2.816167009318534,3.1238407546967335,-0.9879666637518121
2152,2.8330083231033676,3.0982885267456592,-0.9881521421244739
2153,2.84423323626889,3.0812518394909416,-0.9882758081430337
2154,2.855455926503971,3.064214056268521,-0.9883993141703646
2155,2.8722861087721365,3.038654882181262,-0.9885835925983621
2156,2.8891116892704005,3.013092339825928,-0.9887660047088107
2157,2.9059327026071524,2.9875264222539295,-0.9889471266646166
2158,2.917144150233546,2.9704808194335572,-0.9890678382188844
2159,2.922749101531356,2.9619576036296937,-0.9891282991254431
2160,2.9339574661415586,2.9449101114262235,-0.9892493883455936
2161,2.9451636436932893,2.9278612835975033,-0.9893706250841824
2162,2.9563678042036083,2.9108110123195154,-0.9894919014276794
2163,2.9675698593115283,2.893759596532804,-0.9896130763903641
2164,2.978769812391994,2.8767068547077383,-0.989733792143663
2165,2.9899676470862473,2.859652701752525,-0.9898536783774692
2166,3.0011635177121954,2.8425971372650465,-0.9899726628333884
2167,3.0179537125711944,2.817011035624674,-0.9901500223158264
2168,3.034739526999597,2.7914219721839366,-0.9903272943335097
2169,3.0515205651389907,2.7658301310991367,-0.990505146361718
2170,3.0627053090815024,2.748767254166064,-0.9906239486549289
2171,3.0738881219530065,2.7317030268768265,-0.9907428005812193
2172,3.0906583284907145,2.7061044330398656,-0.9909205545739718
2173,3.107424027596528,2.680502895935205,-0.991096815789243
2174,3.1185988207237365,2.6634333318176604,-0.991213334731783
2175,3.1353573421437857,2.6378264277809116,-0.9913873321298473
2176,3.152112631633712,2.612217812822161,-0.9913821903197556
2177,3.1632840090445327,2.595146669910186,-0.9912352591917721
2178,3.1744582804013093,2.5780778177976167,-0.9910178371215294
2179,3.1912275001144126,2.552479654653393,-0.9906089362709533
2180,3.208007657617457,2.5268892393442415,-0.990141454188324
2181,3.219201209613048,2.509833636965777,-0.9898106561629625
2182,3.230400724645192,2.4927815029152707,-0.9894702034758921
2183,3.2416060023584237,2.4757330542839844,-0.9891233771100617
2184,3.2584250935601475,2.4501677282533363,-0.988596572882116
2185,3.2696452954219213,2.433129346774041,-0.9882432425088238
2186,3.2864855826798207,2.4075780967053024,-0.9878908671512912
2187,3.2977163866060537,2.3905459267681857,-0.9877991437069947
2188,3.3145640826630176,2.3649987773762584,-0.9877857523497501
2189,3.3314110995746886,2.3394511346713736,-0.9878586979870623
2190,3.3482559188364465,2.3139013365401158,-0.9879773751804388
2191,3.3594841285653687,2.296866719785541,-0.9880711172752802
2192,3.3763232784610495,2.271312987452058,-0.9882251081055564
2193,3.3931582421222792,2.2457566122706085,-0.9883889237964798
2194,3.4043791603229696,2.228717436899627,-0.9885012871831915
2195,3.4212068420755335,2.203156372749796,-0.9886722779842921
2196,3.438030191811526,2.1775927056653415,-0.9888442135109192
2197,3.4492432694570008,2.1605486134010548,-0.9889584070290389
2198,3.4548491602204536,2.152025938291017,-0.9890153128179804
2199,3.4604545333763785,2.1435030066331455,-0.9890721168830275
2200,3.4716638619822278,2.126456017708826,-0.9891855173779189
2201,3.4828713192661063,2.1094076914837347,-0.9892989936473313
2202,3.4884743002193135,2.100883181234692,-0.9893558619475442
2203,3.4996788413385715,2.08383316608303,-0.9894698474844257
2204,3.5108813425252023,2.0667819611407237,-0.9895840895285101
2205,3.522081891090974,2.0497293584856844,-0.9896984478847953
2206,3.5332804125623323,2.0326755602425113,-0.9898127455948043
2207,3.550074547963236,2.0070926434137837,-0.9899835187419374
2208,3.5668643778289106,1.981506898720976,-0.9901526338449884
2209,3.578055323313293,1.9644479052095678,-0.9902644215729165
2210,3.5892443185792775,1.9473875533905938,-0.9903758259810967
2211,3.6004314712209626,1.9303259325166482,-0.9904872731705497
2212,3.611616658029105,1.9132633412555398,-0.990598998267856
2213,3.6283908786693844,1.887667060529371,-0.990766866644448
2214,3.639571326700337,1.8706012843950923,-0.990878824797741
2215,3.6563381110155797,1.8450004415759198,-0.9910463598441848
2216,3.6675136980171876,1.8279317546236993,-0.9911574331414184
2217,3.6786873748680016,1.8108617993533394,-0.9912677004598777
2218,3.689859298571533,1.793790281091336,-0.9913772025567062
2219,3.701029310083326,1.7767175599284295,-0.9914863023653365
2220,3.7121975978515755,1.7596436035883654,-0.9915954533152184
2221,3.728946294896271,1.734030643243405,-0.9917596041347767
2222,3.7401097501760656,1.7169538091528544,-0.9918693265148025
2223,3.75685141993416,1.691336166804427,-0.9920339971550285
2224,3.7680101332109515,1.6742564592522902,-0.9921435843256808
2225,3.7791669651682844,1.6571754908629486,-0.9922526017915391
2226,3.7958986814129454,1.6315517487190314,-0.9924145950532385
2227,3.8070510544636265,1.6144674121545954,-0.9925216880324749
2228,3.823776201051173,1.5888386819041573,-0.992681896575284
2229,3.8349239978474077,1.5717515205038952,-0.9927889145536364
2230,3.8516421826687144,1.546118669028913,-0.9929499565934629
2231,3.8683561410097305,1.5204829988595043,-0.9931112252162891
2232,3.8794964670200005,1.503391242171545,-0.9932186068768885
2233,3.8906348971835443,1.4862983276706339,-0.9933254817629211
2234,3.901771488833782,1.4692042440085415,-0.9934315869361134
2235,3.9129068227669888,1.452109112975603,-0.9934521800987329
2236,3.9296114025906923,1.4264678225939862,-0.9932513314770671
2237,3.9351809827180277,1.417921660602841,-0.9931437593015843
2238,3.9407514548170446,1.409376265821364,-0.9930220035136867
2239,3.9518955822506983,1.3922878503694112,-0.9927460709830176
2240,3.9630446801236054,1.3752026433576192,-0.9924393303953234
2241,3.974199146512128,1.3581211324988387,-0.9921122556538493
2242,3.9853592880605366,1.341043219383954,-0.9917715943960337
2243,3.996525093742179,1.3239693768596448,-0.9914217667648991
2244,4.007696986674944,1.3068995097354503,-0.9910656035000177
2245,4.018875047059535,1.2898337097310104,-0.9907049694732188
2246,4.035653950213849,1.2642420130133991,-0.9901585786680337
2247,4.046847567649372,1.2471860221010769,-0.9897924851826457
2248,4.06364984372344,1.221609887063041,-0.9892427733950235
2249,4.080466045455893,1.1960430133369249,-0.9886932975161796
2250,4.097296259934533,1.1704855381832522,-0.988144331288702
2251,4.108524160514188,1.153452323984954,-0.9877783896397315
2252,4.119757712939687,1.1364230452563233,-0.987496809738961
2253,4.136615259337251,1.1108828404950648,-0.9873043089466089
2254,4.14785570923616,1.0938568152800972,-0.9872709558374927
2255,4.1590964302692655,1.0768307771207701,-0.9872845724267254
2256,4.175956481780585,1.0512910077985642,-0.9873607134537731
2257,4.18719511409961,1.0342637518655349,-0.987434811961688
2258,4.198432517126257,1.0172354928961633,-0.9875204892487088
2259,4.209668323192022,1.0002063239886985,-0.9876138151258068
2260,4.226518930367341,0.9746605136143509,-0.9877622689705498
2261,4.2377504867401035,0.9576286426787993,-0.9878641694390847
2262,4.248980345024997,0.94059562891789,-0.9879670665625897
2263,4.260208727719781,0.9235612104722499,-0.9880704824202736
2264,4.277047823929433,0.8980072217869377,-0.9882264338316669
2265,4.288271599233724,0.880969805730653,-0.9883311328590142
2266,4.299493480340039,0.8639314176607485,-0.9884364029635847
2267,4.310713722803748,0.8468917769304811,-0.9885421044642664
2268,4.327540600125615,0.8213301858334258,-0.9887009152865843
2269,4.338756157445133,0.8042876440983541,-0.9888065308785957
2270,4.349969839234321,0.7872441528360751,-0.9889115910577185
2271,4.3611819695619465,0.7701992933321993,-0.9890158698943472
2272,4.372392312830648,0.7531531285315168,-0.989119359231127
2273,4.389204572076088,0.7275814400849007,-0.9892739210795048
2274,4.394807784729204,0.719057065440849,-0.9893254999716959
2275,4.400410561139945,0.7105324222486681,-0.9893771459392792
2276,4.4060129275543485,0.7020074508179829,-0.9894288630933733
2277,4.417216157713906,0.684956760937073,-0.9895324609205548
2278,4.428417678422358,0.6679048194008962,-0.9896362087898589
2279,4.439617340437001,0.6508517581394756,-0.9897399450882862
2280,4.450815231021733,0.6337976005368628,-0.9898434381559398
2281,4.462011327753142,0.6167425215366793,-0.9899463807323439
2282,4.4788022848792615,0.5911574323937282,-0.990099159409886
2283,4.495589462577532,0.5655694288823129,-0.9902504176664124
2284,4.506778857205075,0.5485092442167888,-0.9903510940306761
2285,4.517966410232117,0.5314481704657077,-0.9904520240869836
2286,4.529152334351901,0.5143860743312731,-0.9905532998470225
2287,4.540336477789352,0.4973228254686652,-0.9906547551891242
2288,4.551518834111231,0.4802583000079729,-0.9907561944808247
2289,4.568288840729486,0.4546596125875585,-0.990907834900801
2290,4.585055165161188,0.4290586761703246,-0.9910581481499319
2291,4.601817938012054,0.40345477431931204,-0.9912066693021483
2292,4.61299095577101,0.3863839707248326,-0.9913049910537566
2293,4.624162384544355,0.36931211632419525,-0.9914033228963158
2294,4.635332027776497,0.3522393766207823,-0.9915018572849369
2295,4.646499966352248,0.33516542368234836,-0.9916005884427435
2296,4.657666089646042,0.3180904662541941,-0.991699540998529
2297,4.668830687210753,0.3010143536874973,-0.9917985962313858
2298,4.679993413723192,0.2839373278026049,-0.991897392412251
2299,4.69115448168713,0.2668591159575812,-0.9919955797786842
2300,4.707893040439638,0.24123973326172946,-0.9921413907138207
2301,4.719050147840436,0.22415869079826142,-0.9922378437322534
2302,4.730205686239495,0.20707633466964392,-0.9923340957381789
2303,4.746935645209859,0.1814510886466025,-0.9924787863200069
2304,4.758086906813451,0.1643663234506524,-0.9925756161288142
2305,4.7692365674920545,0.1472805501411031,-0.9926726577678594
2306,4.785957798785086,0.12164969660562837,-0.9928180836148246
2307,4.797103050106824,0.10456129615155117,-0.9929145698928645
2308,4.808246694060359,0.08747183926517652,-0.9930103592172884
2309,4.819388873141295,0.07038125599450117,-0.9931053692254667
2310,4.836099295736493,0.04474301125887474,-0.9932467781093306
2311,4.841668650831354,0.036196374877483395,-0.9932938239513003
2312,4.84723760098589,0.027649483854422587,-0.9933409001756462
2313,4.852806076072089,0.019102400045233933,-0.9933880325832917
2314,4.863941726699407,0.002007505741270369,-0.9934824813241889
2315,4.875075830864403,-0.015088515100417662,-0.9935771868537272
2316,4.886208353897792,-0.03218544985001937,-0.9936720860261284
2317,4.897339292393297,-0.04928351007494247,-0.9937669217116587
2318,4.9029040483276365,-0.05783279278039974,-0.9938142113618105
2319,4.914032360726939,-0.07493224729925131,-0.9939082318358728
2320,4.930721805223537,-0.10058345967512435,-0.9940476768288246
2321,4.9474080506339675,-0.1262374254745767,-0.9941857846302189
2322,4.9585303687608215,-0.1433413577938458,-0.9942777222423489
2323,4.9696509851332875,-0.16044622061858668,-0.9943698504736261
2324,4.9807698386495645,-0.1775520143247389,-0.9944622393502327
2325,4.99188717172096,-0.1946589228209387,-0.9945548307707068
2326,5.00856022741639,-0.22032108274482182,-0.9946938132664275
2327,5.025229572431397,-0.24598528190572402,-0.9948321001024311
2328,5.04189539773365,-0.2716518076992383,-0.9949687247668829
2329,5.053004163576161,-0.2887643675351703,-0.9950588531794134
2330,5.069664530817178,-0.3144352307306049,-0.9951935518120144
2331,5.086321378068152,-0.34010805399692196,-0.9953286765563581
2332,5.1029745973742,-0.3657832249278154,-0.99546434624354
2333,5.119624281092945,-0.3914606144068611,-0.9956002654699083
2334,5.1362703954320095,-0.4171397669888209,-0.995735688195977
2335,5.152913113234864,-0.44282127589718284,-0.9958695241953524
2336,5.164006441692892,-0.4599438313336513,-0.9959577271185661
2337,5.180643711263855,-0.4856296400609699,-0.9960893926091621
2338,5.19727757611372,-0.511317383467899,-0.9962213872974754
2339,5.213908049172096,-0.5370072553181827,-0.9963540050353118
2340,5.224992953421646,-0.5541350315498145,-0.9964425536808371
2341,5.2416175025607865,-0.5798285461405114,-0.9965752101898412
2342,5.258238614799215,-0.6055239985519623,-0.9967068250785454
2343,5.274856469382629,-0.6312217958559516,-0.9968367144175653
2344,5.285933368912342,-0.6483551633077993,-0.9969226205691109
2345,5.29700872544131,-0.6654894278561333,-0.9970084222151694
2346,5.313618904128277,-0.6911924039871026,-0.9971375547692447
2347,5.324690600726435,-0.7083288557851812,-0.9972240428351656
2348,5.335760722793444,-0.7254662836937386,-0.9973106746014212
2349,5.341295184979919,-0.7340353402070324,-0.9973539865714441
2350,5.352363024630559,-0.7511742251168068,-0.9974404682118948
2351,5.363429187631267,-0.7683137927684921,-0.997526493393764
2352,5.374494056159479,-0.7854544463338546,-0.9976118226847851
2353,5.385557543535595,-0.8025960638893893,-0.9976963990062875
2354,5.396619762193514,-0.819738933176192,-0.9977804120169305
2355,5.418739580196766,-0.8540273169710754,-0.997948216442581
2356,5.435325555277936,-0.8797457708547095,-0.9980747720370576
2357,5.451908396361175,-0.905466394468766,-0.9982018077461416
2358,5.4629617524463905,-0.9226145884010993,-0.9982864254076889
2359,5.479538800203135,-0.9483382837543861,-0.9984124931253168
2360,5.496112838059424,-0.9740643377818876,-0.9985369004847873
2361,5.512683975763558,-0.99979287179103,-0.9986600010757537
2362,5.523729548163113,-1.0169463084783021,-0.9987419385223384
2363,5.540295250445347,-1.0426779334424798,-0.9988653564545155
2364,5.556857696196407,-1.0684116661777068,-0.9989892229479181
2365,5.567897513004663,-1.085568560322573,-0.9990718899124676
2366,5.584454563555135,-1.1113054040703025,-0.9991955592253073
2367,5.601008382480186,-1.137044277042788,-0.9993178319137896
2368,5.617559259079691,-1.1627854835064522,-0.999438507472982
2369,5.628591612107926,-1.1799475670983008,-0.9995185395384396
2370,5.645137340650374,-1.2056922468879279,-0.9996385917707327
2371,5.661679908726171,-1.2314385726907016,-0.9997593562266881
2372,5.672706645160609,-1.248604033717714,-0.9998401795678293
2373,5.68373182974936,-1.2657702557256465,-0.9999210045843115
2374,5.700266963842071,-1.291521152797649,-1.000041639650315
2375,5.7167990601676095,-1.3172740326619508,-1.0001607449887353
2376,5.733328357421948,-1.34302926693846,-1.00027832514696
2377,5.74434621650528,-1.360200542014017,-1.0003564208489706
2378,5.760870440875626,-1.3859589820193174,-1.0004739798635716
2379,5.771884851583169,-1.403132118018087,-1.000552798890294
2380,5.7884039872936475,-1.4288937298482252,-1.0006713520734347
2381,5.799414878401406,-1.4460691124505674,-1.0007503139330922
2382,5.810424369109513,-1.4632452120176251,-1.0008289005541573
2383,5.82143252460651,-1.4804221559017672,-1.000906812736871
2384,5.832439575625619,-1.4976001449354062,-1.000983999960645
2385,5.837942615946551,-1.506189474531573,-1.0010223626315362
2386,5.848947840228701,-1.523369031006475,-1.0010988069708866
2387,5.854449824804125,-1.5319591351390913,-1.001136942947511
2388,5.859951412725286,-1.5405494160202444,-1.0011751049707356
2389,5.870953732031641,-1.557730563140649,-1.0012516821682678
2390,5.881954897443777,-1.574912181708494,-1.0013287434794935
2391,5.892954798136266,-1.5920947274837096,-1.0014060721433127
2392,5.903953210365491,-1.609278292705472,-1.0014833440727149
2393,5.91494996433091,-1.6264626352287537,-1.0015603354383704
2394,5.925945555154511,-1.643647698385054,-1.0016369148388549
2395,5.936940008634689,-1.6608334481058737,-1.0017128569764007
2396,5.953429424598975,-1.6866141663826744,-1.001825345719511
2397,5.9644206797150785,-1.703802491211087,-1.0018998593651451
2398,5.980905056045347,-1.7295865227035683,-1.0020118574439294
2399,5.991893103759459,-1.7467765348578426,-1.0020870354446743
2400,6.008372849804818,-1.7725632819170205,-1.002200270883444
2401,6.019357497982434,-1.7897554789265475,-1.0022757432365619
2402,6.030340820333228,-1.806948464686114,-1.0023509233252752
2403,6.046813376088942,-1.8327392690000206,-1.0024625674092185
2404,6.057793667091525,-1.8499343096752179,-1.0025361026757496
2405,6.068772825310843,-1.8671304004168587,-1.0026091125967644
2406,6.079750656125105,-1.8843273013395667,-1.002681971456501
2407,6.090727174964841,-1.9015249210215561,-1.0027550004753838
2408,6.107189471012052,-1.9273226902173977,-1.002865130217744
2409,6.118162946096006,-1.9445222532476751,-1.002938915877371
2410,6.129135008233527,-1.9617224652508236,-1.0030127496939683
2411,6.140105757074728,-1.9789235061569206,-1.0030863271022692
2412,6.151075059229585,-1.9961251618002003,-1.0031593326094468
2413,6.162043216117793,-2.0133278969287116,-1.0032315327078742
2414,6.173010216264956,-2.030531455803608,-1.0033030322384182
2415,6.183976318151993,-2.047735969062166,-1.0033741960670828
2416,6.20042294128718,-2.07354399802029,-1.0034809579306034
2417,6.211385640883911,-2.090750388465847,-1.0035523816031242
2418,6.227827262585189,-2.1165613196735564,-1.0036601150398756
2419,6.238787144123243,-2.133769419402798,-1.0037323002578407
2420,6.255224273879124,-2.1595829852296236,-1.0038400619581855
2421,6.271658275216946,-2.1853983284656344,-1.0039463190333753
2422,6.2880900627604275,-2.2112157082552337,-1.004051165504657
2423,6.299043233044428,-2.2284284441390585,-1.0041206898898305
2424,6.304519361751582,-2.237035023881595,-1.004155485172718
2425,6.315470515022257,-2.254248701577042,-1.0042252173549828
2426,6.326420436100837,-2.271463219921533,-1.0042952353810344
2427,6.337369135058866,-2.2886783251147516,-1.00436557537941
2428,6.348316734554905,-2.3058943266396548,-1.0044360502058083
2429,6.359262939927449,-2.323110853306249,-1.0045064050048007
2430,6.375680031217276,-2.348937017394174,-1.0046110425788448
2431,6.386623245676194,-2.3661555475887637,-1.0046798523184048
2432,6.397565382559142,-2.3833750471849755,-1.00474800153644
2433,6.408506517329668,-2.4005953504214155,-1.0048158859568406
2434,6.424915909415799,-2.4264270765477884,-1.0049178870941071
2435,6.435854016362945,-2.443649100638084,-1.0049862733224497
2436,6.446790812654352,-2.460871796105989,-1.0050549248614697
2437,6.46319383611927,-2.4867073167903997,-1.0051579987945367
2438,6.479594183741178,-2.512544194177199,-1.005260537964322
2439,6.495991748630341,-2.538382717937649,-1.0053616756163888
2440,6.506922209689667,-2.555609699678768,-1.005428260839662
2441,6.528779809553926,-2.590065943641461,-1.0055607642266917
2442,6.5397068213939304,-2.607294886052416,-1.0056273181863868
2443,6.556095150371916,-2.6331397096158575,-1.0057277193213061
2444,6.572480804190927,-2.6589862709646757,-1.0058284890646843
2445,6.583403076099984,-2.6762179954254646,-1.0058955578353905
2446,6.599784245433402,-2.702066971322372,-1.0059951329886638
2447,6.610703659913177,-2.7193005915357147,-1.0060606373734726
2448,6.627081060842005,-2.7451526762010685,-1.0061579917828163
2449,6.637997884831308,-2.7623884471115465,-1.0062227006880384
2450,6.654370719321542,-2.7882430891269117,-1.0063201940345634
2451,6.665284647681026,-2.805480430027539,-1.0063856311850652
2452,6.6816534078393,-2.831337657383991,-1.0064841870945327
2453,6.698019425469395,-2.8571962366512116,-1.0065824495895939
2454,6.708928688348307,-2.874436167959779,-1.006647287784
2455,6.7252906164515,-2.900297600361913,-1.0067431976601808
2456,6.7361973368866925,-2.917539643781499,-1.006806494710608
2457,6.752555408136286,-2.9434040857488273,-1.0069013220238572
2458,6.763459264225506,-2.960647670754404,-1.006964854949962
2459,6.77981303959451,-2.9865143895003423,-1.0070607645981133
2460,6.790714189889274,-3.003759737537213,-1.007124956593624
2461,6.796164343328871,-3.0123826484049196,-1.0071570257021834
2462,6.8070636859829685,-3.029628827384205,-1.0072208677678252
2463,6.817962042590471,-3.046875709523018,-1.0072841145799485
2464,6.834307418075468,-3.072747454553517,-1.007377461994162
2465,6.84520314245713,-3.0899964700060814,-1.0074389905250924
2466,6.856097886045085,-3.107246069036343,-1.0075005017632481
2467,6.872437973448149,-3.133121658441601,-1.0075932297830645
2468,6.888775540321844,-3.1589986039894824,-1.0076867568065042
2469,6.905110571212653,-3.184877108345227,-1.007780720931592
2470,6.9159992673819195,-3.2021301257129062,-1.0078432736437348
2471,6.9323301740565455,-3.228010835110278,-1.0079360963539434
2472,6.948658708577441,-3.253893311821846,-1.0080273189737095
2473,6.959543360815462,-3.2711493927774495,-1.0080876003717605
2474,6.975868372261038,-3.2970346529177537,-1.008178061221454
2475,6.992190791406631,-3.3229210715592012,-1.0082691100868417
2476,7.008510770240324,-3.348809104725601,-1.0083606807791392
2477,7.024828468091626,-3.374698470994935,-1.0084522951855326
2478,7.035705416248362,-3.3919586650373086,-1.0085128538691244
2479,7.0465814619450065,-3.409219640684432,-1.0085727183295523
2480,7.062893660552746,-3.4351126015204243,-1.0086611662947245
2481,7.073767390901313,-3.4523755878959768,-1.0087197055946762
2482,7.090075990796796,-3.478271049156847,-1.0088076990003114
2483,7.106382020848513,-3.5041677495262546,-1.0088963360922922
2484,7.122685953621346,-3.5300659101197613,-1.0089857847649462
2485,7.133553827410542,-3.547332103460258,-1.0090454217515377
2486,7.155286281315916,-3.5818661482870198,-1.0091633651436795
2487,7.166151155879654,-3.5991343237485234,-1.0092213555356109
2488,7.182446895452628,-3.6250380658436163,-1.0093075753658807
2489,7.193309378627457,-3.6423079844681228,-1.009364971541765
2490,7.209601110435434,-3.6682138618185043,-1.0094516004934238
2491,7.220461008573448,-3.6854850629586853,-1.0095098180439979
2492,7.23674900721518,-3.7113932874259814,-1.009597434765305
2493,7.24760630261556,-3.728666064107055,-1.0096556973788293
2494,7.258462501435859,-3.745939355229765,-1.009713464626602
2495,7.274745122995578,-3.771850629161992,-1.0097988572207912
2496,7.285599095920348,-3.7891258079650307,-1.0098550560889399
2497,7.301878411174733,-3.81503989384457,-1.00993906612029
2498,7.312729969747872,-3.8323165060111206,-1.0099953115614693
2499,7.323580416105982,-3.849593825148964,-1.0100518415735213
2500,7.3290052559639385,-3.8582326564446934,-1.0100802379756737
2501,7.339854311517996,-3.875510886228637,-1.0101372132573085
2502,7.345278400279711,-3.8841501194362325,-1.0101657357078513
2503,7.350702305761362,-3.892789520693742,-1.010194253113574
2504,7.361549414004931,-3.9100686402476352,-1.01025102541179
2505,7.372395339479212,-3.9273483039508275,-1.010307082811473
2506,7.383240420962376,-3.9446288544898866,-1.0103623535354893
2507,7.399506522216548,-3.9705510398382384,-1.0104443631807154
2508,7.415770537473144,-3.9964746019003234,-1.0105262870732732
2509,7.426611874627529,-4.013757691068965,-1.0105812112500208
2510,7.437452224934587,-4.0310412180680775,-1.010636528510979
2511,7.453711086254837,-4.056967559390056,-1.0107200664680758
2512,7.469967647602009,-4.082895277656131,-1.0108033710960256
2513,7.486221834056412,-4.108824130321889,-1.0108854033748522
2514,7.497056967705854,-4.126110924479225,-1.010939238271367
2515,7.513308261372897,-4.152042581416451,-1.0110191391510333
2516,7.5295573046282325,-4.177975377039526,-1.0110990216648947
2517,7.5458040145721865,-4.2039093272758175,-1.011179675132545
2518,7.5566341945829505,-4.221199405133763,-1.0112339394608614
2519,7.567463268842886,-4.238490025671048,-1.0112883017026202
2520,7.578291369113798,-4.2557811398676115,-1.011342510720007
2521,7.589118463517194,-4.273072548056191,-1.0113963003179705
2522,7.59994473016209,-4.290364791998465,-1.0114493818158905
2523,7.6107701104605825,-4.30765780710587,-1.0115017977956011
2524,7.621594799873275,-4.324951608446775,-1.0115489747378612
2525,7.6324186058373265,-4.342245669041466,-1.0115886306131299
2526,7.648653195189843,-4.368187274741795,-1.0116399159814518
2527,7.659475433048441,-4.385482180348999,-1.01167366137108
2528,7.670297049343074,-4.40277743001191,-1.0117101918249964
2529,7.681118031844196,-4.420073081392967,-1.011748427866549
2530,7.691938185465964,-4.437368970368075,-1.0117882859997347
2531,7.702757657155284,-4.454665308653154,-1.0118330870466723
2532,7.71898547786466,-4.480611004041244,-1.011906559441311
2533,7.72439441911781,-4.489259989717737,-1.011933002463389
2534,7.740619828865131,-4.515207761211037,-1.0120228615964073
2535,7.7514353061530565,-4.532507224640253,-1.0120888509236334
2536,7.762249467555556,-4.549807164538696,-1.0121617478821725
2537,7.778468309390292,-4.575758623101163,-1.012284999163056
2538,7.789279078053725,-4.593060875221871,-1.0123727615000755
2539,7.800088151077446,-4.6103638617849745,-1.0124629721847935
2540,7.8108956923752775,-4.627667827529617,-1.0125544310770827
2541,7.821701594772123,-4.644972721895253,-1.0126463671533306
2542,7.82710404786885,-4.653625696269135,-1.012693428410907
2543,7.83790781479259,-4.670932590847528,-1.012792775880292
2544,7.848709793159799,-4.688240656242856,-1.0128972285997255
2545,7.8649091676123275,-4.714204586359701,-1.0130604161201415
2546,7.875698969717189,-4.731503460269436,-1.0131741913771442
2547,7.891864660282792,-4.757430191855513,-1.013369869871738
2548,7.9023737733350385,-4.774280809371817,-1.0121679457412058
2549,7.917685501176436,-4.798511979115874,-1.0000713328796966
2550,7.9332637296625865,-4.822579220691825,-0.9935757365902474
2551,7.9483792223195175,-4.845794470853832,-0.9943654502582813
2552,7.963434798494804,-4.868978405801383,-0.9953708254251087
2553,7.97770102210564,-4.891044318191263,-0.9989713042205789
2554,7.991847677105207,-4.9130868840201884,-1.0015297893239596
2555,8.000844165108608,-4.927179686123238,-1.0044923408056905
2556,8.014208127462787,-4.948281728585756,-1.0080758042103861
2557,8.023079902971006,-4.962369186513209,-1.0096283875499208
2558,8.031364288596821,-4.975580487482791,-1.0125591043396802
2559,8.043645639647105,-4.99532286967957,-1.0161475236953188
2560,8.055732385990929,-5.014879960286453,-1.0183834618668368
2561,8.06744580017411,-5.033913035215376,-1.0199027924576183
2562,8.075218503792515,-5.046580645498545,-1.0213452360467916
2563,8.086329840503163,-5.064835949024256,-1.0274906545295652
2564,8.093517300808825,-5.076774392322023,-1.030824487259787
2565,8.103935554823982,-5.094249096095727,-1.0357357068533946
2566,8.113819588225093,-5.111005010773532,-1.0403998767241334
2567,8.120352828904647,-5.122170856378208,-1.042651668912306
2568,8.129675558188058,-5.138213965842629,-1.0465311097277623
2569,8.138919905396211,-5.154250522329671,-1.0492799167229123
2570,8.14494278388659,-5.164747375202811,-1.0506284446788718
2571,8.15371638241061,-5.180090961786326,-1.0522789610639232
2572,8.162463925818876,-5.195445064407344,-1.0536781802252642
2573,8.170826239331586,-5.210168701558533,-1.0549785787287103
2574,8.179149248099607,-5.224866263823299,-1.056260747553145
2575,8.184460729653036,-5.234269648252588,-1.0571273148346412
2576,8.187103919711305,-5.23895657438216,-1.0575710239879377
2577,8.189744786113671,-5.2436442017552345,-1.0580201675232175
2578,8.195020076418709,-5.253022390812499,-1.0589310314731009
2579,8.200286944728424,-5.26240532705754,-1.059853857558094
2580,8.20554496035188,-5.271793169720611,-1.060784479670745
2581,8.210794075008097,-5.281186236726288,-1.0617201256342843
2582,8.216034435096045,-5.29058400760435,-1.0626591395725582
2583,8.221051691976239,-5.2996008988180385,-1.0636162452125193
2584,8.226042036739045,-5.308590403906368,-1.0646017718406051
2585,8.231022647029578,-5.317584072552774,-1.0656057844660276
2586,8.235994254304291,-5.326582537239766,-1.0666219840988829
2587,8.243434829621307,-5.340089821747942,-1.0681603754236433
2588,8.248631904176882,-5.349556654740981,-1.0695669005634694
2589,8.255498383066337,-5.36214859134507,-1.074195931439806
2590,8.262235168655252,-5.374629399208675,-1.0777221840537416
2591,8.266324222814895,-5.382259516053932,-1.080534845139895
2592,8.27035949483274,-5.389840983693791,-1.0831359744902191
2593,8.278374416172985,-5.405025726592784,-1.0873158467240316
2594,8.282150952754892,-5.4122316342631,-1.0891471000453838
2595,8.285896651752347,-5.419411237816707,-1.0909223944711635
2596,8.29113731487702,-5.429510631126481,-1.0936482831133514
2597,8.294602671467125,-5.43622626238263,-1.0955427233810062
2598,8.297953041929098,-5.442749577501159,-1.097510580461028
2599,8.302940704560333,-5.4525226830303914,-1.1006042141179782
2600,8.306128908287945,-5.458810312204745,-1.102770575196916
2601,8.309293654282673,-5.465085344348006,-1.105036898927529
2602,8.313951244718327,-5.47438695114943,-1.1085652952633829
2603,8.318419414368524,-5.483393157049558,-1.112333139770971
2604,8.322664060786245,-5.492032018624434,-1.1163905398649838
2605,8.325413653498519,-5.497677224495929,-1.119264502458875
2606,8.329399531043995,-5.505939567083401,-1.1239000568892725
2607,8.333303592121618,-5.514131668564805,-1.1287983050817423
2608,8.337062779492083,-5.5221220695239435,-1.134023336360979
2609,8.34077862046959,-5.530132121013621,-1.1394676346123878
2610,8.343132327982893,-5.535267795169439,-1.1432561432070487
2611,8.34776401954829,-5.545531907856323,-1.1512899437317115
2612,8.348908908138494,-5.548103730204034,-1.1533556450765432
2613,8.351182848957897,-5.553254844322238,-1.1575278654403118
2614,8.353346390699722,-5.558212928040723,-1.161846053625091
2615,8.355481096475536,-5.563164340861278,-1.1663540487291593
2616,8.357593447059621,-5.568125408675817,-1.1709853070887648
2617,8.359682793878134,-5.573096248244569,-1.1756965172601221
2618,8.361748382826018,-5.578077392811744,-1.1804594677475961
2619,8.36480201120384,-5.585567710354017,-1.1876635211274893
2620,8.368789778624663,-5.595588828760837,-1.1973303306152492
2621,8.37171656540355,-5.603130057415024,-1.2046045795566813
2622,8.3745885266385,-5.610692370340322,-1.2118910841191968
2623,8.377405627480577,-5.618275375112905,-1.219186537386251
2624,8.380166887108777,-5.625878968768923,-1.2264891891809029
2625,8.38376240814913,-5.636048064453212,-1.2362366816406372
2626,8.386393860706836,-5.6436977034486135,-1.2435550012867478
2627,8.388969240709304,-5.651366441721895,-1.250879992783809
2628,8.3914885063671,-5.659053766807954,-1.258211967248253
2629,8.393951268303082,-5.66675936153768,-1.2655511723685053
2630,8.396357422414384,-5.674483093489951,-1.2728980737630193
2631,8.398706824829144,-5.682224321792862,-1.2802533159396063
2632,8.40099928632356,-5.689982756261987,-1.2876176035121214
2633,8.40323455719481,-5.697758086759242,-1.294991626528581
2634,8.405412486524112,-5.705549981292812,-1.302376108056523
2635,8.407532865596295,-5.713357821876902,-1.3097716859903688
2636,8.409595535362527,-5.7211812718289945,-1.317178917104704
2637,8.411600101632748,-5.729020095429516,-1.3245981058434069
2638,8.41354631979272,-5.736873699568977,-1.332029546042737
2639,8.415434645438276,-5.744741309144929,-1.339473901569756
2640,8.417264065696568,-5.752623042603443,-1.3469310922896534
2641,8.41903464451193,-5.760518416458825,-1.3544015345058145
2642,8.420746329949194,-5.7684268617702195,-1.3618857295328755
2643,8.42239875609537,-5.776348032149674,-1.3693840595479874
2644,8.4239917340056,-5.784281567544801,-1.37689702131066
2645,8.425525114972135,-5.79222709380364,-1.3844250807529332
2646,8.426998688896816,-5.80018411742907,-1.3919686958694892
2647,8.428412199009138,-5.808152121089443,-1.3995282493244634
2648,8.429765441516397,-5.816130704725281,-1.4071040993025405
2649,8.431058146241527,-5.824119494731436,-1.4146965516444117
2650,8.43229022257728,-5.8321178450548725,-1.422306032993648
2651,8.433461327443608,-5.840125291248662,-1.4299329246389665
2652,8.434571352932554,-5.848141619458615,-1.4375777237754752
2653,8.435620044959297,-5.8561662807299415,-1.4452409361506782
2654,8.436607236383463,-5.864198742226659,-1.4529231390433712
2655,8.437231048891272,-5.869557937214902,-1.4580554086370914
2656,8.43782735568433,-5.874920290397231,-1.4631964988980646
2657,8.438396137265613,-5.88028571011588,-1.4683465868736774
2658,8.438937263135374,-5.885654069729252,-1.473505752086108
2659,8.439697093151405,-5.893711763012283,-1.481261822428304
2660,8.440394326431237,-5.901775281671091,-1.4890389057862068
2661,8.44102877871074,-5.909844138371164,-1.496837247760691
2662,8.441443432047121,-5.915612516704961,-1.502223219589365
2663,8.44166531986895,-5.91891764140133,-1.5118132025974327
2664,8.441668425650418,-5.918952910678134,-1.517487116997134
2665,8.441669281035704,-5.918968785200631,-1.5205774812003416
2666,8.441669424780692,-5.918975461295518,-1.521476054554382
2667,8.44166934243589,-5.918979585066437,-1.5218375704404257
2668,8.441669792352371,-5.91898214861549,-1.5219391973648677
2669,8.441669860464888,-5.918984802916831,-1.521914598323527
2670,8.44166974702383,-5.918987572514265,-1.5218286374700964
2671,8.441670018507851,-5.918989751280441,-1.5217132126825446
2672,8.441670137796308,-5.918992079224804,-1.5215834328687519
2673,8.441670168584603,-5.918994473931486,-1.5214467456567944
2674,8.44167027457331,-5.918996716256041,-1.5213068501836426
2675,8.441670461627403,-5.918998959534485,-1.521165496278159
2676,8.44167025825322,-5.91900131107498,-1.5210233183484216
2677,8.441670508125117,-5.919003611677,-1.5208811122799728
2678,8.441670781727833,-5.919005847672962,-1.5207389200508672
2679,8.441670763189897,-5.919008091366967,-1.5205966746842412
2680,8.441670985569427,-5.9190111632151385,-1.5204073036215553
2681,8.441670967995266,-5.919013470622229,-1.520265366696178
2682,8.44167115177994,-5.919015799238413,-1.5201236833233622
2683,8.441671232939553,-5.919018016577678,-1.5199821282770707
2684,8.44167130275243,-5.919020335400958,-1.5198407379755619
2685,8.441671377860578,-5.919022651350789,-1.5196995164245708
2686,8.441671620854416,-5.919024967158127,-1.5195585533773255
2687,8.44167166852629,-5.919027203955518,-1.5194176906565593
2688,8.441671664224904,-5.919029551564398,-1.5192769637494703
2689,8.441671799344252,-5.9190319081071054,-1.5191364857651615
2690,8.441671934235204,-5.919034169983075,-1.5189961938874608
2691,8.44167198401065,-5.919036384617384,-1.5188560452904996
2692,8.441672159334491,-5.919038790440077,-1.5187161381294094
2693,8.441672343831886,-5.919041105561798,-1.5185764275232323
2694,8.441672401253392,-5.919043357799431,-1.5184368376950725
2695,8.441672411752736,-5.919045656342062,-1.5182974211530789
2696,8.441672587032867,-5.919048006656839,-1.5181582574535246
2697,8.441672691752391,-5.919050292870941,-1.5180192681536797
2698,8.44167281321407,-5.919052590436119,-1.5178804700948536
2699,8.441672827915172,-5.919054187074678,-1.517788016441747
2700,8.441672886392743,-5.919055663605593,-1.5176956718942043
2701,8.441673036495578,-5.919057298884104,-1.5176034506383698
2702,8.441673162221303,-5.919058770911627,-1.5175113117050412
2703,8.441673225841347,-5.9190610925950375,-1.5173732139442084
2704,8.441673219153637,-5.9190634710330725,-1.5172352607183242
2705,8.44167336804447,-5.919065747278915,-1.5170975888799623
2706,8.441673580531976,-5.919068808601848,-1.516914347899604
2707,8.441673654237446,-5.919071124321457,-1.516777108123349
2708,8.441673730559476,-5.91907350680459,-1.5166400766614894
2709,8.441673852954207,-5.919075007403415,-1.5165488679192527
2710,8.441673979302033,-5.9190773467928866,-1.516412199738457
2711,8.441674038960638,-5.919079705946039,-1.5162756967898863
2712,8.441674178927258,-5.919082844999162,-1.5160940459402856
2713,8.441674334054674,-5.919085154647833,-1.5159580781273505
2714,8.441674440777177,-5.919088239888936,-1.515777062810198
2715,8.441674581264913,-5.919090537598501,-1.5156415812572566
2716,8.441674717635024,-5.919092872087682,-1.5155063001732805
2717,8.441674825522497,-5.919095259484116,-1.515371221648607
2718,8.441674921731344,-5.919097628793097,-1.5152363530786597
2719,8.441675050946273,-5.919099891552865,-1.5151017126319035
2720,8.441675168996587,-5.919102213705744,-1.5149672803463672
2721,8.441675249511224,-5.91910463723865,-1.5148330437181892
2722,8.441675443778426,-5.919106918128159,-1.5146990857793061
2723,8.441675544939141,-5.919109268931792,-1.5145653072387755
2724,8.441675623992769,-5.919111626657801,-1.514431729511461
2725,8.441675730966141,-5.919113999948023,-1.514298379428111
2726,8.441675912920356,-5.919116277331429,-1.5141652977752955
2727,8.441676008938149,-5.919118668408166,-1.514032393282272
2728,8.441676106585774,-5.919121041576894,-1.5138997088460955
2729,8.441676326577053,-5.919123382123675,-1.5137673116788906
2730,8.441676375690609,-5.919125703049885,-1.5136350606636386
2731,8.441676443983804,-5.919128091358083,-1.5135030336168043
2732,8.441676598483891,-5.919130453266992,-1.513371269694203
2733,8.441676750398527,-5.919132771670589,-1.5132397385604506
2734,8.441676852268664,-5.919135117412778,-1.5131084186064536
2735,8.441676959970106,-5.9191375429776185,-1.5129773167569682
2736,8.441677070619024,-5.919139894380599,-1.5128464510798332
2737,8.441677180474795,-5.919142220667754,-1.5127158144390505
2738,8.441677404312593,-5.919144557171063,-1.5125854730521857
2739,8.441677496546928,-5.919147018771125,-1.5124552889290996
2740,8.44167759688626,-5.919150143499053,-1.5122820623551179
2741,8.44167777452177,-5.919152463186397,-1.5121524667898418
2742,8.441677942898066,-5.91915481847089,-1.5120231037618277
2743,8.44167798561402,-5.919156467767341,-1.5119369574619401
2744,8.44167803415829,-5.919157976085445,-1.5118509225991987
2745,8.441678094248843,-5.919159640496072,-1.5117649850977501
2746,8.44167815891884,-5.919161145549838,-1.511679171280426
2747,8.441678321325677,-5.919162785927914,-1.5115934905447215
2748,8.441678432143618,-5.919165088870634,-1.51146512046332
2749,8.44167852249518,-5.919167469971856,-1.5113369819139635
2750,8.441678714154067,-5.9191706926289,-1.5111665201550732
2751,8.441678755929338,-5.9191739342547205,-1.5109964084122312
2752,8.441679166821888,-5.919176225633961,-1.5108692872644334
2753,8.441679112176285,-5.919178549204733,-1.5107422021449548
2754,8.441679165016438,-5.919181024607627,-1.5106153964304672
2755,8.441679379749147,-5.919182562874348,-1.5105310749568301
2756,8.441679565097834,-5.91918417854887,-1.5104468543107796
2757,8.441679615942352,-5.919186592645519,-1.5103206232188833
2758,8.441679658608685,-5.919188883543994,-1.5101946225192793
2759,8.4416798654528,-5.919191320947038,-1.5100689458249068
2760,8.441680113497217,-5.919193741375476,-1.5099435394198673
2761,8.441679969335608,-5.919196179001206,-1.5098181743699524
2762,8.441680130409141,-5.919198510173288,-1.509693199145204
2763,8.441680550803708,-5.919200863388213,-1.5095686326537483
2764,8.441680376365058,-5.9192032993998485,-1.5094439926311627
2765,8.441680603957343,-5.919205687764137,-1.509319786450263
2766,8.441680883681853,-5.91920805281983,-1.5091958656385396
2767,8.441680922792807,-5.9192104795886875,-1.5090720822282169
2768,8.441680927531305,-5.9192128534343125,-1.5089485278024124
2769,8.441681230899338,-5.9192152623612415,-1.5088253586450369
2770,8.441681409539031,-5.9192177032160815,-1.5087023872465126
2771,8.441681476512205,-5.919220026833129,-1.508579614239676
2772,8.44168157760891,-5.9192224404150995,-1.5084571066061172
2773,8.441681812783997,-5.91922489791218,-1.508334908369674
2774,8.441681874336748,-5.919227305376941,-1.5082128848317677
2775,8.44168204468041,-5.919229626325256,-1.508091166406365
2776,8.441682209749775,-5.919232116801538,-1.507969692220917
2777,8.441682336512327,-5.919234535169948,-1.5078484528751266
2778,8.441682429760391,-5.919236911767551,-1.5077274487246017
2779,8.44168256511751,-5.91923929711436,-1.5076067239465891
2780,8.44168271124324,-5.91924170983907,-1.5074862511466325
2781,8.441682904402333,-5.919244178602353,-1.5073660529686514
2782,8.441682962199163,-5.9192474276025635,-1.5072060882742202
2783,8.44168315855259,-5.919249795502193,-1.5070864852757162
2784,8.441683309886747,-5.919252167918107,-1.5069671217697227
2785,8.441683528486108,-5.91925464294888,-1.5068480375337467
2786,8.441683707940788,-5.919257056264958,-1.5067292066258309
2787,8.441683725303221,-5.9192587066292415,-1.5066500748309073
2788,8.441683763041832,-5.919260308147071,-1.5065710610634504
2789,8.441683910792392,-5.919261877421686,-1.5064922178122795
2790,8.44168404291424,-5.919263504929464,-1.5064134770628523
2791,8.44168414858103,-5.919265948501491,-1.5062955462121452
2792,8.441684307821443,-5.919268334084514,-1.5061778941901356
2793,8.441684442450658,-5.919270777440093,-1.5060604786049745
2794,8.441684583292526,-5.919273266348643,-1.5059433320242457
2795,8.441684742915504,-5.919275623869643,-1.5058264550673333
2796,8.441684889300728,-5.91927804504312,-1.5057098242523475
2797,8.441684952104831,-5.9192805561006505,-1.505593407046905
2798,8.441685138957478,-5.919282968817454,-1.5054773130955414
2799,8.441685331311353,-5.919285336581769,-1.5053614771467183
2800,8.44168547786056,-5.919287798325056,-1.5052458891876144
2801,8.441685633470314,-5.919290331362449,-1.5051305570104774
2802,8.441685806392233,-5.91929273514457,-1.5050154964117357
2803,8.441685860847992,-5.919294253576317,-1.5049389073554922
2804,8.44168593963001,-5.919295952338456,-1.5048624367141161
2805,8.441686192690167,-5.919298388832411,-1.5047480215123747
2806,8.441686358043594,-5.919301611182662,-1.504595794678658
2807,8.44168642099256,-5.919304862761945,-1.5044439729730739
2808,8.441686700618712,-5.919307379167484,-1.504330516830271
2809,8.441686955579762,-5.9193098214598034,-1.5042173218776391
2810,8.441686927910995,-5.919312304686661,-1.5041042405998153
2811,8.441687027293284,-5.919314689768407,-1.5039914804057164
2812,8.441687240422334,-5.919317108299406,-1.5038790376784894
2813,8.441687515227361,-5.9193195564221845,-1.5037668951441474
2814,8.44168762679596,-5.919322102875821,-1.5036549295031774
2815,8.441687705116566,-5.919324496695761,-1.5035432159125364
2816,8.441687988281648,-5.919326881988423,-1.5034318486357556
2817,8.441688037921793,-5.919329441260318,-1.5033206434994488
2818,8.441688178345489,-5.9193318924659355,-1.5032097339771435
2819,8.441688442943393,-5.919334303932508,-1.5030991519047379
2820,8.441688540625252,-5.919336736707079,-1.50298875651637
2821,8.44168861320799,-5.919339273727072,-1.5028785933741469
2822,8.441688827357506,-5.919341732159321,-1.5027687712931648
2823,8.441689038625462,-5.919344146584161,-1.5026592124106235
2824,8.441689159761381,-5.919346570561185,-1.5025498722618493
2825,8.441689275224915,-5.919349133827096,-1.5024407825219235
2826,8.441689489820625,-5.919351536525457,-1.502332008891328
2827,8.441689698377102,-5.919353979322845,-1.502223496883718
2828,8.441689806339541,-5.919356476309252,-1.5021151994256239
2829,8.441689897039838,-5.919358999551657,-1.5020071443218577
2830,8.441690123506413,-5.9193613929585105,-1.5018994275093673
2831,8.441690340519175,-5.919363865042609,-1.5017919678056748
2832,8.441690413734461,-5.919365551280387,-1.501720439740128
2833,8.441690464432886,-5.919367180855176,-1.5016490172913035
2834,8.441690546092566,-5.919368867569085,-1.501577717815325
2835,8.441690697670523,-5.919370503612628,-1.5015065768155758
2836,8.441690937063589,-5.919373013840802,-1.5014000863793706
2837,8.441691047711902,-5.919375454767713,-1.5012938005250467
2838,8.441691138685119,-5.919377070235047,-1.5012230987354909
2839,8.441691295560963,-5.919379608065929,-1.501117261746043
2840,8.441691442290178,-5.919382076146612,-1.5010116894677594
2841,8.441691611382803,-5.919384514693978,-1.500906386675654
2842,8.441691798043035,-5.919386979835975,-1.5008013571068815
2843,8.441691932362565,-5.919389571471039,-1.5006965518438247
2844,8.441692113815328,-5.919392035577977,-1.5005920417514573
2845,8.441692341248947,-5.919395291807586,-1.5004530974375945
2846,8.441692560571171,-5.919398677309365,-1.5003146084400383
2847,8.441692720211666,-5.919401040314,-1.500211048640241
2848,8.44169289911165,-5.919403582945353,-1.5001077604603736
2849,8.441693074925395,-5.9194061298685385,-1.500004728429256
2850,8.441693207132817,-5.91940775909255,-1.4999361919755176
2851,8.441693300540638,-5.919410170436257,-1.4998335566260328
2852,8.441693559543738,-5.91941273411403,-1.499731261887025
2853,8.441693772183237,-5.919415273371442,-1.4996291990583839
2854,8.441693735163112,-5.919417744038286,-1.4995272920366067
2855,8.44169396040296,-5.919420204806871,-1.4994257549712833
2856,8.441694195532218,-5.919422673135784,-1.4993244867850437
2857,8.441694370444791,-5.919425212419598,-1.499223451378295
2858,8.441694539887237,-5.919427731876679,-1.499122680752965
2859,8.441694707761233,-5.9194301560955624,-1.4990221681951839
2860,8.441694868430321,-5.919432699615026,-1.49892190791712
2861,8.441695139684935,-5.919435254861547,-1.4988219642424248
2862,8.441695241223409,-5.919437718391258,-1.4987222038689996
2863,8.441695379024944,-5.919440172855627,-1.498622712073727
2864,8.44169556690985,-5.919442736432401,-1.4985234989827063
2865,8.441695848073977,-5.919445282923445,-1.4984245953709663
2866,8.441695729080479,-5.919447789716039,-1.4983257530086178
2867,8.441695948223018,-5.919450285036768,-1.4982273225546903
2868,8.441696337975298,-5.91945276837584,-1.498129242234757
2869,8.441696440210633,-5.919455265750498,-1.4980312990859246
2870,8.44169649227361,-5.9194577569768505,-1.4979335766913977
2871,8.44169671671021,-5.919460340077101,-1.49783618646071
2872,8.441696934038706,-5.919462822104327,-1.4977390561532276
2873,8.44169719315262,-5.919465304406011,-1.4976422140232095
2874,8.441697285770248,-5.919467824629372,-1.497545545839578
2875,8.441697472205666,-5.919470348187517,-1.4974491680245114
2876,8.44169764022566,-5.919471985006606,-1.4973850886001343
2877,8.44169777045286,-5.919473757705902,-1.4973210967530153
2878,8.441697883222423,-5.919475377280269,-1.4972572223592726
2879,8.44169799444028,-5.919477893975804,-1.4971615860362317
2880,8.44169822218628,-5.9194804520468,-1.4970662544063242
2881,8.441698450543102,-5.919482944078375,-1.49697118994455
2882,8.441698621510513,-5.919486294657551,-1.4968447704935723
2883,8.441698888599628,-5.919488846319592,-1.4967503144089849
2884,8.441698980691575,-5.919491413758446,-1.4966560357704042
2885,8.44169912306545,-5.919493909582078,-1.4965620313954708
2886,8.441699357175656,-5.919496392458606,-1.496468327270388
2887,8.44169956566326,-5.919498987440096,-1.4963748632481866
2888,8.441699636914214,-5.919501525344125,-1.4962815843777244
2889,8.441699899752809,-5.919504002900094,-1.4961886523421968
2890,8.441700070329548,-5.919506564292435,-1.4960959338742494
2891,8.441700247798652,-5.919509086480287,-1.4960034681403556
2892,8.441700401162349,-5.9195116172761395,-1.495911238478786
2893,8.44170057548568,-5.91951415943956,-1.4958192782202582
2894,8.441700778058193,-5.919516657270323,-1.4957275830769874
2895,8.441700997391797,-5.919519204386696,-1.49563614582368
2896,8.441701150223771,-5.919521821486929,-1.4955449229789113
2897,8.441701353838715,-5.919524320865767,-1.4954539844706407
2898,8.441701434252787,-5.919525980947502,-1.4953934711965915
2899,8.441701618311551,-5.919528578888798,-1.4953029307761028
2900,8.441701844752593,-5.919531106114723,-1.4952126695705898
2901,8.441702111646203,-5.919534467508425,-1.4950926888437202
2902,8.44170221436975,-5.919536998821428,-1.4950029579682311
2903,8.441702392132493,-5.919539535689197,-1.494913506262989
2904,8.4417027072215,-5.919542121766813,-1.4948243619153987
2905,8.441702832494101,-5.919544630377914,-1.494735388496493
2906,8.441702947537042,-5.919547186690279,-1.4946466504101426
2907,8.441703194871764,-5.9195497712110825,-1.494558217232038
2908,8.441703417668181,-5.919552281865152,-1.4944700327140494
2909,8.441703561217265,-5.919554817660941,-1.4943820566636579
2910,8.441703715857571,-5.919557389232159,-1.4942943248330633
2911,8.441703973923378,-5.919559968594412,-1.494206889196175
2912,8.441704200311452,-5.919562464270791,-1.4941196965791546
2913,8.441704345870448,-5.919565032731901,-1.4940327102437199
2914,8.441704476968567,-5.919567632906395,-1.4939459480745103
2915,8.441704694653483,-5.919570176190238,-1.4938594772466214
2916,8.441704951930353,-5.91957270709275,-1.4937732773014551
2917,8.441705049569535,-5.919575283222361,-1.4936872448036482
2918,8.441705328872185,-5.919577868554696,-1.4936015350282554
2919,8.441705339281977,-5.919580488197173,-1.4935159430250882
2920,8.441705357381563,-5.91958220196819,-1.4934590196283268
2921,8.441705705224928,-5.919583868485493,-1.4934023535981076
2922,8.44170599983616,-5.9195855394939345,-1.4933457839772815
2923,8.441705998586272,-5.9195871610265245,-1.4932891912847148
2924,8.441706026667498,-5.9195898037705525,-1.4932044942109441
2925,8.441706245532659,-5.919591504906707,-1.4931482608053221
2926,8.441706534430633,-5.9195940623900425,-1.49306410287761
2927,8.441706659231514,-5.919596640277544,-1.4929800993659603
2928,8.441706704614688,-5.919599275581581,-1.4928962898077374
2929,8.441707071358083,-5.919601786783075,-1.4928128823167575
2930,8.441707285645155,-5.919604276733601,-1.492729656018766
2931,8.441707415319682,-5.919606925000402,-1.4926466177283273
2932,8.441707578775597,-5.919609527360227,-1.4925638274201438
2933,8.441707859748783,-5.919612019874283,-1.4924813434710367
2934,8.441708107639005,-5.9196154257011235,-1.492371673726653
2935,8.441708241154236,-5.9196180279601345,-1.492289672304059
2936,8.441708465591672,-5.919620623735718,-1.492207951530846
2937,8.4417087505223,-5.919623195657265,-1.4921264966295884
2938,8.441708912180575,-5.91962574004785,-1.4920452272635756
2939,8.441709080008506,-5.919628325033107,-1.4919641892227555
2940,8.441709269449683,-5.919630934139534,-1.4918833916082541
2941,8.4417094557844,-5.919633532399298,-1.4918028339848142
2942,8.441709682394302,-5.919636024700221,-1.4917225365672104
2943,8.441709890316757,-5.919638619757011,-1.4916424591494635
2944,8.44171002605139,-5.919641256190947,-1.4915625771340786
2945,8.441710204061154,-5.919642914219093,-1.4915095035315458
2946,8.441710376363785,-5.919644711836573,-1.491456520383623
2947,8.441710516043129,-5.9196472607288815,-1.4913771915306528
2948,8.441710885868943,-5.9196506861851965,-1.4912718713910278
2949,8.44171108924779,-5.919653292685149,-1.491193125003565
2950,8.44171120646371,-5.919655921604814,-1.491114556102509
2951,8.441711327949628,-5.919658469554691,-1.4910362188101607
2952,8.441711624885523,-5.919661037574494,-1.4909582013446507
2953,8.441711887752597,-5.919663639625061,-1.4908803947338933
2954,8.44171200437689,-5.9196662632987715,-1.4908027500766075
2955,8.44171214749703,-5.919668819814232,-1.490725351981382
2956,8.441712394825023,-5.919671400172822,-1.490648230284431
2957,8.44171262187325,-5.919674013332169,-1.4905713193101047
2958,8.44171279679719,-5.919676601611129,-1.4904946160864387
2959,8.441712942941058,-5.919679175905633,-1.4904181382892503
2960,8.441713245745774,-5.9196817738511465,-1.4903419508533062
2961,8.441713439159244,-5.919684415835275,-1.4902659378410439
2962,8.44171361662759,-5.919686952634617,-1.490190148763843
2963,8.441713799549557,-5.919689548887689,-1.490114588366821
2964,8.441713966171735,-5.919691322919093,-1.4900643551164376
2965,8.44171409656849,-5.9196929820154525,-1.4900142127758818
2966,8.44171427844946,-5.91969565849404,-1.489939169984361
2967,8.441714432575413,-5.919697428212949,-1.4898892809592543
2968,8.441714686452125,-5.919699904177648,-1.4898146574463398
2969,8.441714871981002,-5.919702549520829,-1.4897402191708147
2970,8.441715092247632,-5.91970521129299,-1.4896660205870094
2971,8.441715298384016,-5.919707794076287,-1.489592033497843
2972,8.441715550815308,-5.9197112767026825,-1.4894937265416726
2973,8.441715812404748,-5.919713838094147,-1.4894202868626272
2974,8.441715960117929,-5.919716414728746,-1.4893470242421893
2975,8.441716152542842,-5.9197191097555155,-1.4892739893799227
2976,8.441716360946637,-5.91972171611909,-1.4892011841016946
2977,8.441716655092103,-5.919724275558533,-1.4891286487363886
2978,8.441716852206179,-5.919727761142909,-1.4890321782485811
2979,8.441717077405926,-5.919730328914565,-1.488960117772561
2980,8.441717370399088,-5.919733024367972,-1.4888882952672395
2981,8.441717482580325,-5.919735610332172,-1.4888166232808562
2982,8.44171764978283,-5.919738153545356,-1.4887451880707347
2983,8.441717944859226,-5.919740836361452,-1.4886740277007087
2984,8.441718182340443,-5.919743470688234,-1.4886030580510912
2985,8.44171834630054,-5.919746050092075,-1.488532270047783
2986,8.441718505261285,-5.919748615478288,-1.4884616933229913
2987,8.44171889235357,-5.919752091526354,-1.4883680126010628
2988,8.441719090133583,-5.919754815716869,-1.4882979507111116
2989,8.441719263665535,-5.91975740883989,-1.4882280992972736
2990,8.441719392071917,-5.919759958403871,-1.4881584403664012
2991,8.441719731764508,-5.919762614552179,-1.488089086034237
2992,8.441719908324298,-5.9197643703718175,-1.4880429478325428
2993,8.441720028380006,-5.919766943924652,-1.487973852490321
2994,8.441720165957763,-5.919769606428523,-1.487904961114663
2995,8.441720552031745,-5.919773141204109,-1.4878135429863055
2996,8.44172077555316,-5.919775734466828,-1.487745190709784
2997,8.441720904757512,-5.919778297929465,-1.4876770119643288
2998,8.441721104343454,-5.919780949563856,-1.487609066808421
2999,8.44172144270849,-5.919783635853331,-1.4875413953415195
3000,8.441721638356357,-5.919786228996828,-1.4874738765835658
3001,8.4417218056346,-5.919788825976609,-1.4874065498634466
3002,8.441721962683161,-5.919791484059962,-1.4873394146237726
3003,8.441722302033078,-5.919794167165892,-1.4872725727048335
3004,8.441722500259809,-5.9197967220537855,-1.4872058847012386
3005,8.441722647987458,-5.919799341901734,-1.4871393725802673
3006,8.441722855383002,-5.919802023875372,-1.4870730842528688
3007,8.441723147450507,-5.919804657697595,-1.4870070475589414
3008,8.441723327815865,-5.919807248310493,-1.4869411677397633
3009,8.441723466916022,-5.91980906860228,-1.4868973588758188
3010,8.441723567177256,-5.919810721751893,-1.4868536330410982
3011,8.441723873578292,-5.919813438024205,-1.4867882717121033
3012,8.441724209970474,-5.919816988950044,-1.486701423194922
3013,8.4417243060119,-5.919819607406075,-1.4866364503384106
3014,8.441724602154036,-5.91982213947543,-1.4865717685374924
3015,8.441724815999754,-5.919824845595565,-1.4865072561592378
3016,8.441725009311957,-5.919827525186894,-1.4864429187987924
3017,8.44172515801904,-5.919830136896269,-1.486378770549198
3018,8.441725490902208,-5.919832701810278,-1.486314908170005
3019,8.44172568625368,-5.919835432553126,-1.4862511814649322
3020,8.441725828214533,-5.919838063535066,-1.4861876230653355
3021,8.441726034551495,-5.919840675463507,-1.4861242925095113
3022,8.441726416873006,-5.919844163259584,-1.4860402181688486
3023,8.44172652432032,-5.9198468449560675,-1.485977302200571
3024,8.441726802916158,-5.919849529497295,-1.4859146528251133
3025,8.44172712388802,-5.9198521630775405,-1.4858522364647864
3026,8.441727282380597,-5.919854726572638,-1.4857899414359712
3027,8.441727418004438,-5.919857409309299,-1.4857278168862178
3028,8.441727721107846,-5.919860133010803,-1.485665967471372
3029,8.441728001749901,-5.919862727597615,-1.4856043075499485
3030,8.441728163826054,-5.919865318328185,-1.4855427871391778
3031,8.441728330920785,-5.919868050683042,-1.48548145362408
3032,8.441728591490342,-5.91987067855193,-1.4854203596693027
3033,8.441728926952374,-5.919873291298845,-1.4853594987469387
3034,8.441728953294948,-5.9198759676244315,-1.4852986813718858
3035,8.441729190051687,-5.919878662343291,-1.4852381358975577
3036,8.441729490137462,-5.919881265495864,-1.4851778270034282
3037,8.44172973140398,-5.919883876288929,-1.4851176874652958
3038,8.441729906124216,-5.919886587034898,-1.4850576946589757
3039,8.441730133227903,-5.919889207034397,-1.484997913432356
3040,8.4417302870856,-5.919890925400184,-1.4849581681291835
3041,8.441730479394446,-5.919893644206308,-1.4848986826552648
3042,8.441730733146203,-5.919896313091852,-1.4848394155703428
3043,8.441731002353576,-5.919898956468452,-1.484780345807112
3044,8.441731160028542,-5.919901567840357,-1.4847214119213845
3045,8.441731402111992,-5.919904257323089,-1.484662698501709
3046,8.441731702900542,-5.919906939733994,-1.4846042000867923
3047,8.441731885017065,-5.919909578184717,-1.4845458330472494
3048,8.441732052203045,-5.919912196131586,-1.484487643850496
3049,8.4417322991378,-5.91991487935099,-1.4844296765730145
3050,8.44173262939254,-5.919917579806336,-1.484371925636798
3051,8.441732770867725,-5.919920186545696,-1.4843142785142454
3052,8.441733050679792,-5.919922849398876,-1.484256877930107
3053,8.4417333039025,-5.919925589771375,-1.4841996375252484
3054,8.441733383151968,-5.919927286330969,-1.484161549430669
3055,8.441733588660375,-5.919929966181795,-1.4841045907611736
3056,8.44173376099063,-5.919931729769017,-1.4840667350785968
3057,8.441734058865636,-5.919934392038875,-1.4840101255879647
3058,8.441734206701907,-5.919937141143463,-1.4839536191558507
3059,8.441734577634547,-5.919940682894987,-1.4838786423568835
3060,8.441734846001609,-5.919943294680333,-1.4838226202836
3061,8.441734883985717,-5.919945996939084,-1.4837666622803725
3062,8.441735144198548,-5.919948715660227,-1.4837109711737346
3063,8.441735475553832,-5.9199513213865576,-1.4836555071204525
3064,8.441735677385857,-5.9199539304662805,-1.4836001636785598
3065,8.44173586859263,-5.919956633284989,-1.4835449822279363
3066,8.441736106590268,-5.919959336177667,-1.4834899965065067
3067,8.44173645176752,-5.919961970356969,-1.4834352464531735
3068,8.44173646309028,-5.91996467579233,-1.483380504937297
3069,8.441736597340876,-5.91996738293634,-1.483325983563352
3070,8.441737166803904,-5.919970034951361,-1.4832718462122152
3071,8.441737312265147,-5.9199726841289335,-1.4832177043088661
3072,8.4417374958246,-5.919975289266778,-1.4831637479725457
3073,8.441737812732889,-5.9199779917422015,-1.483110018191141
3074,8.441738025754882,-5.919980719456273,-1.4830564121128775
3075,8.44173814873403,-5.919983358621303,-1.483002935362291
3076,8.4417384178831,-5.919986039711128,-1.4829496980617984
3077,8.441738706421813,-5.919988712237928,-1.4828966392061855
3078,8.441738954024043,-5.919991402292774,-1.4828437252390676
3079,8.441739113982413,-5.919994043161748,-1.482790952041052
3080,8.441739383108546,-5.919996728295925,-1.4827383923523592
3081,8.441739665131301,-5.91999944088365,-1.4826860062145621
3082,8.441739859926242,-5.920002103717051,-1.4826337506107976
3083,8.4417400494186,-5.920004751778211,-1.4825816573454966
3084,8.441740313965328,-5.920007452780575,-1.482529764077514
3085,8.441740571693298,-5.920010181664549,-1.4824780304806933
3086,8.441740751259132,-5.920012813816701,-1.4824264314216915
3087,8.441740937398293,-5.9200146337421415,-1.4823921517774714
3088,8.441741228855639,-5.92001733376438,-1.4823408791477304
3089,8.441741406040741,-5.920019961880583,-1.4822897227350242
3090,8.441741706881944,-5.92002352129553,-1.4822217941300095
3091,8.441741998504746,-5.920026206777251,-1.482171070587939
3092,8.441742243006622,-5.9200289589720425,-1.4821204785202708
3093,8.441742180562253,-5.920031744737204,-1.4820699080563309
3094,8.441742733794095,-5.920034299744507,-1.4820197804361768
3095,8.441742946698723,-5.920036989516866,-1.4819696719128332
3096,8.441743047637468,-5.920039700478004,-1.4819196670428814
3097,8.44174316144456,-5.920041481380213,-1.4818864437888342
3098,8.441743462815564,-5.920043270364012,-1.4818533654438708
3099,8.441743696285455,-5.920045043313546,-1.4818203478545076
3100,8.441743880432439,-5.920046838553908,-1.4817873672949577
3101,8.441743950929913,-5.920048618906688,-1.481754413481803
3102,8.44174414257835,-5.920051359171871,-1.4817051357713888
3103,8.441744413947081,-5.920054003815055,-1.481656060160026
3104,8.441744712679299,-5.920056665856618,-1.4816071607504695
3105,8.441744989625853,-5.920060251306756,-1.4815421408209668
3106,8.441745126610655,-5.9200630088737585,-1.4814935208671887
3107,8.441745415648468,-5.920065722129625,-1.4814451310051007
3108,8.441745701399439,-5.920068340751893,-1.4813968967473545
3109,8.441745935040213,-5.920071017393857,-1.4813487985788165
3110,8.441746120671247,-5.920073792081398,-1.4813008249796387
3111,8.441746420938415,-5.920076447104326,-1.4812530706344031
3112,8.441746690232355,-5.920079108540176,-1.4812054582786058
3113,8.441746887782928,-5.920081837193099,-1.4811579505729946
3114,8.44174709005397,-5.920084600102676,-1.4811105994380747
3115,8.441747379802008,-5.920087213269455,-1.481063451216012
3116,8.441747602991521,-5.92008990075539,-1.4810164250697535
3117,8.441747777313612,-5.920092651764585,-1.4809695126922773
3118,8.441748096247254,-5.920095352341643,-1.4809228229433948
3119,8.441748432793645,-5.920097990089687,-1.480876307744938
3120,8.441748503015047,-5.920100767580421,-1.4808297949663907
3121,8.441748680365372,-5.920103450555771,-1.4807834911205395
3122,8.441749055261095,-5.9201061214502415,-1.4807374326608023
3123,8.441749338387751,-5.92010877961142,-1.4806914890010507
3124,8.441749611917494,-5.920112409100208,-1.4806304040235412
3125,8.441749840678634,-5.92011515807243,-1.4805847597642363
3126,8.441750075301375,-5.920117806754283,-1.4805392840741778
3127,8.441750361109577,-5.920120491299804,-1.4804939769289087
3128,8.441750598967703,-5.920123218787652,-1.4804487871782692
3129,8.44175076848026,-5.920125962863532,-1.4804037058781325
3130,8.441751044020835,-5.920128621428426,-1.4803588283240126
3131,8.44175138062735,-5.920131309799566,-1.4803141312422197
3132,8.441751582842613,-5.920134082813021,-1.4802695034119027
3133,8.441751737137242,-5.920136743647804,-1.4802250026677612
3134,8.441751926513998,-5.920138599786341,-1.480195449778425
3135,8.441752225228797,-5.920141356314074,-1.4801512518082547
3136,8.44175258796853,-5.920144890617105,-1.4800925289449052
3137,8.441752739466162,-5.9201475334833145,-1.4800486021610901
3138,8.441753019566768,-5.920150268593574,-1.480004873745513
3139,8.441753339825718,-5.920153034632437,-1.479961301733919
3140,8.44175349524322,-5.920155731465643,-1.4799177988729737
3141,8.441753749755266,-5.920158346745955,-1.4798744840818627
3142,8.441753970154837,-5.920160238027268,-1.4798457006184016
3143,8.441754122464902,-5.920162018587955,-1.479816960352659
3144,8.441754309484596,-5.9201638911631145,-1.479788286164779
3145,8.441754416195298,-5.920165633962563,-1.4797596470215104
3146,8.441754552820589,-5.920167499562662,-1.4797310687319118
3147,8.4417548473979,-5.920170168404938,-1.4796883759911499
3148,8.441755116089004,-5.92017287154985,-1.479645805161467
3149,8.44175526697366,-5.920175614723698,-1.4796033156474115
3150,8.441755619827433,-5.920178345938641,-1.4795610522556022
3151,8.441755797908188,-5.920181002247699,-1.4795188594897604
3152,8.441756047059103,-5.920183710383952,-1.4794768192835825
3153,8.441756312994887,-5.920186482122684,-1.4794349284637052
3154,8.441756507825,-5.920189210698349,-1.4793931396001228
3155,8.44175678943215,-5.920191827780463,-1.4793515295896134
3156,8.441757149595137,-5.920195491534585,-1.479296248756817
3157,8.441757291899684,-5.920198208173105,-1.4792548842101367
3158,8.441757664830464,-5.920200971823604,-1.4792137546873247
3159,8.441757915230864,-5.92020362841645,-1.4791727096111533
3160,8.44175798298116,-5.920206418254775,-1.4791317097108991
3161,8.441758238772895,-5.920209160815752,-1.4790909146338076
3162,8.44175870754737,-5.920211828276418,-1.4790503650280675
3163,8.441758875996543,-5.9202144928632645,-1.4790098249859895
3164,8.441759046954498,-5.9202172495849466,-1.4789693968583122
3165,8.441759334503626,-5.920220011538502,-1.4789291452833513
3166,8.441759626877019,-5.9202227168758155,-1.478889042653539
3167,8.441759868457307,-5.920225355882912,-1.4788490457147738
3168,8.441760054702502,-5.920228158961278,-1.478809136647384
3169,8.441760301547083,-5.920230882347317,-1.478769393196319
3170,8.441760670603399,-5.920233521194979,-1.478729837847424
3171,8.441760806023918,-5.920236308667226,-1.4786903071493114
3172,8.441761009776787,-5.920239023741952,-1.478650919802415
3173,8.441761413143885,-5.92024175704227,-1.4786117545749373
3174,8.441761601660314,-5.920244447561067,-1.478572634566966
3175,8.441761719250756,-5.920247256750674,-1.4785335832539863
3176,8.441762005095885,-5.920249970607926,-1.478494736306415
3177,8.441762451916057,-5.920252595194202,-1.478456110567101
3178,8.441762533188864,-5.920255391609995,-1.4784174300671047
3179,8.441762663213124,-5.920258181278037,-1.4783788836591656
3180,8.441763108681258,-5.920260781839195,-1.478340621245997
3181,8.441763310609266,-5.920262625933616,-1.4783151348624806
3182,8.441763341300964,-5.920265423175533,-1.4782768854961303
3183,8.441763786282866,-5.920268051471795,-1.4782389517368595
3184,8.44176409803829,-5.920271692858572,-1.478188441365187
3185,8.441764154779792,-5.920274491116685,-1.4781505987241446
3186,8.441764602228398,-5.920277200307133,-1.4781130663922752
3187,8.441764927573587,-5.920278944155748,-1.4780881378984079
3188,8.441764947490121,-5.920280856637508,-1.4780631130761588
3189,8.441764937735321,-5.920282616255945,-1.4780381303177261
3190,8.441765145599348,-5.920284451982019,-1.4780132951757632
3191,8.441765588929885,-5.920287114822347,-1.4779762196731228
3192,8.441765740084254,-5.920289010698957,-1.4779514931538231
3193,8.44176588920146,-5.920291719663548,-1.4779144668278381
3194,8.441766177931273,-5.920294431560942,-1.4778776294324945
3195,8.441766390280765,-5.920296314875332,-1.4778531393848409
3196,8.441766608798492,-5.920298954076705,-1.4778164699332943
3197,8.441766922956662,-5.920301705477,-1.4777799640279663
3198,8.441767159058575,-5.920304518568906,-1.477743532130354
3199,8.441767390258772,-5.92030723162393,-1.4777072189774958
3200,8.441767617778215,-5.920309860506957,-1.4776710210896524
3201,8.44176796951709,-5.92031356852158,-1.477622959082293
3202,8.441768258713424,-5.920316281717341,-1.47758706136475
3203,8.441768479227123,-5.9203190428285914,-1.4775512363551029
3204,8.44176868899199,-5.920321796551471,-1.4775155287098922
3205,8.441768985632109,-5.920324470077161,-1.4774799794236888
3206,8.44176931281327,-5.920327251049252,-1.4774445523359996
3207,8.441769447814016,-5.920330065012949,-1.4774091516435057
3208,8.441769726920691,-5.920332710440093,-1.4773739325317499
3209,8.441770090381702,-5.920335436408616,-1.477338874926883
3210,8.44177030260245,-5.920338198330801,-1.4773038528446012
3211,8.441770483402971,-5.920340982927864,-1.4772689190102246
3212,8.441770798849141,-5.920343624505982,-1.4772341737806978
3213,8.441771099135119,-5.920346407475364,-1.4771995246502043
3214,8.441771321044667,-5.920349181987077,-1.4771649590055556
3215,8.441771545297085,-5.9203519046200475,-1.4771304976588093
3216,8.44177179202976,-5.920354575956406,-1.4770961637374094
3217,8.44177205920284,-5.9203573326769545,-1.477061939508156
3218,8.441772261463319,-5.920360153777255,-1.4770277923845876
3219,8.441772578089688,-5.920362825920192,-1.4769938163526186
3220,8.441772862580041,-5.920365552761563,-1.4769599366959931
3221,8.441773081189123,-5.920368314615688,-1.476926135485164
3222,8.441773349341696,-5.920371102519267,-1.4768924571820483
3223,8.44177358128268,-5.920373766521903,-1.4768588761442436
3224,8.44177385435856,-5.920376504748578,-1.476825420400233
3225,8.44177411306248,-5.920379294949194,-1.4767920608551968
3226,8.441774383468232,-5.9203820644703375,-1.476758813964387
3227,8.441774507494793,-5.9203838128042285,-1.47673668743638
3228,8.441774848469365,-5.920386619643338,-1.4767036535677618
3229,8.441775080015294,-5.9203893876726115,-1.4766706753924188
3230,8.441775317586623,-5.920392089069842,-1.4766378052444418
3231,8.441775472268448,-5.920393928793565,-1.4766159416845654
3232,8.441775678466136,-5.92039570819285,-1.476594159817791
3233,8.441775930019146,-5.92039761534199,-1.4765724398354583
3234,8.441776155298893,-5.920400328192119,-1.4765398848514735
3235,8.441776326721644,-5.920403027622425,-1.4765074032944618
3236,8.44177656156064,-5.920405799036349,-1.4764750467327639
3237,8.441776966973034,-5.920408621651308,-1.4764428761997694
3238,8.44177705015679,-5.92041234198277,-1.4763999215021308
3239,8.441777286860887,-5.920415010642045,-1.4763679040028959
3240,8.441777949104035,-5.920417679877969,-1.4763361987763082
3241,8.441777913790837,-5.9204205090656075,-1.4763042745157833
3242,8.441778184592746,-5.920423244683282,-1.4762725833397574
3243,8.441778678093346,-5.920425932072094,-1.4762411148415406
3244,8.441778600529936,-5.9204296671653065,-1.4761989362297567
3245,8.441779051903223,-5.92043244102495,-1.4761676461649518
3246,8.441779534372547,-5.9204351577592895,-1.4761364998247353
3247,8.441779571741478,-5.9204378870808325,-1.4761052460216764
3248,8.44177982954844,-5.920440584514616,-1.4760741846393473
3249,8.441780156249003,-5.920443371580861,-1.4760432489253135
3250,8.441780477973968,-5.920446150419846,-1.4760124145301947
3251,8.441780689436255,-5.920448857970033,-1.4759816325819741
3252,8.441780958234128,-5.920451579316778,-1.475950971382792
3253,8.441781271855566,-5.920455252966021,-1.4759102199829106
3254,8.44178154944826,-5.92045803915077,-1.475879781732801
3255,8.441781814325726,-5.920460841387346,-1.47584943120758
3256,8.441782082964126,-5.920463544428339,-1.475819190916843
3257,8.441782292668135,-5.920466242943091,-1.4757890150516302
3258,8.441782691103265,-5.920469044639632,-1.4757590249307306
3259,8.441782925515056,-5.920471822675156,-1.4757290525631883
3260,8.441783075574898,-5.920474506622697,-1.4756991368937202
3261,8.44178335477107,-5.920477350567781,-1.4756693589686856
3262,8.441783651014552,-5.920480145242361,-1.475639697785951
3263,8.441783932153289,-5.920482791331552,-1.47561012651139
3264,8.441784147931324,-5.920485539070698,-1.475580616621777
3265,8.44178439574266,-5.920488333471325,-1.475551207319841
3266,8.441784768367471,-5.920491096955433,-1.4755219524798344
3267,8.441784815966694,-5.920493893735037,-1.4754926328296225
3268,8.441785047108098,-5.92049665206463,-1.4754634860591047
3269,8.441785636576236,-5.920499362900777,-1.475434603182497
3270,8.441785753229192,-5.92050213467663,-1.4754056061785306
3271,8.4417859934509,-5.920504833531192,-1.475376755360468
3272,8.441786338801096,-5.92050758850563,-1.4753480438334183
3273,8.441786597489626,-5.920510398371942,-1.4753193732757341
3274,8.441786747207564,-5.92051316521069,-1.4752907414032856
3275,8.441786894778364,-5.920514979226098,-1.4752717330604124
3276,8.44178713382502,-5.920516812857212,-1.475252794323079
3277,8.441787340097866,-5.920518644559396,-1.4752338861038452
3278,8.44178748108608,-5.920520461643187,-1.4752149896894258
3279,8.441787702051082,-5.920522349791571,-1.4751961666108457
3280,8.44178800029028,-5.920525103646236,-1.475168001190001
3281,8.44178831346723,-5.9205288146921315,-1.4751305359861944
3282,8.441788545017548,-5.920531468379859,-1.4751025399002717
3283,8.441788821692242,-5.920534318336437,-1.4750746496833373
3284,8.441789111842539,-5.920537117886425,-1.4750468512834018
3285,8.441789390022508,-5.920539818811646,-1.4750191364609504
3286,8.441789599475932,-5.920542503073638,-1.4749914798691517
3287,8.441789891359642,-5.9205453373225225,-1.4749639420999978
3288,8.441790237325941,-5.9205481506543,-1.4749365180869514
3289,8.4417904621934,-5.9205508453365985,-1.4749091288982557
3290,8.441790600218702,-5.920553582931616,-1.474881777016345
3291,8.44179091808492,-5.9205564417543135,-1.4748545839042735
3292,8.441791313404007,-5.920559248213849,-1.4748275297880982
3293,8.441791324322468,-5.920561925411749,-1.474800378671705
3294,8.441791664664809,-5.920564710439567,-1.474773444990206
3295,8.441792037635958,-5.920567444054477,-1.4747466253948025
3296,8.441792277964296,-5.920570213066856,-1.4747198298569668
3297,8.441792444698168,-5.920572939621746,-1.4746930855666323
3298,8.441792770757125,-5.920575765161651,-1.474666489466326
3299,8.441793102734321,-5.920578522324661,-1.4746399835912525
3300,8.441793327363504,-5.920581212056478,-1.4746135084189984
3301,8.441793528456165,-5.920583995383038,-1.4745871107180035
3302,8.441793903886508,-5.9205868163598545,-1.4745608617622397
3303,8.44179421924815,-5.920589570115878,-1.4745346898467722
3304,8.441794380321433,-5.920593239035491,-1.4744997803796065
3305,8.44179465253166,-5.920596035040771,-1.474473753255886
3306,8.441795038857585,-5.92059879267224,-1.4744478660717344
3307,8.44179529379762,-5.920601552829585,-1.4744220045656247
3308,8.441795513072554,-5.920604245428847,-1.4743962078203345
3309,8.441795787311358,-5.920607031630998,-1.4743705114067285
3310,8.441796102516388,-5.920609828087849,-1.4743449126894894
3311,8.441796348008962,-5.920612613954299,-1.474319354785564
3312,8.441796561004889,-5.920615364193624,-1.4742938684817415
3313,8.441796963269681,-5.920618094419139,-1.4742685554876052
3314,8.441797241471933,-5.920620956252718,-1.4742432509987005
3315,8.441797390308265,-5.9206236358568365,-1.4742179764922305
3316,8.441797663164758,-5.920626414053205,-1.474192829186406
3317,8.441798054676891,-5.920629249956682,-1.4741678173787045
3318,8.441798374290677,-5.9206320219124065,-1.4741428437292265
3319,8.441798267390885,-5.920633818933237,-1.4741260909433564
3320,8.441798437040399,-5.920635727202689,-1.4741094942083006
3321,8.441799076006342,-5.920638461938769,-1.4740848770942994
3322,8.441799091221357,-5.920640298729073,-1.4740682942997143
3323,8.44179910613466,-5.920643120729947,-1.4740434646121232
3324,8.441799733099929,-5.920645805410812,-1.4740190195715037
3325,8.441800028456047,-5.920647732899242,-1.474002706050289
3326,8.441799896996613,-5.920649549363079,-1.473986234695418
3327,8.441799880346691,-5.92065235261023,-1.4739616499495225
3328,8.441800690628547,-5.920655065435622,-1.4739375259066618
3329,8.441800772455608,-5.92065786219394,-1.473913156941779
3330,8.441800802162675,-5.920660652381977,-1.4738888253663753
3331,8.441801406798122,-5.920663409661407,-1.4738648390851725
3332,8.441801525790522,-5.920666169318957,-1.4738407088788748
3333,8.441801666054841,-5.920668925837132,-1.4738166525400513
3334,8.441802119856227,-5.92067169508578,-1.4737928093779915
3335,8.441802399932303,-5.920674512423878,-1.4737689669215381
3336,8.44180259076882,-5.920677230106945,-1.4737451564116495
3337,8.441802833470051,-5.920679975244247,-1.4737214427393324
3338,8.441803225810155,-5.92068280368932,-1.4736978632024211
3339,8.44180348048204,-5.920685589348783,-1.4736742940471121
3340,8.44180369549788,-5.92068828623965,-1.4736507851256109
3341,8.441804016377338,-5.920691084823374,-1.4736273861837925
3342,8.441804146018109,-5.92069484912303,-1.4735961538742357
3343,8.441804516281035,-5.920697625756298,-1.4735729297282631
3344,8.44180499224009,-5.920700376944823,-1.4735498402590552
3345,8.441805023912378,-5.920703182115758,-1.4735266207572273
3346,8.441805355011834,-5.920705891007905,-1.473503605937054
3347,8.44180570244233,-5.920708649850529,-1.473480664539224
3348,8.441805990361184,-5.92071145134269,-1.4734577696821025
3349,8.441806212976214,-5.92071419554374,-1.4734349162961826
3350,8.441806560962252,-5.920716958950479,-1.4734121936548314
3351,8.441806831199193,-5.920719823731309,-1.473389492783773
3352,8.441807088050226,-5.920722577791896,-1.473366855833291
3353,8.441807265493246,-5.920725282845113,-1.4733442533858563
3354,8.441807648852734,-5.920728124351205,-1.4733218106305301
3355,8.441807881796876,-5.920730954834291,-1.4732993574787105
3356,8.441807926688547,-5.920733712149746,-1.4732768891998065
3357,8.441808403524986,-5.920736408718376,-1.4732546882173705
3358,8.441808747176372,-5.920739233958346,-1.4732324997290094
3359,8.441808937325389,-5.92074200128509,-1.4732103014668694
3360,8.44180916296581,-5.920744757405761,-1.473188189260031
3361,8.441809492122308,-5.920747550072779,-1.473166187662431
3362,8.44180979680386,-5.920750346980138,-1.4731442346893782
3363,8.441810043356917,-5.92075308411599,-1.4731223288237014
3364,8.441810189779677,-5.920754972068238,-1.4731077542318889
3365,8.441810368255073,-5.920756818080251,-1.4730932210951504
3366,8.441810619725985,-5.920758641071975,-1.4730787527721902
3367,8.441810817516437,-5.920760524558655,-1.473064283054715
3368,8.441810985366974,-5.920763287836501,-1.4730425757414765
3369,8.441811313017727,-5.920766062340532,-1.4730210021968762
3370,8.441811543794138,-5.920768928170718,-1.472999440535559
3371,8.441811591697569,-5.920771755352913,-1.4729778644852864
3372,8.441812160539126,-5.9207744094985175,-1.4729565873087853
3373,8.441812429108914,-5.920777188868203,-1.4729352544170926
3374,8.441812541893837,-5.920779033814117,-1.4729210386433242
3375,8.441812782744602,-5.9207809245895255,-1.4729068986474407
3376,8.441812987406452,-5.920782736363613,-1.4728927722417728
3377,8.441813133668058,-5.9207846531008865,-1.4728786483931007
3378,8.44181337909893,-5.9207874049583245,-1.4728575260143237
3379,8.441813647098801,-5.920790146840539,-1.4728364759151886
3380,8.441814141457945,-5.920793820764053,-1.472808571647473
3381,8.4418141145542,-5.9207967311342635,-1.4727875213059987
3382,8.441814547931774,-5.920799556802501,-1.4727667356698313
3383,8.441814968876457,-5.920802176119935,-1.4727460341969267
3384,8.441815054792945,-5.920804992933018,-1.4727252311783494
3385,8.441815330306431,-5.920807856808887,-1.4727045607633023
3386,8.4418157489161,-5.920810605983616,-1.4726840351495802
3387,8.441816059816011,-5.92081333214941,-1.4726635234239562
3388,8.4418160541576,-5.920816219104096,-1.472642899561518
3389,8.441816461807495,-5.9208189524458525,-1.4726225361285497
3390,8.441816926874493,-5.920821653474501,-1.4726022792469378
3391,8.441816964640353,-5.9208245698490884,-1.4725818670306314
3392,8.44181711995161,-5.920827355046096,-1.4725615620693575
3393,8.441817672931537,-5.920830017137564,-1.4725415109355557
3394,8.441817960633502,-5.920832891516611,-1.472521397092418
3395,8.441817944457267,-5.920835731720328,-1.4725011858840726
3396,8.441818358740075,-5.92083841599346,-1.4724812386653106
3397,8.44181879516634,-5.92084116537876,-1.47246136560311
3398,8.441818877024632,-5.920844007471168,-1.4724413901903253
3399,8.4418192012632,-5.920846803338032,-1.4724215770740408
3400,8.441819549028189,-5.920849524060074,-1.4724018395390424
3401,8.441819747114012,-5.92085229543889,-1.4723820882215342
3402,8.441820031111215,-5.9208551568897905,-1.47236241961804
3403,8.441820416044072,-5.920857976178302,-1.4723428663202383
3404,8.441820722316235,-5.920860659769199,-1.472323341155083
3405,8.441820808343653,-5.920863478599959,-1.4723037594939008
3406,8.441821106327813,-5.92086634500931,-1.4722843201836089
3407,8.441821469327259,-5.920869119128525,-1.4722649814695967
3408,8.441821791476052,-5.920871765033139,-1.4722456876540535
3409,8.441821940304662,-5.920873677670621,-1.4722328099477673
3410,8.441821948022897,-5.920875540481614,-1.4722199034817254
3411,8.441822173595646,-5.920877502758611,-1.4722071095666691
3412,8.441822459813325,-5.920879272679559,-1.472194383243207
3413,8.441822756604024,-5.9208811705508495,-1.4721816805463563
3414,8.441822968432728,-5.920883863162785,-1.4721625798727185
3415,8.441823116939464,-5.920886693889285,-1.4721434870427803
3416,8.441823491337683,-5.920889560052211,-1.4721245451199807
3417,8.441823828474044,-5.92089228841122,-1.4721056593197277
3418,8.441824048861465,-5.920895033823428,-1.4720867718559218
3419,8.441824241314075,-5.920897864721419,-1.4720679095815865
3420,8.441824587278056,-5.9209006797900825,-1.4720491766886878
3421,8.441824877652218,-5.9209033754411635,-1.4720304796596124
3422,8.4418251312905,-5.920906213417203,-1.4720118080558564
3423,8.441825285560009,-5.920908123787428,-1.4719993867691015
3424,8.441825469649343,-5.920909920985379,-1.471987006396588
3425,8.441825693032591,-5.920911798681528,-1.471974658539821
3426,8.441825954074698,-5.920914538592473,-1.4719561567410566
3427,8.441826353501671,-5.9209183075764305,-1.471931584680816
3428,8.44182661186446,-5.920921043998643,-1.4719132036636242
3429,8.441826824889738,-5.920923922439992,-1.471894835870676
3430,8.44182712796356,-5.920926705851308,-1.471876575233207
3431,8.441827506340918,-5.920929435797997,-1.4718584076608547
3432,8.44182774974532,-5.9209322574199215,-1.4718402253848115
3433,8.441827952677572,-5.920935083312667,-1.4718220669660018
3434,8.441828372188867,-5.920938790221931,-1.4717980018754493
3435,8.441828680904772,-5.920941528128738,-1.4717800252027473
3436,8.441828927960199,-5.920944303000316,-1.471762063863259
3437,8.441829176739667,-5.920947174821508,-1.471744139305036
3438,8.441829455936807,-5.920949942650349,-1.4717262879338289
3439,8.441829744915173,-5.920952688667033,-1.471708487212743
3440,8.441830011265074,-5.9209555034309265,-1.4716907365209277
3441,8.441830340891434,-5.920958275960583,-1.4716730615506532
3442,8.441830570673572,-5.920961127610479,-1.4716553775770491
3443,8.441830904989978,-5.920963856898539,-1.4716378028661194
3444,8.441831173152107,-5.920966664734889,-1.4716202502278688
3445,8.441831434536528,-5.920969485419825,-1.4716027355043702
3446,8.441831706917064,-5.920972270643386,-1.4715852666973341
3447,8.4418319890332,-5.920975039493702,-1.4715678647364356
3448,8.441832287708761,-5.920977831210456,-1.471550516022939
3449,8.441832549000805,-5.920980639519866,-1.4715331917183172
3450,8.44183279387779,-5.920983482334168,-1.4715159048658035
3451,8.441833063775132,-5.9209862599080925,-1.4714986790869777
3452,8.44183342284985,-5.92098897178558,-1.4714815528203176
3453,8.441833723323448,-5.920991854751065,-1.4714644329964004
3454,8.441833912325526,-5.920994657342501,-1.471447313363964
3455,8.441834140687117,-5.920996401820299,-1.471435983397323
3456,8.441834390698448,-5.920998366920937,-1.471424665246612
3457,8.441834498418872,-5.921000209133064,-1.4714133225596686
3458,8.441834753194748,-5.921003008136206,-1.471396371079782
3459,8.441835029967281,-5.92100579075346,-1.4713794653513306
3460,8.441835383794276,-5.921008618827172,-1.4713626601401122
3461,8.441835737965235,-5.921011407568305,-1.4713459056930964
3462,8.441835808356256,-5.9210151392342505,-1.4713234224952927
3463,8.441836271588318,-5.921017872199577,-1.4713068132601868
3464,8.441836698102753,-5.921020714596595,-1.471290236426237
3465,8.44183660892064,-5.92102360299981,-1.4712734545644426
3466,8.44183711221727,-5.921026291550827,-1.4712569964098476
3467,8.441837547011282,-5.921029046761242,-1.4712405700369957
3468,8.441837522743514,-5.921032825414963,-1.4712184252706695
3469,8.44183811448923,-5.921035656024523,-1.4712021501005181
3470,8.441838283278539,-5.921038406970003,-1.471185741974446
3471,8.4418382933053,-5.92104031541411,-1.47117476978812
3472,8.441838706257585,-5.921043107250504,-1.4711585256781128
3473,8.441839203416263,-5.921046803108216,-1.47113694090722
3474,8.441839458465013,-5.9210505397440585,-1.4711153075395822
3475,8.441839786468824,-5.921053283492953,-1.4710992007078716
3476,8.441840190558674,-5.921056083780466,-1.4710831770375472
3477,8.441840305803078,-5.921058954001687,-1.4710670456576376
3478,8.441840497521701,-5.921061713626578,-1.4710509914672556
3479,8.441840918295508,-5.921064448929504,-1.4710350984942369
3480,8.441841200021647,-5.921067312929212,-1.4710191699637551
3481,8.441841393795443,-5.921070153859572,-1.4710032456980986
3482,8.441841850942424,-5.9210728438984175,-1.4709874985573674
3483,8.441842063841907,-5.921075700871375,-1.4709716811134619
3484,8.441842307060515,-5.921078509826083,-1.470955913330992
3485,8.441842576339424,-5.921081263661316,-1.47094020324181
3486,8.441842976261668,-5.921084018290767,-1.4709245860911804
3487,8.441842954300334,-5.9210869648969835,-1.4709088065483233
3488,8.441843387365545,-5.921089724328248,-1.4708932774561996
3489,8.44184389228044,-5.921092392729109,-1.470877844880216
3490,8.441843973593777,-5.921095232369842,-1.470862260616666
3491,8.44184432289133,-5.921098115852752,-1.470846823715555
3492,8.441844661946348,-5.921100882137774,-1.470831436309086
3493,8.44184488314568,-5.921103631832266,-1.470816034516927
3494,8.441845077799826,-5.921106477068828,-1.4708006447978534
3495,8.441845421611363,-5.9211093021364745,-1.4707853659522638
3496,8.441845721510042,-5.9211120142030165,-1.470770116188403
3497,8.441845933553788,-5.921114844244834,-1.470754860407449
3498,8.441846209150354,-5.92111770019592,-1.4707396649570572
3499,8.441846410785761,-5.921119514949042,-1.4707295766138613
3500,8.441846714526497,-5.921121380630278,-1.4707195458703584
3501,8.441846860951522,-5.9211232277297015,-1.470709464814373
3502,8.441846917730597,-5.921125192995536,-1.4706993497315048
3503,8.44184719059581,-5.921127994035895,-1.470684292307492
3504,8.441847677406118,-5.921130711190621,-1.4706693855042448
3505,8.441847910270559,-5.921133531512427,-1.470654404396714
3506,8.4418479596599,-5.921136419899125,-1.4706393646323868
3507,8.44184842584947,-5.921139087599862,-1.470624564301018
3508,8.441848749464116,-5.9211418957910205,-1.4706097412141466
3509,8.441848943099782,-5.921144768626796,-1.47059488770775
3510,8.441849231591826,-5.9211475706495085,-1.4705801158152803
3511,8.441849597778512,-5.921150262808853,-1.4705654265316797
3512,8.441849939169533,-5.921153124188061,-1.4705507605037826
3513,8.441850126209896,-5.921155962941252,-1.4705360597241561
3514,8.441850467011905,-5.921159672340055,-1.470516552642548
3515,8.441850843789293,-5.921162466388372,-1.4705020291675797
3516,8.441851076479152,-5.921165263789565,-1.4704874769710539
3517,8.441851304203208,-5.921168070963235,-1.4704729508975065
3518,8.441851700110398,-5.921170882803558,-1.4704585391011815
3519,8.441851863495348,-5.92117273075115,-1.4704489137135852
3520,8.441852063725735,-5.9211755856518735,-1.4704344655962294
3521,8.441852326468284,-5.9211783808507725,-1.4704200887533991
3522,8.44185271252211,-5.921181076414447,-1.470405818790265
3523,8.441853073448797,-5.921184834302399,-1.4703867681527407
3524,8.441853349899912,-5.92118859283326,-1.4703677313342678
3525,8.441853719495894,-5.921191466053722,-1.4703535671818058
3526,8.441854021499879,-5.9211942067780825,-1.470339420813668
3527,8.441854231506868,-5.921196973998992,-1.4703252643439408
3528,8.441854502212227,-5.92119981410754,-1.4703111620916478
3529,8.441854902432576,-5.9212026587969095,-1.4702971597168635
3530,8.441855155991345,-5.921205404457705,-1.4702831334969515
3531,8.441855371934919,-5.9212081951080355,-1.4702691239161907
3532,8.441855772536865,-5.921211071263642,-1.4702552191531273
3533,8.441855993052869,-5.9212138613445084,-1.4702412778602276
3534,8.441856211615592,-5.921216608720191,-1.4702273661871097
3535,8.44185655845227,-5.921219455338106,-1.4702135426929344
3536,8.441856896444675,-5.921222274269779,-1.470199758107755
3537,8.441857081639208,-5.921225037462329,-1.4701859347214368
3538,8.44185743820945,-5.921227825886087,-1.4701722266031259
3539,8.441857590053726,-5.92123075839687,-1.4701584424050778
3540,8.44185781534825,-5.921233604096805,-1.4701447250929531
3541,8.441858430255357,-5.921236244295376,-1.470131241358148
3542,8.441858440757315,-5.9212390668412604,-1.470117502667703
3543,8.441858787987266,-5.9212418603251775,-1.4701039535518612
3544,8.441859068521005,-5.921243819582885,-1.4700949620754848
3545,8.441859304868164,-5.9212465964728915,-1.4700814172095895
3546,8.44185939307241,-5.921248430952526,-1.4700723719182927
3547,8.441859760722712,-5.921251286154663,-1.4700589344971402
3548,8.441860085531482,-5.9212540342194595,-1.4700455219034299
3549,8.441860254909498,-5.92125681079846,-1.4700320744739794
3550,8.441860669392224,-5.9212596495461565,-1.4700187599494758
3551,8.441861025965883,-5.921262496190201,-1.470005450805527
3552,8.441861026881703,-5.921265276872432,-1.4699920094960648
3553,8.441861344740936,-5.921268127631897,-1.469978734787113
3554,8.441861846619734,-5.921270891736188,-1.4699655851827582
3555,8.441861896362544,-5.921273704343956,-1.4699522755689
3556,8.441862291065998,-5.9212764820799,-1.4699391442042702
3557,8.441862819261013,-5.921280180404207,-1.4699216966231325
3558,8.44186295478628,-5.921283064200378,-1.4699085181608282
3559,8.441863220323787,-5.92128584473069,-1.469895431229356
3560,8.441863594116118,-5.921288641980903,-1.4698824307066807
3561,8.441863936145072,-5.921291418121888,-1.4698694456220562
3562,8.441864105157924,-5.921294300470321,-1.4698564066162219
3563,8.441864314689605,-5.921297135183836,-1.4698434127184854
3564,8.441864668124008,-5.921299821389871,-1.46983052293569
3565,8.441864998794001,-5.921302654966609,-1.4698176467107402
3566,8.441865155451858,-5.921304538260251,-1.46980905698758
3567,8.441865427712553,-5.921307318644847,-1.4697962159330202
3568,8.44186581658593,-5.921311029524918,-1.46977914412949
3569,8.44186622223716,-5.92131479968829,-1.4697621356678277
3570,8.441866537996596,-5.921317636246191,-1.4697494216287015
3571,8.44186684939804,-5.921320460388665,-1.4697367208760406
3572,8.441867037915005,-5.921323245895277,-1.46972400730456
3573,8.44186731109614,-5.921326030510271,-1.4697113578826793
3574,8.441867714237839,-5.921328812181358,-1.469698807722046
3575,8.441867759143324,-5.921331764249694,-1.4696860948605661
3576,8.441868001473111,-5.921334574869356,-1.4696735037012052
3577,8.44186856086148,-5.9213372171023035,-1.4696611088364078
3578,8.441868696976313,-5.921340068254189,-1.4696485433631483
3579,8.441868998614986,-5.921342949207571,-1.4696360690332748
3580,8.441869425721631,-5.921345717690824,-1.4696236990053584
3581,8.441869705197286,-5.921348462151748,-1.4696112954981435
3582,8.441869909801857,-5.921351352193761,-1.4695988755540823
3583,8.441870200389882,-5.921354131178028,-1.4695865233268388
3584,8.441870584871046,-5.921356892454411,-1.4695742477021214
3585,8.44187072771303,-5.9213597342546365,-1.4695618868111149
3586,8.441870915749647,-5.92136164338026,-1.4695536941448533
3587,8.441871187295897,-5.921363445491241,-1.4695455653450276
3588,8.441871431338736,-5.921365363805202,-1.469537429471655
3589,8.441871570130106,-5.9213672025530215,-1.469529265195887
3590,8.44187178020179,-5.921370070901747,-1.469517022354011
3591,8.441872126859339,-5.921372826598736,-1.4695048836513664
3592,8.441872478963704,-5.921375614523153,-1.4694927833703935
3593,8.441872752591618,-5.92137845223078,-1.4694806657238593
3594,8.441872932165461,-5.9213813133614845,-1.4694685216112429
3595,8.441873231958187,-5.921384034859036,-1.4694564711064444
3596,8.441873649205489,-5.921386865840099,-1.4694445010547141
3597,8.441873899671942,-5.921389737526885,-1.4694324809940857
3598,8.44187409315133,-5.921392520092029,-1.4694204586595518
3599,8.441874410307515,-5.921395273285872,-1.4694085243079447
3600,8.441874765028814,-5.921398132300026,-1.4693966312182376
3601,8.441875108397824,-5.921401878738002,-1.4693807555728517
3602,8.44187531822575,-5.921404717783396,-1.4693688498164874
3603,8.441875699911643,-5.921407458206251,-1.46935706200756
3604,8.44187604396243,-5.921410325728467,-1.4693452787726935
3605,8.441876259894913,-5.921413136269109,-1.4693334656889188
3606,8.44187648818555,-5.921415927803164,-1.4693216737324628
3607,8.441876864628988,-5.9214186778362246,-1.4693099927230688
3608,8.441877113514634,-5.921421598391482,-1.4692982610456515
3609,8.44187735689558,-5.921424370990125,-1.469286559556153
3610,8.44187773973334,-5.9214271335449,-1.4692749552551911
3611,8.441877981166668,-5.921429979661422,-1.4692633039190903
3612,8.441878112759428,-5.921431821454723,-1.4692555322440304
3613,8.441878380969253,-5.921434620939784,-1.4692439311206635
3614,8.441878877306186,-5.9214383762021585,-1.4692285777671803
3615,8.441879234087994,-5.921442124743897,-1.469213196564611
3616,8.441879448272513,-5.921444994698695,-1.4692016583996803
3617,8.441879827579571,-5.921447794510341,-1.4691902303693898
3618,8.441880169202745,-5.921450578073962,-1.4691788155076435
3619,8.441880328439433,-5.9214533932558036,-1.469167337491153
3620,8.441880681685513,-5.92145621344986,-1.4691559657072955
3621,8.441880857847366,-5.921459044457613,-1.4691445372794434
3622,8.441881112896104,-5.921461803940458,-1.4691331725322208
3623,8.441881566384586,-5.921464639590502,-1.469121912745627
3624,8.441881827826373,-5.921467474192283,-1.469110602861448
3625,8.441882035359708,-5.921470232490093,-1.4690992896569575
3626,8.441882335448723,-5.921473030455855,-1.4690880470490584
3627,8.441882734295493,-5.9214759015763905,-1.4690768652138384
3628,8.441882967568269,-5.921478753350606,-1.469065631441788
3629,8.441883189129786,-5.921481489912677,-1.4690544228253215
3630,8.441883493364383,-5.921483379557614,-1.4690470268673037
3631,8.441883653426974,-5.921485230516261,-1.4690395857821932
3632,8.441883884831059,-5.921488085448569,-1.4690284310860466
3633,8.44188409035171,-5.921489991866142,-1.46902102160767
3634,8.44188428609277,-5.921491756461148,-1.4690136350586673
3635,8.441884554536456,-5.921494661151958,-1.46900254006991
3636,8.441884869386353,-5.92149749119164,-1.468991499046539
3637,8.441885153839246,-5.921500240272206,-1.468980470171652
3638,8.44188541435704,-5.921503046664565,-1.4689694541805294
3639,8.441885693984746,-5.921505887917395,-1.4689584662753776
3640,8.441886087055838,-5.921508705025175,-1.4689475500204399
3641,8.441886328696729,-5.921511461384913,-1.4689366010260057
3642,8.441886550452132,-5.921514323302257,-1.4689256513762678
3643,8.441886864862719,-5.921517165142684,-1.4689147605905906
3644,8.441887191430279,-5.921519949749137,-1.4689039143282265
3645,8.441887446893695,-5.921522698211254,-1.4688930557208386
3646,8.44188772289304,-5.921525599806702,-1.4688822170082683
3647,8.441888018455748,-5.921528412354458,-1.4688714132683522
3648,8.441888326406673,-5.9215311659543515,-1.4688606438173428
3649,8.441888554136943,-5.921533991609492,-1.4688498543727009
3650,8.44188888215986,-5.921536852231094,-1.468839124256741
3651,8.441889246658224,-5.9215396509591685,-1.4688284434231584
3652,8.441889489750503,-5.9215423947053605,-1.4688177364316013
3653,8.441889739266033,-5.921545247539252,-1.468807042241356
3654,8.441890048615381,-5.92154806437141,-1.4687963972084324
3655,8.44189036366236,-5.921550907799974,-1.4687857786963234
3656,8.441890620251677,-5.921553640888801,-1.468775158013455
3657,8.441890926265447,-5.921556489853569,-1.4687645756579388
3658,8.44189133175418,-5.921560290143014,-1.4687505001868146
3659,8.441891500619825,-5.921562141342559,-1.4687434624780766
3660,8.441891765067636,-5.921564888893585,-1.4687329279035997
3661,8.441892132483058,-5.921567757753911,-1.4687224564772403
3662,8.4418924773887,-5.921570574652271,-1.468712008473064
3663,8.441892668115473,-5.921573361295287,-1.468701505981539
3664,8.441892928504215,-5.921576182926833,-1.4686910495164067
3665,8.4418932687854,-5.921579031317848,-1.4686806451849785
3666,8.44189359096871,-5.921581795671186,-1.4686702662021414
3667,8.44189377474193,-5.921584614527544,-1.4686598378077473
3668,8.44189415325893,-5.921587460586956,-1.4686495134763078
3669,8.441894459544647,-5.921590251347003,-1.4686391802338057
3670,8.441894540011992,-5.921593113036957,-1.4686287597118535
3671,8.441894845556696,-5.921595962325655,-1.4686184527844486
3672,8.441895304887199,-5.921598718570484,-1.468608247316554
3673,8.441895586277642,-5.92160145959133,-1.4685979936130944
3674,8.441895795166058,-5.921604346646484,-1.4685877157542362
3675,8.441896031476707,-5.921606178099456,-1.4685809257860816
3676,8.441896266130115,-5.921608135891474,-1.4685741353148078
3677,8.44189646065145,-5.921609937190054,-1.468567345386382
3678,8.441896639678959,-5.92161187097318,-1.468560541966739
3679,8.441896864560139,-5.921614672749925,-1.4685503418975219
3680,8.441897164336623,-5.921617440268951,-1.4685401975560917
3681,8.441897558982486,-5.9216202391280035,-1.468530126528987
3682,8.441897818712647,-5.921623166349173,-1.4685199971808858
3683,8.441898045053051,-5.921625941624864,-1.4685098752847425
3684,8.441898313378516,-5.9216286633111554,-1.4684998018092177
3685,8.441898709592639,-5.921631526193131,-1.468489795882893
3686,8.441898938468391,-5.921634407260534,-1.4684797287991302
3687,8.44189919269673,-5.921637141587491,-1.4684696971824072
3688,8.441899683531409,-5.921640893434629,-1.468456423567158
3689,8.441899891278311,-5.921643720831519,-1.46844641414057
3690,8.441900141090144,-5.921646594336923,-1.4684364330415751
3691,8.44190052223505,-5.921649354914705,-1.4684265479952816
3692,8.441900826488395,-5.921652171945941,-1.4684166405539143
3693,8.441901041454926,-5.92165499592345,-1.4684067118335693
3694,8.441901416756087,-5.92165779872214,-1.468396873020439
3695,8.441901631675178,-5.921660603231306,-1.4683869821148074
3696,8.441901960294604,-5.9216634291537185,-1.4683771587842187
3697,8.441902286345941,-5.921666310250247,-1.4683673475069927
3698,8.441902472092147,-5.921669092294859,-1.4683574901229435
3699,8.441902842514557,-5.921671852051243,-1.468347744348539
3700,8.441903177518864,-5.921674746992612,-1.4683379872920341
3701,8.44190334762407,-5.921677521311294,-1.4683281838736117
3702,8.441903606639567,-5.9216803281761194,-1.4683184287223086
3703,8.441904004757607,-5.921683129670815,-1.468308766621921
3704,8.441904219140705,-5.921685008806714,-1.4683023074041677
3705,8.441904388547078,-5.921686902502007,-1.4682958390947607
3706,8.441904544921197,-5.921688759980361,-1.4682893670765857
3707,8.441904803680144,-5.921691595153596,-1.4682796856440292
3708,8.44190515228666,-5.9216944528102395,-1.4682700625917058
3709,8.441905452238991,-5.921697229785254,-1.46826043346282
3710,8.441905698507407,-5.921699998186544,-1.4682508087204507
3711,8.441905978018415,-5.9217028412140005,-1.468241207478224
3712,8.441906308179501,-5.921705691065811,-1.4682316421608226
3713,8.441906567838688,-5.92170850257088,-1.4682220595347137
3714,8.441906805111282,-5.921711299646849,-1.4682124890156676
3715,8.4419072358629,-5.921714097539979,-1.4682030323397517
3716,8.441907473762276,-5.921716014059834,-1.4681967077794769
3717,8.44190757223642,-5.92171789523612,-1.4681903346612437
3718,8.441907710380413,-5.921719713514235,-1.4681839813396353
3719,8.441908013410997,-5.9217225612065905,-1.468174508312852
3720,8.441908431394443,-5.921725443221172,-1.468165109327262
3721,8.441908771622721,-5.92172825962281,-1.4681556860623193
3722,8.4419088295505,-5.9217320340408115,-1.4681429575169598
3723,8.441909356268827,-5.921734793669249,-1.4681336575144075
3724,8.441909661813973,-5.921737551339616,-1.468124288849788
3725,8.441909866421511,-5.921740448505771,-1.468114871382391
3726,8.441910095980928,-5.921743267624998,-1.4681054770152377
3727,8.441910526082951,-5.921746038578715,-1.4680962036585314
3728,8.441910815746665,-5.921748846742822,-1.4680868835780647
3729,8.441910892920713,-5.921752693724239,-1.4680743142882235
3730,8.441911486872803,-5.921755455053796,-1.4680651521339514
3731,8.441911760869564,-5.921758194156367,-1.4680558865053124
3732,8.441911950427697,-5.9217610366986975,-1.46804658842286
3733,8.441912310303746,-5.9217639080806,-1.4680373772771143
3734,8.441912650585301,-5.921766715032999,-1.4680281747774546
3735,8.441912869465986,-5.92176944718493,-1.4680189344886891
3736,8.441913148555473,-5.921772276412598,-1.4680097362712918
3737,8.4419135690126,-5.921775142221468,-1.4680006208995937
3738,8.441913802089926,-5.921777974304689,-1.467991434462192
3739,8.441914068792615,-5.921780721295802,-1.4679822806767973
3740,8.441914462596184,-5.921783614737887,-1.4679731893753145
3741,8.441914675651232,-5.921786457074251,-1.4679640436692605
3742,8.441914903482626,-5.921789207778066,-1.4679549114225483
3743,8.441915282085864,-5.921792012987706,-1.4679458657564222
3744,8.44191561240655,-5.921794908993003,-1.4679368095339447
3745,8.44191579378088,-5.92179769732579,-1.4679277085497038
3746,8.441916177135605,-5.921800444117345,-1.4679187133825902
3747,8.441916440486459,-5.921803357843408,-1.4679096749665206
3748,8.441916661757045,-5.92180613802512,-1.4679006303573314
3749,8.441916941991696,-5.921808931159453,-1.467891631129511
3750,8.44191735197086,-5.9218117511382715,-1.4678827019430118
3751,8.441917576420009,-5.921814644452183,-1.4678737015500571
3752,8.441917873771606,-5.921817353502601,-1.4678647567982006
3753,8.441918133495554,-5.921819308665191,-1.4678588247328401
3754,8.441918368162801,-5.92182214474005,-1.467849871747541
3755,8.44191859422265,-5.921824879732304,-1.4678409273927173
3756,8.441918942322799,-5.92182772227365,-1.4678320518715815
3757,8.441919299184152,-5.921830592374318,-1.4678231968544038
3758,8.441919496721326,-5.921833376062417,-1.4678142834102752
3759,8.441919853395808,-5.921836135074356,-1.467805462633258
3760,8.44192002232344,-5.921839076736967,-1.4677965536801438
3761,8.441920078259388,-5.921840994261734,-1.4677905967497136
3762,8.441920484603463,-5.921842863812234,-1.467784802645519
3763,8.441920953845395,-5.921845557031192,-1.4677760779211892
3764,8.441920949693593,-5.92184835073902,-1.467767152697065
3765,8.441921401168113,-5.921851291264506,-1.467758438107836
3766,8.441921747578204,-5.921854082776728,-1.4677496983001885
3767,8.441921880421203,-5.921856842434073,-1.4677408717290117
3768,8.441922229880504,-5.92185968235919,-1.467732148919013
3769,8.441922538923915,-5.921862493368198,-1.4677234314011391
3770,8.441922841168154,-5.9218652623004,-1.4677147209810224
3771,8.441923119435396,-5.921868083067727,-1.4677060201815773
3772,8.441923415927796,-5.921871003401053,-1.4676973246959852
3773,8.441923751178624,-5.921873805469955,-1.4676886747640003
3774,8.441923991395916,-5.921876570799878,-1.467679992411412
3775,8.441924303697716,-5.92187934364155,-1.4676713585873868
3776,8.441924722745155,-5.921882258356671,-1.4676627764550554
3777,8.441924881405003,-5.921885068789011,-1.467654102609106
3778,8.441925145320367,-5.921887817197689,-1.4676454834072015
3779,8.441925453032145,-5.92189064628963,-1.4676368970373228
3780,8.441925785127664,-5.921893505994752,-1.4676283299443442
3781,8.441926088693442,-5.921896310685998,-1.4676197610741888
3782,8.44192629040558,-5.921899088075761,-1.4676111675214898
3783,8.44192658009754,-5.92190191872635,-1.467602621498711
3784,8.441927118048955,-5.92190564191525,-1.4675913179404656
3785,8.441927217979261,-5.921908603029017,-1.467582712580769
3786,8.441927451149054,-5.921911431455953,-1.4675741697712252
3787,8.441927969507656,-5.921914143553826,-1.4675657864563487
3788,8.441928274889149,-5.921916944514072,-1.4675573320723514
3789,8.441928519799188,-5.92191982986463,-1.4675488370622183
3790,8.441928750081058,-5.921922639003454,-1.4675403628250467
3791,8.441929100193107,-5.921925389353006,-1.467531954979397
3792,8.441929446983009,-5.921929128879113,-1.4675207043817151
3793,8.441929733896199,-5.92193201856362,-1.4675122911706129
3794,8.441930051470829,-5.921934822653081,-1.4675039027272165
3795,8.44193037567291,-5.921937649592175,-1.4674955286719915
3796,8.441930589842087,-5.92194043590004,-1.4674871239235099
3797,8.441930925925934,-5.921943268537307,-1.4674787798533193
3798,8.44193134618221,-5.921946134310538,-1.4674704943992913
3799,8.441931476987191,-5.921947956761248,-1.4674649160191024
3800,8.441931646403507,-5.921950811406802,-1.4674565182043626
3801,8.441932005284064,-5.921953657486407,-1.4674482335153707
3802,8.441932505027438,-5.921957434042093,-1.4674372223348395
3803,8.441932681608941,-5.921959223323893,-1.467431690731526
3804,8.441932787966556,-5.921961120633415,-1.4674261261877317
3805,8.441932993676238,-5.921963064220131,-1.4674206147914983
3806,8.441933180931834,-5.921964905301767,-1.4674151047587456
3807,8.441933478507496,-5.921967701302766,-1.4674068514922678
3808,8.441933751845047,-5.921970499470948,-1.4673985927456916
3809,8.441934113286989,-5.921973387955986,-1.467390387578399
3810,8.441934517251697,-5.921976189283553,-1.467382224772773
3811,8.44193449990555,-5.921979003911393,-1.4673738674193064
3812,8.441934782839722,-5.921981835339883,-1.4673656537986999
3813,8.441935503853099,-5.9219846508676595,-1.4673576597511808
3814,8.441935497196408,-5.921987517665552,-1.4673493557704178
3815,8.441935696441854,-5.9219902532796524,-1.4673411495551913
3816,8.441936167668443,-5.921993067153993,-1.4673330777073306
3817,8.441936451837014,-5.9219968773800655,-1.4673221723158894
3818,8.44193665443628,-5.921999759329272,-1.4673139861517446
3819,8.44193702090072,-5.922002506071013,-1.4673058938847303
3820,8.441937501785798,-5.9220052299319095,-1.4672978836653343
3821,8.44193774922533,-5.9220081337312385,-1.4672897789285098
3822,8.441937909491346,-5.9220109938372625,-1.467281625551157
3823,8.441938253069416,-5.9220137427695745,-1.4672735767982195
3824,8.441938646147284,-5.922016508383451,-1.4672655657126812
3825,8.441938844928863,-5.92201936654862,-1.4672574753700371
3826,8.4419391891526,-5.9220222332571195,-1.4672494561633462
3827,8.441939455449106,-5.922024971171848,-1.4672414187646845
3828,8.441939887015886,-5.922028720203354,-1.4672307528018425
3829,8.441940180307004,-5.922031633511925,-1.4672227478632918
3830,8.441940462310084,-5.922034475633304,-1.4672147473806354
3831,8.441940737172256,-5.922037212785304,-1.467206757160535
3832,8.44194103949525,-5.922040030934096,-1.4671987967575684
3833,8.441941361637669,-5.922042878314241,-1.4671908508244993
3834,8.441941644473843,-5.9220457226987415,-1.4671828840865955
3835,8.441941896780463,-5.922048534385157,-1.4671749274343593
3836,8.441942272046926,-5.922051343125155,-1.467167039249649
3837,8.44194257957757,-5.922054136107155,-1.4671591339655838
3838,8.441942789411941,-5.922057031461289,-1.4671511787780307
3839,8.441943053520994,-5.922059800851147,-1.4671432657506103
3840,8.441943478865394,-5.922062591100695,-1.4671354407937784
3841,8.441943739445575,-5.922065479871558,-1.4671275526095051
3842,8.441943962840586,-5.922068265290034,-1.4671196508727098
3843,8.441944305325014,-5.922071031015493,-1.467111818356176
3844,8.44194464026262,-5.9220739205259365,-1.4671039950733393
3845,8.441944851981606,-5.922076792283064,-1.4670961121359294
3846,8.441945191739745,-5.9220795259059615,-1.4670883096085807
3847,8.441945445353234,-5.922081448045763,-1.4670831255463221
3848,8.441945596779625,-5.922083281711761,-1.4670779008287889
3849,8.44194575194222,-5.922085197758373,-1.4670726733437665
3850,8.441945899740235,-5.922087036887155,-1.4670674510112012
3851,8.44194627793794,-5.922089893873536,-1.4670597012291553
3852,8.441946639997084,-5.922092743400503,-1.4670519511746203
3853,8.441946808152368,-5.922095510679328,-1.4670441244002284
3854,8.441946953189408,-5.922098381332891,-1.4670362864884487
3855,8.441947454393135,-5.922101238535618,-1.4670286151663292
3856,8.441947793884601,-5.922104042270315,-1.4670208986090676
3857,8.441947839713595,-5.922106883568889,-1.4670130436194817
3858,8.441948258913287,-5.922109625734844,-1.467005373346276
3859,8.441948728535491,-5.922112481654332,-1.4669977381532322
3860,8.441948742368908,-5.922115312235672,-1.4669899021361024
3861,8.441948973882479,-5.922118131486958,-1.4669821678983257
3862,8.441949631112081,-5.922120887741977,-1.4669746492398308
3863,8.441949824527764,-5.922123767817405,-1.4669669333668511
3864,8.441950052871137,-5.9221265306749,-1.4669592418299642
3865,8.441950430100285,-5.922129341133444,-1.4669516295742344
3866,8.44195067496696,-5.922132216406931,-1.4669439539370235
3867,8.441950954175283,-5.922135006891673,-1.4669363016553398
3868,8.44195129055357,-5.922137769689725,-1.4669286982924925
3869,8.441951627217852,-5.922140655573929,-1.4669211010389003
3870,8.44195183974697,-5.922143524126655,-1.466913443456243
3871,8.441952179767876,-5.922146254801987,-1.4669058654873557
3872,8.441952477792452,-5.922149103477391,-1.4668982777276338
3873,8.441952718984576,-5.922151942656149,-1.4668906607775558
3874,8.441952979058616,-5.922154779273956,-1.4668830669055906
3875,8.44195338554748,-5.922157541027308,-1.466875556970175
3876,8.441953696305884,-5.922160418915964,-1.4668680032705106
3877,8.441953900948524,-5.9221632344143496,-1.466860414661205
3878,8.441954181566413,-5.9221660245709185,-1.4668528657677133
3879,8.441954546007638,-5.922168855266402,-1.4668453705450215
3880,8.441954888879923,-5.92217169107036,-1.466837865389568
3881,8.441955054829087,-5.922174535242593,-1.4668302907332418
3882,8.44195545076254,-5.9221773144347685,-1.4668228331144257
3883,8.441955729759428,-5.922180144693799,-1.4668153341107535
3884,8.441955980610619,-5.92218298390634,-1.4668078194842544
3885,8.441956243997174,-5.922185809184845,-1.466800324497485
3886,8.441956642802056,-5.922188560740124,-1.4667929055932294
3887,8.441956898065573,-5.922191452715877,-1.4667854224407704
3888,8.441957178844742,-5.922194249892614,-1.4667779590135661
3889,8.441957551336595,-5.922197030222717,-1.4667705551112304
3890,8.441957824667732,-5.922200797637554,-1.466760586944065
3891,8.441958093455506,-5.922203635001849,-1.4667531402643355
3892,8.441958382536972,-5.922205524575493,-1.4667482318826315
3893,8.441958619537488,-5.922207420810235,-1.466743311559514
3894,8.441958773441009,-5.922209278448423,-1.466738354656696
3895,8.441958913189007,-5.922211183249688,-1.4667333917961054
3896,8.441959326111265,-5.9222140187758185,-1.4667260470720134
3897,8.441959521444252,-5.922215894486875,-1.4667211242619864
3898,8.44195965487658,-5.922217786969861,-1.466716175249303
3899,8.441959798373945,-5.922219626089922,-1.4667112331821555
3900,8.44196013889051,-5.9222224867442455,-1.466703873820559
3901,8.44196059778501,-5.9222262672152235,-1.4666940935542003
3902,8.441960792276472,-5.922229034962266,-1.4666866939560832
3903,8.441961179127915,-5.922231837016003,-1.4666793971050214
3904,8.441961463833943,-5.92223475052034,-1.4666720507340751
3905,8.441961769507563,-5.922238479540025,-1.4666622338713753
3906,8.441962255463526,-5.922242263539839,-1.4666525211376713
3907,8.441962556134659,-5.922245025514677,-1.466645221580407
3908,8.441962747483965,-5.92224782134338,-1.466637874534815
3909,8.441963100541518,-5.922250692529618,-1.4666306033511312
3910,8.441963367502355,-5.922253532470406,-1.4666233007478091
3911,8.441963642939916,-5.922256303408581,-1.4666160184165726
3912,8.441964110664145,-5.922259107879861,-1.4666088248378122
3913,8.441964114692206,-5.9222620882783215,-1.4666014185212624
3914,8.441964555517,-5.922264843312288,-1.4665942218571593
3915,8.441964999753962,-5.9222675562686105,-1.4665870533709875
3916,8.441965118905282,-5.9222704671448545,-1.4665797315584186
3917,8.44196540372662,-5.92227325508244,-1.4665724965370739
3918,8.441965730273992,-5.922276069565019,-1.4665652839157324
3919,8.44196605681566,-5.9222788764176535,-1.4665580739636856
3920,8.44196638394479,-5.922281734243369,-1.4665508816820332
3921,8.44196671209105,-5.9222845387141385,-1.4665436956193643
3922,8.441966943367296,-5.922287342225721,-1.4665364778349808
3923,8.441967257498751,-5.922290191682561,-1.466529288086737
3924,8.441967545058827,-5.922293024712045,-1.4665221044965209
3925,8.441967817117014,-5.922295812986887,-1.4665149194874931
3926,8.441968113820833,-5.922298591026891,-1.466507756646713
3927,8.441968438563872,-5.922301457426467,-1.466500606181142
3928,8.441968690170183,-5.922304333300898,-1.4664934286057802
3929,8.441969070950035,-5.922307070101516,-1.4664863308068494
3930,8.441969444409617,-5.922309939352216,-1.4664792346265871
3931,8.441969493040439,-5.922312813340321,-1.4664719799973764
3932,8.441969796056588,-5.922315574790913,-1.4664648584660611
3933,8.441970349652896,-5.9223183779647925,-1.4664578644596107
3934,8.441970492860772,-5.9223212658930535,-1.4664506847871606
3935,8.44197075967895,-5.922324037809025,-1.466443569551412
3936,8.44197100979226,-5.922325885351887,-1.466438868606487
3937,8.441971214527547,-5.922327778841868,-1.4664341371439957
3938,8.441971391542635,-5.922329653508712,-1.4664294100270714
3939,8.441971559506706,-5.9223315509320305,-1.4664246679934392
3940,8.441971761920346,-5.92233343633762,-1.4664199543737249
3941,8.441971990489654,-5.922335319352396,-1.46641525086519
3942,8.441972206996486,-5.9223371663583855,-1.4664105535990206
3943,8.44197246942876,-5.922340069635591,-1.4664034668568051
3944,8.441972730981819,-5.9223428600728605,-1.4663963973285434
3945,8.44197304350032,-5.922344706742823,-1.466391752700773
3946,8.441973397885263,-5.92234758580069,-1.466384735509209
3947,8.44197348083116,-5.922351343096904,-1.4663752019320373
3948,8.441973933607404,-5.922354130517241,-1.4663682394952477
3949,8.441974463201655,-5.922357853230646,-1.4663589483858406
3950,8.441974648705674,-5.922360737551636,-1.4663518846591972
3951,8.441974862690032,-5.922363576455453,-1.4663448307600788
3952,8.441975264392939,-5.922366389447199,-1.4663378781584744
3953,8.441975660962472,-5.9223691511791134,-1.4663309371083868
3954,8.441975867677911,-5.922372016901486,-1.4663239096812888
3955,8.441976064422622,-5.922374789562316,-1.466316880131597
3956,8.44197643177109,-5.922377647790834,-1.466309937216462
3957,8.44197680749201,-5.92238043276851,-1.4663030065013793
3958,8.441977001019058,-5.9223832918389245,-1.466295993432932
3959,8.441977388658975,-5.922386106398349,-1.4662890787457625
3960,8.441977623444851,-5.922388924762648,-1.4662821106025763
3961,8.441977895612432,-5.922391741942725,-1.4662751568952974
3962,8.441978332733894,-5.92239460530284,-1.4662682736860373
3963,8.441978353960968,-5.9223975136899405,-1.466261211162143
3964,8.441978785699657,-5.9224002601351105,-1.4662543440428923
3965,8.44197925382618,-5.922403028503769,-1.4662475051596204
3966,8.441979287321827,-5.922405880626146,-1.466240474538528
3967,8.441979668907726,-5.9224086802159945,-1.4662336060559065
3968,8.441980040134254,-5.922411462537323,-1.4662267471069579
3969,8.441980240533791,-5.922413356333226,-1.4662221433370337
3970,8.441980469533009,-5.922416172150854,-1.4662152285750774
3971,8.44198082772802,-5.92241899605589,-1.4662083704818323
3972,8.441981130894941,-5.922421864381613,-1.4662014956039326
3973,8.441981369996046,-5.9224246901785405,-1.466194596981451
3974,8.44198173170758,-5.922427426652651,-1.4661877699789192
3975,8.441982035232067,-5.922430337996599,-1.4661809110128852
3976,8.441982322104588,-5.922433163575737,-1.4661740526823663
3977,8.441982586390656,-5.922435943604076,-1.4661671913841758
3978,8.441982878215118,-5.922438713452424,-1.466160351640765
3979,8.441983105837897,-5.922440677719995,-1.466155799621065
3980,8.441983253140522,-5.922442511879161,-1.4661512271366879
3981,8.441983433750643,-5.922444467679632,-1.4661466571933897
3982,8.441983697837005,-5.922446273777928,-1.466142142349289
