index,x,y,orientation
0,0.9999996125975888,0.9999997135376176,1.5700001565924002
1,1.000000526035277,1.0000176400134901,1.5700017818505618
2,1.0000018407178368,1.000062146026751,1.5700051138369666
3,1.0000031934145808,1.0001080267247373,1.5700111968098063
4,1.000004675381807,1.0001242322907171,1.5700194848937208
5,1.0000061463557812,1.0001105591456232,1.5700280112475984
6,1.000006088710406,1.000073110392931,1.5700345283825774
7,1.000005643740727,1.0000560852138705,1.5700386472355707
8,1.000005971887364,1.0000679487436355,1.5700423594586472
9,1.0000054581752496,1.000101445792369,1.5700472452518177
10,1.0000047911195948,1.0001155646877307,1.570053642515504
11,1.0000041631709775,1.0001013372552638,1.5700602767512848
12,1.0000007921188865,1.0000914069604692,1.5700645192501443
13,0.9999995920511701,1.0001053565993152,1.5700686724676374
14,1.0000000693370954,1.0001132324385562,1.5700743365889485
15,1.0000004652528376,1.000109510791945,1.5700803685947036
16,0.9999993310530211,1.0001120667384606,1.5700852594177448
17,1.0000000515469374,1.000118516089769,1.5700909738107034
18,1.0000005846431992,1.0001207628855018,1.5700968950173868
19,0.999999918145432,1.0001223065547,1.5701022024239113
20,1.000000059000597,1.0001260110450205,1.5701077764695621
21,1.0000004993782077,1.0001295997057478,1.5701135661112249
22,1.0000002929117866,1.000131224056091,1.5701171861797532
23,1.0000001199630497,1.0001320462660928,1.5701189654366556
24,0.9999999050954635,1.0001339811703926,1.570122582494009
25,1.0000001714226137,1.000136024338059,1.5701264017909662
26,1.000000391753668,1.0001382632301847,1.5701302187775161
27,1.000000328714995,1.000140209079454,1.5701339154419027
28,1.0000000801562896,1.0001421585740666,1.5701374989844177
29,1.0000001236695772,1.0001440988727088,1.570141230784631
30,1.0000025851503849,1.00330780866133,1.5701343306262299
31,1.0000083231587877,1.0110807795140435,1.5701142597998656
32,1.0000175125875503,1.023473591752812,1.5700875738105966
33,1.0000308828116888,1.0404948581358031,1.570059515213135
34,1.0000574192540344,1.0604633152367742,1.5680069896970148
35,1.0002990634444573,1.0910995375224335,1.5547765637713322
36,1.0009944678216671,1.1217368544333743,1.53882684964093
37,1.0021930787386162,1.1523626516604584,1.5219537934559635
38,1.0039148028874685,1.182965542677521,1.504627415059903
39,1.0061692120930152,1.213533910376948,1.4870789549423618
40,1.0079709593937483,1.2338883614990919,1.4753140898630837
41,1.0100124665440668,1.2542200836434538,1.4635175045037176
42,1.0122936459602692,1.2745262163687132,1.4516994350602197
43,1.0161650289105373,1.3049312291033865,1.4339447628014876
44,1.0205725839981696,1.3352617821618624,1.4165642273287067
45,1.0254990754806916,1.365510259191246,1.3996742644081144
46,1.0309319744285026,1.395670950436005,1.3830145519388677
47,1.034832204932298,1.4157256308061228,1.371970228049506
48,1.041093279744258,1.4457229694546754,1.355840309047501
49,1.0478293501144509,1.4756152296145086,1.3402353791546973
50,1.0525745777331346,1.495482981215733,1.3303538933838288
51,1.0600474784169698,1.5251946312060791,1.3166185472123413
52,1.0706250356741507,1.5646468731386134,1.2993244930112287
53,1.0761657431404494,1.5843029675934215,1.2909794284943237
54,1.0818686606043972,1.6039121331799169,1.2828430650619906
55,1.0877297936663273,1.6234738839360636,1.2748359777775693
56,1.0968076842427052,1.6527272635370864,1.2635418949978234
57,1.1062031241361472,1.681877841246539,1.2530865816356662
58,1.1126327158913911,1.70125651626545,1.2463642034710911
59,1.1191919480195873,1.720591532416317,1.239755496761498
60,1.1225190589756735,1.7302426224527376,1.2365283427592348
61,1.1292647295754368,1.7495121756463903,1.2303478930423053
62,1.1361273088895427,1.7687398723540664,1.2244191219195855
63,1.1431020724018746,1.7879265589839701,1.21864930989251
64,1.150186475956925,1.8070727251303587,1.212979826600956
65,1.1610151868700413,1.8357159479413196,1.204586702478332
66,1.1720827704412762,1.8642671075820232,1.1962880971972536
67,1.1833832735604881,1.8927261625471596,1.188289264340068
68,1.1949079701776362,1.9210946049946216,1.1805046225980462
69,1.2066519176560149,1.9493727927777542,1.172828135696718
70,1.2186115680876797,1.977560216864078,1.165204342285857
71,1.2267032425252107,1.9963006442356743,1.1602082607491189
72,1.2390081292485762,2.024336787911813,1.1534851120437826
73,1.2473119717615224,2.04298209416073,1.149360082587074
74,1.2556909422483467,2.0615933204508505,1.145404263635651
75,1.2641425419884533,2.0801713596013918,1.141557576802284
76,1.2726652211962493,2.0987169104906833,1.1377817178764464
77,1.2812571208219858,2.117230192676703,1.1340981669410837
78,1.2899150224358107,2.1357122665716943,1.1307213806195724
79,1.2986326915550517,2.154165401262287,1.127578844323403
80,1.3074067623413084,2.172591398258237,1.1246760095837476
81,1.3162322367752177,2.1909920144708797,1.122005430093324
82,1.3251056085987172,2.209369407602527,1.1194857292658265
83,1.3340240406685646,2.227724578233985,1.117063966313182
84,1.347483742457753,2.255217065347127,1.1135435798798505
85,1.356510195703474,2.273518947605918,1.1112423468657249
86,1.3655787354968083,2.291800258674476,1.1089633577729847
87,1.3792574389329435,2.3191839926728868,1.1057551126732432
88,1.3884235270304541,2.337415904721064,1.103772410554718
89,1.4022389256348358,2.3647300140279697,1.1009312575431833
90,1.4114916840350333,2.3829175587210925,1.0991149326405867
91,1.4254295381952973,2.4101684162447867,1.0966863380080198
92,1.434756359743238,2.4283172098942036,1.0952035976805838
93,1.444109594679002,2.4464523378416247,1.093786728890379
94,1.4534881439442993,2.4645741648836372,1.0924131763943954
95,1.458186704735546,2.4736303628785747,1.0917610334059706
96,1.46289103528317,2.4826834744327133,1.091155183946804
97,1.4723153500772954,2.5007812568143932,1.0900488029184934
98,1.4770348565323626,2.5098263074677836,1.0895352763010402
99,1.4817588939122077,2.5188689276858742,1.0890415664767645
100,1.4864872237160465,2.5279091272316125,1.0885639154066273
101,1.4912197970464183,2.536947077096381,1.0880993131448382
102,1.49595658307643,2.5459828698084483,1.0876453540044602
103,1.5006974957537107,2.5550165086040106,1.087200067125591
104,1.505442401621998,2.564047983220648,1.0867618731560282
105,1.510191219654382,2.573077310555427,1.086329445902212
106,1.5149439583707516,2.5821046433653354,1.08590174590971
107,1.529224906440613,2.6091743668045844,1.084639047906691
108,1.5387643592051674,2.627210915316943,1.0838087205723579
109,1.5483187446094786,2.645239425512062,1.082984351403051
110,1.5578880097457262,2.6632603000667547,1.0821873650721074
111,1.5674704749405446,2.681273766222583,1.0815301758855287
112,1.5770639903932713,2.699281319844176,1.080982280597414
113,1.5866665784425877,2.717283622541879,1.0805061010033652
114,1.596277381916388,2.7352815608093586,1.0800814898095326
115,1.6107066012571094,2.7622710303442943,1.079545212969147
116,1.6203336748701591,2.7802598518123145,1.0792319974750457
117,1.629966144828672,2.798245629327189,1.078940257414387
118,1.6396037573043936,2.8162286593427934,1.0786626922973093
119,1.6492462648722976,2.83420903575425,1.0783947224444939
120,1.6588934961806627,2.8521870137303633,1.0781334596233392
121,1.668545559523007,2.8701625028232036,1.0778771090984143
122,1.6782023006807323,2.888135518229646,1.0776243122675364
123,1.687863456888085,2.906106009819111,1.0773742055704747
124,1.6975288652631284,2.9240741389794445,1.077126256815545
125,1.7071987320636037,2.9420398718575034,1.076880202117688
126,1.72171188622783,2.968983861053986,1.0765139307751281
127,1.736234967023412,2.9959224671158293,1.0761501508335287
128,1.750766126551939,3.0228563511592728,1.075971151424345
129,1.765298761110788,3.049789168959771,1.0760393111831121
130,1.7749853089288885,3.067745237971861,1.0761623093189507
131,1.7846692802198885,3.0857024619722844,1.0763232008950778
132,1.7895101814219212,3.09468168320048,1.076413709818579
133,1.794350229755414,3.103661371621187,1.076509313769257
134,1.8040276075524775,3.121622032166253,1.0767122955233355
135,1.813701234572921,3.139584723018124,1.0769265803921249
136,1.8233709268124323,3.157549417217698,1.0771484263855982
137,1.8330365159397493,3.175516314713078,1.0773753460486515
138,1.84269797964743,3.193485316948603,1.0776058818969554
139,1.8523554871365733,3.211456747882432,1.0778391264003149
140,1.8620087886184364,3.2294303608882746,1.0780744137179545
141,1.8716578397410621,3.2474064154341176,1.0783112718530197
142,1.8813024480784846,3.2653846136416274,1.0785494723050661
143,1.8909429295783389,3.283365199859212,1.0787890474672253
144,1.9053954755207172,3.310340295649939,1.079150713914169
145,1.9150249678104792,3.328326481087069,1.0793930978913393
146,1.924650146454605,3.34631504818903,1.0796363032556284
147,1.9342709043116573,3.364305845949306,1.0798802216756433
148,1.9438872986964733,3.3822992120803974,1.0801248545103908
149,1.9534992604378671,3.40029487762437,1.0803702721994508
150,1.9631068989328548,3.418293082358285,1.0806164838143018
151,1.9727100771022772,3.4362934667377343,1.0808635117516079
152,1.982308883611545,3.4542962789130187,1.0811114420367758
153,1.9919031645297416,3.4723013571478507,1.081360339243733
154,2.0062860592146916,3.499313703758055,1.0817353477231026
155,2.020658725807454,3.5263312461574734,1.0821118648472812
156,2.035021207900625,3.553354000734253,1.0824897644550757
157,2.044590647886593,3.5713723694440644,1.082742550685297
158,2.05415549413611,3.589393165282578,1.082996038873816
159,2.0637157490166,3.6074165998224585,1.083250307140253
160,2.078047509638339,3.634456009458286,1.083633461747432
161,2.087596279598161,3.652485315865894,1.0838901404665189
162,2.097140383485486,3.670517063049539,1.0841478239933546
163,2.1066798138399534,3.6885512597332757,1.0844064082085867
164,2.1162145335874456,3.706587918476955,1.0846657060626081
165,2.125744499935561,3.724626999584318,1.0849256332680006
166,2.1352698619408153,3.7426685060565044,1.085186281520597
167,2.1447906135236696,3.760712684345161,1.085447658760062
168,2.1590628482051906,3.7877836671639975,1.0858410759422303
169,2.163817879308919,3.7968085577104174,1.0859725813586851
170,2.168571709101446,3.8058340249654865,1.086104278704475
171,2.178075873779749,3.8238870007986607,1.0863683074804522
172,2.1875751838047206,3.8419423207684615,1.0866332650411852
173,2.1970697284427225,3.860000277596848,1.086899139122905
174,2.206559888133397,3.878060474701399,1.0870790310168046
175,2.216047979556285,3.8961222077773066,1.0871270830094575
176,2.22553592511276,3.9141840469730123,1.087089334455661
177,2.235025097594648,3.9322455823997235,1.0869958497399042
178,2.2492627584794853,3.9593359868831945,1.0867921340367437
179,2.258757899066069,3.977394610225856,1.0866309403674352
180,2.2682561400373453,3.9954516367065067,1.086457881880874
181,2.282509457552532,4.022533861356796,1.086185402978093
182,2.292015841462535,4.040586609804812,1.0859990029273534
183,2.301525474884995,4.058637508247735,1.085810551229002
184,2.3110385944834766,4.076686673621508,1.0856209412509708
185,2.3205550068099123,4.094733823242036,1.0854307998655661
186,2.3300750264589407,4.112779301851638,1.0852406519518478
187,2.339598464281534,4.130822938732599,1.0850507724035119
188,2.349125419163792,4.148864988355152,1.0848613065063624
189,2.3586556587766365,4.166905083275279,1.084672340704217
190,2.3681892983032857,4.184943492432028,1.084483945097127
191,2.3777262811641213,4.202979950261263,1.0842962744737283
192,2.3920382939439397,4.230031369519758,1.0840163468832122
193,2.4015837791679253,4.248063334583037,1.0838306300455738
194,2.411132467638927,4.266093539368411,1.0836454509970923
195,2.425461918553558,4.29313554159925,1.0833688684917282
196,2.435019057782352,4.311161336698215,1.0831853296980571
197,2.444579561393235,4.329185568302177,1.0830024678666428
198,2.4589263741943816,4.356218500470554,1.0827294467534896
199,2.473280546797336,4.383247488433746,1.0824581869513556
200,2.4876420096450143,4.410272597509966,1.0821888727090427
201,2.5020107229121953,4.437293817234604,1.0819212464673778
202,2.5115938108879443,4.455305674589645,1.081743586655225
203,2.5259744977733583,4.482320462495084,1.081478219696499
204,2.535565657612093,4.500328296480864,1.0813021364270023
205,2.5451599854843834,4.518334401841716,1.0811267279367196
206,2.5547574936180752,4.536338884471198,1.0809519856369625
207,2.56435811111336,4.5543416342105605,1.0807779766469088
208,2.5739618124182213,4.572342731053558,1.0806047701461983
209,2.578764798463487,4.5813426811665305,1.0805184706685984
210,2.583568553922566,4.59034214197874,1.0804323778950176
211,2.593178474950343,4.608339863715553,1.080260771299018
212,2.6027914845371822,4.626335943551565,1.080089776741225
213,2.6124074972342943,4.644330287958824,1.0799193399188183
214,2.6220266103247094,4.6623230060477985,1.0797494988658731
215,2.631648824864205,4.680314167403369,1.0795802954550549
216,2.6412741298073823,4.698303876490159,1.0794117052393737
217,2.6509024151863168,4.716291905436566,1.079243744136177
218,2.6605336558531425,4.734278199648481,1.0790764790688152
219,2.6701679232335818,4.752262920044467,1.0789100013355584
220,2.6846249398623336,4.779236963684019,1.0786618185962193
221,2.694266646848159,4.797217734536976,1.0784972240065014
222,2.708734694639363,4.824185660509251,1.0782514212176295
223,2.723209427967701,4.851150075805824,1.0780069064330131
224,2.7328629684534156,4.869124598092529,1.0778446192447548
225,2.7473485717719717,4.896083392262419,1.0776022272233439
226,2.7618407620370102,4.923038584629056,1.0773613475721615
227,2.781173740762745,4.958973351933048,1.0770428262786722
228,2.790844538192163,4.976938515062491,1.0768845932952724
229,2.8053559257468366,5.003883143622184,1.0766482614385249
230,2.819873642475974,5.030824390677262,1.0764130942630257
231,2.8295557691431794,5.048783498813021,1.0762570399388076
232,2.839240645198791,5.066741030695299,1.0761015693427396
233,2.8489284111038025,5.084697137195577,1.0759467081328038
234,2.858618788788173,5.102651571982011,1.0757924732085784
235,2.8683119301913274,5.1206046636568825,1.075638939240767
236,2.8828567966460072,5.14753131599738,1.0754100377576687
237,2.8925567868863973,5.16548066204518,1.0752812780184533
238,2.9071083582339865,5.1924030230933855,1.0753366128429453
239,2.9168072334810233,5.210352219599725,1.075491082242402
240,2.926502896381734,5.2283030756694515,1.0757025738078336
241,2.9410384689308002,5.255233541805362,1.076085870307911
242,2.9507228917479553,5.273190452041112,1.0763685390355509
243,2.965239631222411,5.300130885607999,1.0768162199104403
244,2.9749106079073457,5.318094799427549,1.0771246449563747
245,2.984576018974738,5.336061708571903,1.0774380971878221
246,2.989406636044328,5.345046298662033,1.0775961873349487
247,2.9942357887579982,5.354031563107207,1.0777549595809202
248,2.999063497241551,5.363017671463052,1.077914282419854
249,3.0038897760396646,5.372004564329235,1.0780740915958005
250,3.0135380248990598,5.389980614827316,1.0783949122319858
251,3.0231805534750653,5.407959835231877,1.0787170346997832
252,3.0328173184106375,5.42594216319127,1.0790401994645271
253,3.042448217394712,5.44392766363517,1.0793641624541706
254,3.052073259509983,5.461916325845685,1.0796888703224932
255,3.0616924960244036,5.479907958353466,1.0800143829470301
256,3.0761103850744864,5.50690129358496,1.0805040321558186
257,3.085714882902044,5.524900846969399,1.0808311853996917
258,3.1001105391934756,5.551905885991148,1.081322816015735
259,3.1097003755167605,5.5699132412115,1.0816511595234488
260,3.1192842585925047,5.587923717426941,1.0819799732246096
261,3.1288621489386914,5.605937474688007,1.082309229014069
262,3.1384341270288334,5.623954377196674,1.082638969761226
263,3.1480002684729342,5.64197443689446,1.0829692785408838
264,3.162338361028218,5.6690102249664855,1.0834659185242979
265,3.1718894748688307,5.687038199087913,1.0837976941265424
266,3.186204754968167,5.714085993845281,1.0842962877384903
267,3.1957409867007507,5.732121627649817,1.084629335921997
268,3.20527125692638,5.750160574444094,1.0849627047493777
269,3.21479526086398,5.76820274028565,1.085296361297499
270,3.224313294959626,5.786248224201121,1.0856304282696698
271,3.2338254110971905,5.804296735902546,1.0859650401660346
272,3.2433316636040734,5.822348495543336,1.0863002609282812
273,3.2575792580099763,5.849431996103536,1.0868040835633226
274,3.2718131133109547,5.876522801201689,1.087309260046937
275,3.286033497051961,5.903620685708274,1.0878156990831607
276,3.2955060979625808,5.921689793011817,1.088153862758606
277,3.3049726045782877,5.93976227973006,1.0884924309773132
278,3.3144328791831215,5.957837952778361,1.0888314189587565
279,3.323887093054826,5.975917006834251,1.0891708670409654
280,3.3333351091718573,5.993999123001921,1.0895107747688115
281,3.3427772251308916,6.012084380840653,1.0898513003023416
282,3.347495955808674,6.021128175197797,1.0900217612039989
283,3.356928613937174,6.039218412558709,1.090363000845587
284,3.366354990633025,6.05731177086288,1.0907047930383116
285,3.3710658769940838,6.066359687737463,1.0908758962845824
286,3.3757752302011506,6.075408394024524,1.0910471239684363
287,3.3804830433482107,6.084457852119174,1.0912184670645098
288,3.3851892953644396,6.093508073370895,1.0913899033574046
289,3.394597241568495,6.111611073101037,1.0917330982069957
290,3.4039989526059276,6.1297172223890675,1.0920767229811286
291,3.408697491264968,6.138771577929883,1.0922486967959388
292,3.4180867704656923,6.156883360623066,1.0931088971749665
293,3.4321249449050866,6.18407136593711,1.0957871336783294
294,3.44607676278347,6.211301412288899,1.0994169449228797
295,3.455319085946773,6.2294839302151885,1.1022951279369753
296,3.4645006460674512,6.2476947047618605,1.1062744620590386
297,3.473602216889995,6.26594354206335,1.1110949692877274
298,3.482610718126423,6.284237063579512,1.1164625806536124
299,3.4959254649124123,6.311770870184082,1.1257986362886965
300,3.5046507720922757,6.330197421279051,1.1327944735688604
301,3.513243589743382,6.348685099039201,1.1401589000515628
302,3.5216977762758566,6.36723599393798,1.147771000241445
303,3.538172580928468,6.404529893492583,1.1635583621741694
304,3.5501368967274827,6.432669180019218,1.175665162344847
305,3.5579223044042334,6.451508352296307,1.183851421246022
306,3.5655524491247963,6.470410410573761,1.1921463433196111
307,3.573024737889598,6.489375174878907,1.2005100297666123
308,3.580314779110566,6.508340902965529,1.2089194295643593
309,3.587414359377664,6.527286492187304,1.217368064717835
310,3.5942685391754905,6.546035917694007,1.2241242241671537
311,3.600878706049614,6.564330505537323,1.2225448090775715
312,3.6074389221575456,6.582357768272201,1.2209888191071365
313,3.6138704966016317,6.6000578898268385,1.225351794174367
314,3.620204395388916,6.617788644510543,1.2315883336920341
315,3.626421807018686,6.635558575191766,1.2385103694053903
316,3.6323756875831177,6.652973699514293,1.245900024619934
317,3.638187506039933,6.670401591684875,1.253608207342245
318,3.6466489196782432,6.696624589109529,1.2655276100163293
319,3.652114744753016,6.71416171464173,1.273614717021417
320,3.6573685309501056,6.731512183761235,1.2817634089859866
321,3.6598975524980717,6.740052259487502,1.2858444019293211
322,3.662391165440982,6.7486017218063905,1.2899265875461186
323,3.664849836523558,6.757160718699145,1.2940097394927015
324,3.6696623700911966,6.7743075975370575,1.3021787890821246
325,3.6743343440529403,6.79149312985744,1.3103499055194359
326,3.6788657041918253,6.808716203468514,1.3185226524760998
327,3.683136381196773,6.825504719053169,1.326740096667191
328,3.6872595990623673,6.842291658459315,1.3350211338838267
329,3.6912434471822264,6.859110880085512,1.3433427458532707
330,3.6950866888598872,6.87596271351561,1.3516901429171744
331,3.699100863894121,6.894235576425124,1.3585828213843139
332,3.7049721521273247,6.9212676343175925,1.3485308423022444
333,3.7112044951847842,6.947427450143275,1.3205923949449134
334,3.7181377164535134,6.973246541207836,1.29188250591827
335,3.725815247659922,6.998845505616541,1.262641269795567
336,3.7313494805969127,7.015780885811931,1.2429676975293034
337,3.7371507755339555,7.032418394274156,1.2231320596568407
338,3.74634119929393,7.056782237101545,1.192562405689808
339,3.752883428784952,7.0728606811462145,1.1717967355227248
340,3.7596792263185206,7.088614529501216,1.1507724489128541
341,3.7666980750032866,7.103978221266705,1.1292404179848239
342,3.7740482702110785,7.119183604797032,1.107320922930463
343,3.7817319770293816,7.134222437937407,1.0851401020375049
344,3.78974910840747,7.1490857999193524,1.0627795478043864
345,3.7979096285392013,7.16343366168225,1.0401753938801181
346,3.8063777298131516,7.177564765461688,1.0173003310926167
347,3.815168352834564,7.191496140622311,0.9942439854355952
348,3.824278598199998,7.205219806210377,0.9710659747947689
349,3.8336830979841947,7.218656535460549,0.942859006106037
350,3.8424324790684623,7.230382047700695,0.9088602352310687
351,3.849431040238025,7.239107032393058,0.8732091744834396
352,3.855295580304342,7.24592340048439,0.8410756535561595
353,3.862503707619946,7.253751594850728,0.810928818505437
354,3.865890672346802,7.257302695335614,0.8081493453870743
355,3.8678125879684764,7.259323482352799,0.8209541302988638
356,3.8682275975947182,7.259770840126775,0.8332949381760688
357,3.8685852236267015,7.260158432283033,0.8474761587836869
358,3.8689174826342714,7.260533765328637,0.861526703522287
359,3.869556716591663,7.261289074225126,0.8892899092454745
360,3.8701727714115988,7.262059161202884,0.916713469308233
361,3.870746159309123,7.262817060269868,0.943878800317671
362,3.871292399707168,7.26357973513384,0.9708367294761097
363,3.871811633488435,7.264346483344121,0.9976259648254672
364,3.8723077723913786,7.265121842609056,1.0242657458501037
365,3.872780470040321,7.26590504538719,1.050774094550948
366,3.873226239646179,7.26668871295727,1.077168183867236
367,3.873643395632904,7.267468214515598,1.1034863009522662
368,3.8740435176532917,7.268265145235007,1.1297286596322262
369,3.874427293004031,7.26908198224824,1.155876086470075
370,3.874790771201005,7.269911201317654,1.181881169996782
371,3.875132375253748,7.270748940164084,1.2077303147301106
372,3.875459372584471,7.271614214776121,1.2333650941023475
373,3.8757782332224844,7.272528826026462,1.2586940579977373
374,3.8760904786009474,7.273505716039666,1.2834457241122699
375,3.87642864052569,7.27467011710704,1.3077984923280397
376,3.876800186314924,7.276077643523628,1.3319752344862241
377,3.8770462053237873,7.277099386665321,1.3597678628858418
378,3.877359125575737,7.27861349697714,1.393613666462894
379,3.87765920275311,7.280364273756803,1.4042990603823713
380,3.877838234667225,7.281430579752321,1.4052206092531658
381,3.8780130450534025,7.282482917182041,1.4040637276573684
382,3.8782094554922417,7.283637356301304,1.3977596377315276
383,3.8785507486122173,7.28555334692789,1.3858351729985683
384,3.878805888750282,7.286905930289507,1.3775002459247134
385,3.879072587774887,7.288257230780641,1.3689419406943943
386,3.8794065417537933,7.2898542590031985,1.3525855476749191
387,3.8796219275716437,7.290835706136581,1.3403910971855773
388,3.8798515714644104,7.291808945945311,1.3334835007861856
389,3.8801885935653084,7.293191363992729,1.3295678283043584
390,3.8804161363847625,7.294113755093982,1.3274638085811743
391,3.880645227106771,7.29503598113883,1.325298536941109
392,3.881008113873694,7.2964805903279775,1.3219696798079392
393,3.881253320122449,7.297444214606067,1.319718686410349
394,3.8815002942472305,7.2984058084995125,1.3174851896976192
395,3.8816245198158597,7.298886428868031,1.3163740011967937
396,3.881749230115249,7.299366931929758,1.3152650933554768
397,3.8820003628153787,7.300327708914949,1.3130275786579277
398,3.882253787252007,7.301287975777016,1.3107565171005027
399,3.882509404851081,7.302247822781271,1.308462047652548
400,3.882767022361813,7.303206261255455,1.3061525610889908
401,3.8830265584425523,7.304163250826151,1.3038414928497055
402,3.88328829953701,7.305119513806236,1.3015287340653625
403,3.883552284792848,7.306075213054249,1.299212780949075
404,3.883818161518429,7.3070291816384465,1.2969001726420608
405,3.8842204457608642,7.3084565100659,1.293500863709101
406,3.884616949942211,7.3098370303747915,1.2891353495779367
407,3.8848881052481503,7.31075793498263,1.2767635204962753
408,3.885347989576812,7.3122361631083885,1.2362292883125099
409,3.8856930195717942,7.313221955469702,1.2069159237229674
410,3.88626566880091,7.314678708131487,1.1619540276754896
411,3.8866789854373507,7.3156231432221785,1.1296812565799161
412,3.887110518989843,7.316540370480006,1.1016572142791619
413,3.887629820718529,7.3175614815977434,1.0873309189146876
414,3.888303918347998,7.31883913253722,1.0874940191342766
415,3.888981455811218,7.3201258950875845,1.0879648873494492
416,3.8899815327156064,7.322044336957059,1.097550494861599
417,3.890668166281303,7.323387499525694,1.1260674053906274
418,3.891307930553912,7.324752620270774,1.1568629844347111
419,3.8919062280944194,7.326131960208334,1.1926294706715381
420,3.892468000276967,7.327572181230133,1.222147081495509
421,3.8929903847993854,7.329019888070562,1.2361346105129587
422,3.893441533952295,7.3303410726505,1.2337021865446973
423,3.893903458588812,7.331658766459577,1.2294843612892803
424,3.89451333684431,7.333363195656743,1.218410436238511
425,3.894889607595325,7.334392815261934,1.207873675529789
426,3.895282063077857,7.335424609053112,1.2054012382610728
427,3.8959287603934434,7.3371108305766795,1.2070069993413313
428,3.896360063295552,7.338243295108652,1.2064423986602815
429,3.8970341921422387,7.34000792246691,1.203958734701289
430,3.8974870996037945,7.341186565751069,1.201542792886301
431,3.8977148199474216,7.341775442969973,1.2001924836570474
432,3.897943420362835,7.342364085631625,1.198772401277663
433,3.8984017722844215,7.343536729299144,1.195776559131922
434,3.8988634416654584,7.344707725089902,1.1926370028863456
435,3.8993285688984067,7.345877382826306,1.1894056571599436
436,3.900038059624298,7.3476396847192005,1.1844978102462314
437,3.9002766636877593,7.348226498129484,1.1828584705549767
438,3.900756632838457,7.349399011574313,1.1795764952869534
439,3.901240195180789,7.350569887234012,1.1762915515417904
440,3.901734495813907,7.351755665420636,1.172984031802976
441,3.9022361391520315,7.352947207594382,1.1696442341724969
442,3.9027452823998483,7.354145367856934,1.1662834862137945
443,3.9032582738500565,7.355341993379269,1.162909802213239
444,3.904043120176304,7.3571509438261815,1.1578558436851896
445,3.904571710856019,7.358355303273973,1.1544978644684032
446,3.9051041911226148,7.359557827630902,1.1511462448886958
447,3.9059165231393225,7.36137175459363,1.146181989727072
448,3.906463378524424,7.362578996690662,1.142920068643459
449,3.9070170673260605,7.36379132151316,1.1396727511442934
450,3.907861149672436,7.365619637444275,1.1347331551161128
451,3.908429116634393,7.36683614065527,1.1314089363647117
452,3.9092946678148843,7.368670482915899,1.1264114041939144
453,3.909876898111048,7.369891411344791,1.1230819237111318
454,3.9107604308479527,7.3717240513394025,1.1181265472707018
455,3.9116544696962685,7.373555632928545,1.113281034050412
456,3.9125572553365133,7.37538282395223,1.1085036737262
457,3.9134774761792595,7.37722261829369,1.1036975791216719
458,3.9140961750580816,7.37844743840983,1.1004542186522255
459,3.915035830861366,7.3802885219554675,1.095589857684283
460,3.915667109704886,7.381513669059826,1.0923617637601408
461,3.9166250282043493,7.383354369643884,1.0875277020795355
462,3.9172702434421267,7.3845814563704835,1.084296428165857
463,3.9182494102527015,7.386426050070042,1.0794503894521534
464,3.9185778931983206,7.387039913774929,1.0778372730105767
465,3.919237900083764,7.388265893170479,1.0746159860736948
466,3.9202347796610026,7.390101418358069,1.069840218809963
467,3.9212405498182856,7.391931927323907,1.0652168949965777
468,3.921577757883176,7.392540888307415,1.0636995827232492
469,3.922258961035675,7.3937646670576225,1.0606520364588319
470,3.922600889871778,7.394376306838838,1.059115417689942
471,3.9232877853841277,7.395597721679309,1.0560269279305272
472,3.923978769414556,7.396816739290995,1.052927241543071
473,3.9246732307850336,7.398034399387916,1.0498546024404327
474,3.9253719224928485,7.399249165282851,1.0468304920271196
475,3.9260748765714792,7.400464626980139,1.0438346035597672
476,3.9267836324900864,7.401680297524319,1.040822180012735
477,3.927495859585682,7.402894104833636,1.03779738753195
478,3.928402653884454,7.404444475202255,1.052966905969206
479,3.9293866092338177,7.406204477850743,1.089932083813773
480,3.9302918599031544,7.407986124644547,1.1270375598376081
481,3.9308573930385413,7.409190327823113,1.1517972581455758
482,3.9316541878194617,7.411034192473407,1.195936907295897
483,3.9321556815892875,7.412322521565266,1.2192828248929448
484,3.932616138464638,7.413582907245656,1.226921789140215
485,3.932939042554329,7.414503040990351,1.2253291228612284
486,3.9332605043501316,7.415399687221191,1.2231689680665792
487,3.9334220461750835,7.415847605034593,1.221940230860763
488,3.9338328282701935,7.4169740079131445,1.2179270316902617
489,3.9341066353870744,7.417716820711893,1.215088826614576
490,3.9345283639675257,7.418850406380672,1.210679071575288
491,3.9348156839920567,7.419613721817635,1.207655366154694
492,3.9351056990486932,7.42037593723376,1.204590257981757
493,3.935555874886467,7.421546673126464,1.1999404988395843
494,3.935863367548218,7.4223378183067075,1.1968137574168363
495,3.9363351398711233,7.4235360168536015,1.1920992076250605
496,3.936661608220556,7.424355691964866,1.1889400993406751
497,3.9371558562024718,7.425583830229774,1.18418493364751
498,3.93749366074252,7.426413226317934,1.1810093067228726
499,3.9380158320932384,7.427680025985053,1.176248740644169
500,3.9385594892281888,7.428982085557589,1.1715063329563071
501,3.938925936631583,7.4298498717247385,1.1683586305007447
502,3.9394902162145193,7.431171408253712,1.1636597868138272
503,3.93987374032225,7.432059917596652,1.16055133370587
504,3.9402600142684383,7.432947239090326,1.1574564528834699
505,3.9406539548358066,7.433845165601789,1.154362677388952
506,3.9408554891456444,7.434301127246614,1.1528002506119701
507,3.941260770785169,7.435212329707661,1.149648047050641
508,3.9416727028120935,7.436131474061415,1.1464709096269456
509,3.9420931414249107,7.437060918539338,1.143276488352249
510,3.942516435414734,7.437989346488123,1.140072304123995
511,3.9429466775124182,7.438924467319937,1.1368633198015003
512,3.943384945301681,7.439869191662062,1.1336550441659257
513,3.943826275952898,7.440812544829468,1.1304497675525818
514,3.9444962873916447,7.442230207924702,1.1256562638072423
515,3.944950923747046,7.443182183092549,1.1225080638322265
516,3.945408797224852,7.4441324416634185,1.1193961169389
517,3.946115044443981,7.445585332127101,1.1147102802627935
518,3.9465904365352125,7.446552900477802,1.1115581564604238
519,3.94731222218188,7.448008493326708,1.106812311487239
520,3.9478030624174196,7.4489874764719035,1.1036433553024434
521,3.948544771981367,7.4504535358281485,1.0988912827180675
522,3.949048764412755,7.451440393278973,1.0957422678119462
523,3.9498141985096926,7.452923374611545,1.0910739587910576
524,3.950332073836747,7.453917607972677,1.0880228947549464
525,3.9511147232513517,7.455405992019788,1.0835213486022564
526,3.951643690363891,7.456403005834704,1.0805451204619088
527,3.952180590053642,7.457407257610083,1.0775304987602115
528,3.9527200342322466,7.458410619544461,1.0744863671649616
529,3.9535422304959527,7.459923761682979,1.0699223092948749
530,3.9540943141662788,7.460930857896308,1.0668964873109033
531,3.954936336198023,7.462453452002575,1.0623529090690702
532,3.955502152081949,7.463466911420011,1.0593159757914925
533,3.9560729301937707,7.464482171269089,1.0562794583482595
534,3.956938806709144,7.466008985015696,1.0517341572239487
535,3.957519726512884,7.467025008981421,1.0487129327089175
536,3.958399996239368,7.468549727861503,1.0442652561792536
537,3.9589902787510427,7.469564676969548,1.0413658732944695
538,3.9595840970567897,7.470577237394479,1.0385027727747247
539,3.960487593631307,7.472107408955166,1.0341944282902076
540,3.9610943600233117,7.473125410392799,1.0312979763935695
541,3.961399547671746,7.4736356453582165,1.0298517039622452
542,3.961705617242201,7.47414571954121,1.0284135265160204
543,3.962012612620497,7.474655215873947,1.0269824445302684
544,3.962320564863587,7.475164029561393,1.0255576762230825
545,3.962938141958009,7.476180835473098,1.0227247027890654
546,3.963560045350095,7.477198723154341,1.0199064893353207
547,3.964187479469942,7.478218078764145,1.0170784442001324
548,3.964817477537323,7.479236163685683,1.014244591413172
549,3.965451406914857,7.480253326811296,1.01141458171305
550,3.965769991704304,7.480762154717299,1.0100083001173943
551,3.966408999631374,7.481778777480887,1.0072134966275883
552,3.9670512201850565,7.482793058207996,1.0044392271298008
553,3.967698504315415,7.483809839257328,1.0016737759806753
554,3.9683486483328583,7.4848251945499715,0.9989107653535415
555,3.969004373913522,7.485839318439837,0.9953215489980064
556,3.969981929789649,7.487346818794361,0.9907251103927399
557,3.970621845195157,7.4883253296150745,1.0020833983873743
558,3.97154253192587,7.489792397342081,1.042575756835944
559,3.9721170109046855,7.490787014731511,1.0697068391624118
560,3.9729310786136787,7.492314137729622,1.1155703845981708
561,3.9734530590367947,7.493391531344341,1.139397029955088
562,3.973948341517327,7.4944697315562845,1.1473987810708581
563,3.974520370294562,7.49575503248832,1.1451472619235428
564,3.9749024373046526,7.4965988243696335,1.142929469731181
565,3.9754022260333732,7.497693105383138,1.1390081253450546
566,3.9757054111684127,7.498351056459101,1.1361852751198178
567,3.9760126150961583,7.499013270566801,1.1332740057466377
568,3.976481974951725,7.500014980594158,1.1288811231160947
569,3.976797577793512,7.50068153849738,1.1259502151918332
570,3.9772940192834456,7.501720624238552,1.1214845117357062
571,3.9776281906858957,7.502413641003831,1.1184560512833106
572,3.9781445041785597,7.503473513151112,1.1138726914914396
573,3.978495760577682,7.5041883503353874,1.1108000621491088
574,3.9790271466016884,7.50525805300567,1.1061820962138345
575,3.9793890302783455,7.505979744236645,1.1031036156940977
576,3.9799504168300355,7.50708832137857,1.0984976639913682
577,3.980528036155066,7.508216686809296,1.0939361791770352
578,3.981119760448722,7.509359199379222,1.0894261415314745
579,3.98152088084529,7.510126426607063,1.086458880834601
580,3.981722443679106,7.510509424467507,1.0849846544128843
581,3.981924409421799,7.510892264710558,1.0835157451781732
582,3.982126718696716,7.511274959319951,1.082051483959709
583,3.9823295969386128,7.511657265923308,1.08059139547376
584,3.9827480054364304,7.512439812670877,1.0776522466016933
585,3.983168913797595,7.513223372250213,1.0746809323715525
586,3.983592696748965,7.514005178158671,1.0716921541653435
587,3.9840224300668257,7.514792602590691,1.068695130818125
588,3.9844592428344656,7.515587925147619,1.065694880597458
589,3.9848987046684656,7.516381705373934,1.062696010220651
590,3.985347013947983,7.517186833930754,1.0597164031557589
591,3.9857988168135905,7.5179910227970135,1.0567660946539457
592,3.9862525198234695,7.518794344945001,1.053838858504836
593,3.986950560282738,7.520018222928632,1.049448497051666
594,3.9874189426157898,7.520833533501992,1.0465146686688407
595,3.988131944594385,7.522062874323427,1.0421178366221768
596,3.9886123810792844,7.52288487161048,1.0391936712787124
597,3.989343079687059,7.524123645931769,1.0348406720553915
598,3.9898348726111132,7.524951786421669,1.0319845226012663
599,3.9903294716933706,7.5257778464971565,1.029157450760772
600,3.9910823323736047,7.52702572528055,1.0249406338325646
601,3.9915899104634036,7.527860526728764,1.0221188869767888
602,3.99209998611404,7.5286937081488725,1.0192953053025353
603,3.992617245305622,7.52953393636523,1.0164756199034601
604,3.993137528525586,7.530372916213587,1.0136635412827462
605,3.993661282916291,7.531213320412506,1.0108677751082393
606,3.9941895099122293,7.532055455175673,1.0081226903982994
607,3.994720544048134,7.53289547227329,1.0054206296225425
608,3.9952586283727425,7.533743485696841,1.0027271962099569
609,3.9958000566807996,7.534590179750639,1.0000229087866481
610,3.9963434086159357,7.535435887625218,0.9973160146433208
611,3.9968920489671147,7.536284195361143,0.9946257416876091
612,3.9974431784757294,7.537131508733266,0.9919631291222828
613,3.9979980845886485,7.537980192248398,0.989320037915099
614,3.998838739093304,7.539255683903818,0.9853572007177405
615,3.999402005629734,7.540104077239977,0.9827204212008999
616,3.999684604370605,7.540527622070403,0.9814049029939894
617,3.9999675496422458,7.540950978600178,0.9800916299942246
618,4.000537447283751,7.541800223786044,0.9774794889337755
619,4.000823496441483,7.542224241340147,0.9761816997098106
620,4.001396864426854,7.543071632197031,0.9736009626753775
621,4.00197275367125,7.543917009299754,0.9710384474143262
622,4.0025531333154944,7.544764442045824,0.9684873829370964
623,4.003135328959553,7.5456111451756716,0.9659441321987845
624,4.003737681021635,7.546477053624226,0.9625365211535098
625,4.004354829771048,7.547366753238153,0.9575595035113401
626,4.004965829829357,7.548240424883013,0.9610216898593598
627,4.005827760568865,7.549483202624197,0.9944457014306018
628,4.006094254730194,7.54988990625538,1.0081984071819903
629,4.006610872789246,7.550715642260937,1.0350981262801495
630,4.007104872174288,7.551557391819032,1.0626667185971594
631,4.007581291262281,7.552415653885584,1.0936083810540713
632,4.008049511002602,7.553327383322441,1.1171691291154047
633,4.00860147457561,7.554477457978267,1.1245385781354464
634,4.008922116133486,7.555151487121959,1.1229055206066114
635,4.009837426259816,7.557038071266984,1.1083465727469544
636,4.010480404901839,7.558326218306315,1.0969838610438931
637,4.011152143042828,7.559630539247565,1.0917897109766994
638,4.012196305612918,7.56162923267933,1.0853070579405517
639,4.012899306009862,7.562958459874915,1.0808770040983828
640,4.013607613710889,7.56428233970127,1.0752774877461582
641,4.013952781362363,7.56491613955251,1.0689836367348224
642,4.014459823548705,7.5658383250096035,1.0522808708991145
643,4.01476783221719,7.566383623885845,1.0425823663665355
644,4.015086148319326,7.56692688704988,1.038826326230954
645,4.015605921949555,7.56780630727877,1.0344809356349471
646,4.015969818028789,7.5684183914272625,1.0315558843158599
647,4.016528915505615,7.569350645803443,1.0271689803533848
648,4.016920210200449,7.569997876197577,1.0242842272493722
649,4.01731364829383,7.570643968842145,1.0214334508025358
650,4.017713393706657,7.5712966713153955,1.0186025864177004
651,4.01812122079696,7.571958248824499,1.015754033911828
652,4.018736787226641,7.572948678923312,1.0114618245861229
653,4.01915731672277,7.57361982851077,1.008598497190115
654,4.019580349753458,7.574291000108134,1.0057391843366785
655,4.0200052636437995,7.57496077708154,1.0028875076160504
656,4.0204388385868555,7.575639644037008,1.0000590920587762
657,4.020874692345259,7.576318060751632,0.997262483484059
658,4.021312442390443,7.576995294677947,0.994491824632327
659,4.021759615488816,7.577682732598029,0.9917297542103926
660,4.022209452140234,7.5783698329245235,0.9889666440346517
661,4.022663761289322,7.57906007563739,0.9862077675240121
662,4.0233543370876,7.5801014494085495,0.9820847264216932
663,4.024054268975504,7.581146924545075,0.9780006447838522
664,4.0247611333152555,7.582194053178825,0.9739898399557779
665,4.025477849660206,7.583246406728651,0.9700239423266082
666,4.025960488608926,7.583949715512166,0.9673828078172936
667,4.026687576845316,7.585002404901348,0.9634334623498682
668,4.027423235523377,7.586058705098926,0.959506059187498
669,4.027918067615714,7.586763686319521,0.9569010425988329
670,4.028669805454656,7.58782780924501,0.952994476991404
671,4.029175787643137,7.588539116863899,0.9503652880182205
672,4.0296984675611105,7.589269638084524,0.9476840895465987
673,4.0305164855082065,7.590404729589363,0.9431913175980939
674,4.031087560038925,7.591190820701988,0.9400058187504593
675,4.031994824957411,7.59242924404525,0.9353357176403484
676,4.032603003884327,7.593252818526726,0.9322949790224806
677,4.0332136367981954,7.59407434957073,0.9292971702672992
678,4.033850300764268,7.594925405811302,0.9264075766105387
679,4.034491266396967,7.595777075929376,0.9236606089034537
680,4.035466664155339,7.597064267549324,0.9197357541128715
681,4.036123718144772,7.597925496705865,0.9172325536271841
682,4.037118745953672,7.599221495033083,0.9136090803116274
683,4.037787068278654,7.600086242532753,0.9112804849523783
684,4.038795868510161,7.601384189821533,0.9078734855653886
685,4.039475506748404,7.602253625316139,0.9056170205680496
686,4.040157153717992,7.603121614475663,0.903366093881341
687,4.041183467608154,7.604420452024593,0.900007148258458
688,4.041577006550101,7.604921320758452,0.9043751615515092
689,4.042175535763918,7.605688574529344,0.924899036516377
690,4.042805876595394,7.606526393843745,0.9527782845260417
691,4.0434113451095515,7.607387940043421,0.9791650060102086
692,4.043994720098586,7.608266344340971,1.0045270126862986
693,4.044555932162533,7.609158734263612,1.0291614163605236
694,4.045114224841163,7.610096732831791,1.057110513174196
695,4.045666574843711,7.611081802493728,1.0833802087734976
696,4.046252833110278,7.612192330294526,1.0974426059435427
697,4.046935769271076,7.613541516938637,1.096847366177267
698,4.047631862860333,7.614899021990489,1.0939029156644084
699,4.048581596282216,7.616732298683366,1.0890802299322533
700,4.049177574255055,7.617869760054664,1.0856997062433393
701,4.050083361875162,7.619582182438412,1.080490042504304
702,4.05070122331656,7.620738109147604,1.0769369975527845
703,4.051647669884997,7.622488882970808,1.0715385256600913
704,4.052288575563226,7.623661886591039,1.0679218723635284
705,4.052933629743792,7.624832783042903,1.0643018460226215
706,4.05391997305024,7.626603483231111,1.058881767631672
707,4.054587453875648,7.6277889629095235,1.0552854863055048
708,4.055606072186191,7.629579986907122,1.0499211534451336
709,4.056294667002266,7.630778140451869,1.046370313216817
710,4.057344114437144,7.632584728871483,1.0410831122052893
711,4.058052292099597,7.6337921292429005,1.0375886853416265
712,4.05876472681274,7.634997130905303,1.0341152812787768
713,4.059481507312585,7.636199564808589,1.0306607810710515
714,4.060218374837023,7.637426132941026,1.0272004067970923
715,4.060960840734,7.638652496784231,1.0237213242490615
716,4.0617114574915725,7.639882188805555,1.020235536159245
717,4.062852834779596,7.641734184117602,1.0150106021999497
718,4.063619002301241,7.642965652404857,1.0115368356523697
719,4.064784680561008,7.644820812504522,1.0063503845619786
720,4.065567691392988,7.6460546290660325,1.0029119541015403
721,4.066365807212064,7.647302848544697,0.999378673719811
722,4.067594189867003,7.6492047808374055,0.992917818326178
723,4.069155903797331,7.65157460017256,0.9839767362669135
724,4.071552403613414,7.655118731402556,0.9609598324771972
725,4.07411089649026,7.658723619311538,0.9442567976844441
726,4.075880460726437,7.66115597566043,0.9400336144035758
727,4.0776591428024265,7.663583312013851,0.9360825167283672
728,4.079459591392348,7.6660214134293305,0.9323273536395896
729,4.081270030470615,7.668454071216791,0.9287150836475149
730,4.083089148885121,7.67088028260342,0.9252065139329051
731,4.084910637263495,7.67329201031304,0.9217780652032197
732,4.086732113832512,7.675686665486959,0.9184252784557737
733,4.088561192313692,7.678075180191973,0.9151329366868558
734,4.0903980393845485,7.680457418620142,0.9118891552714385
735,4.092247875562746,7.682840209405334,0.9086813802039705
736,4.094105550092833,7.685217543265782,0.9055016594645743
737,4.09596809374962,7.68758567312777,0.9023495509652912
738,4.0978345011839625,7.689943518414105,0.89922770864927
739,4.100642390743707,7.693462410383499,0.8946006342132177
740,4.103463110862717,7.696963975007257,0.8900408190448585
741,4.105352270919329,7.699291133491669,0.8870352544220996
742,4.107244932200664,7.701608606209294,0.8840564185629894
743,4.1091400730190095,7.703914799389361,0.8811072735502398
744,4.111042089558936,7.706215361599843,0.8781862657664052
745,4.113895067255573,7.709641187801569,0.873859961248767
746,4.116761932504881,7.713053815537379,0.8695979470173328
747,4.118677379887111,7.71531730080481,0.8667902308109839
748,4.120593788329411,7.717569247815419,0.8640121322946684
749,4.122516275677552,7.719815801726182,0.8612618541650617
750,4.125397518137996,7.723159498354379,0.857191239417271
751,4.127325252078985,7.725381327297543,0.8545131323901547
752,4.130217924493351,7.728692658695305,0.8505480361068587
753,4.132149061393623,7.730889053975846,0.8479414092677794
754,4.135049335019723,7.734166262871674,0.8440831960485654
755,4.137944366024631,7.7374118191166605,0.8403014625499019
756,4.140843588139266,7.740637952062026,0.8365898752579022
757,4.143734762056108,7.743831701658751,0.8329604062482714
758,4.146639276983698,7.747016375897541,0.8293954978296786
759,4.1485824384235475,7.74913455974195,0.8270395164595318
760,4.150530509925965,7.751248342272158,0.8247005331718565
761,4.154422547320968,7.75544144146731,0.8200850851986847
762,4.156375316441173,7.757530867784736,0.817809144016165
763,4.159280677768137,7.760621928355696,0.8144551420665839
764,4.1612220984453625,7.762675847541807,0.8122611329245368
765,4.163167919481637,7.764725482125113,0.8100946331807124
766,4.166092278237987,7.7677896369508375,0.8068791022822961
767,4.1680473163933645,7.7698270041370066,0.8047538930932256
768,4.170000790667866,7.771854111426252,0.8026453847741698
769,4.171950465518901,7.773868950461292,0.8005584928865079
770,4.1739043457727165,7.775879690716574,0.7984924429925071
771,4.175851077383547,7.777874555869491,0.7964494356725481
772,4.177786235895712,7.779849790659092,0.7944451514384876
773,4.179725811007467,7.781821902328265,0.7924724434484623
774,4.182644214130977,7.784774075979847,0.7895410278342165
775,4.185571065065564,7.787717566933586,0.7866415916688053
776,4.18846957734168,7.790616354012455,0.7838008970374892
777,4.190404934266778,7.792542707045211,0.7819462879954119
778,4.193313838722809,7.795424438890255,0.7792046483143639
779,4.19525695424852,7.797340740599319,0.7773913169289581
780,4.198152155930008,7.800183510485752,0.7747084252498354
781,4.201038567542954,7.803002126639375,0.7720992218653957
782,4.2029664580980395,7.804876731746094,0.7703912952021655
783,4.206830594966638,7.80861539117159,0.7670139857479025
784,4.209723291130587,7.8113971912204825,0.7645152826609656
785,4.212621820910308,7.814171106363058,0.7620472644099267
786,4.214546995382642,7.816005981196735,0.7604228275180052
787,4.217417982431628,7.818731367096824,0.7580448694665661
788,4.220293491325665,7.821447789455197,0.7557242349912614
789,4.222210790855334,7.823252250519173,0.7541953518942414
790,4.225087035146383,7.825949080144499,0.7519255029954363
791,4.227957176887803,7.828627918697554,0.7496859680206995
792,4.230827609753918,7.831294763532203,0.7474780856053794
793,4.232734406573249,7.833060147975266,0.7460263808563071
794,4.234643701902208,7.834822790069563,0.7445907063793511
795,4.237491618111772,7.8374418910601955,0.7424740393059214
796,4.240331541482678,7.840043289717236,0.740415897377159
797,4.242227690824455,7.8417741558170295,0.739070203200271
798,4.244118959890936,7.843495737648351,0.7377400728625235
799,4.246011721369477,7.845214197798842,0.7364221312741099
800,4.247903199878052,7.846927122587722,0.7351161328461893
801,4.250737632175637,7.849485379218839,0.7331773153389364
802,4.252629927251696,7.851187744485329,0.7318985058652874
803,4.254511876284007,7.852876736031199,0.7306325377548885
804,4.256394868413398,7.8545622149143774,0.7293803731177037
805,4.2573371856590585,7.855404033495731,0.7287592199165969
806,4.259223377138931,7.857086019801459,0.7275263194827671
807,4.261098944231489,7.8587544060983365,0.7263070492847667
808,4.262036976427005,7.859587293801252,0.7257027127106191
809,4.263914504369093,7.861251408780026,0.7245038944158411
810,4.265781481097235,7.862902084233038,0.7233191015841773
811,4.267649395360961,7.86454968355245,0.7221483850071336
812,4.270449064438751,7.867011962023289,0.7204163539284044
813,4.2723081202383755,7.868642268534808,0.7192783386457128
814,4.27509446077569,7.871078662344992,0.7175948662150665
815,4.2778703717687705,7.873497982427672,0.7159403655910139
816,4.279723122244087,7.875108198380254,0.7148521341102777
817,4.282468679881266,7.877487824584475,0.7132612257979928
818,4.284299656027168,7.879070645343056,0.7122299815366586
819,4.287043796671266,7.881436538150312,0.7107157872134812
820,4.28977701859953,7.8837861453847164,0.7092349832128475
821,4.292513819279189,7.886131740494562,0.7077812541592816
822,4.295253806672891,7.888472929520481,0.7063336510622872
823,4.297987129110371,7.890802032742374,0.7048841827008079
824,4.299807268904283,7.8923491431493265,0.7039226354121894
825,4.301628974935723,7.893894186104846,0.7029664727357285
826,4.303440263665417,7.895427705055942,0.7020170326926428
827,4.305251834312437,7.896958662669841,0.7010750751084394
828,4.307966546634138,7.899247241972318,0.6996764216308309
829,4.310670414615064,7.901520241238633,0.6982970436187803
830,4.312474677902976,7.903033577521722,0.6973876786446552
831,4.3151652343873454,7.9052847703791995,0.6960395700498822
832,4.316959893173664,7.90678307122743,0.695151070670352
833,4.318755732871372,7.908279785970769,0.6942701556063109
834,4.321433682221816,7.910506596491473,0.6929640524639743
835,4.324098977230783,7.912716869735029,0.6916782526485427
836,4.326757902804546,7.914916349403016,0.6904167673160176
837,4.328531947608465,7.916380698962525,0.6895871914388301
838,4.331171377477899,7.918554875359241,0.6883647082655368
839,4.333804885744303,7.920718513696312,0.6871688519224145
840,4.335549520999844,7.922149108582757,0.686388860627663
841,4.336422212519381,7.922863944507491,0.6860036136956956
842,4.337295147324621,7.923578418195081,0.6856211321688678
843,4.338168296632929,7.924292502105582,0.6852411804586388
844,4.339915927486072,7.925719825494955,0.6844863715701943
845,4.341665083315395,7.927146336223407,0.6837286598410467
846,4.342540004340115,7.927859135570115,0.6833490873780675
847,4.345155237209381,7.929986197972443,0.6822120729145666
848,4.34689524129128,7.931398593778265,0.6814579041231419
849,4.349501354942668,7.933510232448524,0.6803349927800038
850,4.352095170506507,7.93560700334854,0.6792271483541932
851,4.354674092290999,7.937686934487644,0.6781388547343848
852,4.357244058411388,7.939755378715021,0.6770785326868148
853,4.359812153624489,7.94181747975526,0.6760356800926972
854,4.362379475509622,7.943874809868115,0.6749956822453207
855,4.364092124033067,7.9452450054367585,0.6743058639828271
856,4.366646087048707,7.947284170663784,0.6732794915769749
857,4.369200930614175,7.949319890336913,0.6722643929479691
858,4.371736486327942,7.951336244014664,0.6712654540708057
859,4.374264356978714,7.953342232345855,0.6702857990126491
860,4.376772821064006,7.955328737243012,0.6693368392919096
861,4.3792824129154715,7.957312681588959,0.6684115045204471
862,4.3817933143605075,7.95929354862546,0.6674853562271056
863,4.384301856937681,7.961268898293288,0.6665593684256229
864,4.385967966876123,7.962579084053198,0.665945186314602
865,4.387635028463251,7.963887985169817,0.6653348356219628
866,4.3893028597482235,7.965195790595181,0.6647286975432664
867,4.391776164743441,7.967132524743311,0.6638400010383649
868,4.394249341543112,7.969065707476652,0.6629780724873485
869,4.396723126347856,7.970995839454905,0.6621295298847855
870,4.399197822700391,7.972923038084702,0.6612765538993486
871,4.401653972501494,7.974833076104196,0.6604285106056659
872,4.404110758345083,7.976739761221413,0.6595910784321322
873,4.405746236965099,7.9780070982962545,0.6590380723000959
874,4.407377852238013,7.979270374632401,0.658486190713979
875,4.409005607422952,7.980529320511254,0.6579361481466728
876,4.410627940952264,7.981782294199496,0.6573886221089861
877,4.412251060288199,7.983034382514606,0.6568441554434997
878,4.413855967508456,7.984271303269408,0.6563081255471326
879,4.414657851447828,7.984888855894311,0.6560445313164915
880,4.415459924373751,7.985506231684454,0.6557834287514853
881,4.416262157142086,7.986123390363952,0.6555245474941287
882,4.417064594100447,7.986740285071995,0.6552676819699109
883,4.418669505202909,7.987972925342581,0.6547576921477147
884,4.421077146705854,7.989820046036555,0.6539868888702536
885,4.422683005274824,7.991050342739397,0.6534713626775364
886,4.4242896288452505,7.992280006788931,0.6529565191339629
887,4.425881932615637,7.993497271720795,0.6524464380883191
888,4.428267303800824,7.995318372644845,0.6516899336047755
889,4.429857176916038,7.996530837172931,0.6511850216422099
890,4.431447766384805,7.99774253628894,0.6506809047810556
891,4.433818437015855,7.9995456945214345,0.6499288261847648
892,4.436189525109738,8.001346738743042,0.6491827907001313
893,4.438558187523309,8.003143098781042,0.6484432520372582
894,4.440131811070112,8.004334863963601,0.647951948668151
895,4.441705938969007,8.005525893401005,0.6474620040202285
896,4.444058984029217,8.007304086574209,0.6467303365935538
897,4.445624465097267,8.008485480253942,0.6462443571694431
898,4.44793844201989,8.010229675427402,0.6455348980868151
899,4.449480344377779,8.011390572931576,0.6450772263456245
900,4.451798549911437,8.013133801441484,0.6443973850383906
901,4.4533464616245455,8.014296208491688,0.6439353034225953
902,4.455646565389941,8.016021763055688,0.6432424598672788
903,4.457170963551369,8.017164060489629,0.6427926357289409
904,4.458696081086958,8.018305584740572,0.6423505805384675
905,4.460992087821584,8.020022203677216,0.641678713949119
906,4.462523660044501,8.02116614436722,0.641220857063601
907,4.464818054057679,8.022877532948842,0.6405274810047569
908,4.466341505647022,8.024012482613866,0.640062099406429
909,4.468627538586803,8.025713678569783,0.6393624242936681
910,4.4709029452695175,8.027404232484452,0.638662621735212
911,4.472419970258313,8.02853004804042,0.6381964902565269
912,4.474659357853686,8.030190121453016,0.6375156042231068
913,4.47615151911026,8.031294686287529,0.6370764738953609
914,4.478392734707261,8.032952196164675,0.6364297610472451
915,4.47989116143079,8.034059132972189,0.6359898476338675
916,4.4821308194617755,8.035711554909343,0.6353159928719666
917,4.4843657800078125,8.037358097187985,0.6346315039889343
918,4.485110975390921,8.037906684038758,0.6344023089223599
919,4.485856300124718,8.038455130235326,0.6341729549213779
920,4.487347275144992,8.039551294500537,0.6337143726900428
921,4.488826643009194,8.040637721443527,0.6332570187594462
922,4.49030539077994,8.041722803972643,0.6328014544104648
923,4.491781150150459,8.042804637897623,0.6323471753316847
924,4.493252843807015,8.043882611149366,0.631890659250059
925,4.494717912842286,8.044954450969744,0.6314334486301212
926,4.496901891858503,8.04655055127227,0.630753303796089
927,4.499084357645285,8.048143297514986,0.6300787816110217
928,4.501261988457734,8.049730112579239,0.6293969829852241
929,4.503422164204931,8.051302008397457,0.6287142372289706
930,4.505571624674727,8.052863796723734,0.6280425722521104
931,4.507721563023435,8.054423791825824,0.6273785054947926
932,4.509871242393072,8.0559816099914,0.6267047948923715
933,4.511304935677764,8.057019123466974,0.626251490198262
934,4.513427495550857,8.058553628042926,0.6255768127025901
935,4.514841975846042,8.05957492278636,0.6251329995168029
936,4.516963037049509,8.061104249078468,0.6244726689153002
937,4.5190809804283,8.062630069177768,0.6238010615954799
938,4.521165453469204,8.064128972830192,0.6231327025371748
939,4.522554254805527,8.065126348012317,0.6226946377174414
940,4.525332386864927,8.067119450133156,0.6218144371022056
941,4.527404915853916,8.068603623218523,0.6211378382579275
942,4.529447443896864,8.070063931553847,0.620477272968369
943,4.530809310282877,8.07103705802359,0.6200460139070262
944,4.532855557879519,8.072496851164713,0.6193986067149818
945,4.534904231059425,8.073956619179809,0.6187273290529909
946,4.536906947189194,8.075381495332788,0.6180636092932604
947,4.538907695894575,8.07680294080363,0.6174223765609305
948,4.540245290290359,8.077752537632945,0.6170002594412376
949,4.542259639921429,8.079179856281465,0.6163414613974679
950,4.544243401019524,8.080584865691698,0.615672435976698
951,4.546209017010322,8.08197407223068,0.6150250268701032
952,4.5475196934807665,8.08289947966095,0.614602429569384
953,4.549490077106115,8.08428909455285,0.6139660899024542
954,4.55080552540289,8.08521616967576,0.6135239332732183
955,4.552115913805024,8.086137935132903,0.6130722040998026
956,4.554069632170162,8.087511642673476,0.6123794520542037
957,4.554721259007895,8.087968922840064,0.612146110761284
958,4.555372839247126,8.088426288950346,0.611912150964511
959,4.556667442139065,8.08933500917961,0.6114434645477934
960,4.557951480354228,8.09023410683914,0.6109751200334772
961,4.5592352861622425,8.091133340219642,0.6105080325703557
962,4.560519958331152,8.092031235989813,0.6100424747325996
963,4.561791285053012,8.092919789460923,0.6095753834121838
964,4.563061935543566,8.093806486463293,0.6091048737834299
965,4.564311065549257,8.094677409670568,0.6086344624717219
966,4.565558496368156,8.09554664324908,0.6081660939521392
967,4.568055037687989,8.097282624779355,0.6072359015433386
968,4.56991428267895,8.098573386525398,0.6065400108220114
969,4.571148185841108,8.099429327524808,0.6060713312934359
970,4.572372011440477,8.100276691506188,0.6056013866016013
971,4.573581212040272,8.101113701620038,0.6051335331453455
972,4.5747851642387705,8.101945794887119,0.6046669157315062
973,4.575981560519112,8.102772484313066,0.6041966199171831
974,4.577178495427829,8.103598147535212,0.603723816881488
975,4.578366211082478,8.10441665747496,0.6032500034265411
976,4.580128535560821,8.105629653419285,0.6025370953333076
977,4.581303732181255,8.106437986319289,0.6020616667094705
978,4.583003706362523,8.107605099219175,0.60137673711114
979,4.584134813508036,8.108381086604345,0.6009427399915365
980,4.585824686127413,8.10953853366483,0.6002839898954831
981,4.586951388728249,8.110309406761083,0.5998313571672009
982,4.588583158207696,8.11142461120775,0.5991649956530154
983,4.589669104482631,8.112165921512464,0.5987353510231774
984,4.591294643969956,8.113274149302594,0.598101923616421
985,4.592371817040646,8.114007508405608,0.5976667992485586
986,4.593449288517583,8.114740755573392,0.5972207738925998
987,4.595012082820232,8.115802743358762,0.5965573711777823
988,4.596052381971387,8.116508788795622,0.5961245627367379
989,4.597597263653056,8.117556441759673,0.5954766355021054
990,4.5991332093105886,8.118596322536982,0.5948111192568751
991,4.6006384396146265,8.119613696422716,0.594140534709032
992,4.60212425006188,8.120616845154597,0.5934788363236849
993,4.603573343925705,8.121593866942096,0.5928363202007492
994,4.604524040209917,8.122233983263285,0.5924333876146477
995,4.604999506994773,8.122553916030752,0.5922375363571604
996,4.605474938869571,8.122873708844429,0.5920445880709584
997,4.605950431278511,8.12319341920699,0.5918540777779642
998,4.606893366511644,8.12382700963731,0.5914755522398079
999,4.607825114301565,8.124452597795448,0.5910829518406991
1000,4.6087571335328095,8.125077877527712,0.5906788567697155
1001,4.609671881912599,8.12569098172464,0.5902704716113165
1002,4.611008754698551,8.126586024404538,0.5896800921449626
1003,4.611900138050783,8.127182159682636,0.5892981366450278
1004,4.613214990996113,8.128060666720867,0.5887189348709896
1005,4.61407672588342,8.128635757537714,0.5883244200819642
1006,4.615340851909037,8.129478534809808,0.5877296062582602
1007,4.6161836706471115,8.130039976938267,0.5873325220471858
1008,4.617007047960252,8.130587833544617,0.5869396886605335
1009,4.618202188098937,8.13138214957927,0.586392891675404
1010,4.61938651375665,8.132168597416147,0.5858791936020523
1011,4.620158023980662,8.132680317645576,0.5855357628856207
1012,4.620929607724538,8.133191719798589,0.5851888280953318
1013,4.6220381475042664,8.133925835543527,0.5846718646711659
1014,4.622775531916149,8.134413696582426,0.5843315721704255
1015,4.623494228822652,8.13488879512962,0.5839975042305099
1016,4.624187436072809,8.135346843202381,0.5836870323257605
1017,4.624880676480815,8.135804525670974,0.5833952584679098
1018,4.625562760448161,8.136254530624825,0.5831144187244078
1019,4.626229976307991,8.136694523134919,0.5828323335982365
1020,4.626897168910639,8.13713416628346,0.5825483103765775
1021,4.627868954785312,8.13777413077431,0.5821241428390395
1022,4.6285046620959305,8.138192406699591,0.5818476150353017
1023,4.629458418278747,8.138819481755279,0.5814392487074275
1024,4.630360577640437,8.139412165588407,0.5810549142424483
1025,4.630960246680488,8.13980575479148,0.5808155912584048
1026,4.631828412756266,8.140375400445803,0.5804847862738665
1027,4.63239422520484,8.14074649974536,0.5802954083950485
1028,4.633234762627823,8.141297207352745,0.5800378447212614
1029,4.633781506159125,8.141655368429687,0.5798598018745582
1030,4.634591168545615,8.142185634414501,0.5795794365495371
1031,4.635113726238921,8.14252751006967,0.5793910255838456
1032,4.635636127486411,8.142869150223731,0.5792028351627933
1033,4.636380149372135,8.143355746449913,0.5789405844244014
1034,4.636627354846741,8.143517343887602,0.5788598892356973
1035,4.636874616083416,8.14367889412308,0.5787815589816883
1036,4.6373403676813485,8.143983126356266,0.5786452557339725
1037,4.637803483323191,8.144285500648477,0.5785368638260934
1038,4.638266610880936,8.14458800729921,0.5784466904847497
1039,4.638729638869333,8.144890399154727,0.5783684452557889
1040,4.639183725186346,8.145186751042305,0.5782823929788081
1041,4.639637085900801,8.145482418607958,0.5781772838719066
1042,4.640084774087073,8.14577463118751,0.5780589347556445
1043,4.640524953542006,8.146061862375083,0.5779296320677798
1044,4.640965105773718,8.146348828512696,0.5777927180730679
1045,4.641387307969324,8.146623895194715,0.577659105671477
1046,4.642017948670832,8.147034949665173,0.5774748864401308
1047,4.642648562960025,8.14744603039874,0.5773016910529065
1048,4.643268841762522,8.147849572237218,0.5771381853669796
1049,4.643861728404513,8.148235611640786,0.5770198987982286
1050,4.644439948043846,8.148612078257164,0.5769048289611528
1051,4.64501229146663,8.148984336541671,0.5767653128131407
1052,4.645571253068075,8.149347826404275,0.5766050338671332
1053,4.646130173802053,8.149711445587322,0.5764313079581133
1054,4.646675966002821,8.150066094020376,0.5762553758418103
1055,4.647213430005893,8.150415179923458,0.5760915354863965
1056,4.647552369864917,8.150635444760002,0.5759957138137258
1057,4.647889706685268,8.15085456554686,0.5759160891387953
1058,4.648217357428598,8.15106717192334,0.5758509345933973
1059,4.648531931490376,8.151271363752658,0.5758156015504734
1060,4.648846296117762,8.151475397745735,0.5758026492031323
1061,4.649301447449212,8.151771082769056,0.5758221028593783
1062,4.649597962668772,8.15196354738942,0.5758702802701039
1063,4.650049473448061,8.152256517484672,0.5759110365031452
1064,4.650350608400555,8.152452250548532,0.5759001045539719
1065,4.650653117352967,8.152648763639855,0.5758690199595411
1066,4.6511093925812155,8.152944695016185,0.5757856816967626
1067,4.6514136163821656,8.153142178931338,0.5757136443661252
1068,4.651714313790417,8.153337511208134,0.57563362066787
1069,4.651862443937786,8.153433650696767,0.5755921173399171
1070,4.652010649150227,8.15352975743579,0.575549921686986
1071,4.652158758602724,8.153625794318298,0.5755071171648924
1072,4.652454902066281,8.153817958245604,0.5754199754527164
1073,4.652743851695914,8.154005431934838,0.5753349562297806
1074,4.653022851626972,8.154186212258967,0.5752703796263621
1075,4.6533017513384785,8.1543670652184,0.5752217446399879
1076,4.653563323674445,8.154536787720053,0.5751980997938639
1077,4.653823524788281,8.154705358811983,0.5752036204997316
1078,4.654083576869908,8.154873908435768,0.5752279783141808
1079,4.654457667564981,8.155116649849784,0.5753088021549401
1080,4.65483092558516,8.155358671780222,0.575434652556038
1081,4.65521180146647,8.155605659279852,0.5755455913841957
1082,4.65559761586853,8.155855997527691,0.5755463365280085
1083,4.655993303430955,8.156112788473717,0.5754713512610768
1084,4.656261211780833,8.156286543228466,0.5753823738472638
1085,4.6566637590274045,8.156547536914562,0.5751995717617304
1086,4.656932259137827,8.15672163358517,0.5750519626354144
1087,4.657317199641962,8.156970984007957,0.5748241473467068
1088,4.657690924434266,8.157213059260746,0.5746313028614084
1089,4.6579400369167105,8.157374237130247,0.5745152456248662
1090,4.658162518954186,8.157518233024602,0.5744259008756911
1091,4.658492473978705,8.157731828844158,0.5743544601101122
1092,4.658799918906144,8.157930888446943,0.5743452065976713
1093,4.659093429245327,8.158120663708342,0.5744197339328202
1094,4.6593705017416855,8.158299976414316,0.5745698999193822
1095,4.659646228925932,8.158478792153488,0.5747825952678887
1096,4.659836220706343,8.158601852424383,0.57493090058636
1097,4.660133513920021,8.158794276787605,0.5750326889737402
1098,4.660341430913453,8.158929200823078,0.5750359689843678
1099,4.660672985688686,8.159144062707385,0.5749327313769725
1100,4.660894383349119,8.159287424132414,0.5748154951606425
1101,4.66111761052341,8.159431968508503,0.5746724538006266
1102,4.6614565572031745,8.15965146513442,0.5744087856405314
1103,4.661682552895588,8.159797725186458,0.5742114111064812
1104,4.661993922961548,8.15999903847062,0.5739090370094276
1105,4.6622004697732615,8.16013249875311,0.5737095124162968
1106,4.662303774204253,8.160199253261583,0.5736101450750798
1107,4.662407080217301,8.160265962790614,0.573510990676595
1108,4.662510302485165,8.16033261090494,0.573411994326919
1109,4.662684209361429,8.160444929396565,0.5732421467494113
1110,4.662855186844973,8.16055526660699,0.5731150751990921
1111,4.662990222732836,8.160642422427584,0.5730391463926211
1112,4.663122092555873,8.160727496635667,0.5730167389335244
1113,4.663187918525641,8.160769939753056,0.5730195674294115
1114,4.663305225390439,8.160845661211976,0.5730542502048722
1115,4.663402789696221,8.16090866100377,0.5731627775345745
1116,4.663545560088123,8.161000806122159,0.5734262022688071
1117,4.663635020074523,8.161058638304175,0.5736602911766009
1118,4.6637691922945645,8.161145409163861,0.574069136260053
1119,4.663933699194886,8.161251982433479,0.5745027069321992
1120,4.6640999432428325,8.161359548836861,0.5749366719248361
1121,4.664251865362865,8.161458076525046,0.575204118830776
1122,4.664407241318366,8.161559019013646,0.5754385778161274
1123,4.664725691154761,8.161765414601984,0.5755223819455343
1124,4.6649414616568405,8.16190544021647,0.5753791850878575
1125,4.66527716712476,8.162123020557557,0.5749840635961729
1126,4.665642342077688,8.162359462259742,0.5743691766772598
1127,4.665886283880222,8.162517218568192,0.5738761815691973
1128,4.666200173290396,8.162719877230849,0.573113901713994
1129,4.6664074766954045,8.162853594711653,0.5726152669624883
1130,4.666575865991846,8.162962094148108,0.5721456294829993
1131,4.666691341460236,8.163036462435514,0.5718205044909334
1132,4.666806151549715,8.16311025816132,0.5716089992275427
1133,4.666886435980194,8.163161947613006,0.571485828350605
1134,4.666901254113323,8.163171474747688,0.5715728219327277
1135,4.666922880548029,8.163185384223969,0.5718587961836938
1136,4.669261097828663,8.164688817204489,0.5720605512370965
1137,4.671809309790679,8.16631527115072,0.5652130528854513
1138,4.6744083148057785,8.1679270563724,0.5428855232040868
1139,4.67783286152693,8.169897267303352,0.5007721737340534
1140,4.683716079232023,8.172862223796145,0.4255992993086106
1141,4.692236112076461,8.176323851965112,0.3384770556629119
1142,4.698168430731614,8.17824849940131,0.2788902270765018
1143,4.701161880462883,8.179081809999003,0.2528370152930287
1144,4.7071792095714,8.18052781282107,0.21348508542757744
1145,4.712016290413218,8.181537913779378,0.19451199096204133
1146,4.713531462114076,8.181835102686684,0.1924037472714154
1147,4.7156156956186335,8.182239157950427,0.2010725671083828
1148,4.715590231622853,8.18222946918053,0.21629133631652084
1149,4.715564827696478,8.182226487244202,0.23256675086381992
1150,4.7155120376768345,8.18221308184622,0.2541767674385791
1151,4.715456388349508,8.182198757127741,0.27585974712008915
1152,4.715396523493508,8.182185898398954,0.3094851864566923
1153,4.715370469243511,8.182177351117748,0.33456897081853515
1154,4.715358197427203,8.18217502417876,0.3531467056578282
1155,4.715336852868244,8.18217116470138,0.3648265709482304
1156,4.715320245444652,8.182166523108334,0.3718428498686357
1157,4.71822076272356,8.18331614834636,0.37757976769906654
1158,4.721285004905305,8.184528603456728,0.37565880458453
1159,4.728831799913139,8.187481827058512,0.36958168495222105
1160,4.7396917500098334,8.191656896880056,0.36470375346750705
1161,4.746911114566416,8.194408919491702,0.3639092753727655
1162,4.7548065789143426,8.197416576123924,0.3649948421289878
1163,4.755391922273308,8.19764288480784,0.3670241052316325
1164,4.7554014216431515,8.197646261486645,0.37049644358669664
1165,4.752468163116156,8.196502416261016,0.3729381194426545
1166,4.745239181044849,8.193664798025608,0.3754347471135479
1167,4.733720941180888,8.189110642215907,0.377967901588083
1168,4.70842266054689,8.179012416284458,0.3818037989753609
1169,4.6862228626517055,8.170071240668012,0.38436828317010474
1170,4.650742438958602,8.155656042685711,0.38818564959037777
1171,4.6245789381788684,8.14491077015002,0.3919249015999703
1172,4.612491225067699,8.139903501870322,0.394396520949486
1173,4.604688103529227,8.136647614619276,0.39685677303983363
1174,4.6011540078382325,8.135162566042986,0.39929645972022976
1175,4.60211282983709,8.135569825029139,0.4028170627554884
1176,4.603334113422315,8.136092355146769,0.4053430434087905
1177,4.604449229937557,8.136572834826396,0.4080770378607897
1178,4.605900853117949,8.137203751635104,0.41247119474527916
1179,4.606865650393346,8.137628513942603,0.41551674996291366
1180,4.608009381520393,8.138136519171889,0.4201721219959884
1181,4.608384507658524,8.138304884361343,0.42173584431177824
1182,4.609134179613955,8.138642468552566,0.42487171734719104
1183,4.6095684497167815,8.138840180143301,0.42802403689598095
1184,4.609976740833198,8.139028105729224,0.43119081194313563
1185,4.610384394060591,8.139216492225666,0.43436339657018186
1186,4.610994545654146,8.13950174762458,0.43912098869231153
1187,4.614993962428288,8.141387916249691,0.4419143284619866
1188,4.618580885605879,8.143086205305268,0.443086627470418
1189,4.628877526462993,8.147983505161827,0.4451166390184414
1190,4.643344059064358,8.15489740480095,0.4468572537137947
1191,4.66125993470286,8.163492932399482,0.44800910282007506
1192,4.688861932630592,8.176722992270284,0.44494024263269943
1193,4.716531296660368,8.189835995183058,0.43895027719005997
1194,4.735047643791357,8.198445653907779,0.42938576000188394
1195,4.753655650793011,8.206866851729844,0.4189319676746423
1196,4.762992974607555,8.211004582669569,0.41370598845976514
1197,4.780822111844019,8.21873655643518,0.40250688825300157
1198,4.794647668992199,8.224526557525731,0.38688263851678595
1199,4.804282622952305,8.228370301125334,0.3678472766167399
1200,4.811091267920326,8.230903903739264,0.3351795461070016
1201,4.812750921718677,8.231455699688063,0.30745581653764953
1202,4.8124418916681,8.23136444336844,0.2690021200172029
1203,4.807774422457809,8.230179079194455,0.22138547419865523
1204,4.798527267047158,8.228314748137269,0.16795517609270905
1205,4.77590077563414,8.225402060510975,0.0812677481822387
1206,4.754949566995586,8.224222945467966,0.020801931421318226
1207,4.729346926850117,8.224345539206878,-0.04105280925674219
1208,4.682464203614903,8.228285640966186,-0.13580022968271369
1209,4.625935663784166,8.238542076537211,-0.2325014911448095
1210,4.57308368997754,8.253441692879973,-0.3309525810862258
1211,4.531573426177431,8.269744258527329,-0.43084016944232684
1212,4.501116223226247,8.285395615178,-0.5315518410322437
1213,4.4866498918253335,8.29447244947014,-0.5987167092519713
1214,4.471343483342625,8.305956555497499,-0.6959358131865011
1215,4.463192551356859,8.313130209255318,-0.7503965109621951
1216,4.454206031608994,8.321976748260944,-0.8056854795808159
1217,4.451965777709648,8.32435369266089,-0.8269283894603975
1218,4.451672763329154,8.324676417778372,-0.8421003443801015
1219,4.451695216122452,8.324654123639695,-0.8591553174020465
1220,4.451724506868064,8.32463007951221,-0.8721871514196254
1221,4.451726587364217,8.324626222066163,-0.8643225231040654
1222,4.451692324668138,8.324649800642733,-0.8367928055252536
1223,4.451648420101815,8.324683989035812,-0.8062312228436248
1224,4.451626153328034,8.32470131040516,-0.7908531421291534
1225,4.451580602872053,8.324735479654398,-0.7601387931948764
1226,4.451533635754675,8.324768102408285,-0.7297179474166173
1227,4.451460604234918,8.324813550009283,-0.685057955254823
1228,4.451410748503361,8.324841389577495,-0.6560971663288707
1229,4.4513601623255346,8.324867337775949,-0.627851155567765
1230,4.4512836248149545,8.324900363614598,-0.5830458962959054
1231,4.451223851778639,8.324916127985734,-0.5439158881750727
1232,4.451226076362251,8.324910683893776,-0.5366689501895517
1233,4.451257049905471,8.32490039049777,-0.5436855024509141
1234,4.451281018535096,8.324894932687174,-0.5499501075672129
1235,4.4512765017601,8.324896462304814,-0.5446054769683081
1236,4.45124178101675,8.324904680951164,-0.5213960896878912
1237,4.451172801493399,8.324921043396232,-0.49079692540051023
1238,4.451078379997138,8.324949684296,-0.44949950276776723
1239,4.451017228999069,8.3249668671534,-0.4239559181513111
1240,4.450956963429285,8.324982324035012,-0.39943778551906367
1241,4.450896729195195,8.324996241139596,-0.37562047391256165
1242,4.4508542497954835,8.324999377188176,-0.3427866310089434
1243,4.450769140437129,8.324992196897878,-0.27991819783489336
1244,4.450724798274022,8.324990822951106,-0.24615297198847153
1245,4.450654375231358,8.324995981184681,-0.20676133028312413
1246,4.450604449913188,8.32500193031588,-0.18678865307250125
1247,4.4505291531490405,8.325007874849081,-0.16009840399303435
1248,4.450527317575833,8.325001937738252,-0.14061911489334575
1249,4.4504970461976585,8.325003724894211,-0.1298397519482788
1250,4.450468299972615,8.325005032230445,-0.11973692003984587
1251,4.4504311594662145,8.325005698096527,-0.106448609395867
1252,4.450409327268078,8.325005966232522,-0.09867949659569462
1253,4.450380456030425,8.325006375671547,-0.08833256312707315
1254,4.450362961907879,8.325006511968857,-0.08207274157166514
1255,4.450338865883846,8.325006458200393,-0.07338231767170972
1256,4.450331259393897,8.325006424719056,-0.07062612254658555
1257,4.450316200711949,8.325006339347187,-0.06520370109660145
1258,4.4503087294470225,8.325006307533117,-0.06251226344193131
1259,4.451140161477752,8.32495498967635,-0.057796918566602073
1260,4.452386895354804,8.32488519453007,-0.05071204290751647
1261,4.453218772216043,8.32484358916903,-0.045786467657533345
1262,4.453965726809883,8.324809722358696,-0.040754747375676754
1263,4.45442017307499,8.32479105266737,-0.03587737049421831
1264,4.454861388445131,8.324775290636072,-0.03116449910517343
1265,4.455302593716098,8.32476153173916,-0.026510696866449204
1266,4.455743970439258,8.324749892892637,-0.021853112479894212
1267,4.456282703622786,8.324738547476942,-0.014585280884834306
1268,4.456591117701986,8.324733841539608,-0.00930157713775449
1269,4.456898632277718,8.324730798079521,-0.003757657727542857
1270,4.457409201867032,8.324729109327102,0.001907020259770396
1271,4.458196629150899,8.324732393494537,0.01050828069128281
1272,4.459203207222158,8.324745840148635,0.019225364896592517
1273,4.460343027754445,8.3247711582027,0.027939598076799094
1274,4.461693713125188,8.324813283939852,0.036698127536575476
1275,4.463172474245837,8.324872281256521,0.04540134484313273
1276,4.464851527481371,8.324954416572693,0.05413509734354695
1277,4.466051666665952,8.325021702103985,0.05993299962693216
1278,4.467323621371581,8.32510063001375,0.06574863306714616
1279,4.468688112253315,8.32519327076163,0.07153634574582927
1280,4.4701340422587394,8.3252999687432,0.07732081665514524
1281,4.472460280046118,8.325488277531747,0.08591086997296266
1282,4.474785835873991,8.325696930614058,0.09454207308504929
1283,4.477273963705426,8.325942215183302,0.10325365862430533
1284,4.478998438831292,8.326124687670024,0.109051792029394
1285,4.481657023644378,8.32642594447522,0.11782129378524234
1286,4.483547484381946,8.326654094195398,0.12373157364355082
1287,4.486381368904192,8.327017526604157,0.13272978291769455
1288,4.4883416123586155,8.327284253108663,0.1388308118194279
1289,4.490394538882169,8.32757612199018,0.1450129310634169
1290,4.493543619006492,8.328049376055603,0.15445087930145793
1291,4.49575888211792,8.32840014489067,0.16086159813227185
1292,4.499154669074858,8.32896636518091,0.17066267379710026
1293,4.501540453483274,8.329384082401676,0.17733850621681785
1294,4.502732435469855,8.329599009081269,0.18071828261207462
1295,4.503923540430433,8.329817963542958,0.18412454662887467
1296,4.505113826031663,8.330041013258258,0.18755646105153873
1297,4.5076644319571635,8.330532690159483,0.1945224980692843
1298,4.510223552629736,8.3310447577601,0.20162636380501275
1299,4.5127788775187385,8.33157517582988,0.20884841589779088
1300,4.515413797236309,8.332142375661624,0.2161886818734976
1301,4.518153384720122,8.332752923876528,0.2237015842613147
1302,4.5208883533529205,8.333384453932316,0.23136227182709296
1303,4.524267110712327,8.334193207674799,0.2374158871612037
1304,4.527216049417192,8.334909770252134,0.23787308543285707
1305,4.531814113217747,8.3360289355947,0.24007566683111362
1306,4.53651549325665,8.337186100165223,0.24312789172309493
1307,4.539630688989396,8.337958804324456,0.24444718985185007
1308,4.542883066343354,8.33877186747531,0.24384139540124852
1309,4.546145645925893,8.339584028920184,0.24438123220627453
1310,4.5494471952357465,8.340408612837582,0.24561800459733557
1311,4.552799680755179,8.341251094663743,0.24725201050320314
1312,4.557825142410264,8.342526245809122,0.25012711493573797
1313,4.561272809777648,8.343410209770289,0.25217929155798346
1314,4.564725916637826,8.34430316455401,0.2542669747604289
1315,4.569994588018077,8.345669097268953,0.25265865848798624
1316,4.573637757654019,8.346608989406127,0.2524442239959847
1317,4.577338190060227,8.347564055271455,0.2530117381209561
1318,4.58300071773324,8.349031634685135,0.25460393499974293
1319,4.58677403022603,8.350015541888686,0.25594003199738874
1320,4.592411706295669,8.351482542291611,0.2526344352469394
1321,4.5963449355093156,8.352495552527655,0.2515109477799753
1322,4.600359247053966,8.353525944681607,0.2513271670751458
1323,4.606538978311148,8.355113186182805,0.2519074332102934
1324,4.612512319808905,8.356647374683542,0.25149033023982326
1325,4.618995202322951,8.358276144687254,0.23703402323892986
1326,4.623357160195491,8.359313493307837,0.22788016434516883
1327,4.630081777051371,8.360846330570915,0.22088100678526876
1328,4.634569665261745,8.361848415793396,0.2184441461611734
1329,4.64116699028344,8.363305591045275,0.21653968448872174
1330,4.645509967258007,8.36425959708432,0.2159679469094418
1331,4.6476812671294185,8.364735746891947,0.2158075206433556
1332,4.649852549340284,8.365211592270539,0.21570639022613486
1333,4.652023628887113,8.365687175069409,0.21565126392983336
1334,4.656452631918812,8.366657024736686,0.215594976525803
1335,4.660887865628137,8.367628054506199,0.21555951185616723
1336,4.665323263481503,8.368599025898522,0.2155347514345981
1337,4.670096980402424,8.369643535220497,0.2153594488348442
1338,4.67493698358752,8.370701315291276,0.21495455850542608
1339,4.679778310510829,8.371756921984888,0.214404817728849
1340,4.684749131162645,8.372837341953819,0.21352407132627577
1341,4.6899603987034855,8.37396384350804,0.2119082949442394
1342,4.695422809839039,8.375133224923637,0.20980212268096254
1343,4.704211636802153,8.376984291423494,0.204687973129696
1344,4.713241348282401,8.37883455873583,0.1989383454787081
1345,4.722954478293835,8.38075462358576,0.1901338940200832
1346,4.729444465026163,8.381987717394377,0.18435953214551976
1347,4.740031041146113,8.383901458905497,0.1712904880011665
1348,4.750733233750649,8.385685524627903,0.1572860287739047
1349,4.761763934063752,8.387349419709766,0.13821694414240784
1350,4.773122663018048,8.388793950705793,0.11066468974935353
1351,4.779338773143933,8.389409364472654,0.07631297617416635
1352,4.782579284375866,8.389628739195679,0.05157922392682495
1353,4.785619101866587,8.389764442657802,0.030317389940536593
1354,4.787581177574806,8.389818203518919,0.018301281643244544
1355,4.788032041670019,8.389827737958836,0.02052506363150202
1356,4.788001342122357,8.38981522903569,0.035726980076122815
1357,4.788014613108786,8.389811875903908,0.03385917580073696
1358,4.788084754637939,8.389809103867519,0.012578768193440493
1359,4.7881818635273,8.389815340664775,-0.029466272727633462
1360,4.788310685885517,8.389821050919805,-0.07516160801613751
1361,4.788440322853249,8.389820778107316,-0.12159139022630962
1362,4.788634660892804,8.389812057890286,-0.19267876935262496
1363,4.788762828947236,8.389801510352743,-0.24101498947089944
1364,4.782738072533793,8.391622043057746,-0.3330006949284749
1365,4.773470167102688,8.395199439514851,-0.40875451551314745
1366,4.760350718001183,8.40147836260044,-0.4909824884375325
1367,4.74381771875734,8.411163532573516,-0.5769900401734126
1368,4.7345704249492595,8.417440018754244,-0.6206451733068121
1369,4.724964066437294,8.425022898536515,-0.6641587815225175
1370,4.714555028825306,8.433374081446985,-0.7074701559121646
1371,4.692434493116884,8.4538335311423,-0.7931400994105479
1372,4.668909012442072,8.479485125998394,-0.8769861655140826
1373,4.644228024016969,8.510896593767699,-0.9580521585103392
1374,4.619850763058907,8.548201080089326,-1.036165481714944
1375,4.584795793565826,8.615016045329233,-1.1478503091692087
1376,4.563293662020594,8.666917049395643,-1.2193251962682914
1377,4.544024512774508,8.724608443350828,-1.2892206091565306
1378,4.527630732472481,8.78796754540918,-1.358233916743539
1379,4.5147744438714765,8.856839499332084,-1.4270948912234493
1380,4.503658933743092,8.96999294657945,-1.5317023561536103
1381,4.504629162108902,9.094025840121624,-1.6399294098853239
1382,4.520993354008532,9.227173946800104,-1.7540731881470506
1383,4.553209921841096,9.368185755517551,-1.8758016628919023
1384,4.608779864398329,9.512193349019341,-2.0048644215187568
1385,4.658462324301106,9.607970642884117,-2.094778067879082
1386,4.75035014394425,9.747004367621038,-2.2330476962006043
1387,4.818191288111609,9.826641991454133,-2.3255902327316007
1388,4.925435772004871,9.929836863501732,-2.463890255853442
1389,5.002813945808395,9.982880004135026,-2.5541879860463466
1390,5.115467618029151,10.053394408846708,-2.6860622223336943
1391,5.1919845059573255,10.085677972744904,-2.76920661033922
1392,5.266331717508755,10.11098556345076,-2.849196141997846
1393,5.370961001940595,10.138170005555825,-2.9647627661353226
1394,5.436825932891912,10.147443691048437,-3.0405803237271436
1395,5.528478976451738,10.152472048604604,3.1297871338852397
1396,5.583274959403963,10.150075382964957,3.053617489661312
1397,5.656741401379259,10.139999063339676,2.937475918617048
1398,5.7178342103130175,10.124230436882849,2.8171202260567973
1399,5.752567291641151,10.11297804053283,2.73429905993932
1400,5.7926540594831515,10.090042483940135,2.608924682420955
1401,5.8140791616003025,10.077520571648392,2.5238624355326635
1402,5.8375087150707525,10.060390353126989,2.3970047564347787
1403,5.846324717079485,10.050153833366567,2.3147401375447156
1404,5.851855336727497,10.039826322042636,2.1957694346684127
1405,5.8560479709083975,10.03775800537338,2.120515078418483
1406,5.8598942698376835,10.037655374966374,2.0541800852040173
1407,5.856786531324007,10.035344059926203,2.0242119742759246
1408,5.857762219952219,10.034907870178191,1.9760312488018092
1409,5.857782283410282,10.03486292816471,1.9563073317596622
1410,5.857810126419788,10.034802761477717,1.9199175619946343
1411,5.857802980008536,10.034824316192049,1.8894564248851828
1412,5.854408566204676,10.035118961299636,1.861676577886315
1413,5.857307700109063,10.035485384070848,1.8301913172443531
1414,5.857384426494775,10.03547128863221,1.7948400357865062
1415,5.857396719863232,10.035498885210224,1.7571559035066044
1416,5.857419768549754,10.03552776663301,1.7010128128876143
1417,5.857416450859193,10.03555919828276,1.6611292079473658
1418,5.857419416112572,10.035568266355156,1.62232151211199
1419,5.857425902383262,10.035600330796216,1.564222289044106
1420,5.857429641948259,10.035630722716752,1.5246644540509222
1421,5.857436417836172,10.035688846238754,1.4630172859452828
1422,5.857442171741376,10.035735692990578,1.4199498695724324
1423,5.857454595594804,10.035818088118527,1.351912520647076
1424,5.857481510336381,10.035891102249424,1.303008494649268
1425,5.857500473376109,10.035993668323249,1.2201350287330426
1426,5.8572340639341745,10.034277859725949,1.1660104212750009
1427,5.856231507858331,10.03358884478149,1.113398635609534
1428,5.8515821502177205,10.0250117633576,1.0389395293597994
1429,5.845130543459296,10.014563660264509,0.991314583066138
1430,5.835562373918278,10.000579176597949,0.9450871693295214
1431,5.82257881737967,9.983335390163715,0.9002250269541572
1432,5.8096308597582,9.967602170771128,0.8568223321480948
1433,5.799042910456384,9.955798736946175,0.8149532929479949
1434,5.790433619716348,9.94696702430753,0.7755563147712446
1435,5.781481229147048,9.938331347242363,0.7256618303933766
1436,5.772488539558979,9.930720393292338,0.6996062780469957
1437,5.763960522105997,9.92392093791828,0.6976028070744449
1438,5.762284604420113,9.9223283588297,0.7136896201410529
1439,5.761844067696907,9.92192510661457,0.7461536421664168
1440,5.761805115907661,9.92187226057412,0.8052957911195836
1441,5.761792092267165,9.921861827538569,0.8436890793729764
1442,5.761762183263879,9.921843352250818,0.9008339094868724
1443,5.761709842719798,9.921773247019301,0.9475717456959386
1444,5.761692643804861,9.921741460900185,0.9968420155660259
1445,5.761692011345245,9.921741841863563,1.0204418113558276
1446,5.761692097665086,9.921745984136347,1.0427682543358172
1447,5.76169537495244,9.92176193747117,1.083634481181059
1448,5.761697614694018,9.921775445003771,1.1203728077988138
1449,5.761683654443371,9.9217560626912,1.154859055444649
1450,5.7583351063699615,9.921596770635176,1.1903070203744417
1451,5.760717498186863,9.919952869578426,1.2258960432413235
1452,5.75940458272215,9.915982735458941,1.261897791431165
1453,5.756846941066996,9.907479426574852,1.2980181491215508
1454,5.753420780370922,9.894396716662436,1.3344896524268155
1455,5.749449697915931,9.87664456099989,1.3715630741123686
1456,5.74528629250288,9.854164516363003,1.4094454414913398
1457,5.74109811896478,9.823911624079637,1.4682138922134096
1458,5.739809241885303,9.809189588160525,1.5088291396556364
1459,5.739246552256267,9.796933291612493,1.548628192210629
1460,5.739147217246272,9.785945390654843,1.5830147473538805
1461,5.7395156216088115,9.772246444038396,1.6165981318686256
1462,5.73993722234182,9.766496868549591,1.6276211861240155
1463,5.739738789822174,9.762597379886229,1.6194582055491207
1464,5.73984766004711,9.760900907976596,1.5955409257056303
1465,5.73984989177267,9.760948415805453,1.5582039993986143
1466,5.739848255695405,9.761017459922519,1.518340028281315
1467,5.739837828093258,9.761120962477031,1.4563362988459774
1468,5.739832775936353,9.761181310983488,1.4131752677308984
1469,5.73983146672506,9.761229512086185,1.3683694281517287
1470,5.739823920336518,9.761256261115495,1.321860527298895
1471,5.7398508272713755,9.761366653071844,1.268960516044091
1472,5.739851128962293,9.761402912082467,1.2118430812596817
1473,5.73984699749796,9.761399982905264,1.1325881084492684
1474,5.73985467201548,9.761411264034026,1.0834454758142689
1475,5.7384013338844335,9.758964583287757,1.018291889085634
1476,5.734389800688347,9.752687646929548,0.9825209121803006
1477,5.724004133855099,9.737816292101327,0.9370417099305768
1478,5.718127665123756,9.729995061811204,0.9117028566487957
1479,5.710975165329568,9.720993381298033,0.8875539576020394
1480,5.70609011219927,9.715019682132391,0.8881399636087645
1481,5.70442716600504,9.712951908191515,0.9045767541878388
1482,5.704027748953332,9.712432760903269,0.9343469541193613
1483,5.704003123150542,9.712408969010701,0.9714105491560593
1484,5.7039680978542435,9.712333188416194,1.016864664817271
1485,5.703959110356376,9.712307475362929,1.0653362067780965
1486,5.703965106105471,9.712315647464713,1.1109771628261
1487,5.703970939548725,9.7123275741575,1.1319212294386451
1488,5.703981555735839,9.712350640962844,1.170311178697841
1489,5.703981452607586,9.712352881356598,1.2053961532854527
1490,5.703977705273014,9.712327878939266,1.2399510979492832
1491,5.70370985116403,9.711449669374684,1.2920682863163147
1492,5.701330138035031,9.702084825937881,1.349348439882527
1493,5.6975067409512485,9.682372170780742,1.4126145057182122
1494,5.695531318701663,9.668416298038688,1.4570992321582166
1495,5.693947658181219,9.65024154647274,1.5182403629012446
1496,5.693437115136795,9.63508330783861,1.5600915313495685
1497,5.693253299115996,9.626672211564129,1.5779346041915363
1498,5.693066434684274,9.621568720954963,1.5771958044939933
1499,5.693289663081032,9.618418033555606,1.5479982766135534
1500,5.693285445772507,9.618471193018639,1.510666559633835
1501,5.693281172303082,9.618548506821528,1.4700876899391062
1502,5.693275884394007,9.618618990658854,1.4278094820005407
1503,5.693273692024773,9.618712893608443,1.3609743933831107
1504,5.693291523520915,9.618796268682878,1.2886490404081918
1505,5.6933037537192055,9.618876097214338,1.2323346424153387
1506,5.693291167791684,9.618874088910578,1.150338255973795
1507,5.693292746607449,9.618882198277552,1.0998972845950474
1508,5.694477659261179,9.621818030429466,1.027905017592727
1509,5.694567607000265,9.620616919857385,0.9825857169753867
1510,5.6945079524223186,9.620866630373055,0.939635398736261
1511,5.69446079966186,9.620809677300642,0.8901864485196975
1512,5.694371520767051,9.620709974223853,0.8748231565502192
1513,5.694251078750052,9.620562808660459,0.8778516423276916
1514,5.694127706794244,9.620392645830782,0.9015444373926702
1515,5.694033563052484,9.620228767165372,0.961188706457036
1516,5.693949243852141,9.620094951866314,1.0418572614530943
1517,5.693957670763719,9.620078625136001,1.1154869732460537
1518,5.693960354012632,9.620104909684413,1.156402274625093
1519,5.691372592846455,9.621027622784364,1.19374114155172
1520,5.693474828724937,9.619610582028862,1.2294383063199052
1521,5.693580607401139,9.619631983773884,1.263813331008492
1522,5.6935620693950835,9.619636780682974,1.2814249412814085
1523,5.693344929650954,9.618769688407777,1.316794229803941
1524,5.6928445030466275,9.616768052021618,1.335160588443706
1525,5.691201620768602,9.609317396770063,1.37360731511713
1526,5.689013692091682,9.597229708296128,1.4141186206757912
1527,5.6872508170877305,9.584709643872097,1.4549935667534468
1528,5.686109286850274,9.5733732382919,1.4913051620628366
1529,5.68542736788029,9.563354103158616,1.5188218509104945
1530,5.685066987270298,9.555075800026655,1.535124465611027
1531,5.684763231116439,9.546325362207297,1.535818877540967
1532,5.684644979217994,9.543238749948191,1.5194494632024582
1533,5.684604697509022,9.542471580525953,1.4699854391305316
1534,5.684631457954514,9.542565177083775,1.4090118931391087
1535,5.6846399625583,9.542600914949988,1.3875009543380397
1536,5.68465836888631,9.542677968939442,1.3427914636315625
1537,5.684678244287957,9.54276122066667,1.2959175977684765
1538,5.684705155742117,9.54285341496495,1.2157464583153346
1539,5.684702981927931,9.542901536530676,1.1360460594722344
1540,5.68471049809827,9.542939213426937,1.086440009773286
1541,5.684716771751818,9.542968320637268,1.0388738765534529
1542,5.681453537714963,9.537866452522433,0.9781847697779987
1543,5.671959179820408,9.524508159331559,0.9284237610495406
1544,5.662155652567462,9.511887434465992,0.8874105011235168
1545,5.654631551575961,9.502877612165465,0.8621494858035552
1546,5.651076885937903,9.496240218524058,0.8616515737322504
1547,5.648460930951999,9.499475767399716,0.8733214106231657
1548,5.647693166146907,9.49464520028864,0.9048550674617098
1549,5.647640570737439,9.494627134776087,0.9381137117344894
1550,5.647631307521503,9.494573187212719,1.0006700419531742
1551,5.647638083920601,9.494548455039777,1.0480805778540976
1552,5.647652748851079,9.494544118305573,1.0935217256846492
1553,5.647674660878638,9.494553888614151,1.1533972112362703
1554,5.647670822515815,9.494523418514785,1.1890368382191934
1555,5.647646109171228,9.49444232404869,1.2406860715386132
1556,5.646753895847637,9.491676845065749,1.275694225640772
1557,5.64584387548289,9.488618137176514,1.2940413726299553
1558,5.644681747415313,9.48442957686466,1.3128909326075604
1559,5.642835978192589,9.479186281839217,1.332223260232096
1560,5.6403955588218935,9.465249964508804,1.3725453043846587
1561,5.637849567684477,9.454091080810185,1.4122821474011502
1562,5.63632683689341,9.44348793934038,1.4448774643320714
1563,5.635265598977628,9.434345031604895,1.4668359784319969
1564,5.634538193280141,9.427101211693083,1.4764223800994165
1565,5.6340473476417525,9.421956815443922,1.4727309837167657
1566,5.633739601087521,9.419010809061204,1.4552531470213461
1567,5.633653287341258,9.418324463453391,1.4236190999669462
1568,5.63365763892425,9.418330748090494,1.36235019734479
1569,5.63363657502129,9.418350563479867,1.3183164717768534
1570,5.633648785899911,9.418399468409364,1.2717754222483424
1571,5.633676351331634,9.418471686721139,1.1921846797749984
1572,5.633675790483937,9.418484725568625,1.138202355601588
1573,5.633685661119592,9.418493529816763,1.0877806462492958
1574,5.63370102260649,9.418518894910873,1.0392589698964416
1575,5.633717083861263,9.418545150539286,0.9928842242915391
1576,5.6337112044858655,9.418568680278623,0.9273838238052563
1577,5.63364428726196,9.418493446959909,0.9003392173966359
1578,5.633550506211975,9.41838599290795,0.891720292758432
1579,5.63338229548691,9.418169379565176,0.9184518493489181
1580,5.633326579655338,9.41809925357402,0.9545530953999515
1581,5.633257443862252,9.417965837969692,1.0045003931756242
1582,5.633234315973752,9.417912792325568,1.060249981411714
1583,5.633246692088792,9.417931804956746,1.112752942250891
1584,5.633270378810014,9.417994391414464,1.1774934225802594
1585,5.633280407622789,9.41802261102659,1.2144507276586427
1586,5.633271828203755,9.418005211732572,1.2480843308978786
1587,5.633006993129438,9.417143286722853,1.281490110575915
1588,5.630514978706302,9.407855469810077,1.333777354507144
1589,5.628048178717859,9.39692366133408,1.3696108370668674
1590,5.626053611239649,9.386425716011358,1.4015086138452888
1591,5.623970148675095,9.373059993409086,1.4322309210102484
1592,5.62271398130349,9.363780452569275,1.4359745164453386
1593,5.622835399369944,9.359958251461505,1.4218948308233017
1594,5.622358699038103,9.357589841685247,1.3838031107031774
1595,5.621960844240782,9.357596019844173,1.3646195525226863
1596,5.622028662251319,9.357656917783489,1.3423541777522496
1597,5.622037539722211,9.357732207199494,1.317764070871167
1598,5.622051448457898,9.357836758638506,1.2652436503469853
1599,5.622056364477247,9.357871274662749,1.2389277329566544
1600,5.622061157859227,9.357914714267112,1.1887003833239371
1601,5.622071898266352,9.357961894605236,1.1401212354423584
1602,5.62207392091953,9.357979765888299,1.0927608787677179
1603,5.622074542013877,9.357985117175096,1.0221029951280185
1604,5.622094298497175,9.357986831565052,0.9754283121359865
1605,5.622577851888265,9.356791584729056,0.9315935753591892
1606,5.617587184326996,9.35216823638055,0.8756520262118089
1607,5.607457367979823,9.340425331082578,0.8335449701472732
1608,5.599614726238048,9.3320006915933,0.8111147938712814
1609,5.594548373423457,9.326681331825244,0.8153648834440789
1610,5.592975344448719,9.324991392553203,0.8346620975737912
1611,5.592699651807866,9.324677641606334,0.8672708360536235
1612,5.5926802809567695,9.324644518857133,0.905070734532941
1613,5.592676611529651,9.324648578784938,0.9428257639067137
1614,5.592635103387377,9.324552072852056,1.012494300104766
1615,5.5926397146205735,9.324543294661805,1.0596450727500906
1616,5.592658921224281,9.324563658947225,1.1220912008425061
1617,5.592668165232205,9.324575269250701,1.1583224146962219
1618,5.592672104567742,9.324546762791886,1.1927847024068579
1619,5.59288688809144,9.326428314557504,1.2280021669307817
1620,5.593519966407399,9.326268347290778,1.2627901579137228
1621,5.593544554380511,9.326297479455935,1.3150354171818879
1622,5.593579936739877,9.326413624020402,1.3420173973410838
1623,5.593628551736118,9.326587371666294,1.3558332735407865
1624,5.593740278353435,9.326920880094763,1.343122015779939
1625,5.593769191618254,9.327118027437205,1.3107938400221442
1626,5.593824853794516,9.327278235282844,1.2365754782700455
1627,5.5938260535564845,9.327292704482113,1.177963166681485
1628,5.593802462883037,9.327254896104563,1.0970455225967517
1629,5.594282722698178,9.328286728335518,1.0486137987473465
1630,5.594263813755694,9.327814199253481,1.005772955914949
1631,5.5943047179843495,9.327857222644614,0.9491084271359365
1632,5.594287326792062,9.32785932904404,0.9229383543985769
1633,5.594246481517072,9.327819821163079,0.9117865864314547
1634,5.594218700070224,9.327785645220999,0.9129526530615194
1635,5.594150814295432,9.327688220016684,0.9304213081652549
1636,5.594114691061057,9.327622086063919,0.9612176870711175
1637,5.5940529737584646,9.327493360974298,1.00757392688494
1638,5.594040352109093,9.327431442510017,1.0616178128493285
1639,5.594059310772048,9.32744345828236,1.1139265819094384
1640,5.594076707195118,9.327471639756569,1.1593294589517238
1641,5.594091218033004,9.32749291285496,1.1992236825492308
1642,5.594089722586182,9.327475618406156,1.252354565687263
1643,5.594112160961918,9.327514367482179,1.2956582268117893
1644,5.594149483411613,9.327635663346673,1.3102309314585667
1645,5.5942396476407374,9.327928301780377,1.299758308112203
1646,5.594314165646597,9.328149209182282,1.267244482652623
1647,5.594364863537633,9.328296790125707,1.2174129211728162
1648,5.5943779415859405,9.328356716347047,1.1316545971582603
1649,5.594369867751168,9.328358693528946,1.078643786207474
1650,5.594374391651148,9.328374422569578,1.028877288591275
1651,5.594380473427587,9.32838897397864,0.9817548596481535
1652,5.597176239978675,9.329124292997978,0.9210676877904534
1653,5.594125528272518,9.327817897204008,0.8885422250222578
1654,5.593812597261506,9.327733884498292,0.8690273505689375
1655,5.5936879488575695,9.327653311134904,0.8689126778472888
1656,5.593642319900042,9.327576684284903,0.885565607587171
1657,5.593646720142107,9.32756786828585,0.9083858992933548
1658,5.593629324189137,9.327524439180841,0.9479922521802379
1659,5.593594651493761,9.32745317020208,0.9823030273950486
1660,5.59354595105727,9.327366996226774,1.0379045652494303
1661,5.593500360315979,9.327280115347921,1.0779350075008916
1662,5.593468513819818,9.327206747667002,1.123209150731843
1663,5.593452297027806,9.327174796727036,1.1685304190752608
1664,5.590712949221029,9.328211777131214,1.2114520919549456
1665,5.593091965596323,9.32701860048314,1.251927742560409
1666,5.593206035444724,9.327087922719162,1.2893549105224074
1667,5.593236509447985,9.327192511521961,1.336242318114325
1668,5.593291366636613,9.327446251512814,1.3561850391847337
1669,5.593365340829605,9.327794298430597,1.3350478433204405
1670,5.593396464699328,9.327972268892148,1.2969205743250354
1671,5.593437442834399,9.328069382740788,1.2530627496711462
1672,5.593454778286536,9.32809356550337,1.2300609276033927
1673,5.593431417185147,9.32812009790708,1.2064549276444474
1674,5.593451690951177,9.328184053878568,1.1520917369589412
1675,5.593450945012084,9.328196992312169,1.122129430185751
1676,5.593421213481514,9.3281569084203,1.0626546664829013
1677,5.593407575058175,9.328138180854875,1.034898277335382
1678,5.593381864203181,9.328105250736675,0.9856158287881455
1679,5.593329618982028,9.32803700751784,0.9484165941700724
1680,5.593252257889652,9.327938737977039,0.9275811409056096
1681,5.593155559691817,9.327815555943749,0.9262453336528369
1682,5.593092537106411,9.327723076030368,0.9418930481563274
1683,5.593093106250763,9.327719759550671,0.9638407484799383
1684,5.59316630390437,9.32783489385054,0.9906767601256073
1685,5.593185206684455,9.327868709309811,1.006021909899
1686,5.593163925789326,9.327833375070764,1.0277198812582555
1687,5.593116539524578,9.327738122738227,1.0759082477516604
1688,5.593095815820539,9.327688139736672,1.1139810302282172
1689,5.593059962517937,9.327571105138437,1.184466188682686
1690,5.593060446158719,9.327561258823536,1.254109447108492
1691,5.593066269193503,9.327586853445707,1.3136807449604921
1692,5.593071421770356,9.327595614992573,1.3313707816465894
1693,5.593104266444591,9.327731655058912,1.3697967498807964
1694,5.593143044448516,9.327907042599183,1.3770596373709505
1695,5.593197271865875,9.328135225216082,1.365371241840344
1696,5.593258830504961,9.328370212845888,1.3324718310165167
1697,5.593309807781105,9.328554542979273,1.2537733279340681
1698,5.593303635477168,9.328569071467555,1.1692052795350312
1699,5.593306726688506,9.328569033999957,1.1184221727340116
1700,5.594526384396034,9.327894642546546,1.0699696651524937
1701,5.592323258261817,9.33082404567147,1.025154616540229
1702,5.590800150821946,9.32498532500665,0.9853595677502297
1703,5.588743003225436,9.321607484227487,0.9677413404387737
1704,5.582173143050094,9.312418606386391,0.936136896126668
1705,5.577753727750193,9.306473766816735,0.9218616726633021
1706,5.570116176788394,9.29662738532214,0.8958576801650121
1707,5.564309098677848,9.289515423233171,0.8737467415637085
1708,5.5586022215721655,9.2828222926163,0.8531326001648776
1709,5.55808104567872,9.282226079435965,0.8466898560257793
1710,5.557979379720441,9.282112768464797,0.8421798538341935
1711,5.558028390017282,9.282156942925686,0.8326320436261955
1712,5.558036236914462,9.282162451258294,0.8183144901010718
1713,5.5580469478022865,9.282170164681853,0.8070400393340694
1714,5.558063608205641,9.282183751887976,0.7949385742594237
1715,5.558085472036063,9.282202739431817,0.7823708791845627
1716,5.558110247746383,9.282224942864955,0.7696167164085923
1717,5.55813466697318,9.282246966898777,0.7568907129397019
1718,5.558155787762218,9.282266037146412,0.7443545951301128
1719,5.55818180437338,9.282289078986098,0.7261548192376706
1720,5.558195729759305,9.282301140702918,0.7145377553989612
1721,5.558211966977038,9.282310565773525,0.6980061561144876
1722,5.558216586627261,9.282308997596246,0.6876178038472516
1723,5.558215818922004,9.28230277889008,0.677738810385107
1724,5.5582086781633455,9.282291668063728,0.6638703390678022
1725,5.5582018342733654,9.282283407258245,0.6552411833306254
1726,5.558189921966087,9.282269694883304,0.643177747107309
1727,5.5581809923662355,9.282260009735756,0.6356903305493642
1728,5.558166384639653,9.282244906959207,0.6252318367987367
1729,5.558155925198429,9.282234617707886,0.61873884507653
1730,5.558145241544098,9.282225805488093,0.6126015574742654
