index,x,y,orientation
0,3.868748014569787e-07,8.000000287404026,-1.569999843442225
1,6.353227837898776e-08,7.999997829399501,-1.569999474715309
2,-4.98017341984667e-07,7.99998236225454,-1.5699982186051642
3,-1.2884614809025761e-06,7.99995543586367,-1.5699962119960276
4,-2.13910068464035e-06,7.999919359221099,-1.569993245929132
5,-3.0211952971396242e-06,7.99989197784219,-1.569988804689222
6,-3.98174711837258e-06,7.999877857992052,-1.5699833948351418
7,-4.976420463559255e-06,7.999877009210133,-1.5699776155142253
8,-5.97003650469838e-06,7.999889448415348,-1.5699719907237903
9,-5.9722705763241125e-06,7.999926902002499,-1.5699654731769488
10,-5.588079214108402e-06,7.999941698715991,-1.5699626639323823
11,-5.690765933648795e-06,7.999939152192295,-1.5699590352258246
12,-6.047455398731118e-06,7.999922144712706,-1.5699560308647476
13,-4.924689108729747e-06,7.9998905817498684,-1.5699508583196586
14,-4.608891199311826e-06,7.999884490014128,-1.5699464140933137
15,-4.086883338549385e-06,7.99989863135829,-1.569939665460957
16,-1.435461826710804e-06,7.9999083259948645,-1.5699367281225889
17,-2.487709011960802e-08,7.99990588146801,-1.5699342333068902
18,9.522654744855325e-07,7.999894689660153,-1.5699316616728607
19,-3.704411936130889e-07,7.999887010077624,-1.569925522644816
20,3.7550663391791443e-07,7.999890573664286,-1.5699200747890159
21,4.173035058046103e-07,7.999889833760895,-1.5699164528083536
22,-1.949252817591453e-08,7.999885626389584,-1.5699126964893442
23,-2.1774250013824709e-07,7.999880358903595,-1.5699070671014155
24,9.488013012820476e-08,7.999879388066385,-1.5699034374527439
25,2.2338763479390062e-07,7.999877796790885,-1.5698980432507312
26,8.805032652829491e-08,7.9998753609720765,-1.5698943731132013
27,-1.5735426327501863e-08,7.999871507065863,-1.5698886744992102
28,1.0609665180032333e-07,7.999868896951352,-1.5698830708690423
29,6.119849410850967e-08,7.999867188511276,-1.5698793106932318
30,4.1094928198603744e-08,7.999865068363674,-1.5698755745374697
31,6.627362179668203e-08,7.999862919685694,-1.5698718735314419
32,2.945357314545079e-08,7.999860798484512,-1.5698681347973271
33,-4.117851059191173e-08,7.999857027842717,-1.5698606474495107
34,1.5144996212516163e-07,7.999853988090398,-1.5698551663137825
35,6.278132484686788e-08,7.999851895036322,-1.5698514110452166
36,-1.145130189973716e-07,7.999849827188323,-1.5698476108115194
37,-4.3042958145151943e-08,7.999847921661549,-1.569843911440437
38,1.1685325276052195e-07,7.9998459232761645,-1.5698402644691247
39,1.5774703256585737e-07,7.999844978275785,-1.5698384391273594
40,1.0667423919841322e-07,7.9998418600832375,-1.5698328476610461
41,2.99193600892411e-08,7.999839923597538,-1.5698290961326642
42,5.9412475506824194e-08,7.99983789897664,-1.5698253893966507
43,1.455589781443812e-07,7.999835947554452,-1.5698217108720074
44,1.049031846172087e-07,7.999832914909567,-1.5698161267179864
45,5.012291794282797e-08,7.999830931190444,-1.5698123822800225
46,2.5009164162203364e-08,7.999828927406637,-1.5698086501029966
47,9.977658223528315e-08,7.999826927468198,-1.5698049678033235
48,1.4596732997337792e-07,7.999824861278709,-1.5698012795621772
49,2.0146619111483481e-07,7.999822879942654,-1.5697975881817534
50,1.8042794240479838e-07,7.999820888856188,-1.5697938689843578
51,1.2764208767625194e-07,7.999818941776219,-1.5697901266815226
52,4.185242755160442e-08,7.999815917097114,-1.5697845163160922
53,1.2107292250376617e-07,7.999812849421015,-1.5697789698495364
54,1.2606020044119761e-07,7.999809922948771,-1.5697733955743067
55,1.0277870677408924e-07,7.999807897371257,-1.5697696725688246
56,7.990629959890155e-08,7.999805881192378,-1.5697659443851546
57,8.384705703771776e-08,7.999803882514029,-1.5697622303120509
58,1.1102991727365044e-07,7.999801884728651,-1.5697585228775692
59,1.3479901452312174e-07,7.999799922985605,-1.5697548194937299
60,9.618407054126271e-08,7.999797909960936,-1.569751077603545
61,5.4823685531828394e-08,7.999795871567999,-1.5697473429961688
62,1.3730427039621064e-07,7.999792851689375,-1.5697417982513966
63,1.775716980035003e-07,7.99979092329508,-1.5697381041487433
64,1.4905500723187475e-07,7.999787864321735,-1.569732520199011
65,5.054547834686761e-08,7.999784841853404,-1.5697268940991578
66,9.432963718931695e-08,7.9997818878241125,-1.5697213379133024
67,1.377494429761184e-07,7.999779804826539,-1.569717638476558
68,1.5302437429991223e-07,7.9997778995813595,-1.5697139335534218
69,1.361180744478334e-07,7.999774874315264,-1.5697083485660155
70,1.1684090206909372e-07,7.999772866076126,-1.5697046224428017
71,1.2327952256396615e-07,7.999770874996131,-1.56970091008651
72,1.5188932473886766e-07,7.9997688738653165,-1.5696972023611855
73,1.5769344148757916e-07,7.999766862603717,-1.5696934931181592
74,1.623765513187328e-07,7.999764854446646,-1.5696897760891781
75,1.7352846331893612e-07,7.999762871605835,-1.569686064969453
76,1.646709969830106e-07,7.999760859100854,-1.5696823423641317
77,1.249603805614306e-07,7.999758835711728,-1.569678606562493
78,1.1466510185288548e-07,7.999756831229626,-1.569674886383302
79,2.12238669852933e-07,7.999754858697077,-1.5696712138207427
80,1.8463852627643878e-07,7.999752863743762,-1.5696674855591248
81,1.0660576614228743e-07,7.999750807134426,-1.5696637298527845
82,6.936455748912073e-08,7.999748815926532,-1.5696599952002284
83,1.5138142167264286e-07,7.999746811383555,-1.5696563097331586
84,1.98522364695266e-07,7.999744844456247,-1.5696526092338556
85,1.738981723857078e-07,7.999742821699981,-1.5696488841974205
86,1.9583403105054985e-07,7.9997408781817905,-1.5696451805713443
87,2.562603717804967e-07,7.999738805043109,-1.5696414938517695
88,2.3061165988383413e-07,7.999736841136842,-1.5696377669144908
89,1.4449711549503662e-07,7.999733815703416,-1.5696321560688138
90,1.9155781204503879e-07,7.999731860461209,-1.569628457260849
91,1.94180662955068e-07,7.999729790893413,-1.569624739792245
92,1.5763697524693307e-07,7.99972786016216,-1.5696210047366317
93,2.0680102222324482e-07,7.999725783840327,-1.569617310580586
94,2.536269933944453e-07,7.999723856405317,-1.5696136208030937
95,2.538399123369608e-07,7.999721776228924,-1.5696098996765624
96,2.223587483192629e-07,7.999719829702955,-1.569606176656213
97,2.3651929166334326e-07,7.999717787453975,-1.5696024628768617
98,1.6430195343748545e-07,7.99971586260686,-1.569598712501153
99,1.8267591769946827e-07,7.999713762792076,-1.569595000439092
100,2.2586044872060867e-07,7.99971075699562,-1.5695894459820907
101,2.725748244454837e-07,7.999708816812479,-1.5695857542094447
102,2.6803097764258375e-07,7.999706837266689,-1.569582028759101
103,1.7800208342746398e-07,7.999704807803066,-1.5695782729613603
104,1.7184257096494786e-07,7.999702795940198,-1.5695745494820743
105,2.8298939622210533e-07,7.999699832981657,-1.5695690240474123
106,3.169831792615667e-07,7.9996977803220135,-1.5695653281652837
107,2.4117748610895e-07,7.9996957853734525,-1.569561580699847
108,1.947463456472847e-07,7.999693709649214,-1.5695578370261971
109,1.8567046236582294e-07,7.999691833234607,-1.569554112040312
110,2.518061498718177e-07,7.999689766851071,-1.569550424172093
111,2.7707888318536354e-07,7.9996888200069325,-1.5695485798486801
112,2.7014306748543407e-07,7.999686812630611,-1.5695448548355824
113,2.5507666423474316e-07,7.999685734497611,-1.5695429909469722
114,2.507819592806836e-07,7.999683827173113,-1.5695392743588201
115,2.3384495173476553e-07,7.999681754022057,-1.5695355431115923
116,2.421551480630219e-07,7.999679831311507,-1.5695318317055031
117,3.4989856403126426e-07,7.999677756612829,-1.5695281645924264
118,3.4354375200128164e-07,7.999675799844425,-1.569524448356966
119,1.366017238618873e-07,7.999673690540401,-1.569520634613171
120,1.4491707710543642e-08,7.999671750323716,-1.5695168555227308
121,1.6729748045600658e-07,7.999669733040472,-1.5695131939688856
122,3.397139392921635e-07,7.999667804582669,-1.5695095613250778
123,2.8210257089304126e-07,7.999665728675213,-1.5695058143248257
124,1.4095512024622366e-07,7.999663787581724,-1.569502034481848
125,2.6561801575583865e-07,7.999660718832563,-1.5694965131638026
126,3.725665753757197e-07,7.9996587426018975,-1.5694928514442594
127,3.997466733858156e-07,7.999656735393927,-1.5694891491595933
128,3.312484845785294e-07,7.999654747035184,-1.5694854090855697
129,2.8469758672168984e-07,7.999652762536865,-1.5694816703534047
130,2.6613439195667724e-07,7.9996507625800515,-1.5694779400365908
131,2.7264779518814867e-07,7.999649740852454,-1.5694760834426957
132,3.6235962741499616e-07,7.999647808367146,-1.5694724144478072
133,3.6538710381289603e-07,7.99964471233275,-1.569466838387513
134,2.9106277425944054e-07,7.999642794846768,-1.5694630914100496
135,3.529084691992859e-07,7.999640722679931,-1.569459403849498
136,3.9900333333594177e-07,7.999638765991061,-1.5694557170844758
137,3.4833403783078154e-07,7.999635714933963,-1.5694501196241872
138,3.3144512873285923e-07,7.9996337486826326,-1.5694463884498626
139,2.9141679706833706e-07,7.999631765920665,-1.5694426529047025
140,2.860353164979153e-07,7.999628679430847,-1.5694370725725362
141,2.9449906844024236e-07,7.9996267402844445,-1.569433361069784
142,3.3335329906517803e-07,7.999624700810841,-1.5694296577217286
143,3.1625276438387704e-07,7.99962280140057,-1.5694259295126811
144,3.0077666964432844e-07,7.999620716731447,-1.5694222060594396
145,3.5111538844629587e-07,7.9996187651915465,-1.5694185147422546
146,3.855808655496866e-07,7.99961571841954,-1.5694129584568801
147,3.6002983321633476e-07,7.999613714329373,-1.5694092267828723
148,3.268625046705362e-07,7.999610787032088,-1.5694036345514863
149,3.335375082744128e-07,7.9996086991376325,-1.5693999156807823
150,3.507633846836658e-07,7.999607751245352,-1.5693980744634903
151,4.4643227076180744e-07,7.999605746129132,-1.5693944018233443
152,3.411835529515749e-07,7.999603679264956,-1.569390636786873
153,2.1475980457508723e-07,7.99960164412422,-1.5693868524277668
154,1.5740392023981387e-07,7.999599670559617,-1.5693830994873101
155,1.7386185705774783e-07,7.999597648850195,-1.5693793800257076
156,2.764359465726949e-07,7.999596669349097,-1.5693775613150025
157,4.436802930935217e-07,7.99959476634944,-1.5693739208760613
158,4.4694878624752013e-07,7.999592679535432,-1.5693702165530348
159,3.9914967325117e-07,7.999590724951188,-1.569366479576001
160,3.085292132095844e-07,7.999587678606119,-1.5693608634947585
161,3.015118401983828e-07,7.999585691653196,-1.569357141514627
162,4.819548972999981e-07,7.999582765947806,-1.5693516430648098
163,3.097841932491722e-07,7.999580631734027,-1.5693478474115876
164,1.710472041356877e-07,7.999578649669493,-1.569344058078458
165,4.4931819558638124e-07,7.999575657841382,-1.5693386009535275
166,5.141094331598799e-07,7.999573762508196,-1.5693349246659238
167,4.1659119199766535e-07,7.999571685890587,-1.5693311654031683
168,2.995427524042918e-07,7.999569726397412,-1.5693273928654055
169,3.199619761830935e-07,7.999567642152685,-1.5693236801282628
170,4.537153061533434e-07,7.999564710249356,-1.569318166875127
171,4.6506078699988756e-07,7.999561721339957,-1.569312602085877
172,4.31624925073529e-07,7.999559724235876,-1.5693088683575747
173,4.373027556841921e-07,7.999556720975216,-1.5693032975969319
174,4.359414976286623e-07,7.999554672934225,-1.569299578685858
175,4.3860478571048644e-07,7.999551679376394,-1.5692940049980142
176,4.0495007493591004e-07,7.999549680732522,-1.5692902716373165
177,3.8898191827363325e-07,7.999547658130273,-1.5692865429959717
178,5.331538833604153e-07,7.999544731907143,-1.5692810396364492
179,5.545380881103726e-07,7.999541650704496,-1.5692754832025602
180,4.6706828631271227e-07,7.999538654969228,-1.5692698642824303
181,3.8043349450679336e-07,7.99953569603591,-1.5692642522371731
182,5.273590838368873e-07,7.99953270215661,-1.569258743204869
183,5.211974091710055e-07,7.999529617840329,-1.5692531663096796
184,4.442600769340397e-07,7.99952670476575,-1.5692475535852703
185,4.3012434911361146e-07,7.999524698275634,-1.5692438283074575
186,4.7278044407157905e-07,7.999523704490315,-1.5692419910691007
187,5.387712976661161e-07,7.999521619352383,-1.5692383051699694
188,5.651689494699998e-07,7.999520666954136,-1.5692364643801724
189,5.591141947164617e-07,7.999519682460155,-1.5692346063618048
190,5.095491204254961e-07,7.999517638808737,-1.569230863666865
191,5.092155547811875e-07,7.999515690482053,-1.569227148057135
192,5.443159002947137e-07,7.99951471612423,-1.5692253073041846
193,5.843759435982522e-07,7.999512612772944,-1.5692216119402094
194,5.120967728637184e-07,7.999509637746157,-1.5692160053106303
195,5.02388972463602e-07,7.9995076699813605,-1.5692122845773715
196,4.882284926975395e-07,7.99950566324494,-1.5692085566836422
197,5.456877944302395e-07,7.999503656425827,-1.5692048672563204
198,6.063959368961311e-07,7.99950167589013,-1.5692011764216491
199,5.773301031861482e-07,7.999499601063467,-1.5691974480086621
200,4.850748113097646e-07,7.999496635260215,-1.569191835657788
201,6.260914128286532e-07,7.999493697138757,-1.569186320081324
202,4.4149630348840366e-07,7.999491565890629,-1.5691825177082745
203,3.832648564000432e-07,7.99948852011068,-1.569176906427019
204,7.375576369125717e-07,7.999485647749026,-1.5691714954733553
205,5.800125325519406e-07,7.999483637042277,-1.5691677044296717
206,4.539234001504686e-07,7.99948067936085,-1.5691620775994128
207,5.692775208164081e-07,7.999478590263555,-1.5691584073168847
208,5.957080999723567e-07,7.999476626420901,-1.569154710387227
209,6.361301259964852e-07,7.999473619400259,-1.5691491507426558
210,5.297193936628712e-07,7.999470613190475,-1.5691435281428976
211,6.283212393074213e-07,7.99946762693489,-1.5691379998734296
212,6.093964894954525e-07,7.999464631639755,-1.569132419870892
213,6.088168859626194e-07,7.999461614026326,-1.5691268407451964
214,6.609909783672407e-07,7.999459655172723,-1.5691231556177831
215,6.351851229453758e-07,7.999457569249808,-1.569119426399271
216,6.012542280486871e-07,7.999455658991156,-1.5691156962949957
217,5.680504355787137e-07,7.999453619901992,-1.5691119581620454
218,6.337189753822701e-07,7.999450668646845,-1.5691064124529006
219,6.875255330487028e-07,7.999448599071045,-1.5691027251918204
220,6.244034054529569e-07,7.999445589421301,-1.56909712329407
221,5.80081975378935e-07,7.999443640463226,-1.569093384952076
222,7.08748118651572e-07,7.999440583210272,-1.5690878681415008
223,7.214339409761243e-07,7.999438626920399,-1.569084160218192
224,6.659620370890362e-07,7.999436573468524,-1.5690804184356493
225,5.755144047855819e-07,7.999434626041526,-1.569076660006328
226,5.466197400775641e-07,7.999432590243779,-1.569072923721207
227,6.223748785894173e-07,7.999430581776892,-1.569069242220591
228,6.989026158362245e-07,7.999428522830147,-1.5690655617504148
229,7.40957261289087e-07,7.999426599220471,-1.5690618722783027
230,6.751089748526587e-07,7.999424613294172,-1.569058123092983
231,5.650292388771466e-07,7.999422577419146,-1.569054348951277
232,5.574092100578143e-07,7.9994206227683415,-1.5690506248112264
233,5.861749440486981e-07,7.999419524168842,-1.5690487768868915
234,6.491654971532609e-07,7.999417573879443,-1.569045091365046
235,7.466574474781612e-07,7.999414601353233,-1.5690395604358363
236,7.06067229716534e-07,7.999411589209541,-1.5690339631391976
237,4.870939215932755e-07,7.999408546244437,-1.5690282884615427
238,6.358965767078585e-07,7.99940652485798,-1.5690246305675932
239,7.296243834288612e-07,7.999403593944517,-1.5690191002848994
240,6.496088515267128e-07,7.999401622367124,-1.5690153478083535
241,7.17520785707188e-07,7.999398515944662,-1.569009804297672
242,7.780143355316972e-07,7.9993965867312395,-1.5690061219221012
243,7.232120583749859e-07,7.99939260634942,-1.5689986696223936
244,6.069570993563907e-07,7.999390552755575,-1.5689948888421152
245,6.137161483681246e-07,7.999388563950541,-1.5689911769496758
246,8.102288889377592e-07,7.999385525939246,-1.568985689200321
247,8.49872606246105e-07,7.999383592243437,-1.5689819957762692
248,7.065204980349497e-07,7.99938061667152,-1.5689763570289879
249,6.548939700415914e-07,7.999378584437729,-1.5689726112947555
250,7.03091864774606e-07,7.999375570192749,-1.56896705680085
251,7.646285075101203e-07,7.99937255229733,-1.568961509361169
252,7.933374335757046e-07,7.999370572646848,-1.5689578038475442
253,7.52665963126948e-07,7.999368601313353,-1.5689540687642962
254,7.502827125435775e-07,7.999366568046567,-1.5689503493527739
255,7.371202930812119e-07,7.999364578065275,-1.5689466263630112
256,7.519215670856066e-07,7.999362520944297,-1.5689429111760804
257,7.965710578816357e-07,7.999360614729081,-1.5689392136257871
258,7.808485176563978e-07,7.999357545261727,-1.5689336309621922
259,7.357480077796176e-07,7.999355593817789,-1.5689298902288955
260,7.453944783845326e-07,7.999353549454445,-1.5689261788240185
261,8.053857493404302e-07,7.999352576815272,-1.5689243428721058
262,8.466496498571528e-07,7.999350548558517,-1.5689206459130194
263,8.360869544184978e-07,7.999349529343842,-1.5689187869226746
264,8.109703809204798e-07,7.999347597856093,-1.5689150604832085
265,7.978837393762569e-07,7.999345536594317,-1.5689113333414357
266,7.809428399639984e-07,7.999343599738854,-1.5689076095105352
267,8.05133016066704e-07,7.999341540752446,-1.5689039009149934
268,7.889893820080043e-07,7.999339606373367,-1.5689001755821639
269,8.177880732972602e-07,7.999337532641822,-1.5688964698905865
270,8.155963611863387e-07,7.999335617552368,-1.5688927525797618
271,8.489539170258225e-07,7.999332580268722,-1.568887191377345
272,8.102294971448624e-07,7.9993305494111535,-1.5688834578694262
273,8.397000083511925e-07,7.999327600266069,-1.5688778965503045
274,9.545239565448323e-07,7.999325517425818,-1.5688742351900047
275,9.243319563391416e-07,7.999322568037804,-1.568868649786095
276,7.342603222703126e-07,7.9993204946322525,-1.5688648390482225
277,6.794754806458027e-07,7.999318552843735,-1.5688610960554799
278,8.074687924737018e-07,7.999316469326602,-1.5688574287772616
279,9.157656058102884e-07,7.999314553739937,-1.5688537684370976
280,9.792459742582328e-07,7.999312508281712,-1.568850085570432
281,9.121423360185232e-07,7.99931055862418,-1.5688463422937935
282,7.995632180731064e-07,7.999307520193548,-1.5688407102637711
283,8.573141026291439e-07,7.999305558790455,-1.5688370205788933
284,9.28494274149841e-07,7.999303472961536,-1.568833335549667
285,9.613785529353284e-07,7.999301564380053,-1.5688296413953629
286,9.598581968806065e-07,7.9992995075369615,-1.5688259200205514
287,8.548847217938747e-07,7.999296553371735,-1.568820295729669
288,8.818337712195484e-07,7.999294498747389,-1.568816589246414
289,9.370819423961721e-07,7.999291491351639,-1.5688110415578724
290,9.181147192070342e-07,7.999288587773894,-1.56880545837827
291,8.674112726449049e-07,7.999285540608919,-1.5687998549545459
292,8.697431599229656e-07,7.999283498932899,-1.56879613519945
293,9.894741704324274e-07,7.999280596559146,-1.5687906187417642
294,9.614709885066022e-07,7.999278496475206,-1.5687868827397857
295,7.400581988607113e-07,7.999276502335373,-1.568783061258399
296,7.726618469832301e-07,7.999273477965222,-1.5687774873649962
297,9.768469689340084e-07,7.999271523469478,-1.5687738595814087
298,9.405570624986466e-07,7.999268579962941,-1.5687682723110727
299,8.642260046643367e-07,7.999267512866546,-1.5687663763284967
300,8.335611025504233e-07,7.99926648802709,-1.568764503665985
301,8.460534762756433e-07,7.999265500951402,-1.5687626539002322
302,9.60232816531951e-07,7.9992634917792795,-1.5687589846646257
303,1.0503457843536955e-06,7.999261522988471,-1.5687553120629143
304,1.042515155717244e-06,7.9992595568474325,-1.5687515893192665
305,9.186726017973046e-07,7.9992574751450976,-1.5687478185073505
306,8.848470395033501e-07,7.999254519422183,-1.5687422205655093
307,9.60883370651811e-07,7.999252486023433,-1.5687385393117834
308,1.03796142838129e-06,7.999250445183862,-1.5687348582102705
309,1.084020122341691e-06,7.9992485437810235,-1.5687311656375262
310,1.0054199732380525e-06,7.9992464890902175,-1.5687274125051862
311,9.462621432830148e-07,7.999243559774511,-1.5687218080361278
312,9.52767789837781e-07,7.999241497812024,-1.5687180928677267
313,1.020977320665254e-06,7.99923954046436,-1.5687144063750935
314,1.0780810938055214e-06,7.999237486446903,-1.5687107171200283
315,1.096320799824751e-06,7.999235565852709,-1.5687070092012239
316,1.0326696989197292e-06,7.999232516115857,-1.5687013974723454
317,9.511613415906441e-07,7.999230522605496,-1.5686976507772412
318,1.0208383141585905e-06,7.9992275200602485,-1.5686921035769994
319,1.0644938995905998e-06,7.99922546008483,-1.5686884037103588
320,1.0770184087408075e-06,7.999223560636035,-1.56868468973296
321,1.0469666674054082e-06,7.999221523917805,-1.5686809614565498
322,1.0199118846653034e-06,7.999219524290667,-1.568677233280963
323,1.0377445623911347e-06,7.999216522894179,-1.568671661889327
324,1.144731991321807e-06,7.999214575674702,-1.5686679941044313
325,1.0752231974592662e-06,7.9992115044657774,-1.568662392923648
326,1.028933332982235e-06,7.999209442572991,-1.5686586490441983
327,1.0264664204723718e-06,7.999207546380314,-1.5686549339125686
328,1.1515019283137587e-06,7.999205480294122,-1.5686512672055326
329,1.0996995542230294e-06,7.999203510441306,-1.56864752574365
330,8.781995460285707e-07,7.999201400500125,-1.5686436953822103
331,8.402870605389502e-07,7.999199480952648,-1.5686399520153895
332,1.0649290368006022e-06,7.999197480970591,-1.5686363274731816
333,1.223365988893378e-06,7.9991955219887645,-1.568632687411569
334,1.1278798283438368e-06,7.999193483062631,-1.5686289244634513
335,9.307869453725233e-07,7.999190473036158,-1.5686232561729863
336,1.1386188418706229e-06,7.999188514481811,-1.5686196286861598
337,1.078397870751347e-06,7.999184486943424,-1.5686121773690436
338,1.014916438280536e-06,7.9991834450238395,-1.5686102844956546
339,9.712950436024304e-07,7.999182488219165,-1.5686084109397767
340,1.0239654819077134e-06,7.999181507814824,-1.5686065704380692
341,1.082184892514316e-06,7.99918048548034,-1.5686047357967847
342,1.1415238137280463e-06,7.999179427971013,-1.5686029036177471
343,1.19205153594947e-06,7.999178492197389,-1.5686010740916865
344,1.2516300066581779e-06,7.999176511240364,-1.5685973878864343
345,1.1789611178529509e-06,7.9991744770132485,-1.5685936380548104
346,1.074039266914116e-06,7.999172546162957,-1.5685898699742575
347,1.1059192276967202e-06,7.999170437962161,-1.5685861643074197
348,1.1678282931256744e-06,7.999168483527991,-1.5685824785963192
349,1.242011402791158e-06,7.999166438661849,-1.5685787982588992
350,1.2815334632648436e-06,7.999164524668022,-1.568575103912696
351,1.2101949202109917e-06,7.9991624947315385,-1.56857135342344
352,1.1144748109981097e-06,7.999160537131486,-1.5685675869469295
353,1.0882206973473763e-06,7.999158463517299,-1.5685638510047097
354,1.156138814143801e-06,7.999156520550331,-1.56856016259984
355,1.2104708608745044e-06,7.999154450652601,-1.5685564695607566
356,1.2422346555206934e-06,7.999151506157775,-1.5685509070486547
357,1.1885646619993961e-06,7.99914855684399,-1.5685453097103585
358,1.1896434035025978e-06,7.999146455444581,-1.568541588957649
359,1.274260373615395e-06,7.99914349148569,-1.568536053581446
360,1.2746192029214573e-06,7.9991415264058805,-1.5685323449231643
361,1.2158610297195393e-06,7.999138439810408,-1.5685267352105965
362,1.1955969500415546e-06,7.999136531004575,-1.5685230069925193
363,1.344649033487311e-06,7.99913351701459,-1.5685175058039507
364,1.3403234613517344e-06,7.999131470443732,-1.5685137884265123
365,1.2372848159104167e-06,7.999129454517489,-1.5685100260885876
366,1.2079166972638847e-06,7.999126474659123,-1.568504428790075
367,1.3078694445467309e-06,7.999124556737443,-1.5685007566864677
368,1.2627178159805424e-06,7.999121478523494,-1.5684951612995888
369,1.2417604565217594e-06,7.99911847726222,-1.5684895700163488
370,1.3490561023686177e-06,7.999116542073428,-1.5684859057456664
371,1.2572368914450945e-06,7.999113456040252,-1.568480284518608
372,1.0502447003452443e-06,7.999111373883361,-1.568476461166788
373,1.2459860200211234e-06,7.9991085018722305,-1.5684709642090402
374,1.4244319896050021e-06,7.999106447687092,-1.5684673309876715
375,1.2913576652331711e-06,7.999103491794137,-1.5684617016880116
376,1.1295761013310207e-06,7.999101408943131,-1.5684579001522747
377,1.1368493278815662e-06,7.999099459480417,-1.5684541843636177
378,1.3429086424365937e-06,7.999097444868847,-1.568450553070966
379,1.4322361688829636e-06,7.999096502690849,-1.5684487405763492
380,1.4522544340152006e-06,7.999095542778225,-1.568446894290225
381,1.335350678677448e-06,7.999093483584531,-1.5684431282068183
382,1.213209058061539e-06,7.999091455771447,-1.568439352323979
383,1.1555465372428352e-06,7.9990894009623075,-1.5684355961586802
384,1.2517890800287195e-06,7.999087466259568,-1.5684319183531914
385,1.4131428337162467e-06,7.99908544345257,-1.5684282755068983
386,1.5116375809233972e-06,7.999083482589691,-1.5684246073384551
387,1.3854403443477504e-06,7.9990815095908046,-1.5684208368647443
388,1.1703740604098095e-06,7.999079438422409,-1.568417014572429
389,1.1019398107737557e-06,7.999078466828527,-1.5684151246888365
390,1.2550965834607407e-06,7.9990764280453845,-1.56841146223728
391,1.4820881082427135e-06,7.999074522288726,-1.5684078541463748
392,1.4551716081655784e-06,7.999072463200594,-1.5684041248979608
393,1.3414748814100845e-06,7.999070512714783,-1.5684003624723821
394,1.3212706064457988e-06,7.999068455893204,-1.5683966324443945
395,1.4048637718362592e-06,7.99906651884081,-1.5683929544685264
396,1.4698976083324703e-06,7.999064447671526,-1.5683892670543214
397,1.4471053025701589e-06,7.999062518958781,-1.568385544384315
398,1.4124831989373523e-06,7.999060493863195,-1.5683818100035105
399,1.3768211923063988e-06,7.999058512284952,-1.5683780760027708
400,1.4029114617610385e-06,7.9990564664800825,-1.5683743684665818
401,1.5025065631065095e-06,7.999053518801955,-1.5683688366100867
402,1.4313941186689555e-06,7.999050479362591,-1.5683632316539153
403,1.4710229187904248e-06,7.9990474769084985,-1.5683576715840977
404,1.5223052328186365e-06,7.99904551217954,-1.5683539849261523
405,1.53340659858816e-06,7.99904245058672,-1.568348417245182
406,1.5170146460561765e-06,7.999040508396665,-1.568344692501825
407,1.4598263092812275e-06,7.999037512062272,-1.5683390899839635
408,1.5163025832575649e-06,7.999035471021363,-1.5683353928889425
409,1.5508837116631507e-06,7.999032489524024,-1.5683298418628102
410,1.5066405568135216e-06,7.99903042846181,-1.5683261007120217
411,1.452027835357279e-06,7.999028512276063,-1.5683223621646192
412,1.5874899518416074e-06,7.999025504116213,-1.5683168481845278
413,1.6095098366565296e-06,7.999023479022293,-1.5683131393131915
414,1.5486817556766551e-06,7.999021489311638,-1.5683093990936872
415,1.4831723946268324e-06,7.9990195037930745,-1.5683056454991537
416,1.4718312413506119e-06,7.999017479305813,-1.568301921168186
417,1.5485977341895953e-06,7.999015509699237,-1.5682982385165483
418,1.5961697667362284e-06,7.999013463041428,-1.5682945423055883
419,1.5745728580564344e-06,7.9990115013131495,-1.5682908208063668
420,1.5769353429349516e-06,7.9990094431934695,-1.5682871051013973
421,1.5677582941265147e-06,7.999007516769804,-1.5682833834072452
422,1.5790232916864905e-06,7.999005480017589,-1.5682796685900728
423,1.5353487931062931e-06,7.999003526543426,-1.5682759287859587
424,1.5058716496150978e-06,7.999001445698409,-1.5682721935848478
425,1.5722658774607975e-06,7.998999516467615,-1.5682685072850513
426,1.6222563131170461e-06,7.99899744226571,-1.5682648133098394
427,1.6033808319446565e-06,7.9989955036320834,-1.5682610906987735
428,1.593494143650503e-06,7.998993424019249,-1.5682573662372719
429,1.5760866804874884e-06,7.998990504646352,-1.5682517792067336
430,1.6060941952758447e-06,7.99898849228406,-1.5682480819686362
431,1.7093143207261376e-06,7.998985441456971,-1.5682425572158925
432,1.6728187884645962e-06,7.998983450290927,-1.5682388282954187
433,1.6176980733912776e-06,7.998980459486886,-1.5682332233908771
434,1.606557820710337e-06,7.998977481818463,-1.5682276430351556
435,1.691766280099344e-06,7.998975474464985,-1.5682239650997905
436,1.711054243046315e-06,7.998973467465595,-1.5682202597266572
437,1.6302971667679624e-06,7.998970478301912,-1.568214646267659
438,1.6538341088892893e-06,7.998967475467648,-1.5682090732115659
439,1.7204249932945381e-06,7.998965516601962,-1.568205390467292
440,1.743731407777173e-06,7.998962480854548,-1.568199832258187
441,1.656079267790161e-06,7.998959401414906,-1.568194211677268
442,1.6406331809611214e-06,7.998956493367905,-1.5681886227473074
443,1.7224272256784503e-06,7.998954459813371,-1.5681849450259888
444,1.7617528752963657e-06,7.998952485106084,-1.5681812465851852
445,1.7544897400609575e-06,7.998950453152726,-1.5681775290645594
446,1.7301618327393903e-06,7.9989485028837795,-1.568173799702642
447,1.6810576105203688e-06,7.998946453986919,-1.5681700569561923
448,1.7797861561563007e-06,7.998943433085796,-1.5681645291778683
449,1.8385815928859367e-06,7.998941450858265,-1.5681608482657585
450,1.6789301677045239e-06,7.998938429776266,-1.5681551925256485
451,1.5959103184815353e-06,7.998935469219852,-1.568149566077015
452,1.7587484822515312e-06,7.9989333995666865,-1.568145920809173
453,1.874048927002575e-06,7.9989314732373815,-1.5681422681132489
454,1.90873550252938e-06,7.998930486080938,-1.5681404242201449
455,1.8638621189255665e-06,7.998929447640984,-1.5681385443440468
456,1.6836693549473238e-06,7.998927434756631,-1.5681347451641519
457,1.5919846175266933e-06,7.998925396455187,-1.5681309746404255
458,1.6698241138667915e-06,7.998923441203098,-1.5681272875955476
459,1.8143651385974825e-06,7.9989214373517425,-1.5681236364880693
460,1.9025277320222397e-06,7.998919451385011,-1.568119960208134
461,1.8253074939008406e-06,7.998917504893289,-1.5681162145458762
462,1.7099550085658447e-06,7.998914484434798,-1.568110584892185
463,1.7815916728355477e-06,7.998912445652916,-1.5681068979442587
464,1.870237896844939e-06,7.998910460020135,-1.5681032269050548
465,1.930822867850642e-06,7.998908433351635,-1.5680995407832046
466,1.8683424706544611e-06,7.998906469558431,-1.5680957997387186
467,1.8312761793344838e-06,7.9989044239731,-1.5680920609704543
468,1.819631066997025e-06,7.998902501874188,-1.5680883395122438
469,1.809887177999599e-06,7.998900441089474,-1.568084614782439
470,1.900857954415452e-06,7.998898485579146,-1.5680809415120067
471,1.9399241392199726e-06,7.998895415984572,-1.5680753795099733
472,1.85598170826836e-06,7.998893510268735,-1.5680716295207628
473,1.8097899839807792e-06,7.998890457352828,-1.5680660271054498
474,1.8323812890289031e-06,7.998888466316097,-1.5680623168862518
475,1.921167060993899e-06,7.998885479212593,-1.5680567851504268
476,1.962000195314713e-06,7.998883429322758,-1.568053085464432
477,1.9448599131690457e-06,7.998881513483883,-1.5680493647508245
478,1.8866769417750601e-06,7.998879473639281,-1.5680456119727404
479,1.8352834772899304e-06,7.998877473238231,-1.5680418777819256
480,1.9044346000784963e-06,7.998874390649758,-1.5680363256370413
481,1.9449250061498093e-06,7.998871459335747,-1.568030769783673
482,1.9284885020501425e-06,7.9988695010601365,-1.5680270437525632
483,1.9013502708839383e-06,7.998866405288114,-1.5680214532876775
484,1.907538045500707e-06,7.998864495241646,-1.5680177385618566
485,2.034878233580165e-06,7.998861488724655,-1.5680122240080332
486,1.992880464495687e-06,7.998859493735681,-1.56800848699007
487,1.9115904923486187e-06,7.9988564790742664,-1.5680028726752764
488,1.999415928023187e-06,7.998853471790196,-1.5679973315238316
489,2.067073907339247e-06,7.998851445314249,-1.567993639376752
490,1.843481901689982e-06,7.998849416541512,-1.5679898210008802
491,1.7472260582299187e-06,7.9988484387823755,-1.5679879095712503
492,1.6852792169307795e-06,7.9988474011038555,-1.5679860214199828
493,1.756716856096799e-06,7.998846377119349,-1.5679841824561591
494,1.983164490618541e-06,7.99884449371294,-1.5679805663616633
495,2.1220976125576757e-06,7.998842446675159,-1.5679769138737423
496,2.0966202655973222e-06,7.998841424226682,-1.5679750483468844
497,1.9074377402569524e-06,7.99883946122241,-1.5679712445187053
498,1.776930246393092e-06,7.998837362594937,-1.5679674532010845
499,1.8103883993910796e-06,7.998835445174623,-1.5679637483185322
500,2.025213151157144e-06,7.998833405508771,-1.5679601207230445
501,2.1327889824008937e-06,7.998831511764101,-1.5679564547149056
502,1.9785441244372665e-06,7.998829413723418,-1.567952670292145
503,1.8879834298698127e-06,7.998827483851701,-1.5679489141616338
504,2.089812137209466e-06,7.998824492882237,-1.5679434270138495
505,2.146749091666208e-06,7.998822496107896,-1.5679397364175698
506,2.0650748443139843e-06,7.998820418939611,-1.5679359788619647
507,1.9739522824924344e-06,7.998818472102531,-1.5679322234393407
508,1.953044850915569e-06,7.9988164353710784,-1.5679284883023072
509,2.102920997827918e-06,7.998813422177355,-1.5679229798310939
510,2.1961066733343014e-06,7.998811501769608,-1.5679193093362345
511,2.125991922776766e-06,7.998808446818408,-1.5679137072949059
512,2.104793321457515e-06,7.998806507858415,-1.5679099801895917
513,2.0940817657807456e-06,7.998803533477156,-1.5679043973633309
514,2.1858120638615525e-06,7.998801476583536,-1.5679007195553722
515,2.2025802443993e-06,7.998799466624877,-1.5678970184858871
516,2.1471502998460633e-06,7.998797468088838,-1.5678932737380344
517,2.1381199308713606e-06,7.9987945175557975,-1.5678876920096232
518,2.237591244653511e-06,7.998792442354342,-1.567884018693028
519,2.210791961675766e-06,7.998789497443274,-1.5678784372003216
520,2.1727007512464724e-06,7.998787463796582,-1.567874698792325
521,2.1330360767187745e-06,7.998785506520309,-1.567870961190863
522,2.1422597506852464e-06,7.998783480075545,-1.5678672460174068
523,2.240011641350986e-06,7.998781538681546,-1.5678635755045693
524,2.0825555536571716e-06,7.998778466734393,-1.5678579251964104
525,1.9204335944388863e-06,7.998776377241904,-1.5678541257380052
526,2.112643376542275e-06,7.998774424017871,-1.5678504867222953
527,2.3266349658816215e-06,7.99877148480273,-1.5678450050851405
528,2.202159560954747e-06,7.998769536944556,-1.5678412343096189
529,2.099355562461765e-06,7.998767469503732,-1.5678374666028083
530,2.1785691564038544e-06,7.998765437608615,-1.5678337854750841
531,2.2332114534769456e-06,7.998763474179573,-1.5678300938173437
532,2.2722639608589485e-06,7.998761489793047,-1.5678263978496774
533,2.2727989677137267e-06,7.99875952891924,-1.5678226784766889
534,2.2708434641904334e-06,7.998757470588751,-1.5678189609682855
535,2.231989614733358e-06,7.9987555220913125,-1.5678152253529558
536,2.279439258769809e-06,7.998753448664706,-1.567811530894516
537,2.326533406815953e-06,7.998751515096243,-1.5678078404438025
538,2.3451718920095504e-06,7.998749439414424,-1.5678041336214943
539,2.2813431193119164e-06,7.998747529971224,-1.5678003878076257
540,2.295877914014177e-06,7.9987454850844975,-1.5677966743007399
541,2.3733702928444057e-06,7.998742512854527,-1.567791137819161
542,2.3193146881405603e-06,7.99874043182804,-1.5677873946471252
543,2.2944342893568005e-06,7.9987374966799685,-1.567781807068215
544,2.3236918146683226e-06,7.998734530019546,-1.5677762429969044
545,2.4065077883814685e-06,7.9987314763921,-1.5677707062980826
546,2.331035219728475e-06,7.998728426535207,-1.567765095396573
547,2.35747305172555e-06,7.998725539113618,-1.5677595293997362
548,2.440622173549387e-06,7.998723472114734,-1.5677558501761875
549,2.4241911186507163e-06,7.998721527535244,-1.5677521315903773
550,2.3713791118784096e-06,7.998719458628287,-1.5677483861203374
551,2.3276278713718703e-06,7.998717515115786,-1.567744648290203
552,2.335232696795364e-06,7.998715450058405,-1.567740928718
553,2.4516734372358837e-06,7.998712499481344,-1.567735410109554
554,2.448719468916384e-06,7.998710464577228,-1.5677316881011125
555,2.3492661153641125e-06,7.998707420821324,-1.5677260653982388
556,2.3394445961867724e-06,7.9987055235665725,-1.567722345209999
557,2.469784075811807e-06,7.998703472784715,-1.5677186803592953
558,2.326001481636679e-06,7.998700421148529,-1.567713036041185
559,2.1978766255927125e-06,7.998698453263109,-1.567709249854965
560,2.274970955501646e-06,7.998696404085284,-1.5677055582646215
561,2.5219423448722197e-06,7.998694501693781,-1.5677019536976424
562,2.5554699034721198e-06,7.998692504836782,-1.5676982537617998
563,2.408364594052378e-06,7.998690535096962,-1.567694473529868
564,2.417404680830798e-06,7.998688476260327,-1.5676907589763964
565,2.4643916679006235e-06,7.998686471716343,-1.5676870659794204
566,2.52491819564689e-06,7.998684421242639,-1.5676833751581871
567,2.55645098323498e-06,7.99868349380922,-1.5676815348663065
568,2.5152174744528354e-06,7.998681535048855,-1.5676777948592229
569,2.4530010774314625e-06,7.998679499116942,-1.5676740476110433
570,2.4017412121535465e-06,7.998677517101817,-1.5676703009145585
571,2.4678393548273705e-06,7.9986754348996945,-1.5676666118038272
572,2.5710559905455223e-06,7.99867349714434,-1.5676629452374364
573,2.6540654975684254e-06,7.998671446852653,-1.567659268369702
574,2.502042440878366e-06,7.9986695201896945,-1.5676554802481373
575,2.3852839013679653e-06,7.9986674611850255,-1.5676517017428309
576,2.4549706642882954e-06,7.998665536708053,-1.5676480099048702
577,2.5063685331073326e-06,7.998664482061785,-1.5676461725251822
578,2.5608588214893796e-06,7.998663487802759,-1.5676443389064834
579,2.601414945725862e-06,7.998661562545795,-1.5676406439568202
580,2.6271011297045412e-06,7.998659469281751,-1.5676369419448593
581,2.5686114645939344e-06,7.998657530282012,-1.567633201432544
582,2.533475141236642e-06,7.998655488093852,-1.5676294647853901
583,2.6260313460729917e-06,7.998653565074928,-1.5676257937370242
584,2.6624052367940646e-06,7.9986514985143815,-1.5676220899356825
585,2.6086883558584098e-06,7.998649512161145,-1.5676183544896989
586,2.57252810955747e-06,7.998647507681132,-1.5676146165700542
587,2.558108244244141e-06,7.998645528861063,-1.5676108890431883
588,2.6315217107568713e-06,7.998643516676395,-1.5676072053797614
589,2.6923705214105712e-06,7.998641494584358,-1.567603521243029
590,2.7150263195666825e-06,7.998639510358303,-1.5675998165597005
591,2.6269599252762905e-06,7.998636556772932,-1.5675942004898438
592,2.5979020797236416e-06,7.998634483227615,-1.5675904663082887
593,2.6547033651173937e-06,7.998631541052168,-1.5675849129318558
594,2.70523370962699e-06,7.998629465535989,-1.5675812193407526
595,2.728028337275478e-06,7.998627537304512,-1.5675775175923847
596,2.7198185931470604e-06,7.998625478055947,-1.56757379278219
597,2.678774938160248e-06,7.998623551589313,-1.5675700547147635
598,2.6518865543670165e-06,7.998620483014649,-1.5675644628041854
599,2.7036594082459993e-06,7.998617450359253,-1.5675589099817033
600,2.718052777799022e-06,7.998615540507652,-1.5675552029280275
601,2.7031539856874435e-06,7.998612500164061,-1.5675496137286273
602,2.684057317412905e-06,7.99861053238421,-1.567545887408303
603,2.6956989233578285e-06,7.998608495478176,-1.5675421743303424
604,2.7604328036950815e-06,7.998606547689367,-1.5675384859782426
605,2.826996115943462e-06,7.998604517904723,-1.567534804903919
606,2.8285147322873968e-06,7.998602518713548,-1.567531087110933
607,2.7608619566538876e-06,7.998600469279845,-1.567527339652574
608,2.7370625123367214e-06,7.998598525391168,-1.5675236076802748
609,2.741813744847065e-06,7.998596534697796,-1.5675198899443479
610,2.8056917956789736e-06,7.998594577494887,-1.56751620176235
611,2.85461101645771e-06,7.998592493998563,-1.5675125094609985
612,2.838147015451051e-06,7.9985905310590315,-1.5675087840625217
613,2.7633921757734277e-06,7.998588462076098,-1.5675050297661244
614,2.7775375184796273e-06,7.998586561071949,-1.5675013192785585
615,2.877670611890409e-06,7.998584488004955,-1.5674976452186606
616,2.891870933712306e-06,7.9985825267130535,-1.5674939366702252
617,2.8364583466916174e-06,7.99858048447875,-1.5674901962764076
618,2.7782221261574824e-06,7.998577558937006,-1.5674845873657897
619,2.8400474586246456e-06,7.9985754786732315,-1.5674808974421919
620,2.9265890055512663e-06,7.9985724719097275,-1.5674753677273998
621,2.9528593950077486e-06,7.9985705044549675,-1.567471660536215
622,2.8721615913797714e-06,7.998568532244559,-1.5674679093452324
623,2.83434489734789e-06,7.998566516767813,-1.5674641738773525
624,2.803385879431059e-06,7.998564530424174,-1.5674604434121615
625,2.8892501289308464e-06,7.998562485913497,-1.567456760005352
626,2.9430235049524955e-06,7.998559489074774,-1.5674512102782285
627,2.9261200299280317e-06,7.998557549223803,-1.5674474877248974
628,2.9005520996795426e-06,7.998555516149889,-1.5674437546130813
629,2.8889205942462883e-06,7.998553551013448,-1.5674400312102938
630,2.893106249417034e-06,7.998550512162449,-1.567434450779673
631,2.9241871388803603e-06,7.99854749022509,-1.5674288864475834
632,2.9268258155184085e-06,7.9985455696099725,-1.5674251703647566
633,2.953387055659705e-06,7.998543486750975,-1.5674214631286612
634,2.961671944707596e-06,7.99854156872913,-1.5674177542115226
635,2.954912027879071e-06,7.9985385353534735,-1.567412172908513
636,3.019368030430498e-06,7.9985365891930105,-1.567408487562544
637,3.0210003300084484e-06,7.998534490085827,-1.567404765392359
638,2.9864148231523927e-06,7.9985325411603085,-1.5674010400117697
639,3.0015632114646033e-06,7.998530492869213,-1.5673973261029548
640,2.9904268710756103e-06,7.998528602379552,-1.5673936011682623
641,2.995660460402902e-06,7.998527539134953,-1.567391742350331
642,2.986167369581312e-06,7.99852553802744,-1.5673880174805426
643,2.9972590151799193e-06,7.998523495259318,-1.5673843052467749
644,3.0345368040084026e-06,7.998521563583927,-1.567380608129836
645,3.0400327431229456e-06,7.998519531620675,-1.5673768854299912
646,2.9962278014282723e-06,7.998517584360471,-1.5673731515954346
647,3.0538930398042886e-06,7.99851552591296,-1.5673694587423261
648,3.104005448738026e-06,7.998512574061419,-1.5673639104221782
649,3.093142373165961e-06,7.998510496078554,-1.5673601844762264
650,3.088700072214385e-06,7.998508571984358,-1.5673564618978097
651,3.0313536765373234e-06,7.998506510684188,-1.5673527174283923
652,3.0395370582631653e-06,7.998504582070302,-1.5673490032061905
653,3.133430791497726e-06,7.9985024806969,-1.5673453282492213
654,3.215951763318779e-06,7.9985005574379064,-1.5673416524996624
655,3.048326167332701e-06,7.998498485603549,-1.5673378490400864
656,2.8201841939342632e-06,7.998496533125902,-1.567334023097111
657,2.957863522130979e-06,7.998494490661881,-1.56733035892053
658,3.369379221805889e-06,7.9984914926287995,-1.567324973498074
659,3.196248222652808e-06,7.9984895350927285,-1.5673211862802492
660,2.9724998363220192e-06,7.99848748663096,-1.5673173634488349
661,3.0235427637953137e-06,7.998485533892161,-1.5673136667095553
662,3.1998663409400163e-06,7.998482537290027,-1.5673081715237234
663,3.1525634007527445e-06,7.99847957088497,-1.5673025716866364
664,3.019610432909442e-06,7.998476524888832,-1.5672969261512724
665,3.0060482257332663e-06,7.998474502877048,-1.567293190771179
666,3.1134737194897735e-06,7.998472575048069,-1.5672895146144767
667,3.3028080047563426e-06,7.9984705732399775,-1.5672858874096187
668,3.1566833694233305e-06,7.99846751390171,-1.5672802448445153
669,3.1126928092171457e-06,7.998464571286444,-1.5672746428514732
670,3.257526948094817e-06,7.9984625332136625,-1.5672709932639997
671,3.2965702488325868e-06,7.99845950958086,-1.5672654342410108
672,3.1352725487913713e-06,7.9984575980266195,-1.567261642494348
673,3.212890310603153e-06,7.998454537017803,-1.5672560937393532
674,3.3187820323358244e-06,7.998452576183874,-1.5672524219273216
675,3.3357305612936357e-06,7.998450558498693,-1.5672487192019646
676,3.2724680509702753e-06,7.998447567867284,-1.5672431162322837
677,3.2467014568063567e-06,7.9984456015220315,-1.5672393865876846
678,3.2460989922894217e-06,7.998444618322919,-1.567237530615021
679,3.311755336775072e-06,7.998443599540276,-1.5672356973391586
680,3.413785889876461e-06,7.998441594205566,-1.5672320297086577
681,3.4125685445684828e-06,7.99843959257275,-1.5672283172702217
682,3.366951290606352e-06,7.998437563734303,-1.5672245803056393
683,3.284357180680759e-06,7.998435601733022,-1.5672208235266045
684,3.263455671682428e-06,7.998433554534218,-1.5672170937555456
685,3.314063775540648e-06,7.998431611783799,-1.5672133961809895
686,3.3613342964631574e-06,7.998429572084688,-1.567209698530445
687,3.3631538586922063e-06,7.9984276341735425,-1.567205980379083
688,3.3851428401616312e-06,7.99842457841427,-1.5672004089740514
689,3.341874127326221e-06,7.9984225549253765,-1.5671966747975152
690,3.3485043381953746e-06,7.9984206390697565,-1.5671929602647114
691,3.3637586302297636e-06,7.998418591341566,-1.5671892473722937
692,3.3851132169923796e-06,7.99841661399241,-1.5671855407515596
693,3.4177946053743372e-06,7.99841259861903,-1.5671781208643905
694,3.4393265923041765e-06,7.998410566759691,-1.5671744084297827
695,3.4085804800637708e-06,7.9984076583291515,-1.567168815794801
696,3.4001239126675295e-06,7.998405567754614,-1.56716508952224
697,3.3989026796115703e-06,7.998403629647329,-1.5671613776877276
698,3.532621457208429e-06,7.998400606309263,-1.5671558635971579
699,3.534353077270051e-06,7.998398599956584,-1.5671521444041439
700,3.4452222011309784e-06,7.998395655222475,-1.567146527758098
701,3.4865135964073354e-06,7.998393574929977,-1.567142828359858
702,3.5208348470738173e-06,7.998391642984176,-1.5671391232522505
703,3.4801379148500916e-06,7.998388578180323,-1.5671335283096837
704,3.5183759282597422e-06,7.998385594420789,-1.5671279676083896
705,3.5848390027135484e-06,7.998382596772328,-1.5671224255226495
706,3.547491071865749e-06,7.998380566765988,-1.5671186902697372
707,3.497565337288954e-06,7.99837859558887,-1.5671149458262934
708,3.5428164264232974e-06,7.998376626534847,-1.5671112464008077
709,3.6155386545186478e-06,7.998374652623728,-1.5671075643950658
710,3.5464398130495975e-06,7.998371604249276,-1.5671019592843638
711,3.5468909718628024e-06,7.998369538901,-1.5670982347817812
712,3.63142503154607e-06,7.998366626240054,-1.5670926930405684
713,3.6539812379555642e-06,7.9983646188413084,-1.5670889935477936
714,3.603869779351345e-06,7.998362622713504,-1.567085250522229
715,3.5793189135540054e-06,7.998360627880601,-1.5670815248107304
716,3.6365833304585658e-06,7.998358654473126,-1.5670778292163263
717,3.661291104901149e-06,7.998357600664194,-1.5670759783057748
718,3.6473171777194123e-06,7.998356604496787,-1.567074114856376
719,3.6158186025101397e-06,7.998354663918352,-1.5670703811313635
720,3.6682863839153973e-06,7.998352598173761,-1.5670666884252005
721,3.7163649628848956e-06,7.998350662890358,-1.5670629936649347
722,3.6783009447453475e-06,7.998348583180169,-1.567059259180287
723,3.61014797496137e-06,7.998346658795004,-1.5670555121540364
724,3.6501253466629505e-06,7.99834462256035,-1.5670518083730625
725,3.7399566568222577e-06,7.998342663595149,-1.567048131935063
726,3.7331685478162874e-06,7.998340622379593,-1.567044413323226
727,3.69150621566514e-06,7.9983386643295304,-1.5670406809083988
728,3.644269622315515e-06,7.998336641154791,-1.5670369335371996
729,3.652972332758657e-06,7.998334645609418,-1.5670332241418679
730,3.7394212241931502e-06,7.998332626290317,-1.567029543300429
731,3.799950554081977e-06,7.998329649706313,-1.5670240030682312
732,3.720004678469609e-06,7.998326630464087,-1.5670183814442973
733,3.6719958326049305e-06,7.998323607857309,-1.5670127792693962
734,3.7445783145769514e-06,7.998320614044716,-1.5670072366088976
735,3.828021359960431e-06,7.998317654655398,-1.5670017018373872
736,3.826055860620363e-06,7.998314647949387,-1.566996120535213
737,3.6827063858237515e-06,7.9983116091319095,-1.5669904707132598
738,3.7810099248612596e-06,7.998308653797506,-1.566984938414793
739,3.882504979072786e-06,7.998306584201237,-1.5669812672705248
740,3.931113146222255e-06,7.998304678596661,-1.5669775764252356
741,3.7800802433770614e-06,7.9983016150309805,-1.5669719290404425
742,3.7438298824056587e-06,7.998299675100503,-1.5669681923013477
743,3.875574504956339e-06,7.998295633842993,-1.5669608155245687
744,3.952287827163174e-06,7.998293637592929,-1.5669571373886189
745,3.705645881104098e-06,7.998290609293629,-1.5669514357594576
746,3.81657159617456e-06,7.998287653424845,-1.5669459218230575
747,3.954095642891748e-06,7.998285641445502,-1.566942265523538
748,4.011010993272016e-06,7.998282664749765,-1.5669367074308405
749,3.7870322364104454e-06,7.998280673679088,-1.566932883819618
750,3.6777449259882577e-06,7.998277572371794,-1.5669272331052158
751,3.917471813247394e-06,7.998275697311916,-1.5669236223758343
752,4.118326241581715e-06,7.998273643601115,-1.566919999359758
753,4.026191079456749e-06,7.998271677873865,-1.5669162439011164
754,3.782981436327092e-06,7.998269588634563,-1.5669124123266616
755,3.6668507172021616e-06,7.998267636539581,-1.566908634691383
756,3.859161418282418e-06,7.998265613818505,-1.5669049944081033
757,4.154934258598051e-06,7.998263688446944,-1.5669014158549412
758,4.103850816366966e-06,7.998261672920335,-1.566897680219871
759,3.983913244927202e-06,7.998259728136076,-1.5668939163795228
760,3.886419701208069e-06,7.998257677715034,-1.5668901449479173
761,3.898090539968081e-06,7.998255660501916,-1.5668864292658888
762,3.993828648444294e-06,7.998253660485461,-1.566882753936801
763,4.092028201826061e-06,7.998251679312986,-1.5668790880222674
764,4.130475962564792e-06,7.998249682435452,-1.5668753881339474
765,4.0606473978437215e-06,7.998247707414113,-1.5668716443702855
766,4.043184205257846e-06,7.998246739660194,-1.566869770441008
767,3.990278738013573e-06,7.998244658065089,-1.5668660249813169
768,4.026527938082453e-06,7.998242718216086,-1.566862325240869
769,4.094307392144845e-06,7.998240629505779,-1.5668586372177409
770,4.150329742664925e-06,7.998238723843891,-1.566854951433243
771,4.167218538430755e-06,7.998236669686707,-1.566851236317027
772,4.1105650383767955e-06,7.9982347187897425,-1.5668475008065061
773,4.04865956465224e-06,7.998232662901345,-1.5668437470293872
774,4.0266268748191185e-06,7.998230733130688,-1.5668400232898239
775,4.136394909971886e-06,7.998228661673575,-1.5668363487745143
776,4.2266377983286424e-06,7.998226717260904,-1.5668326758472437
777,4.219822473222157e-06,7.998224689955293,-1.5668289585741961
778,4.168826632393353e-06,7.998222724332825,-1.5668252179053617
779,4.11927530304451e-06,7.998219669050644,-1.5668196134356913
780,4.167783597898202e-06,7.9982177548307405,-1.5668159212858324
781,4.244000961490711e-06,7.99821470263905,-1.5668103779067775
782,4.149152905889535e-06,7.998212690161726,-1.5668066198645276
783,4.11303628551514e-06,7.998210699436667,-1.566802882434792
784,4.145632877374732e-06,7.998208708455376,-1.5667991728857888
785,4.264159830174284e-06,7.998206742608657,-1.566795511337184
786,4.30649749397709e-06,7.998204739917614,-1.5667918120836721
787,4.135360513657281e-06,7.998202659499855,-1.5667880128354446
788,3.998033561738461e-06,7.9982006908008785,-1.5667842191617312
789,3.964171789865753e-06,7.998199646464106,-1.566782346137206
790,4.200346342277365e-06,7.998197682809689,-1.5667787241369804
791,4.388482605706884e-06,7.998195764642077,-1.5667750936726408
792,4.26763039383309e-06,7.998193730552566,-1.5667713291005199
793,4.200398479269071e-06,7.998192772394042,-1.5667694392482898
794,4.179699313957947e-06,7.99819069408166,-1.566765707405185
795,4.235289607542367e-06,7.9981887324402665,-1.5667620157940518
796,4.268487291863273e-06,7.998187671400841,-1.5667601707816263
797,4.338253224392271e-06,7.998185755209221,-1.5667564895000292
798,4.35490851830405e-06,7.998183757415081,-1.566752773521144
799,4.2787044369434e-06,7.998181753713615,-1.5667490255902856
800,4.2096793528026435e-06,7.9981797062420235,-1.5667452680107663
801,4.1980938171069045e-06,7.998177741293506,-1.5667415463558363
802,4.3205290712338375e-06,7.998175739772696,-1.5667378754076322
803,4.4225106182680146e-06,7.998173748708767,-1.566734206570388
804,4.438337662876578e-06,7.998171778423411,-1.5667305035529515
805,4.4183221517825815e-06,7.998169707154704,-1.5667267720599292
806,4.36063287004603e-06,7.998167766538834,-1.5667230352931043
807,4.3600130244577175e-06,7.998165760254365,-1.566719316213087
808,4.363436966098967e-06,7.998163796701469,-1.5667155988845138
809,4.38003083834135e-06,7.998161770232916,-1.5667118867104708
810,4.39423977761146e-06,7.99815978715818,-1.566708175777123
811,4.4176938962886756e-06,7.9981577417629826,-1.5667044685615839
812,4.426935203073943e-06,7.998155788913922,-1.5667007530439319
813,4.449044764377023e-06,7.998153769492068,-1.5666970436880236
814,4.417533415764968e-06,7.9981517993005165,-1.5666933076785883
815,4.392430538549635e-06,7.9981497255302605,-1.566689576642507
816,4.3958121453954736e-06,7.998147777417959,-1.5666858628330176
817,4.534557364826908e-06,7.998145761778671,-1.5666822065083503
818,4.5099308508998324e-06,7.998143753650215,-1.566678478310879
819,4.296792787098363e-06,7.998141695721229,-1.5666746558863325
820,4.2131463270200336e-06,7.998140733785791,-1.56667275425669
821,4.239067443807724e-06,7.998139723767858,-1.5666709001687558
822,4.4682253901556015e-06,7.998137716338624,-1.5666672769615164
823,4.628397775659502e-06,7.99813581147395,-1.5666636421366145
824,4.639919613643735e-06,7.998134765149582,-1.5666617910216882
825,4.4643326389270485e-06,7.998132736747715,-1.5666579946063828
826,4.314039365275757e-06,7.99813074296737,-1.5666541968652399
827,4.3740903595148694e-06,7.998128711084397,-1.5666505006647466
828,4.476404930790059e-06,7.998127758828605,-1.566648682174715
829,4.586301600074958e-06,7.998125770600572,-1.5666450155855154
830,4.611738500936792e-06,7.9981238145996505,-1.5666413187322894
831,4.53311905904961e-06,7.9981218057331835,-1.5666375643031247
832,4.4199236233769725e-06,7.998119752818998,-1.5666337937163106
833,4.374704189334477e-06,7.998117694752406,-1.566630041485541
834,4.421863998787036e-06,7.99811578718402,-1.56662634208101
835,4.614360684123952e-06,7.998113758868224,-1.5666227056866953
836,4.703285484888289e-06,7.998111837209059,-1.5666190299744518
837,4.538635086023599e-06,7.998109730413804,-1.5666152392793287
838,4.44813718163409e-06,7.998107818525321,-1.5666114744285211
839,4.541208533061119e-06,7.998105773137485,-1.5666077926464892
840,4.6841086748526205e-06,7.998103862502007,-1.5666041442393936
841,4.622667985759345e-06,7.9981017645454475,-1.5666003910752573
842,4.467206662048969e-06,7.998099808783884,-1.5665965994851383
843,4.537815995937224e-06,7.99809774070281,-1.566592908571693
844,4.6851041102083635e-06,7.99809585650629,-1.5665892599798745
845,4.717581210809365e-06,7.998093785344345,-1.5665855546001308
846,4.600842709756215e-06,7.998091860766691,-1.566581786258297
847,4.605402735597452e-06,7.998089792732566,-1.566578064451429
848,4.678219178336002e-06,7.998087840837039,-1.5665743809283585
849,4.71771415803264e-06,7.998086784458399,-1.5665725393687866
850,4.7897315011767596e-06,7.998084857661357,-1.5665688558477113
851,4.72653421021973e-06,7.998082823436051,-1.5665651111367374
852,4.703963465255698e-06,7.998081819917911,-1.5665632389410058
853,4.740952946987942e-06,7.99807990771281,-1.566559540765209
854,4.785912153976962e-06,7.9980788347115945,-1.5665577018955676
855,4.813566312943704e-06,7.998077806475501,-1.5665558549299698
856,4.83502649164054e-06,7.998076812696124,-1.5665540038108734
857,4.7930599002717795e-06,7.998075859317486,-1.5665521339031203
858,4.760252750784496e-06,7.9980737938134805,-1.5665483968117608
859,4.768785628477267e-06,7.998071897745926,-1.5665446818632283
860,4.7563076715336495e-06,7.998069820810088,-1.5665409547158335
861,4.764908505732062e-06,7.998067879227643,-1.5665372434399165
862,4.775309294324107e-06,7.998065775299741,-1.5665335253524961
863,4.8039059529863956e-06,7.99806387323563,-1.566529819971024
864,4.819388835699121e-06,7.998061845188315,-1.5665260993089836
865,4.766243285382432e-06,7.9980598925332425,-1.5665223658091485
866,4.840289806039671e-06,7.998057801016823,-1.566518676431597
867,4.8821249190166235e-06,7.998055868391684,-1.5665149804141643
868,4.903974745602334e-06,7.998053817649509,-1.5665112727940345
869,4.88140040586814e-06,7.998051904841277,-1.566507544537357
870,4.837839908009886e-06,7.998049835522782,-1.5665037964145798
871,4.779817344894147e-06,7.998047899723458,-1.5665000600330519
872,4.840790865217358e-06,7.99804582357592,-1.5664963615361516
873,4.881580051099031e-06,7.9980438958974815,-1.5664926636363898
874,4.917999293730537e-06,7.998041862988353,-1.5664889581805037
875,4.875449899461461e-06,7.99803992582654,-1.5664852212684979
876,4.925858270274799e-06,7.998037844063462,-1.566481525585762
877,4.974559635833483e-06,7.998035902154305,-1.566477834883625
878,4.99323732218743e-06,7.998033836035955,-1.5664741256551356
879,4.931574534784464e-06,7.998031897560435,-1.5664703791732293
880,4.9224399801002525e-06,7.998029879988143,-1.566466652940376
881,5.012734358177862e-06,7.998027929984379,-1.566462979377759
882,4.9986003713406975e-06,7.998025867834679,-1.566459252384823
883,4.9416578605784825e-06,7.998023864572413,-1.5664555117804984
884,4.935012522093521e-06,7.998021816293753,-1.5664517825692637
885,4.996343232436591e-06,7.998019928301505,-1.566448092495746
886,5.097411649394e-06,7.998017882380165,-1.5664444214774504
887,5.039916045737379e-06,7.998015890790223,-1.5664406821253682
888,4.961145874985441e-06,7.998012897538014,-1.5664350619409935
889,4.997909166484725e-06,7.998011932962527,-1.5664332199959583
890,5.046765952916541e-06,7.998010951833753,-1.566431381751876
891,5.099403250324118e-06,7.998009886997275,-1.5664295439468026
892,5.108851704612393e-06,7.99800887322592,-1.5664276936057513
893,5.113529139816653e-06,7.998006933360408,-1.5664239822191381
894,5.101730443760833e-06,7.998004851869227,-1.5664202597449064
895,5.05761143926555e-06,7.998002918801285,-1.5664165211012393
896,5.054668539876117e-06,7.998000872982918,-1.566412796548243
897,5.11448150913839e-06,7.997998963787296,-1.566409107323382
898,5.154383902162054e-06,7.997996873748968,-1.566405406723672
899,5.111145392914254e-06,7.997994930104147,-1.566401672496797
900,5.0795745674484694e-06,7.997993886708771,-1.5663997952080353
901,5.062885547004608e-06,7.997991931019795,-1.566396072007916
902,5.168018058965999e-06,7.997989917109663,-1.5663923966972741
903,5.224953703576207e-06,7.997987880909751,-1.5663887008426813
904,5.164606917069999e-06,7.997985933411098,-1.5663849623128545
905,5.12070367414498e-06,7.997983902920227,-1.566381220471308
906,5.1057183663031175e-06,7.997981944841399,-1.5663774914348978
907,5.178214500830545e-06,7.997979896902646,-1.566373805451337
908,5.243595529877415e-06,7.9979779589266045,-1.5663701221696371
909,5.263959029513103e-06,7.99797587999114,-1.5663664099639267
910,5.1867160848762515e-06,7.997973977826496,-1.566362662603933
911,5.17262353699579e-06,7.997971913174227,-1.5663589295857074
912,5.1432719551343305e-06,7.997969963908208,-1.5663552070557665
913,5.223055801244395e-06,7.997967874383985,-1.5663515188534485
914,5.275684440760421e-06,7.997965933697511,-1.5663478288924952
915,5.332632286353489e-06,7.997962910897319,-1.5663422711032393
916,5.30385494221174e-06,7.997960969833408,-1.5663385413050999
917,5.267168995902702e-06,7.99795891861163,-1.5663348084439646
918,5.2728673177999556e-06,7.997956959909561,-1.5663310935381567
919,5.269473821639065e-06,7.997954930880267,-1.5663273686021326
920,5.283518551690763e-06,7.997952957247304,-1.5663236579089284
921,5.2930260444232615e-06,7.997950943227678,-1.5663199428864836
922,5.313787508595599e-06,7.997948959007653,-1.5663162332293525
923,5.345959625621401e-06,7.997946967683382,-1.5663125291161273
924,5.344635659103197e-06,7.997945998552328,-1.5663106678524392
925,5.315711709607256e-06,7.9979449974758605,-1.566308797423785
926,5.308204729444614e-06,7.997943946435712,-1.5663069358545967
927,5.387209173144135e-06,7.997941993062414,-1.5663032576648748
928,5.409254656192463e-06,7.997941003794329,-1.5663014039077288
929,5.378982254350989e-06,7.9979388994998475,-1.566297676840564
930,5.366948275396334e-06,7.997936968763105,-1.566293954849843
931,5.390507019796529e-06,7.997934947363992,-1.5662902453057261
932,5.3773572952494226e-06,7.9979330272064315,-1.56628651712776
933,5.368560859251898e-06,7.997930947478715,-1.5662827910360602
934,5.380605405913072e-06,7.997928988198696,-1.566279078888906
935,5.420343889254353e-06,7.997926937865923,-1.5662753790836852
936,5.41301777446467e-06,7.997923949645423,-1.566269796645437
937,5.390695332073901e-06,7.997922028411218,-1.5662660673488724
938,5.4996386742161655e-06,7.997918968767084,-1.5662605410954682
939,5.515965774045225e-06,7.997917021240781,-1.5662568314393683
940,5.494521997824051e-06,7.9979149455858884,-1.566253103687945
941,5.469552046748659e-06,7.997913017867563,-1.566249375692402
942,5.4318162861606265e-06,7.997910959552208,-1.5662456306558568
943,5.475728803832543e-06,7.997909035230812,-1.566241936044618
944,5.573616611568475e-06,7.997906928068852,-1.5662382628357847
945,5.625260343071261e-06,7.997905009784544,-1.5662345700268294
946,5.386791454766277e-06,7.997902934957673,-1.566230735763034
947,5.236925622084522e-06,7.997900977850373,-1.566226938832055
948,5.487290004386417e-06,7.997898939936149,-1.5662233237794654
949,5.773502677405002e-06,7.997897014852984,-1.566219745652192
950,5.679768843542567e-06,7.997894948594679,-1.5662159925241912
951,5.441399215592409e-06,7.997892980567987,-1.566212164268158
952,5.369447145782622e-06,7.997890994590582,-1.5662084101346436
953,5.679646599526699e-06,7.9978890364436985,-1.5662048446873191
954,5.830287350692258e-06,7.997886945891944,-1.5662012144468687
955,5.635784547068008e-06,7.997884992311884,-1.566197398417703
956,5.341130574058161e-06,7.997882950161527,-1.5661935337831323
957,5.5013818937029245e-06,7.997881028604695,-1.5661898807400083
958,5.755319332553133e-06,7.997879010883561,-1.5661862688790984
959,5.610976651872805e-06,7.997877022961823,-1.5661824873097998
960,5.53274689385108e-06,7.997876031730196,-1.5661805877029948
961,5.474065605721561e-06,7.997874971192867,-1.5661787011754185
962,5.569100224173733e-06,7.997873012709623,-1.5661750201352538
963,5.68080449385837e-06,7.997870980616032,-1.5661713522004086
964,5.73767426853378e-06,7.997870010561652,-1.56616952239716
965,5.765125381100668e-06,7.997868096264967,-1.5661658208268634
966,5.737916070209972e-06,7.99786600692764,-1.5661620877267088
967,5.611674891929091e-06,7.997864064738729,-1.5661583151443248
968,5.6327172976187735e-06,7.997861984733868,-1.5661546012274397
969,5.732395528166871e-06,7.997860070578676,-1.5661509299366192
970,5.774013005336316e-06,7.997858038349444,-1.5661472297572134
971,5.768244356629283e-06,7.99785608272783,-1.5661435120129015
972,5.726466605661169e-06,7.997854068368988,-1.5661397674716322
973,5.699071806946457e-06,7.99785300954732,-1.5661378952463254
974,5.716694292383256e-06,7.997851085114739,-1.5661341868510503
975,5.773254829962782e-06,7.997849011340458,-1.5661304915700167
976,5.820628810160328e-06,7.997847111203675,-1.566126794620011
977,5.815465707740706e-06,7.997846106675948,-1.5661249356454356
978,5.755858127568512e-06,7.997843096186304,-1.5661193277535883
979,5.7487815326211244e-06,7.997841010625677,-1.5661156022598652
980,5.771656651283514e-06,7.997839107659089,-1.5661118945284824
981,5.868513945030808e-06,7.997837053848467,-1.5661082146258989
982,5.924923025686381e-06,7.997835108670649,-1.5661045297292806
983,5.905319404042695e-06,7.997833028171673,-1.5661008044875981
984,5.8490914255829875e-06,7.997831102914988,-1.5660970645404837
985,5.868088347188796e-06,7.997829070298715,-1.5660933522167835
986,5.9130662244874154e-06,7.997827133714503,-1.5660896562612983
987,5.9128853945751954e-06,7.997825044915884,-1.5660859304157404
988,5.883619251111563e-06,7.997823090215018,-1.566082204382712
989,5.902850226334373e-06,7.997821040578855,-1.5660784887228807
990,5.944185370510281e-06,7.997819160107692,-1.5660747898709513
991,5.93459626614912e-06,7.997817090423779,-1.5660710644281903
992,5.9281549661528875e-06,7.997815130323561,-1.5660673453376717
993,5.959956557951604e-06,7.997813045807561,-1.5660636387765454
994,5.968159252334815e-06,7.997811138891642,-1.566059927951401
995,5.967890556185843e-06,7.99781013017752,-1.5660580610720183
996,5.9526231980910426e-06,7.997809081854158,-1.5660561947760112
997,5.940136048422261e-06,7.99780714513024,-1.5660524738256327
998,5.9370598984447375e-06,7.997805046031028,-1.5660487485716714
999,5.9432424989566e-06,7.997804110988738,-1.5660468941112873
1000,6.007619704975883e-06,7.997802118721168,-1.56604320319465
1001,6.078744435423839e-06,7.99780013547036,-1.5660395229246453
1002,6.08120943990239e-06,7.9977991270109055,-1.566037666806482
1003,6.047016264879048e-06,7.99779704084356,-1.5660339298068595
1004,6.006243329758425e-06,7.997795139955353,-1.5660301917782453
1005,6.014281742474254e-06,7.997793109648972,-1.56602647199468
1006,6.010161038224216e-06,7.997791186135025,-1.566022756323466
1007,6.098627357078876e-06,7.997789094915064,-1.5660190740027466
1008,6.121572930335663e-06,7.997787127347659,-1.566015372105257
1009,6.072159180158813e-06,7.9977850863565685,-1.5660116269564468
1010,6.030757238350942e-06,7.997783159975669,-1.566007887229929
1011,6.1134509095231814e-06,7.997781122099906,-1.5660042042801163
1012,6.177158598405872e-06,7.997779121391878,-1.5660005200398714
1013,6.151202623458162e-06,7.997777131210301,-1.5659967896302733
1014,6.130122368845965e-06,7.997775166090523,-1.5659930628644931
1015,6.0932871722732725e-06,7.9977731798125316,-1.565989319579934
1016,6.151805001647995e-06,7.997771137123227,-1.5659856275872186
1017,6.244820823479861e-06,7.997768106087904,-1.5659800970139113
1018,6.232701623041786e-06,7.997766142760111,-1.5659763745049444
1019,6.160471044243855e-06,7.997764129130847,-1.5659726232868538
1020,6.217962969560012e-06,7.9977621830543315,-1.5659689340215155
1021,6.279162676101707e-06,7.997760161667048,-1.565965246210545
1022,6.263600229547015e-06,7.997758139071218,-1.5659615229951853
1023,6.199707075964461e-06,7.997756184955351,-1.5659577741776434
1024,6.175123083014567e-06,7.997754122559158,-1.5659540387513657
1025,6.178833889495403e-06,7.99775214603051,-1.5659503183893504
1026,6.263381797835958e-06,7.997750171347808,-1.5659466379893274
1027,6.396096268001564e-06,7.997747142577908,-1.565941125649856
1028,6.275437861594958e-06,7.997745115732657,-1.5659373543264172
1029,6.204767278115019e-06,7.997744158157069,-1.565935461441564
1030,6.147352389731188e-06,7.997743146166616,-1.565933569274002
1031,6.11021870405131e-06,7.997742087042106,-1.565931686699645
1032,6.101597203352453e-06,7.99774112629179,-1.56592982390533
1033,6.251874500509195e-06,7.9977391917945,-1.5659261666960782
1034,6.391787711481958e-06,7.997737177153789,-1.5659225177935447
1035,6.398929134615955e-06,7.997735223482386,-1.5659188065157916
1036,6.355502810308767e-06,7.9977331723648435,-1.5659150693806867
1037,6.275965108122281e-06,7.9977312264984635,-1.5659113144517374
1038,6.293408067896761e-06,7.99772913914629,-1.5659075988089264
1039,6.32101557076108e-06,7.997727201632747,-1.5659038934080884
1040,6.370390675234594e-06,7.997725151022362,-1.5659001945310558
1041,6.394441083991558e-06,7.997723262127336,-1.5658964875590973
1042,6.36885089648681e-06,7.997722195890403,-1.5658946146589987
1043,6.398478143739489e-06,7.997720219114032,-1.565890911527402
1044,6.446686650621489e-06,7.997718176730036,-1.5658872162515856
1045,6.490305253888915e-06,7.997716221147232,-1.565883519609973
1046,6.465556021084126e-06,7.997714196466288,-1.5658797924284615
1047,6.462216609598982e-06,7.9977122430857275,-1.5658760740956594
1048,6.4381794292088735e-06,7.99771022401791,-1.5658723382059636
1049,6.451584464049672e-06,7.997708255707748,-1.565868627370151
1050,6.4417257877894586e-06,7.997706222229699,-1.5658648981984218
1051,6.465260618975735e-06,7.997704239997003,-1.5658611928372606
1052,6.485343855493292e-06,7.997702217204887,-1.5658574802940686
1053,6.506087885753414e-06,7.997700261831106,-1.5658537726175095
1054,6.508804670791216e-06,7.997698232980048,-1.5658500533857702
1055,6.478904642869509e-06,7.9976962386428,-1.565846320629287
1056,6.47936845424193e-06,7.99769422061982,-1.565842602026095
1057,6.60812415938461e-06,7.9976922681011215,-1.5658389451294863
1058,6.600544502954079e-06,7.997690189777969,-1.565835220947977
1059,6.382191757402211e-06,7.997688194985124,-1.5658313994103354
1060,6.385027601855945e-06,7.99768615999659,-1.5658276739570571
1061,6.6147154674309905e-06,7.997684201828193,-1.5658240523618343
1062,6.746870576472293e-06,7.997682287014802,-1.565820396526895
1063,6.6007669532350875e-06,7.997680264692837,-1.5658166213637996
1064,6.5777753152957215e-06,7.997678300367098,-1.5658128932386177
1065,6.601783616039008e-06,7.997677204458437,-1.5658110449896125
1066,6.629804223603197e-06,7.997676222201039,-1.5658092012532896
1067,6.65528383074383e-06,7.997675271883536,-1.5658073562124784
1068,6.7046588539137004e-06,7.997673221958911,-1.565803659067591
1069,6.690482393505599e-06,7.997671313900249,-1.5657999392670625
1070,6.64019735239602e-06,7.9976692575264225,-1.565796188421598
1071,6.580679171899656e-06,7.997667303439206,-1.5657924443877178
1072,6.646053218438934e-06,7.9976652662749235,-1.5657887499262373
1073,6.6651255023078875e-06,7.997664225710969,-1.5657868998885294
1074,6.683129361534514e-06,7.997663293410422,-1.5657850534045166
1075,6.709473437337281e-06,7.99766230784998,-1.565783204574947
1076,6.695777715788205e-06,7.997660265221181,-1.5657794779721212
1077,6.6711868969009784e-06,7.997658292745205,-1.5657757468555913
1078,6.675978818364615e-06,7.997657259258199,-1.5657738896000806
1079,6.770661012342233e-06,7.997655330541093,-1.5657702181679518
1080,6.782987959342523e-06,7.997652244454192,-1.565764645931064
1081,6.776804298673026e-06,7.997650316991184,-1.5657609269002417
1082,6.76674708595889e-06,7.997648271615859,-1.5657572014840915
1083,6.724166300602048e-06,7.9976463642388405,-1.5657534595065832
1084,6.7994798214116566e-06,7.997644278462997,-1.5657497751391598
1085,6.8577304343376795e-06,7.997642310645423,-1.5657460919271156
1086,6.8267220840543815e-06,7.997640262782906,-1.565742354518961
1087,6.743846922406458e-06,7.997638341833867,-1.5657385986256833
1088,6.802397147144024e-06,7.997636309614468,-1.5657349035735562
1089,6.8507432395051376e-06,7.997634314367323,-1.5657312100626561
1090,6.8515325782883095e-06,7.997632296721519,-1.565727490461034
1091,6.8693241004391e-06,7.997630341948623,-1.565723784285715
1092,6.849055409019235e-06,7.997628348593093,-1.565720047766492
1093,6.829535943005929e-06,7.997627299930959,-1.5657181788616066
1094,6.8857283136101616e-06,7.997625381667626,-1.5657144913513974
1095,6.962598369693992e-06,7.997623283368938,-1.5657108096924746
1096,6.954335412837691e-06,7.997621301233626,-1.5657070885440623
1097,6.859553062385098e-06,7.997619294258845,-1.5657033256483663
1098,6.861980422344793e-06,7.997618312253387,-1.5657014681185402
1099,6.902367968315578e-06,7.99761735480083,-1.5656996274489774
1100,6.940427558366522e-06,7.997616386709609,-1.5656977856102579
1101,6.9549016027786916e-06,7.997615339808399,-1.5656959330336861
1102,6.962482390204463e-06,7.997613316954372,-1.565692219490771
1103,6.973608136169516e-06,7.997611316711279,-1.5656885072778692
1104,6.973765184475264e-06,7.997610312246044,-1.5656866453503138
1105,6.935187238555377e-06,7.997608401828325,-1.5656829101781566
1106,6.979586736801529e-06,7.997606347029423,-1.5656792095715413
1107,7.07203808414739e-06,7.997604370236602,-1.565675536520957
1108,7.0675996456259355e-06,7.997602311840053,-1.5656718201301871
1109,7.013386131564529e-06,7.997601283184603,-1.5656699363545676
1110,6.947826397286258e-06,7.997599393702068,-1.565666191906763
1111,7.038050742269278e-06,7.9975973256974715,-1.5656625067368595
1112,7.078989618955515e-06,7.997595384541977,-1.5656588070124169
1113,7.067560833899856e-06,7.997593301788856,-1.5656550864710739
1114,7.085364144783174e-06,7.997591402989217,-1.5656513750983865
1115,7.0434803775244335e-06,7.9975893460982554,-1.565647637103433
1116,7.0703678363314685e-06,7.997587408398871,-1.565643931810847
1117,7.171716692006192e-06,7.997585338385096,-1.5656402591347431
1118,7.1861010391229855e-06,7.997583331960819,-1.5656365517228703
1119,7.083233772131018e-06,7.997581352889579,-1.565632787693137
1120,7.050594075519281e-06,7.997579417184986,-1.565629056195835
1121,7.1484810908277494e-06,7.997577426251405,-1.5656253710444632
1122,7.156323201072825e-06,7.997575378865388,-1.5656216611095637
1123,7.167372449633876e-06,7.997573413480494,-1.565617944954654
1124,7.121043296068401e-06,7.997571349128662,-1.565614206376274
1125,7.0951978822300414e-06,7.997569408853632,-1.565610473127238
1126,7.162811844344534e-06,7.99756738105721,-1.5656067823412272
1127,7.2774253249309866e-06,7.997565426662413,-1.5656031168910352
1128,7.294066913185899e-06,7.997563345502704,-1.565599411506754
1129,7.254459189856298e-06,7.99756143541043,-1.5655956832586344
1130,7.225169895386698e-06,7.997559391677933,-1.5655919484005958
1131,7.222553710725168e-06,7.997557467134337,-1.5655882273125683
1132,7.207100470935415e-06,7.9975553766711185,-1.5655844951477047
1133,7.218860904122318e-06,7.99755343760141,-1.5655807834867206
1134,7.237015259226018e-06,7.997552376568094,-1.565578930820797
1135,7.262596720247925e-06,7.997551408092132,-1.5655770833852771
1136,7.286412149422228e-06,7.997550461534463,-1.5655752386570596
1137,7.3091685704804764e-06,7.997549490645442,-1.565573387574478
1138,7.301076275835074e-06,7.997547397369192,-1.5655696656587212
1139,7.261783176490682e-06,7.9975454531461745,-1.56556592873497
1140,7.263371289235333e-06,7.997543396572522,-1.5655622055940293
1141,7.35083013604685e-06,7.997541490469013,-1.5655585280444413
1142,7.390815645717757e-06,7.997539417133115,-1.5655548228822789
1143,7.30163096206691e-06,7.99753746956381,-1.5655510712259226
1144,7.269152487845242e-06,7.997535396421286,-1.5655473283362553
1145,7.331976354652288e-06,7.997533489512821,-1.5655436400537
1146,7.443423517690452e-06,7.997531399180658,-1.5655399714766196
1147,7.499175338928003e-06,7.997529473879103,-1.565536283592746
1148,7.373287096604871e-06,7.997527409441353,-1.565532501580047
1149,7.200941171786687e-06,7.997525433917855,-1.5655286986548897
1150,7.199439751731077e-06,7.99752337464623,-1.5655249700599163
1151,7.413876422702644e-06,7.9975214355821755,-1.5655213416625369
1152,7.541949799679085e-06,7.997519499637506,-1.5655176871850043
1153,7.440598983845324e-06,7.997517428888982,-1.5655139273668564
1154,7.321307610889683e-06,7.997515463213839,-1.5655101509523746
1155,7.269904049473191e-06,7.997513400356053,-1.5655063978804604
1156,7.294370376203002e-06,7.99751146387507,-1.5655026851064884
1157,7.492658358694336e-06,7.997509456395889,-1.5654990503869044
1158,7.585436531668357e-06,7.99750752302462,-1.565495379464814
1159,7.565765639430821e-06,7.9975054500560505,-1.5654916594985535
1160,7.5435550447053405e-06,7.997503524735367,-1.5654879361204495
1161,7.489716757845146e-06,7.997500543943497,-1.5654823290861772
1162,7.576287406085249e-06,7.997498516419458,-1.5654786503973876
1163,7.642249288759647e-06,7.997496482920715,-1.5654749679714213
1164,7.6152752051660925e-06,7.997494506024988,-1.5654712388863754
1165,7.595928762265885e-06,7.997492509036558,-1.5654675133341016
1166,7.56795238180929e-06,7.997490570001133,-1.5654637757992798
1167,7.589806731117958e-06,7.997488532555266,-1.5654600695019474
1168,7.674693167237505e-06,7.9974865617394455,-1.5654563910089276
1169,7.680417775854284e-06,7.997485500150609,-1.5654545358953298
1170,7.69204948533661e-06,7.997484458251967,-1.5654526767339605
1171,7.612107710811527e-06,7.997482532729976,-1.5654489279142445
1172,7.595766438530214e-06,7.997481483784188,-1.5654470577022326
1173,7.5943292589204685e-06,7.997480495384494,-1.5654451943703291
1174,7.600655994467265e-06,7.997479570033396,-1.5654433442507023
1175,7.666379936066878e-06,7.997478611885626,-1.565441510040804
1176,7.727976605539233e-06,7.997477557328915,-1.565439673744787
1177,7.704890027309993e-06,7.9974764903765765,-1.5654378044574921
1178,7.588628886282875e-06,7.997474517098814,-1.5654340350047848
1179,7.544123403986594e-06,7.99747244754782,-1.5654302864419454
1180,7.538732619186669e-06,7.997470500638818,-1.565426553445757
1181,7.647399157117134e-06,7.997468526397793,-1.5654228789569313
1182,7.769536436735491e-06,7.997466563155035,-1.5654192132002345
1183,7.799138998268605e-06,7.997464543230961,-1.5654155167518962
1184,7.784440048351238e-06,7.99746259961903,-1.565411793790769
1185,7.73000863612869e-06,7.997459580661731,-1.5654061945857523
1186,7.748154347599291e-06,7.997457571153502,-1.5654024815490386
1187,7.759927516802842e-06,7.997454609929038,-1.565396912380676
1188,7.892126335136203e-06,7.99745157043986,-1.5653913936294184
1189,7.859958686161585e-06,7.997449587402364,-1.5653876630472507
1190,7.811294915065325e-06,7.997447556279093,-1.56538392253647
1191,7.835911432793601e-06,7.9974456151705136,-1.5653802129672043
1192,7.87726915522093e-06,7.997443592211431,-1.565376515225426
1193,7.889595350260178e-06,7.997441607567679,-1.565372800353288
1194,7.866621475230662e-06,7.997439566368224,-1.5653690703119594
1195,7.89274166609946e-06,7.997436578971127,-1.5653635020773888
1196,7.900833173921362e-06,7.997434655798769,-1.5653597878712462
1197,7.8778752932673e-06,7.9974325796633385,-1.5653560483468063
1198,7.834868668413913e-06,7.997430637343221,-1.5653523118797075
1199,7.913739233781395e-06,7.997428576198148,-1.565348623595152
1200,7.957673653437792e-06,7.997426618839196,-1.5653449318331205
1201,7.998164748967536e-06,7.997424584267853,-1.565341230063001
1202,7.986986485787536e-06,7.997422660976589,-1.5653375089811352
1203,7.944103254074342e-06,7.997420619684446,-1.5653337647951868
1204,7.944953676355868e-06,7.997418630131689,-1.5653300481450472
1205,7.956547840821781e-06,7.997417636528908,-1.5653281912155783
1206,7.976842830988767e-06,7.99741659458484,-1.5653263392059857
1207,8.003013355543936e-06,7.997415631064159,-1.565324493523383
1208,8.025849027023066e-06,7.997413677735243,-1.5653207797018114
1209,7.978686924880617e-06,7.997411586365813,-1.5653170408577142
1210,7.955835167581633e-06,7.997409653246054,-1.5653133086143196
1211,8.02477593552083e-06,7.997407599246755,-1.5653096186710633
1212,8.088250173195292e-06,7.997405684327442,-1.5653059323010858
1213,8.094412200795885e-06,7.9974046441828435,-1.565304076070637
1214,8.089827083387314e-06,7.997402634613921,-1.5653003558907
1215,8.096290896065728e-06,7.997400651974931,-1.5652966352817033
1216,8.074474863505537e-06,7.997398653408132,-1.5652929087127516
1217,8.094225480904426e-06,7.997396651688337,-1.5652891975117096
1218,8.12832736258464e-06,7.997394653778919,-1.565285498005072
1219,8.149788595456625e-06,7.99739263255586,-1.5652817890729893
1220,8.159599177354753e-06,7.997390664929679,-1.565278076534528
1221,8.134168355867188e-06,7.9973886739317726,-1.5652743404684384
1222,8.14963262140595e-06,7.997386668050569,-1.5652706233012694
1223,8.127478999299633e-06,7.99738465793465,-1.5652668971677857
1224,8.150974940784303e-06,7.997382711034848,-1.5652631885243684
1225,8.26564571290959e-06,7.997380720829299,-1.5652595206550888
1226,8.261487399444255e-06,7.99737865491793,-1.5652557995314915
1227,8.18059056512987e-06,7.997376656675434,-1.565252047933557
1228,8.163950799041138e-06,7.997374676891726,-1.5652483179886365
1229,8.210130061319124e-06,7.997372696477198,-1.56524461446736
1230,8.327793713934233e-06,7.997370719171238,-1.5652409482614897
1231,8.295681829890532e-06,7.997368683162453,-1.565237220314788
1232,8.277201128436389e-06,7.997366672846716,-1.5652334959369412
1233,8.291011473003148e-06,7.997364654907424,-1.5652297788202587
1234,8.28720582796693e-06,7.9973627511323135,-1.5652260548413461
1235,8.311996779289317e-06,7.997360727735108,-1.565222346335598
1236,8.319480443956808e-06,7.997358704078711,-1.5652186338813794
1237,8.33016481724565e-06,7.997357715709309,-1.5652167781936372
1238,8.372054554973227e-06,7.997355700311948,-1.5652130799585546
1239,8.366699776578688e-06,7.997353759135413,-1.5652093536488072
1240,8.332540788602617e-06,7.997351732034487,-1.565205620532151
1241,8.329316124777545e-06,7.997350782730686,-1.5652037575505624
1242,8.3689449977705e-06,7.997349751091759,-1.5652019164548785
1243,8.394622406267126e-06,7.997348693033896,-1.565200069114027
1244,8.446981770005055e-06,7.997346750420121,-1.5651963773384048
1245,8.481445242090437e-06,7.997345694904104,-1.5651945316021303
1246,8.468912456820077e-06,7.997343729487729,-1.5651908067150424
1247,8.397596819185402e-06,7.997341762455752,-1.5651870566891173
1248,8.364390672512854e-06,7.997339741670817,-1.5651833193828828
1249,8.385091398678834e-06,7.997337753603143,-1.5651796064969379
1250,8.453017393259254e-06,7.997335712479399,-1.5651759180996085
1251,8.475568224770504e-06,7.997334771127654,-1.5651740722051994
1252,8.519936368885181e-06,7.997332724304578,-1.5651703716397363
1253,8.507054659324034e-06,7.997330811419004,-1.5651666505930808
1254,8.465650369712862e-06,7.997328747481002,-1.5651629067557578
1255,8.465286269731782e-06,7.997326776827857,-1.5651591898714963
1256,8.498813872895155e-06,7.9973247298674455,-1.565155481265793
1257,8.53524091898601e-06,7.9973228253312065,-1.5651517832760031
1258,8.539510610140857e-06,7.997320756856367,-1.5651480632846169
1259,8.505232333968595e-06,7.997318801560804,-1.5651443289098312
1260,8.4941489733464e-06,7.9973167529614,-1.5651406018098637
1261,8.586376488410289e-06,7.997314809426252,-1.5651369265104649
1262,8.631940372262805e-06,7.9973117569760515,-1.5651313629703534
1263,8.60613216826568e-06,7.997309834053166,-1.5651276401756211
1264,8.589963129514187e-06,7.997307778042478,-1.5651239105293349
1265,8.597027060029902e-06,7.997305841657547,-1.5651201939497226
1266,8.617436458546973e-06,7.997303793305749,-1.5651164790885295
1267,8.62138858123561e-06,7.997301853783383,-1.5651127634430657
1268,8.646171891582011e-06,7.997299790913387,-1.5651090517072965
1269,8.614083297843188e-06,7.997297859914757,-1.56510532001857
1270,8.634936060832188e-06,7.997295790625405,-1.5651016085222618
1271,8.707995921230411e-06,7.997293864463811,-1.565097926577416
1272,8.731596554500178e-06,7.997291797502244,-1.5650942179674763
1273,8.713760055248544e-06,7.997289845353006,-1.5650904931934633
1274,8.729413073014135e-06,7.997287798790335,-1.5650867767849506
1275,8.708510585778168e-06,7.997285880051223,-1.565083049006436
1276,8.735368168279324e-06,7.997283822220497,-1.5650793393627245
1277,8.757303797339194e-06,7.997281860770026,-1.565075635513548
1278,8.768610555837884e-06,7.997280826880144,-1.5650737794518486
1279,8.789110933050662e-06,7.997279778440773,-1.565071928447684
1280,8.798477772730374e-06,7.997277875541939,-1.5650682177849955
1281,8.782477944993563e-06,7.997275821681741,-1.565064483786963
1282,8.852162727967334e-06,7.997273890016369,-1.5650607984316547
1283,8.864306147677471e-06,7.997271852649359,-1.5650570901446108
1284,8.846507367718812e-06,7.997269847934787,-1.565053365228124
1285,8.842483732938623e-06,7.9972678195540094,-1.5650496429802776
1286,8.83513297623056e-06,7.9972658898986175,-1.5650459208733796
1287,8.849188947831058e-06,7.997263855508949,-1.5650422020717936
1288,8.845527390991878e-06,7.997261887413637,-1.5650384797633117
1289,8.864316461184479e-06,7.9972598294180965,-1.5650347681308554
1290,8.906467561034775e-06,7.997257923648892,-1.5650310719584963
1291,8.91943531034662e-06,7.9972558753874345,-1.5650273538323496
1292,8.921667119665077e-06,7.997253901012495,-1.5650236399562194
1293,8.894454916647643e-06,7.997251860112582,-1.5650199038948525
1294,8.892476300782437e-06,7.997249926214997,-1.5650161847673678
1295,8.992527028889652e-06,7.9972479077632626,-1.5650125087669495
1296,9.013074367193872e-06,7.997244936876349,-1.5650069473467818
1297,9.010616079244584e-06,7.997242856866322,-1.565003226121586
1298,8.993139236121947e-06,7.997240938959667,-1.5649994959834614
1299,8.940531646129216e-06,7.997238884321787,-1.5649957530602772
1300,9.01024494638089e-06,7.9972369289390555,-1.5649920666810444
1301,9.055729439735179e-06,7.997234880186539,-1.5649883673151195
1302,9.075567296513898e-06,7.997232942596076,-1.5649846536774363
1303,9.013025611051272e-06,7.997229911526431,-1.564979046293866
1304,9.018265473264793e-06,7.997226897316026,-1.564973465894344
1305,9.100830377571467e-06,7.997224954049838,-1.5649697874282131
1306,9.189757542261128e-06,7.997222947820069,-1.5649661074458683
1307,9.006605414043572e-06,7.997220920312389,-1.5649623054252135
1308,8.855858815587087e-06,7.9972188537990485,-1.564958511064913
1309,9.062298176177882e-06,7.997216888248263,-1.564954876704249
1310,9.295713927790429e-06,7.997215002500295,-1.5649512613567484
1311,9.158322356754894e-06,7.997212010900778,-1.56494562638032
1312,9.062418119935777e-06,7.997209969248754,-1.5649418607610124
1313,9.113753554125988e-06,7.997207905431246,-1.5649381628213384
1314,9.20848012676468e-06,7.997205933554519,-1.5649344897063604
1315,9.304090785997604e-06,7.99720393241181,-1.5649308219281735
1316,9.305772608226856e-06,7.997201960341849,-1.5649271016040585
1317,9.129673811801384e-06,7.997199987302304,-1.5649232993261257
1318,9.108257624365971e-06,7.997197999198507,-1.5649195619808718
1319,9.12164341056889e-06,7.9971969255484625,-1.5649177035178734
1320,9.200946730384972e-06,7.997194988675055,-1.564914021007282
1321,9.296099706797706e-06,7.9971929184572765,-1.5649103447197226
1322,9.337416617075722e-06,7.997191952525921,-1.564908508612288
1323,9.404108884987464e-06,7.997188976898838,-1.5649029616904944
1324,9.3034422887692e-06,7.997187004385968,-1.564899192800416
1325,9.226528381811447e-06,7.997185024403866,-1.5648954395904846
1326,9.277930340880837e-06,7.997182936041342,-1.564891741552983
1327,9.336570054888107e-06,7.997180934331912,-1.5648880495567359
1328,9.445143342081013e-06,7.99717802841917,-1.5648825239876432
1329,9.234184799556571e-06,7.997175086201333,-1.564876840503595
1330,9.328133387706399e-06,7.997171953424125,-1.5648712955484487
1331,9.483160803932025e-06,7.997169054428932,-1.564865792638493
1332,9.4376924157867e-06,7.997167030316104,-1.5648620523924237
1333,9.430935282767976e-06,7.997164081332444,-1.5648564705475518
1334,9.425244323104212e-06,7.997162031399228,-1.5648527533832979
1335,9.474923988135788e-06,7.997159055647744,-1.564847194113622
1336,9.505427314208696e-06,7.99715711732961,-1.564843491917184
1337,9.486184398508499e-06,7.997154064898719,-1.5648379015556173
1338,9.49426264574444e-06,7.997151046859466,-1.564832323587839
1339,9.571064850672106e-06,7.9971491275575834,-1.564828642706239
1340,9.58975229688448e-06,7.997146061870983,-1.5648230719477287
1341,9.585073224215666e-06,7.997144109909182,-1.5648193463721036
1342,9.506081019804276e-06,7.997141121035396,-1.5648137311436863
1343,9.568718962724468e-06,7.997139097339582,-1.5648100359485804
1344,9.607053022917254e-06,7.997137094675108,-1.5648063390827474
1345,9.649026117176728e-06,7.997134081607936,-1.5648007703774292
1346,9.62418534221298e-06,7.997132161231013,-1.5647970481214988
1347,9.621512887959198e-06,7.997130061627445,-1.5647933237101934
1348,9.630427449805365e-06,7.997128145742147,-1.5647896095034652
1349,9.647529640368173e-06,7.997127095774679,-1.5647877551502225
1350,9.674954930180519e-06,7.997126100454051,-1.5647859083059776
1351,9.69393481942207e-06,7.997124173184854,-1.5647821987844017
1352,9.695674105080673e-06,7.997122103437856,-1.5647784778527944
1353,9.662897768114117e-06,7.997120181460111,-1.5647747413307493
1354,9.737701963053882e-06,7.997118103111331,-1.5647710527451517
1355,9.777154386216395e-06,7.997116160103785,-1.5647673605504275
1356,9.799871014978844e-06,7.99711410904069,-1.5647636511987137
1357,9.781608468487367e-06,7.997112172128235,-1.564759925335822
1358,9.770590815074028e-06,7.997110138054527,-1.5647561969455215
1359,9.766311036688123e-06,7.997108202891866,-1.5647524757792595
1360,9.849568593258985e-06,7.997106154246757,-1.5647487962900581
1361,9.910841648847128e-06,7.997104162991211,-1.5647451088250426
1362,9.880997011882926e-06,7.997102154395484,-1.564741379337909
1363,9.831062868040151e-06,7.997100141027275,-1.5647376394471564
1364,9.823505090048488e-06,7.997098173709793,-1.5647339126499704
1365,9.831593170016028e-06,7.997095235562164,-1.5647283405543468
1366,9.929295979054885e-06,7.997093157300878,-1.5647246617431358
1367,9.955310926323139e-06,7.9970911776730675,-1.564720952400253
1368,9.864165304311291e-06,7.997088152223821,-1.5647153311973583
1369,9.918042947366397e-06,7.9970862476461795,-1.56471163843993
1370,1.003068957392957e-05,7.997083163658529,-1.5647061080333802
1371,9.974201172699643e-06,7.997081191443263,-1.5647023696921343
1372,9.95546401428811e-06,7.997079217796164,-1.564698638541632
1373,9.961729902633424e-06,7.997076185712326,-1.5646930607976655
1374,1.0039795589872411e-05,7.997074222764977,-1.5646893825917971
1375,1.0104177469604537e-05,7.997071170909458,-1.5646838372774485
1376,1.0050744065060381e-05,7.997069262637137,-1.564680095302938
1377,9.982694955622134e-06,7.997067215077317,-1.5646763381158915
1378,1.0017415540292347e-05,7.997064251987938,-1.5646707710693233
1379,1.0090243269972165e-05,7.997061251224794,-1.5646652291977243
1380,1.0151985052101663e-05,7.99705823944914,-1.5646596726444728
1381,1.0096357615476894e-05,7.997056285195856,-1.5646559329628331
1382,1.008650796036676e-05,7.997053275497273,-1.5646503485943242
1383,1.0122958760474128e-05,7.997051230507983,-1.5646466407676891
1384,1.01739454464077e-05,7.997048289738632,-1.5646410826803374
1385,1.0111219368831812e-05,7.9970452890086685,-1.564635477642248
1386,1.0111323548984461e-05,7.997043234012413,-1.5646317533626841
1387,1.0208223353145249e-05,7.997041306729043,-1.5646280805634494
1388,1.0249222969991125e-05,7.997039263276305,-1.5646243794574812
1389,1.0243273794524401e-05,7.997037299644352,-1.5646206604449446
1390,1.0223879836651188e-05,7.997035281130157,-1.5646169300818866
1391,1.0181024329991451e-05,7.997033299766875,-1.5646131876540694
1392,1.0222485889080406e-05,7.997031315122322,-1.5646094849478023
1393,1.0285581987945751e-05,7.9970283338805945,-1.564603936947253
1394,1.0310254086472871e-05,7.997026289750664,-1.5646002268762706
1395,1.0288197748092478e-05,7.9970243656231,-1.5645964925781404
1396,1.0249484863331728e-05,7.997022284973226,-1.5645927536452617
1397,1.0260661995084521e-05,7.997020349166892,-1.5645890398350508
1398,1.039842655022752e-05,7.997017302996626,-1.5645835246971531
1399,1.043383027081058e-05,7.997015358982435,-1.5645798242393663
1400,1.0377844305615965e-05,7.997013287259645,-1.564576079009714
1401,1.0439687729294302e-05,7.99701036203827,-1.564570532613931
1402,1.0508325775691534e-05,7.9970073437774385,-1.5645649891642033
1403,1.0455703026538928e-05,7.99700529909333,-1.5645612491885235
1404,1.0417504376962857e-05,7.9970033853582505,-1.5645575136154393
1405,1.0413498738699531e-05,7.997001332999424,-1.5645537838838925
1406,1.0508374813571891e-05,7.996999376209145,-1.5645501085279507
1407,1.0563172887202191e-05,7.996997341590474,-1.56454641779404
1408,1.0504047152960987e-05,7.9969943999463045,-1.564540819464101
1409,1.0498119738334699e-05,7.996992350355735,-1.5645370953716475
1410,1.0591061884970302e-05,7.996990420606756,-1.5645334228314274
1411,1.059457772922425e-05,7.99698732525505,-1.5645278465002173
1412,1.0538474489294745e-05,7.996984375697058,-1.56452224074439
1413,1.052939017319812e-05,7.996981432797754,-1.5645166579188845
1414,1.0634694802831057e-05,7.996979358073414,-1.5645129837310252
1415,1.0670871852917018e-05,7.996976408977834,-1.5645074242112011
1416,1.0605066857917949e-05,7.9969743957110415,-1.5645036762419593
1417,1.0647525897283235e-05,7.9969724607903485,-1.5644999763058196
1418,1.0729785283808373e-05,7.996970389370391,-1.5644962954686503
1419,1.0714416820770991e-05,7.996968440431039,-1.5644925755926211
1420,1.0671711320703016e-05,7.996965451951949,-1.5644869728270463
1421,1.0641186956467047e-05,7.996963420161706,-1.5644832355179232
1422,1.073426409142441e-05,7.9969614075627025,-1.564479556104032
1423,1.077873483441965e-05,7.996959401167844,-1.564475866344194
1424,1.081225778773785e-05,7.9969573989084095,-1.5644721676086253
1425,1.0809834201711825e-05,7.996956442032255,-1.5644703036270262
1426,1.0763558567487038e-05,7.996955452093943,-1.5644684245798106
1427,1.0743249903542072e-05,7.996954406970493,-1.5644665526923491
1428,1.0718576757652747e-05,7.996952489150614,-1.5644628232657645
1429,1.073228966772097e-05,7.9969504308000685,-1.564459106643498
1430,1.0799446112231994e-05,7.996948453548283,-1.5644554202110252
1431,1.0858870870661582e-05,7.996946415078936,-1.5644517250560679
1432,1.0843786267319247e-05,7.996944454380905,-1.5644480037175568
1433,1.0837863453408668e-05,7.996942434112172,-1.5644442795376439
1434,1.0822854074792857e-05,7.996940489378458,-1.5644405510325492
1435,1.0833997051272803e-05,7.996938454023618,-1.5644368341852957
1436,1.0946908270877552e-05,7.996936487781636,-1.564433167998336
1437,1.0967839178892684e-05,7.996934460405422,-1.5644294590034256
1438,1.0770198805690436e-05,7.996932438028244,-1.5644256497800693
1439,1.0640496159773592e-05,7.9969304303749515,-1.5644218605688418
1440,1.0823330418201917e-05,7.996928460989248,-1.5644182174515047
1441,1.1093887291721998e-05,7.9969265577658595,-1.5644146206792091
1442,1.0962103304002454e-05,7.996923553696953,-1.5644089951597144
1443,1.0936828936363844e-05,7.996921491893388,-1.5644052642896475
1444,1.101752592683535e-05,7.996919550609871,-1.5644015855132973
1445,1.1063644915654365e-05,7.996917472025345,-1.5643978890971089
1446,1.1021144212926057e-05,7.996915521240216,-1.5643941530418792
1447,1.0999961451473312e-05,7.996913488586825,-1.5643904188809132
1448,1.1001376063640413e-05,7.996911579090304,-1.5643867015516701
1449,1.1032417144033241e-05,7.996909528689643,-1.5643829941999567
1450,1.1106903061082604e-05,7.996906557414714,-1.5643774558243488
1451,1.1041242984982151e-05,7.996903509167446,-1.5643718419445842
1452,1.1017444163774385e-05,7.996901544956869,-1.5643681114574757
1453,1.1137927502496705e-05,7.996899560594552,-1.56436444373444
1454,1.1184191506828943e-05,7.9968975698801685,-1.5643607456409123
1455,1.111544384033259e-05,7.996894560436617,-1.56435513980779
1456,1.1129097833653274e-05,7.996892527403837,-1.5643514205242415
1457,1.120074791546918e-05,7.9968906306933665,-1.5643477354125725
1458,1.122806724229694e-05,7.9968885308440845,-1.5643440299576794
1459,1.1173376758330185e-05,7.99688659847734,-1.5643402864487208
1460,1.1145646983266804e-05,7.996884549801371,-1.564336547604581
1461,1.1239763643766376e-05,7.996882627858899,-1.564332875164892
1462,1.1303260281371676e-05,7.996880547455939,-1.564329185922907
1463,1.1272541028875207e-05,7.996878594783499,-1.5643254563756552
1464,1.1261195763987094e-05,7.996876563962189,-1.5643217259964517
1465,1.1229973241268084e-05,7.996875583511952,-1.5643198515849404
1466,1.1222746862136523e-05,7.996874638255883,-1.5643179889535688
1467,1.1225624134279485e-05,7.996873637464998,-1.5643161263665386
1468,1.1329407025544922e-05,7.996871576695277,-1.56431245172078
1469,1.1380489562559655e-05,7.996869643620443,-1.5643087622714356
1470,1.135949824950905e-05,7.996867570458051,-1.564305035101369
1471,1.12995148561916e-05,7.996865668406159,-1.5643012918336583
1472,1.1374401485153735e-05,7.9968636010285055,-1.5642976062540763
1473,1.143249336014769e-05,7.996861636661135,-1.5642939214477
1474,1.1396774852892377e-05,7.996858593711537,-1.5642883245031536
1475,1.1355975969115714e-05,7.9968566847805835,-1.5642845864556665
1476,1.1403900690726357e-05,7.99685364454345,-1.5642790247425762
1477,1.1467740954254286e-05,7.996851624749207,-1.5642753373922076
1478,1.1522855843532146e-05,7.99684964649894,-1.5642716467194153
1479,1.1462402112760922e-05,7.996846618570119,-1.564266040205578
1480,1.139414045266237e-05,7.996844710453292,-1.5642622858488604
1481,1.145602161883456e-05,7.996841618688059,-1.5642567239776675
1482,1.1492426968115419e-05,7.996839670539641,-1.5642530285292902
1483,1.1556845454252745e-05,7.996837656526116,-1.5642493418849102
1484,1.1556672866110165e-05,7.99683573148534,-1.5642456200818882
1485,1.1536506292924327e-05,7.996833680857988,-1.5642418880102218
1486,1.1522023340591803e-05,7.996830671593174,-1.5642363020908991
1487,1.1649639979096862e-05,7.996827738923375,-1.5642307908536368
1488,1.1669622202598127e-05,7.996825645671195,-1.5642270774430007
1489,1.1599234316682753e-05,7.99682370715882,-1.5642233324968884
1490,1.1585812400622569e-05,7.996821672485831,-1.5642196000763406
1491,1.1591319001735668e-05,7.996819780189527,-1.5642158835280995
1492,1.1685312390528238e-05,7.996816692597124,-1.5642103459185626
1493,1.1708523848065524e-05,7.996814741848103,-1.5642066439667386
1494,1.1643108094582537e-05,7.996811712753021,-1.5642010306506957
1495,1.1655204178061305e-05,7.996809738538854,-1.5641973130008824
1496,1.1760302099152371e-05,7.996807744613133,-1.5641936440941395
1497,1.1758916015173783e-05,7.99680470127777,-1.564188065978049
1498,1.1737625222103219e-05,7.996802798830096,-1.5641843388189374
1499,1.1740405109312825e-05,7.99679974015216,-1.5641787573107544
1500,1.1792533857410244e-05,7.996797795611306,-1.5641750624464954
1501,1.1879512428535815e-05,7.996795754536952,-1.5641713855603578
1502,1.1617615413139398e-05,7.996792660923295,-1.5641656748761048
1503,1.1594655574504492e-05,7.996790699372143,-1.564161937854748
1504,1.187187909573572e-05,7.996788739295476,-1.5641583393073066
1505,1.1977280976908185e-05,7.9967867734900535,-1.5641546644603446
1506,1.185615471780636e-05,7.996784829417564,-1.5641508990742106
1507,1.1797111331466294e-05,7.9967827493464325,-1.564147151554764
1508,1.1757465337273662e-05,7.996780789986302,-1.5641434092520945
1509,1.181837487957819e-05,7.996778744118145,-1.5641397113411415
1510,1.1941008895847774e-05,7.9967768407854045,-1.5641360506100548
1511,1.1968298978195138e-05,7.99677478705561,-1.5641323384640065
1512,1.1781366508709898e-05,7.996772803958062,-1.5641285324053664
1513,1.1756216356760092e-05,7.996770755513528,-1.564124793607737
1514,1.194556317908428e-05,7.996768849172066,-1.5641211581770256
1515,1.2099458785178283e-05,7.996766805580988,-1.5641175074525115
1516,1.1941357722324416e-05,7.99676482589769,-1.564113722530552
1517,1.1847885251221278e-05,7.996762804053223,-1.5641099547560922
1518,1.1900150492759396e-05,7.996760834812163,-1.564106251214374
1519,1.2117753896438811e-05,7.996757891865558,-1.5641007721918887
1520,1.2156979251436416e-05,7.996755841003399,-1.5640970804363472
1521,1.2100111132993124e-05,7.996752908640222,-1.5640914829926207
1522,1.2040862228086113e-05,7.9967508605092,-1.5640877316413253
1523,1.211336245098301e-05,7.996748939693741,-1.564084049692923
1524,1.2164464838328352e-05,7.996745845906458,-1.5640784945134065
1525,1.2171460234129594e-05,7.9967438733961975,-1.5640747815129297
1526,1.219640382090465e-05,7.996741897671871,-1.564071072542933
1527,1.2130428406056653e-05,7.996738899802224,-1.5640654588689606
1528,1.2102311495427056e-05,7.9967369257055445,-1.5640617237412442
1529,1.2206737611174506e-05,7.996733846827124,-1.5640561834751043
1530,1.225959797558743e-05,7.996731906402966,-1.5640524973232546
1531,1.2332016115587553e-05,7.996728914114989,-1.5640469520891425
1532,1.2224600150411316e-05,7.996726954372321,-1.564043183383285
1533,1.2118983389354212e-05,7.9967248986500135,-1.5640394067991887
1534,1.221081355261227e-05,7.99672296306686,-1.5640357281233646
1535,1.2346320025958175e-05,7.996720885078432,-1.5640320708628606
1536,1.240795359713341e-05,7.996717950281835,-1.564026521698289
1537,1.2219967092349246e-05,7.996715890174378,-1.564022713247592
1538,1.2100914023469378e-05,7.996713913647067,-1.5640189351316107
1539,1.2263142558836004e-05,7.9967118807942885,-1.5640152774813032
1540,1.2334910009630717e-05,7.996710945862962,-1.5640134530622432
1541,1.2429068202847403e-05,7.996708981352691,-1.5640097793001124
1542,1.2396387631004007e-05,7.996706991072904,-1.5640060489124912
1543,1.234197925497721e-05,7.996705022540115,-1.5640023006278234
1544,1.2333545421938668e-05,7.996703940160098,-1.564000434289254
1545,1.2339280461490368e-05,7.996702014141716,-1.5639967238937267
1546,1.244402759906671e-05,7.9966999300429755,-1.5639930472060068
1547,1.2511873265655811e-05,7.9966980144272455,-1.563989364890159
1548,1.25499454725516e-05,7.996695969628962,-1.5639856645889936
1549,1.2535338015111866e-05,7.996694044724427,-1.5639819373937887
1550,1.2465501775422756e-05,7.996691994367602,-1.563978186873722
1551,1.2441852178097851e-05,7.996690035885893,-1.563974460246507
1552,1.2540861919988661e-05,7.996686976971413,-1.56396891803315
1553,1.255984535007882e-05,7.9966850683668405,-1.5639652122816254
1554,1.2553033273776023e-05,7.996683009634655,-1.563961483319461
1555,1.2547189913061111e-05,7.996681071331149,-1.5639577656785573
1556,1.2558285995118325e-05,7.9966780351524305,-1.5639521894641453
1557,1.2597431910985604e-05,7.996676043257918,-1.5639484842564113
1558,1.2632665876664568e-05,7.996674087391499,-1.5639447830790276
1559,1.258549062911271e-05,7.996671001797751,-1.563939173733549
1560,1.257577005795811e-05,7.996669095115222,-1.5639354481451353
1561,1.2676688971796901e-05,7.996667036548614,-1.563931769338159
1562,1.2728096999242029e-05,7.996665114218561,-1.563928077363029
1563,1.2714469353033036e-05,7.996663051263807,-1.563924354992849
1564,1.2712982065474179e-05,7.996661118768887,-1.5639206326269943
1565,1.2692666415966898e-05,7.99665904595821,-1.5639169027694608
1566,1.2715121371489495e-05,7.996657117694141,-1.5639131956302394
1567,1.274225219963607e-05,7.9966550841937885,-1.5639094831038316
1568,1.2787098836526189e-05,7.996652147098197,-1.563903926437164
1569,1.2802720822739595e-05,7.996650048981204,-1.5639002171262961
1570,1.2864527999563404e-05,7.996647040475759,-1.5638946675715582
1571,1.2866897063558027e-05,7.996645143731014,-1.5638909434293826
1572,1.2640357015844064e-05,7.9966430963055135,-1.5638871127411167
1573,1.2654792275119646e-05,7.996641138724287,-1.563883397788625
1574,1.2808660019941995e-05,7.996639062536529,-1.563879753646274
1575,1.2933054730270332e-05,7.996637177019691,-1.5638760834029433
1576,1.287366970186802e-05,7.9966351089455365,-1.5638723373074566
1577,1.2848370952024828e-05,7.996633128967254,-1.5638686011571314
1578,1.2913773909743551e-05,7.996631151438179,-1.5638649087400567
1579,1.303362085842685e-05,7.996629162755997,-1.5638612425254261
1580,1.3049030797500714e-05,7.996628126242724,-1.5638593972804793
1581,1.305901588056239e-05,7.996627114926769,-1.5638575384584308
1582,1.291610364216471e-05,7.996625165252282,-1.5638537505760037
1583,1.2785097968358891e-05,7.996623101838298,-1.5638499651381068
1584,1.282061243325628e-05,7.996622116402918,-1.5638481179666917
1585,1.299233336888932e-05,7.996620198970312,-1.5638444746290583
1586,1.312928686136151e-05,7.9966181368639315,-1.5638408244898832
1587,1.3108656171556888e-05,7.996616213187909,-1.563837095213749
1588,1.2945308405600383e-05,7.996614131943898,-1.5638333017374604
1589,1.288242667872065e-05,7.996612187521733,-1.563829553968256
1590,1.3021802102443175e-05,7.996610180619695,-1.5638258851583486
1591,1.3116869472861816e-05,7.996607264667113,-1.5638203551759273
1592,1.3059379080295073e-05,7.996605192613173,-1.5638166055479628
1593,1.3092709857576661e-05,7.996603272457646,-1.5638129063447692
1594,1.3185265180926717e-05,7.996601169650113,-1.5638092290899321
1595,1.3234423468482425e-05,7.9965992451310255,-1.5638055422523252
1596,1.3190581095802269e-05,7.9965971904617,-1.5638017960933852
1597,1.2923124536928887e-05,7.996594207772732,-1.563796077549558
1598,1.3131061398714246e-05,7.996591218987361,-1.5637905823051854
1599,1.337683652531975e-05,7.996588238371568,-1.5637851204081488
1600,1.322269548568534e-05,7.99658522283771,-1.563779483033514
1601,1.3237161693203274e-05,7.996583301737677,-1.5637757728015427
1602,1.3333367672458411e-05,7.996581247834069,-1.5637720946259446
1603,1.3341370652403796e-05,7.996580230178482,-1.5637702432474594
1604,1.330618368840158e-05,7.996578305511325,-1.5637665110115047
1605,1.329178555234622e-05,7.996576265184135,-1.5637627809678634
1606,1.3251874492827016e-05,7.996574349264597,-1.5637590389316165
1607,1.3353250008984371e-05,7.9965712680816,-1.5637535060220364
1608,1.341374098887508e-05,7.996569275381299,-1.5637498181369627
1609,1.3447112593825624e-05,7.996566344107749,-1.5637442601453515
1610,1.3374489613013054e-05,7.9965632631313674,-1.563738642831764
1611,1.3333648470491832e-05,7.996561324333887,-1.5637349012658175
1612,1.344558293560984e-05,7.996558349650336,-1.5637293736015618
1613,1.3563045476615661e-05,7.996555281083427,-1.5637238457934721
1614,1.3510588462444147e-05,7.996553379305546,-1.5637201122340194
1615,1.34575279768681e-05,7.996551322220564,-1.5637163586583578
1616,1.3434354425764649e-05,7.996549366072753,-1.5637126322328718
1617,1.3508927491234334e-05,7.996547274166434,-1.5637089453146726
1618,1.3549521832835954e-05,7.996546297318911,-1.5637071076568119
1619,1.3585824552038618e-05,7.996545352272426,-1.5637052677956658
1620,1.365195273948612e-05,7.996543312529716,-1.5637015792663789
1621,1.362081770241421e-05,7.996541404395884,-1.5636978467174865
1622,1.3497276633103035e-05,7.996539384912975,-1.5636940682799534
1623,1.3507439739246064e-05,7.9965373479902695,-1.5636903488876945
1624,1.3559526022540423e-05,7.996535321940015,-1.5636866517190766
1625,1.3664268257532234e-05,7.996532382211576,-1.5636811221342524
1626,1.3698512107477951e-05,7.996530365902562,-1.563677411267489
1627,1.365046908912517e-05,7.996528461028902,-1.5636736757598442
1628,1.3574548053551632e-05,7.996526350020352,-1.563669915262158
1629,1.3607239635598532e-05,7.99652338528178,-1.5636643459785051
1630,1.3661199503237742e-05,7.996521396996992,-1.563660650271539
1631,1.3724762126864026e-05,7.9965193789413815,-1.5636569575868136
1632,1.372573189187645e-05,7.99651746831207,-1.5636532399479888
1633,1.3712436950864465e-05,7.996515400726091,-1.5636495101899945
1634,1.3819062077807446e-05,7.996512490197226,-1.5636439856094526
1635,1.3817639439923119e-05,7.996509436390208,-1.563638409142223
1636,1.382069718946815e-05,7.996507410878873,-1.5636346904229848
1637,1.3814919890394894e-05,7.996505457735438,-1.5636309604069418
1638,1.3762845133586531e-05,7.996503466055051,-1.563627222397921
1639,1.3870948086539302e-05,7.996501453028436,-1.5636235505232972
1640,1.395169089051502e-05,7.996498408225075,-1.56361800465823
1641,1.3692061983276187e-05,7.996496471558935,-1.5636141636094207
1642,1.360817329465031e-05,7.996494383132262,-1.563610389067634
1643,1.3859350811691747e-05,7.99649249107285,-1.563606779407032
1644,1.4014738302053296e-05,7.996490475537185,-1.563603135981648
1645,1.3979338289934342e-05,7.9964885133877,-1.5635994000400382
1646,1.3811236692121998e-05,7.996486430515558,-1.5635956040138186
1647,1.3741849825858462e-05,7.996484465878163,-1.5635918448238921
1648,1.3802345240792087e-05,7.996481476237824,-1.563586276087452
1649,1.3993940159520373e-05,7.996479548617416,-1.563582640660384
1650,1.4038433566061019e-05,7.996476568725259,-1.5635770934557494
1651,1.3987805058771576e-05,7.996474498378413,-1.5635733474127862
1652,1.404270880033221e-05,7.99647259165412,-1.5635696576629874
1653,1.4146711578841745e-05,7.9964705070294375,-1.563565985013717
1654,1.4164797848407704e-05,7.996468554099756,-1.5635622772179028
1655,1.4127892533520457e-05,7.9964675774969125,-1.5635604040452864
1656,1.4096727536458594e-05,7.99646555391624,-1.5635566661021847
1657,1.406448311770899e-05,7.996463606536867,-1.5635529293715547
1658,1.4132973618931736e-05,7.996461534613557,-1.5635492402949553
1659,1.4196281202184897e-05,7.996459602406488,-1.563545555207697
1660,1.4229194197478254e-05,7.99645752800343,-1.563541852994339
1661,1.4176904895590336e-05,7.996455619594127,-1.5635381110662157
1662,1.417334768417605e-05,7.996453580592435,-1.563534387033429
1663,1.426352315676976e-05,7.996451643856408,-1.5635307077211336
1664,1.4259910219072295e-05,7.996449595217305,-1.5635269884121954
1665,1.4222549025340943e-05,7.996447630122519,-1.5635232560190044
1666,1.4189657942099805e-05,7.99644563355308,-1.5635195140920295
1667,1.4203182085495258e-05,7.9964436306852384,-1.5635158031949437
1668,1.4293717814821192e-05,7.996441604736458,-1.5635121223200799
1669,1.4361065879042344e-05,7.99643960586107,-1.563508439747885
1670,1.4405794883659423e-05,7.9964376093430936,-1.563504743114404
1671,1.43143097180309e-05,7.9964346607609125,-1.5634991144858117
1672,1.4231633566205633e-05,7.9964326396535155,-1.5634953552009383
1673,1.4308491068581279e-05,7.996429620307305,-1.5634898067969067
1674,1.4381728916820283e-05,7.9964275715751985,-1.5634861194229763
1675,1.4453566767878218e-05,7.996425643609427,-1.5634824342716918
1676,1.4410375434063115e-05,7.99642367426555,-1.5634786954851854
1677,1.43425261796949e-05,7.996421652578444,-1.563474943711839
1678,1.440448048579555e-05,7.996419665216678,-1.5634712478355193
1679,1.4471067337155531e-05,7.996416677009471,-1.563465695204896
1680,1.4476805406873119e-05,7.9964147645421475,-1.5634619779507766
1681,1.4483200702996217e-05,7.996412684089483,-1.5634582589327362
1682,1.4507639809195572e-05,7.996410719118755,-1.56345455377249
1683,1.4557882869656243e-05,7.996408654703579,-1.563450857548246
1684,1.4581068846614587e-05,7.996406750297006,-1.5634471526981186
1685,1.4576347776996363e-05,7.996404714006281,-1.5634434257045833
1686,1.4526551736396799e-05,7.99640278121822,-1.563439683724877
1687,1.4536559491812073e-05,7.996400701097619,-1.5634359644953906
1688,1.4635060944662346e-05,7.996398758594767,-1.563432296531147
1689,1.4706656662448419e-05,7.9963956953205635,-1.5634267551521697
1690,1.463955395117834e-05,7.9963927097981236,-1.5634211429341454
1691,1.4588382844624277e-05,7.996390793485696,-1.5634173951823251
1692,1.4608409096482257e-05,7.996388754998886,-1.5634136806364616
1693,1.4669089249797431e-05,7.996387710817931,-1.5634118474877203
1694,1.4720997540004363e-05,7.996386744412247,-1.563410017421162
1695,1.4772823673668903e-05,7.996385751655545,-1.5634081832023798
1696,1.4825174934568116e-05,7.996384683299129,-1.5634063510738039
1697,1.4804119980704358e-05,7.996382764823796,-1.563402618147453
1698,1.4553302910495963e-05,7.996380676547616,-1.5633987765580648
1699,1.4452691418256469e-05,7.996378761236542,-1.5633950020455238
1700,1.4738195847722952e-05,7.996376735760738,-1.5633914026898632
1701,1.5004297549852191e-05,7.996374827623859,-1.563387812301749
1702,1.4897213037669572e-05,7.996372768498783,-1.5633840480136112
1703,1.4594448593782105e-05,7.996370791168992,-1.563380192649379
1704,1.4646533579013283e-05,7.996368786948972,-1.5633764828736472
1705,1.4852665587583168e-05,7.996366752930358,-1.5633728570194019
1706,1.5002604007924837e-05,7.996364833661377,-1.5633692106870074
1707,1.4832061263812955e-05,7.996362795154959,-1.563365415532731
1708,1.472222012665275e-05,7.996360831581356,-1.563361644772649
1709,1.48726758173535e-05,7.996357867920516,-1.5633561286191384
1710,1.4942680459563735e-05,7.996354844461291,-1.563350582843936
1711,1.4959486774956176e-05,7.996351830139922,-1.5633450118626748
1712,1.4940248374204805e-05,7.996350860112464,-1.5633431447547816
1713,1.4987487791053208e-05,7.9963468907795745,-1.5633357225882116
1714,1.4958151264555441e-05,7.996344900635548,-1.5633319883817514
1715,1.500729291686161e-05,7.996342874750844,-1.563328289714943
1716,1.5109572464418224e-05,7.996340880399697,-1.5633246234956735
1717,1.5074369599445108e-05,7.9963388483695885,-1.5633208809263508
1718,1.488644162213411e-05,7.996336846736257,-1.563317070687598
1719,1.4819130553957002e-05,7.996334846592937,-1.5633133119574825
1720,1.5008145104823355e-05,7.996332933426003,-1.563309668470449
1721,1.5191905134880776e-05,7.996330914421611,-1.563306030246964
1722,1.505519199041407e-05,7.996328917739723,-1.563302255201914
1723,1.4987182590212712e-05,7.99632690020209,-1.5632985057294584
1724,1.5108579293564525e-05,7.996324951430039,-1.5632948340633228
1725,1.5191230778669526e-05,7.996321970971097,-1.5632892998023105
1726,1.5166656703813851e-05,7.996318936347406,-1.5632837050649286
1727,1.5177807665421251e-05,7.99631591559701,-1.5632781301741805
1728,1.5216899440461414e-05,7.996314023654106,-1.5632744305098292
1729,1.5262129737594366e-05,7.9963109587001,-1.5632688676857567
1730,1.5220858856831315e-05,7.996309006348443,-1.563265131716328
1731,1.521677718419702e-05,7.996306935794956,-1.5632614036259598
1732,1.5272241554250024e-05,7.996305023276106,-1.5632577091072162
1733,1.5327862209065586e-05,7.996304007098444,-1.5632558712853946
1734,1.536138826145783e-05,7.996302002200668,-1.5632521724654125
1735,1.5354446336922448e-05,7.996300020654383,-1.5632484490259475
1736,1.5337454994386323e-05,7.996297997377645,-1.563244721450832
1737,1.529264677743925e-05,7.996296042201232,-1.5632409756122483
1738,1.53623779913722e-05,7.996293974389842,-1.5632372819215514
1739,1.542311962028435e-05,7.99629098115928,-1.5632317364558865
1740,1.5449227146399984e-05,7.996289052838403,-1.563228024369678
1741,1.5423772597963048e-05,7.996287050842339,-1.5632242963819507
1742,1.5423353313328448e-05,7.996285039882183,-1.5632205779620203
1743,1.5434327421653282e-05,7.996283004971725,-1.563216859870397
1744,1.5466375465879088e-05,7.99628110395697,-1.5632131502109505
1745,1.5513062372774035e-05,7.9962780589013285,-1.5632075923822824
1746,1.5621862344589554e-05,7.996275068806548,-1.563202072127378
1747,1.5595047536535345e-05,7.996273012648604,-1.5631983359029271
1748,1.549829795670191e-05,7.996270072516414,-1.5631927120882045
1749,1.557663964002096e-05,7.99626812961252,-1.5631890283979935
1750,1.5620394069526135e-05,7.996266112673922,-1.563185327211436
1751,1.5594094155840636e-05,7.996263139601809,-1.5631797379277255
1752,1.554444041830177e-05,7.996260109238252,-1.563174126729561
1753,1.5644727258188663e-05,7.996257057094454,-1.5631685899735865
1754,1.5701730245183246e-05,7.996255160150671,-1.5631649006025297
1755,1.570780438096307e-05,7.996252139342162,-1.5631593201531284
1756,1.570978328872447e-05,7.996250195505645,-1.5631556023353799
1757,1.572026252190619e-05,7.996247186939071,-1.5631500292653298
1758,1.5739457604863188e-05,7.996244155335698,-1.5631444504798298
1759,1.5802950855349968e-05,7.996241146137424,-1.5631388970070599
1760,1.5818545959490504e-05,7.996239188032074,-1.5631351928005561
1761,1.5869172153736135e-05,7.996237134712764,-1.5631314937019432
1762,1.5849899293665506e-05,7.996235226510871,-1.5631277660441096
1763,1.5818511705962887e-05,7.996233176478991,-1.5631240258532444
1764,1.5808680805793686e-05,7.996230202735931,-1.563118436664482
1765,1.589506678423901e-05,7.9962281845697145,-1.5631147562716987
1766,1.597394646225186e-05,7.996226234743182,-1.563111077152852
1767,1.600807805839937e-05,7.996224174704656,-1.56310736975675
1768,1.595161170782916e-05,7.996223207189966,-1.5631054880877857
1769,1.5902118938758153e-05,7.996222220990424,-1.5631036018130884
1770,1.583068450756877e-05,7.9962212223329665,-1.5631017093500834
1771,1.5769826469939016e-05,7.996219178157474,-1.5630979509638399
1772,1.5891225130323296e-05,7.996217234244505,-1.5630942831148915
1773,1.6105040837239968e-05,7.996215193840741,-1.5630906839573415
1774,1.596462756164453e-05,7.996212211880933,-1.563085035944173
1775,1.5942426155319814e-05,7.996210281214402,-1.5630813034117625
1776,1.605082241995902e-05,7.996208248367355,-1.5630776222738723
1777,1.6125751279078566e-05,7.996205308426729,-1.5630720794490156
1778,1.614443712713855e-05,7.996203233562152,-1.5630683679939206
1779,1.6103819314766983e-05,7.996201305282771,-1.5630646313564336
1780,1.608301817324208e-05,7.9961983161662324,-1.5630590377445526
1781,1.615088087037695e-05,7.996196296273153,-1.5630553499958142
1782,1.6203668129560612e-05,7.996194301912473,-1.5630516533930043
1783,1.6172122898401576e-05,7.996192310987331,-1.56304791779142
1784,1.612335509828937e-05,7.996190314712818,-1.5630441737449816
1785,1.6204501093376993e-05,7.99618833944764,-1.5630404899147545
1786,1.628958644040253e-05,7.996186304955793,-1.563036810067655
1787,1.6278614827383885e-05,7.996184358697601,-1.5630330895318911
1788,1.624997616888353e-05,7.996182328065275,-1.5630293559637027
1789,1.6203531337046685e-05,7.99618039984362,-1.5630256098465234
1790,1.626457723281243e-05,7.9961783096973935,-1.5630219159379226
1791,1.6322977682676893e-05,7.9961763692446475,-1.5630182282778178
1792,1.6393283252973428e-05,7.996174315689012,-1.5630145428659683
1793,1.638894216198512e-05,7.996172399271867,-1.5630108241585936
1794,1.636706391917248e-05,7.996170333340185,-1.5630070917519718
1795,1.631152850011033e-05,7.996168403082119,-1.5630033469535682
1796,1.6373930488079732e-05,7.9961653491190585,-1.5629977896938834
1797,1.646962906894647e-05,7.996163370514365,-1.5629941189274439
1798,1.643084048318754e-05,7.996161357561644,-1.5629903728328258
1799,1.6240905954125372e-05,7.996159374264476,-1.5629865600808033
1800,1.6276016084108185e-05,7.996157343129117,-1.56298284571486
1801,1.644807797944629e-05,7.9961554336508325,-1.5629792059004577
1802,1.6520891982329803e-05,7.996153403783513,-1.5629755168192512
1803,1.6361717674410095e-05,7.996151402524026,-1.5629717256492306
1804,1.6416448309517818e-05,7.996148418802233,-1.5629661704476163
1805,1.665495999552328e-05,7.9961454024972465,-1.5629606926302695
1806,1.6454142067136896e-05,7.996143444723446,-1.5629568832443368
1807,1.6397791176005857e-05,7.996141403054319,-1.5629531316508642
1808,1.654183660677636e-05,7.99613948621787,-1.562949474014405
1809,1.6683608847824075e-05,7.996137446790453,-1.5629458209938334
1810,1.6669658059914163e-05,7.996135510113363,-1.5629421048544827
1811,1.6632676181255163e-05,7.9961334342217105,-1.5629383678613238
1812,1.6573297007260625e-05,7.996131506979338,-1.5629346182104966
1813,1.6584060849335843e-05,7.996129448215752,-1.5629308988920159
1814,1.6692429203540735e-05,7.996127514295174,-1.562927229960549
1815,1.680153589865895e-05,7.996125458141339,-1.5629235636288878
1816,1.682585173348156e-05,7.996123533781895,-1.5629198583034174
1817,1.6639115276769986e-05,7.996121489240158,-1.5629160490218799
1818,1.65661624033588e-05,7.996118510928673,-1.5629104250030872
1819,1.6763030518457612e-05,7.996116454319991,-1.5629067868587945
1820,1.6916897155496234e-05,7.99611456219611,-1.5629031419757973
1821,1.6778810824749005e-05,7.9961124774434245,-1.5628993571193048
1822,1.6599553911986748e-05,7.996110546593212,-1.5628955574305736
1823,1.6714671542596074e-05,7.996108489198868,-1.5628918836322505
1824,1.6875064752292175e-05,7.996106606668862,-1.5628882474812076
1825,1.6888108112968056e-05,7.99610452453858,-1.562884529583465
1826,1.6866959550080696e-05,7.996102571896959,-1.5628807996589706
1827,1.6886548402902202e-05,7.996100592989355,-1.5628770869886854
1828,1.690775379404181e-05,7.996098613773318,-1.562873374943076
1829,1.692444676650327e-05,7.996096592658687,-1.5628696574131158
1830,1.6923071651035386e-05,7.996094606195645,-1.562865935698736
1831,1.696057842555615e-05,7.996092593475762,-1.5628622344191312
1832,1.697373438839482e-05,7.996090638737027,-1.5628585167319715
1833,1.695370222916865e-05,7.996088626380517,-1.5628547846786245
1834,1.7051210990481413e-05,7.996086658148823,-1.5628511130580036
1835,1.7103705423136065e-05,7.996084573040835,-1.5628474130338401
1836,1.6899219458656677e-05,7.99608260525715,-1.5628435962426952
1837,1.6801655104932314e-05,7.996080560574525,-1.562839819215701
1838,1.6980039780422297e-05,7.996077619773446,-1.5628343068396071
1839,1.718540910773628e-05,7.9960757011447186,-1.5628306798477276
1840,1.7069170160003003e-05,7.996073621403325,-1.56282691340283
1841,1.7029589475330723e-05,7.996070680508628,-1.5628213145074095
1842,1.71804567749304e-05,7.996068623226337,-1.562817665323078
1843,1.730675967576698e-05,7.9960666690828335,-1.562814006791664
1844,1.7224427475661378e-05,7.996064660805648,-1.5628102497194305
1845,1.7131651393369538e-05,7.996063724293194,-1.5628083518866012
1846,1.709193560032867e-05,7.99606167776845,-1.5628046045973738
1847,1.7136923377045178e-05,7.996059727184769,-1.5628009029768846
1848,1.720382427320243e-05,7.996057683113248,-1.5627972090058055
1849,1.7341325720956726e-05,7.996055774772157,-1.562793560530618
1850,1.7338206382302465e-05,7.996053693173078,-1.562789839438039
1851,1.7284587153354195e-05,7.996051712457192,-1.5627861016033584
1852,1.7284700351755626e-05,7.996049656581887,-1.562782374886683
1853,1.7307632307799844e-05,7.996047789186757,-1.5627786657239842
1854,1.7336698710106843e-05,7.996045737265703,-1.56277495146016
1855,1.7312453990445023e-05,7.996043790069571,-1.56277122094165
1856,1.735888966092765e-05,7.996040767592843,-1.5627656605183504
1857,1.7374248717104868e-05,7.996038795883952,-1.5627619425532198
1858,1.7410518463593426e-05,7.996036795657667,-1.562758240627673
1859,1.7400299052386532e-05,7.996034802507816,-1.5627545092469786
1860,1.7383000329129508e-05,7.996032783714732,-1.562750782884203
1861,1.746134969060982e-05,7.996030820711367,-1.5627470986076317
1862,1.7491918738822923e-05,7.99602976500988,-1.5627452533275394
1863,1.752629240221938e-05,7.996027824914949,-1.562741554866426
1864,1.7521711590889532e-05,7.996025778987949,-1.5627378298574723
1865,1.75002428374288e-05,7.996023825711301,-1.5627341029680681
1866,1.745851714358657e-05,7.996021805023029,-1.56273035550354
1867,1.752570069385245e-05,7.996019803498588,-1.5627266614010236
1868,1.7555571814201624e-05,7.996017808031195,-1.5627229599633568
1869,1.758857777740568e-05,7.996016787938033,-1.5627211138860104
1870,1.761040324346303e-05,7.996014888865841,-1.5627174030771211
1871,1.7567602977736406e-05,7.996012837127438,-1.5627136610563732
1872,1.7547506720609184e-05,7.99601087729077,-1.5627099312982606
1873,1.7570903270808434e-05,7.9960088048889135,-1.562706215846092
1874,1.7650508960037796e-05,7.996006908818131,-1.5627025357908808
1875,1.7772213391521638e-05,7.9960048383192275,-1.5626988744748813
1876,1.7795415127815954e-05,7.996002862649717,-1.562695170073945
1877,1.7622826466039924e-05,7.996000901049928,-1.5626913665260815
1878,1.7536574591462957e-05,7.995998850148491,-1.562687597855576
1879,1.7642092267832722e-05,7.99599690692414,-1.5626839230254626
1880,1.7788912797138503e-05,7.995994844660621,-1.5626802720943234
1881,1.788127659273465e-05,7.995992913610124,-1.5626766031958843
1882,1.7869155847087115e-05,7.995990880497106,-1.5626728778483425
1883,1.7631931938126226e-05,7.99598893701403,-1.5626690456935566
1884,1.755899831672307e-05,7.995986833111008,-1.5626652785584634
1885,1.7821230308481854e-05,7.995984926886131,-1.562661673716462
1886,1.7975283423963108e-05,7.995982914869749,-1.562658032354161
1887,1.793957936611907e-05,7.99598092395877,-1.562654295974063
1888,1.766607140780915e-05,7.995978905126354,-1.5626504456628874
1889,1.777869034298292e-05,7.995976874149366,-1.5626467696495658
1890,1.7958268321155703e-05,7.995974983472961,-1.5626431361714408
1891,1.7999299413045587e-05,7.995972925096426,-1.5626394310354346
1892,1.7825589620531185e-05,7.995970969493729,-1.5626356339895804
1893,1.776272127044865e-05,7.995968924724629,-1.5626318787302595
1894,1.78991151662754e-05,7.995967004814517,-1.5626282150672401
1895,1.803461165310924e-05,7.995964970291691,-1.5626245587838605
1896,1.807967586780706e-05,7.995963053810393,-1.5626208639165613
1897,1.8071207708515627e-05,7.995960980044554,-1.5626171435275227
1898,1.8032747502581056e-05,7.9959590453041995,-1.5626134089609942
1899,1.8035236577734934e-05,7.995957001552287,-1.5626096869611652
1900,1.8103521917323327e-05,7.995955066298418,-1.5626060048838755
1901,1.8165468252797105e-05,7.995952014414929,-1.5626004572715608
1902,1.810142519636145e-05,7.995949004135229,-1.5625948402596819
1903,1.8152293993118036e-05,7.995947110987729,-1.5625911472433196
1904,1.8226554022374077e-05,7.995945015361734,-1.5625874525231593
1905,1.8026435575372293e-05,7.995942000388839,-1.5625817766048509
1906,1.7990990955549645e-05,7.995940037470398,-1.5625780308698083
1907,1.8083354443242486e-05,7.995938035975264,-1.5625743425296532
1908,1.8270628648487392e-05,7.995936096626799,-1.5625707108366949
1909,1.830584707709685e-05,7.9959340663707215,-1.5625670067248043
1910,1.8115581966018004e-05,7.995931082918069,-1.562561336078731
1911,1.8195198625367e-05,7.995929060419635,-1.5625576460937738
1912,1.833346088416112e-05,7.995927121577574,-1.5625539921388407
1913,1.8393367044957902e-05,7.995924139730238,-1.562548450550217
1914,1.8371970972958084e-05,7.995922081955147,-1.5625447197173215
1915,1.8341398162422408e-05,7.995920171757832,-1.5625409848434972
1916,1.834949039135511e-05,7.99591809963407,-1.5625372629115883
1917,1.8422734971006277e-05,7.995916189443134,-1.5625335806714158
1918,1.85156675020864e-05,7.995914149667433,-1.5625299018089691
1919,1.8340043168393126e-05,7.995912166079486,-1.562526101651914
1920,1.8187767607098158e-05,7.995910068177821,-1.5625223038554061
1921,1.83775031945744e-05,7.995908118545296,-1.5625186582605757
1922,1.856943356903724e-05,7.995906204993458,-1.5625150276578639
1923,1.8586696015544154e-05,7.99590420806828,-1.5625113227889997
1924,1.8523638504073197e-05,7.9959022246249125,-1.5625075760588223
1925,1.8451520430943627e-05,7.995900144698432,-1.5625038204473847
1926,1.8427288461007147e-05,7.995898172239902,-1.5625000830134133
1927,1.8496359752520055e-05,7.9958962023355875,-1.5624963894039272
1928,1.8618594568494913e-05,7.9958942173677885,-1.5624927267249933
1929,1.8695107366329524e-05,7.995892204523409,-1.5624890396555295
1930,1.8525221470761977e-05,7.995888165148898,-1.562481521532158
1931,1.8494976582118405e-05,7.995886260465621,-1.5624777886140435
1932,1.8666124514990655e-05,7.995883233923568,-1.5624722794950254
1933,1.8784194044819897e-05,7.995880226939705,-1.5624667572891415
1934,1.879142105878438e-05,7.99587831930468,-1.5624630407260216
1935,1.8735381838467443e-05,7.99587624507164,-1.562459298685378
1936,1.8709664819210615e-05,7.9958743392354314,-1.5624555668013789
1937,1.8804971149975543e-05,7.995872268508952,-1.5624518903937443
1938,1.88778626501245e-05,7.995870300847638,-1.5624482128675503
1939,1.8853979963173536e-05,7.995868286144484,-1.562444478953745
1940,1.877464928760317e-05,7.995865380641542,-1.562438862627251
1941,1.8801013387402184e-05,7.995863287955082,-1.562435149550215
1942,1.8916656469095375e-05,7.995860308445387,-1.562429620686768
1943,1.8920533049827743e-05,7.995857357124331,-1.5624240509430232
1944,1.888699902174185e-05,7.995854345299951,-1.5624184516365873
1945,1.8899689386494217e-05,7.995852325959252,-1.562414733952157
1946,1.903274626668022e-05,7.9958504043898095,-1.5624110782951268
1947,1.900249046735549e-05,7.995847291921377,-1.5624054855227847
1948,1.894362313317665e-05,7.995845374640185,-1.5624017365836735
1949,1.895630796439377e-05,7.995843368346438,-1.5623980196822862
1950,1.9071381474854453e-05,7.995841437406356,-1.5623943498073973
1951,1.909773075799113e-05,7.995839346255899,-1.5623906384891995
1952,1.9044910888240374e-05,7.995837399105016,-1.562386899941051
1953,1.9048829182303847e-05,7.995835386901076,-1.5623831791566714
1954,1.908335734225746e-05,7.9958334670510816,-1.5623794715471948
1955,1.9103554312980296e-05,7.995830435356581,-1.562373900642826
1956,1.913632131058005e-05,7.995827377780848,-1.56236833312939
1957,1.9195887093244343e-05,7.995824416798098,-1.5623627740827961
1958,1.921812040168895e-05,7.995822515746788,-1.5623590663828604
1959,1.9224794809166254e-05,7.995820430932867,-1.5623553455600756
1960,1.925353242905448e-05,7.995818493187298,-1.5623516448397277
1961,1.928121711388432e-05,7.995817448827471,-1.562349792572885
1962,1.9257718517980234e-05,7.995815442737457,-1.5623460655815327
1963,1.9247452626068333e-05,7.995813469394565,-1.5623423387036066
1964,1.9286791894648137e-05,7.995811483366798,-1.5623386311152823
1965,1.9282064382119003e-05,7.995809492260632,-1.5623349122329497
1966,1.9333001599654202e-05,7.995807486689717,-1.5623312109017429
1967,1.9335783825326534e-05,7.9958054766263205,-1.562327497052453
1968,1.937645937226804e-05,7.99580352984791,-1.562323797880565
1969,1.937330986937957e-05,7.995801543958494,-1.562320067201899
1970,1.9360246766848584e-05,7.995799532145644,-1.562316342962172
1971,1.9349647867957284e-05,7.995797529491418,-1.5623126147414557
1972,1.9384260722583005e-05,7.995794580338587,-1.5623070536848098
1973,1.950740066754406e-05,7.9957925246390165,-1.562303385509892
1974,1.932360906498789e-05,7.9957895098841,-1.5622977147307335
1975,1.9186567913000378e-05,7.995787506779201,-1.562293922077656
1976,1.9487438394571796e-05,7.995784524819274,-1.5622884585974988
1977,1.963947296505195e-05,7.995782639118668,-1.5622848126639672
1978,1.953627166700307e-05,7.995780570151143,-1.5622810551089257
1979,1.9366760531191163e-05,7.995777566797329,-1.5622753860767256
1980,1.9380924678569212e-05,7.995774566283318,-1.5622697979179418
1981,1.9632934767700915e-05,7.995772603379253,-1.5622661869072472
1982,1.9768202520119975e-05,7.995770651282943,-1.5622625316783112
1983,1.9640985222048192e-05,7.995768585179826,-1.5622587614406913
1984,1.958158648508419e-05,7.995766671867413,-1.5622550150878134
1985,1.965648952870373e-05,7.995764613444133,-1.5622513259317101
1986,1.9750229340067555e-05,7.995762683564255,-1.5622476543507011
1987,1.9758884916305746e-05,7.99575963090303,-1.5622420770966812
1988,1.9690649299501568e-05,7.995757722467495,-1.5622383245721168
1989,1.969005529564319e-05,7.995754680783077,-1.5622327436453847
1990,1.9821859553897062e-05,7.995751621762634,-1.5622272183373247
1991,1.9856954872161956e-05,7.995749713345824,-1.5622235213981022
1992,1.9859932629897068e-05,7.995747654039624,-1.562219798226636
1993,1.983812660980035e-05,7.995745742733214,-1.5622160720742388
1994,1.984930092244308e-05,7.995743668362346,-1.5622123504304974
1995,1.9861806122969143e-05,7.995742721877974,-1.5622104988409395
1996,1.9865157801477106e-05,7.995740764551024,-1.5622067757542533
1997,1.989514625855633e-05,7.995738733753962,-1.562203069888393
1998,1.9915061627001992e-05,7.995736751726452,-1.5621993573820805
1999,1.9944850762557575e-05,7.995734749806029,-1.5621956507461698
2000,1.997083049963235e-05,7.995731723597231,-1.562190075219768
2001,1.99443391538536e-05,7.995729805017424,-1.5621863480731575
2002,2.008374583726589e-05,7.995726771839403,-1.5621808347785109
2003,2.015832534214245e-05,7.995724793617853,-1.5621771543732796
2004,1.9983214290604164e-05,7.995721753576273,-1.5621714894812149
2005,1.992748492646976e-05,7.995718743627529,-1.5621658700017846
2006,2.0060507094466103e-05,7.995716785796054,-1.5621622111698623
2007,2.022816416093203e-05,7.995713792474069,-1.5621567118355333
2008,2.022880158518994e-05,7.9957118751516445,-1.5621529941386305
2009,2.0120837268631898e-05,7.995709806335927,-1.5621492267412882
2010,2.0139818926419778e-05,7.995706861024394,-1.562143651759135
2011,2.0220108234412714e-05,7.995704802748982,-1.562139970559931
2012,2.030500863562539e-05,7.99570181866428,-1.5621344326897972
2013,2.0273711359511847e-05,7.995698903970865,-1.5621288376852398
2014,2.0222239447242352e-05,7.9956968358233365,-1.5621250901480248
2015,2.0276824373473233e-05,7.9956949066624174,-1.5621213954372906
2016,2.0323770917492178e-05,7.995692832832098,-1.5621176954256064
2017,2.0346853630920024e-05,7.995690925770298,-1.5621139910125397
2018,2.0344103400333174e-05,7.995688868562355,-1.5621102632097914
2019,2.0309982963632336e-05,7.995686954691308,-1.5621065268814622
2020,2.031977648622831e-05,7.995684859861377,-1.5621028051436867
2021,2.043519532688907e-05,7.995681949265901,-1.562097280407859
2022,2.0509030209253654e-05,7.995679939946173,-1.5620935907653652
2023,2.029723182963808e-05,7.995677886703189,-1.5620897730651204
2024,2.0161539718287768e-05,7.995675881778889,-1.5620859815752568
2025,2.0344284934831474e-05,7.9956739028716335,-1.562082329475152
2026,2.0545096719188387e-05,7.99567193044294,-1.5620787027368177
2027,2.0555834684046187e-05,7.995669984770699,-1.5620749904311388
2028,2.0411212571670168e-05,7.9956679751772315,-1.5620712029626858
2029,2.044717109737144e-05,7.9956659963977765,-1.5620674969195336
2030,2.0571575772514095e-05,7.995663946124966,-1.5620638344406719
2031,2.0678967669722083e-05,7.99566096213982,-1.5620583038819922
2032,2.059751853419796e-05,7.99565898386694,-1.562054543613659
2033,2.0531139412289978e-05,7.9956580326320505,-1.5620526588146655
2034,2.050751546302567e-05,7.99565596185897,-1.5620489201700676
2035,2.0637721583526864e-05,7.995652963889421,-1.5620433962245306
2036,2.0728478858649404e-05,7.995651020123125,-1.5620397231788665
2037,2.0729642266459866e-05,7.99564800258334,-1.5620341425979236
2038,2.0687609256773396e-05,7.995646095141854,-1.5620304042587008
2039,2.067326717157202e-05,7.995644018150628,-1.5620266701714227
2040,2.075728704663147e-05,7.995641062925125,-1.5620211252267908
2041,2.081587575921058e-05,7.995639063669433,-1.5620174379913117
2042,2.0877898199334435e-05,7.995636055301716,-1.5620118799526745
2043,2.0827840326322614e-05,7.99563412529116,-1.5620081452933698
2044,2.078193945331655e-05,7.9956310761293645,-1.5620025379662639
2045,2.0859506980561236e-05,7.995628048869351,-1.5619969892053682
2046,2.0914073557435838e-05,7.995626149393324,-1.5619932971115904
2047,2.091728116561713e-05,7.995623131534498,-1.561987711336669
2048,2.090335755920695e-05,7.995621171101808,-1.5619839884977988
2049,2.0916612139247587e-05,7.995619091945726,-1.5619802693763505
2050,2.0945339577920586e-05,7.995617171602902,-1.5619765669151515
2051,2.1075125300366332e-05,7.995615147875423,-1.5619729026518272
2052,2.1003475128842803e-05,7.99561213267205,-1.5619672913099656
2053,2.0978259353464084e-05,7.995610167502064,-1.5619635578353994
2054,2.109135216304441e-05,7.995607156246966,-1.561958020555377
2055,2.115659817512515e-05,7.995605203970551,-1.561954327602169
2056,2.0945427230831296e-05,7.995603110072257,-1.561950507994518
2057,2.0887624982367862e-05,7.995600132855724,-1.5619448829181155
2058,2.1133502925491785e-05,7.99559821096588,-1.5619412697332742
2059,2.127338089433799e-05,7.995596235590063,-1.5619376169334607
2060,2.098679540045e-05,7.995593204193511,-1.5619319067086224
2061,2.1037062358042932e-05,7.99559119703585,-1.561928200900396
2062,2.132591652720109e-05,7.995588288067158,-1.5619227567019873
2063,2.126094160059894e-05,7.995586217277389,-1.561919002890501
2064,2.111249018390141e-05,7.995583239615665,-1.5619133557993763
2065,2.1251740857593644e-05,7.995581224149681,-1.5619096917773334
2066,2.140653940795451e-05,7.995578240340197,-1.5619041869862111
2067,2.1399971045894047e-05,7.995576316115606,-1.5619004663677327
2068,2.1296173700663246e-05,7.995574312329696,-1.5618966982631037
2069,2.1295556110443216e-05,7.995572274691766,-1.56189297242094
2070,2.1366872504854737e-05,7.995570269749967,-1.5618892851672084
2071,2.1450054275253193e-05,7.995568280331568,-1.5618856076797
2072,2.1543008421624933e-05,7.995565297012522,-1.5618800669081792
2073,2.1463504953089122e-05,7.995563383530676,-1.5618763107505893
2074,2.137887251567135e-05,7.995560343578385,-1.5618706876491473
2075,2.1417987032053673e-05,7.995558325529144,-1.5618669795895712
2076,2.1503935088176833e-05,7.995556345071136,-1.5618632982476108
2077,2.1577527552406213e-05,7.995553340378352,-1.5618577512494312
2078,2.1571641652256936e-05,7.9955514384292385,-1.5618540295538739
2079,2.1549816428644352e-05,7.9955493620393945,-1.5618502934577783
2080,2.1580175115422942e-05,7.995546388083453,-1.5618447267244389
2081,2.1674700751105135e-05,7.995544409393116,-1.5618410504911222
2082,2.166886054546275e-05,7.995541382585067,-1.561835471228508
2083,2.163480423054519e-05,7.995539448229557,-1.5618317338798242
2084,2.1641665484232626e-05,7.99553740495227,-1.5618280103798294
2085,2.1760917113244805e-05,7.995535488250739,-1.5618243501473883
2086,2.1836932215792995e-05,7.995533391246759,-1.5618206630943852
2087,2.1744494141089064e-05,7.995531442121904,-1.5618169083644506
2088,2.16997557107178e-05,7.995529387553164,-1.5618131589089292
2089,2.173293674796313e-05,7.995527509442486,-1.5618094519104462
2090,2.185114872166137e-05,7.99552545894523,-1.5618057813657171
2091,2.1815598970851278e-05,7.995523506823658,-1.5618020488796232
2092,2.1793316250523927e-05,7.9955214220200945,-1.5617983131841449
2093,2.180238873178795e-05,7.9955195340508425,-1.5617946023749316
2094,2.1947293022398777e-05,7.995517467553246,-1.5617909428830123
2095,2.1915568239323955e-05,7.995515512233029,-1.5617872101611054
2096,2.1712700482258395e-05,7.995513403466221,-1.561783384849721
2097,2.1674556883681932e-05,7.995511489177539,-1.5617796394808354
2098,2.1913146548288124e-05,7.995509467031647,-1.5617760174288149
2099,2.2083854731415967e-05,7.995507553814796,-1.5617723823403196
2100,2.2036172196500894e-05,7.995505521701983,-1.561768642810055
2101,2.184190119680658e-05,7.995503511452666,-1.5617648311429013
2102,2.1774564096497105e-05,7.995501482225748,-1.561761072340545
2103,2.197453019789411e-05,7.995499507411119,-1.5617574332174127
2104,2.216658412185979e-05,7.995497630672181,-1.5617538016676675
2105,2.210261174722747e-05,7.995495557791665,-1.561750061811448
2106,2.198082910311351e-05,7.995493592917332,-1.5617462876709514
2107,2.1922774232114737e-05,7.995491503188616,-1.561742527340401
2108,2.2047823087769092e-05,7.995488597477939,-1.5617369947034239
2109,2.2220874420103444e-05,7.9954866199396815,-1.5617333590104534
2110,2.230311245132126e-05,7.995484647417165,-1.5617296797750997
2111,2.216134776462072e-05,7.995482594800555,-1.5617258961458818
2112,2.2044958212842993e-05,7.995480647988512,-1.5617221224052877
2113,2.218311451335362e-05,7.995477608360125,-1.561716595209745
2114,2.225273352876362e-05,7.995475631053074,-1.5617129065212958
2115,2.2293581231399648e-05,7.995473679613909,-1.5617092047494723
2116,2.2314197670922653e-05,7.995471697525802,-1.5617054967611756
2117,2.230562361479689e-05,7.995469662029565,-1.5617017724554618
2118,2.230738625130588e-05,7.995467696478321,-1.5616980531529274
2119,2.233298628445432e-05,7.995465685238136,-1.5616943458340462
2120,2.2350764533301062e-05,7.995463700069518,-1.56169063207251
2121,2.236227258006574e-05,7.9954617207022505,-1.5616869154308997
2122,2.2388768387739544e-05,7.995459725881325,-1.5616832035954085
2123,2.2398824111731752e-05,7.99545770436305,-1.5616794785942798
2124,2.2362096745726238e-05,7.995455733806313,-1.5616757442488092
2125,2.2431524846860355e-05,7.995453718980276,-1.5616720538628421
2126,2.250043528233892e-05,7.995451772541897,-1.5616683671643925
2127,2.2530000392091886e-05,7.995449715919963,-1.561664654307341
2128,2.2510786723661934e-05,7.995447788973433,-1.5616609325886353
2129,2.2503536152471335e-05,7.995445743795029,-1.5616572060170881
2130,2.2517702611541808e-05,7.995443803934111,-1.561653490256508
2131,2.2546531281227732e-05,7.995441775801342,-1.5616497789687487
2132,2.255731720140718e-05,7.995439823554836,-1.5616460633234042
2133,2.2604536480832827e-05,7.9954378021136305,-1.5616423660150762
2134,2.261355787492321e-05,7.995435847591197,-1.561638646672031
2135,2.2658187804828586e-05,7.995433811088075,-1.5616349493949615
2136,2.264707310772672e-05,7.995431864680526,-1.561631220707829
2137,2.263909199969647e-05,7.995429814114292,-1.5616274953578342
2138,2.2648956179002672e-05,7.9954288752665255,-1.561625647428267
2139,2.2785163446155444e-05,7.995426816307561,-1.561621986205396
2140,2.2863528323018558e-05,7.995424822475807,-1.5616183042248855
2141,2.2755551419604474e-05,7.9954228626677395,-1.5616145345680394
2142,2.2607047031073008e-05,7.9954208050260975,-1.5616107368759213
2143,2.263669856466606e-05,7.995418868245035,-1.5616070261794568
2144,2.2773824016531628e-05,7.995416789612519,-1.5616033643548621
2145,2.2891163928098565e-05,7.99541489180158,-1.5615997052444837
2146,2.288574158370879e-05,7.995411893027476,-1.5615941306294712
2147,2.2842427897710323e-05,7.995409888081053,-1.561590387492942
2148,2.2825981292962495e-05,7.99540790945583,-1.5615866564441505
2149,2.2841613700515682e-05,7.995405885407456,-1.5615829418818934
2150,2.2958043116782005e-05,7.9954039335102856,-1.5615792758265739
2151,2.2994525259945125e-05,7.995401948177844,-1.5615755726698173
2152,2.294661447285024e-05,7.995399917915064,-1.56157182951745
2153,2.295764690407175e-05,7.995397986509396,-1.5615681138045858
2154,2.306196756071189e-05,7.995395946247002,-1.5615644441842012
2155,2.3088494158854007e-05,7.99539398471661,-1.5615607373401077
2156,2.3046446317419247e-05,7.995391923030031,-1.5615569982283402
2157,2.300226773058991e-05,7.995390020720533,-1.561553256662508
2158,2.3007725964682685e-05,7.995387934161722,-1.5615495308160796
2159,2.3071870277518493e-05,7.9953860234286775,-1.5615458425765958
2160,2.3167702181284577e-05,7.995383965601208,-1.5615421645600174
2161,2.3166407553714418e-05,7.995382020100324,-1.5615384501045184
2162,2.317302846022893e-05,7.995379949727793,-1.5615347319615525
2163,2.316863194379166e-05,7.995378044082077,-1.5615310135364855
2164,2.3143671335839227e-05,7.9953760036185875,-1.561527272810664
2165,2.321124959020429e-05,7.995374064490359,-1.5615235876080908
2166,2.3288096143270443e-05,7.995372007771284,-1.5615199049456234
2167,2.3285440154726806e-05,7.995369993511249,-1.5615161813323521
2168,2.320622650581548e-05,7.995367025971806,-1.5615105647890262
2169,2.3292241491699562e-05,7.995365110726866,-1.5615068850369367
2170,2.3327736907976645e-05,7.99536304978274,-1.5615031750111514
2171,2.332826426498709e-05,7.9953610907064085,-1.5614994631230592
2172,2.334260671974e-05,7.995359055062797,-1.5614957458207752
2173,2.3316577629929424e-05,7.995357131135413,-1.5614920128399756
2174,2.3371507272815798e-05,7.995355119587837,-1.5614883154687487
2175,2.3469942215677992e-05,7.995353105461664,-1.5614846429347164
2176,2.34707923751276e-05,7.995351095166946,-1.5614809269883319
2177,2.3387735060033835e-05,7.995349096244302,-1.5614771674729844
2178,2.341907568805203e-05,7.995347175869159,-1.5614734589757386
2179,2.3497018942891173e-05,7.995345118617912,-1.5614697721635131
2180,2.3501226962377532e-05,7.99534316593811,-1.5614660588017684
2181,2.352604636316451e-05,7.995341116857876,-1.5614623501842233
2182,2.352680294189183e-05,7.9953392014256295,-1.5614586276889018
2183,2.3499196700926587e-05,7.995337156833372,-1.5614548900352299
2184,2.359389210307004e-05,7.995335220214002,-1.561451219216033
2185,2.3662753525982196e-05,7.995333118258166,-1.5614475333419928
2186,2.361301235302849e-05,7.995331177914707,-1.5614437936827614
2187,2.3551302065929875e-05,7.9953291554044315,-1.5614400409319833
2188,2.3634577204688083e-05,7.995327231951688,-1.5614363588688454
2189,2.3686001454936706e-05,7.995325202251857,-1.5614326606547138
2190,2.3690473431844623e-05,7.995323206675356,-1.5614289454267554
2191,2.3722329135395615e-05,7.9953211868751675,-1.5614252353517513
2192,2.369096975240264e-05,7.995319244271739,-1.5614215023799607
2193,2.3708890095931305e-05,7.995317253122172,-1.5614177876082542
2194,2.3817971522054173e-05,7.995315243535648,-1.5614141223541824
2195,2.3853929286257175e-05,7.995313241780559,-1.5614104193255978
2196,2.377071422027116e-05,7.995311202023588,-1.5614066603480592
2197,2.3761795537370526e-05,7.995309298301784,-1.5614029349440126
2198,2.3854303532545807e-05,7.995307250229407,-1.5613992555771727
2199,2.3867847098531393e-05,7.995305309058022,-1.5613955441240424
2200,2.3884202888665148e-05,7.9953032279226735,-1.561391830022451
2201,2.3884273692487253e-05,7.995301324922502,-1.5613881138814885
2202,2.386682685580246e-05,7.9952992719331615,-1.5613843767475482
2203,2.393011329897425e-05,7.9952973588565674,-1.5613806907774472
2204,2.4015083481354973e-05,7.995295265705427,-1.5613770106383988
2205,2.401430097706173e-05,7.995293288331943,-1.5613732910178395
2206,2.3927369586131894e-05,7.995291285833758,-1.561369529628776
2207,2.3977582047731282e-05,7.9952893515458845,-1.5613658329508773
2208,2.4038152273e-05,7.995287341630311,-1.5613621400773234
2209,2.405368174607293e-05,7.995285323694049,-1.5613584280931965
2210,2.4072932616738955e-05,7.995283328380991,-1.5613547174481133
2211,2.4080322835435664e-05,7.995281358510905,-1.5613509923278475
2212,2.4038439286433034e-05,7.995279395024141,-1.561347260717946
2213,2.415661059771016e-05,7.995277364205655,-1.5613435924639198
2214,2.4218334475035133e-05,7.995275392372439,-1.5613399045478484
2215,2.4153784236944706e-05,7.995273319398249,-1.5613361546503104
2216,2.409606831777844e-05,7.9952714345869325,-1.5613324118663308
2217,2.4194988623942116e-05,7.995269371915191,-1.5613287283784272
2218,2.4244016295044633e-05,7.995267435798663,-1.5613250303552582
2219,2.425342013683123e-05,7.995264414254129,-1.561319460390015
2220,2.4255323608365383e-05,7.995262462618318,-1.5613157375416147
2221,2.4228423366958132e-05,7.995260453395886,-1.561312001289929
2222,2.432233800423889e-05,7.995258488567007,-1.5613083264761751
2223,2.43931872495804e-05,7.995256391458156,-1.5613046427728199
2224,2.4346339836731462e-05,7.9952544692155945,-1.5613009044814354
2225,2.4289031777624834e-05,7.99525243068191,-1.5612971497847958
2226,2.4336935207790555e-05,7.995250558185678,-1.5612934531509914
2227,2.439933738082063e-05,7.995248488838291,-1.5612897586234673
2228,2.441053113033261e-05,7.995246534358096,-1.5612860469458647
2229,2.4406165981355376e-05,7.995244487023659,-1.5612823220667043
2230,2.4373744163229514e-05,7.995242517542443,-1.5612785847121458
2231,2.440708987942486e-05,7.995240484768077,-1.561274875906767
2232,2.448989459190456e-05,7.995238531998466,-1.561271195101116
2233,2.4532876836109933e-05,7.9952365234728076,-1.561267494099145
2234,2.4533048376142966e-05,7.995234551274467,-1.5612637748409577
2235,2.450560229785845e-05,7.9952325787332486,-1.5612600377519377
2236,2.4515184420397636e-05,7.995230533600651,-1.5612563213677686
2237,2.4549560599438654e-05,7.995228524214801,-1.5612526133472453
2238,2.4618124627234216e-05,7.995226596865873,-1.561248921947618
2239,2.4640482253600177e-05,7.995224574692289,-1.5612452111601882
2240,2.4625137485719077e-05,7.9952235583819,-1.5612433467062308
2241,2.4596684410582264e-05,7.995221632855408,-1.561239611790529
2242,2.465873283785273e-05,7.995219563389785,-1.561235917993564
2243,2.4718182351106636e-05,7.995217633408312,-1.5612322292800962
2244,2.4748375536547047e-05,7.995215578799413,-1.5612285222276472
2245,2.473716625826803e-05,7.995213638501234,-1.5612247985797008
2246,2.4733499911914363e-05,7.995211601332374,-1.5612210720323003
2247,2.473594522691053e-05,7.995209663489375,-1.5612173525162427
2248,2.47754584874783e-05,7.99520761434993,-1.5612136443402964
2249,2.477272683638717e-05,7.995205692966393,-1.5612099238778483
2250,2.481750708546727e-05,7.995203628935347,-1.561206218817448
2251,2.4818144415797993e-05,7.995201693228366,-1.561202501347528
2252,2.4863982458657162e-05,7.9951996133119945,-1.5611987991261642
2253,2.488525708982292e-05,7.995197712702902,-1.561195093452125
2254,2.488047765745609e-05,7.995195661098487,-1.5611913636335908
2255,2.4879675741494726e-05,7.995193717551773,-1.561187646564759
2256,2.4886651234348083e-05,7.9951916313450875,-1.5611839240636014
2257,2.4917342938454956e-05,7.995189745269277,-1.5611802169159064
2258,2.4982418140676935e-05,7.995187703381909,-1.5611765185676998
2259,2.4998899324964667e-05,7.995185786595704,-1.561172807232789
2260,2.5015795296921414e-05,7.995182726854205,-1.5611672370321346
2261,2.50623773723802e-05,7.9951807153391545,-1.5611635371969776
2262,2.508762752026722e-05,7.99517877532401,-1.5611598221645056
2263,2.5033172052022107e-05,7.995176804732898,-1.56115607837979
2264,2.5023716196053046e-05,7.995174766643355,-1.561152349085154
2265,2.5076765955581484e-05,7.995172778338148,-1.561148652082812
2266,2.5169244045226785e-05,7.995170737263069,-1.5611449760637344
2267,2.5240777193402522e-05,7.9951687654937995,-1.561141293611802
2268,2.5282620756779143e-05,7.995166771008326,-1.5611375885098258
2269,2.5177467843004357e-05,7.995164843676666,-1.5611338211900325
2270,2.5071999965872334e-05,7.995162771290182,-1.5611300463259838
2271,2.5157442975573428e-05,7.9951608235375415,-1.5611263618142912
2272,2.5296574987208463e-05,7.995158749816394,-1.5611227042874714
2273,2.5380862521385803e-05,7.995156861234802,-1.5611190228431941
2274,2.5228862129985257e-05,7.99515478092212,-1.5611152328333464
2275,2.5165320988118583e-05,7.995152861329033,-1.5611114773195174
2276,2.5269859660110734e-05,7.995150811081407,-1.5611077978489485
2277,2.538082374538567e-05,7.995148912774404,-1.5611041275399256
2278,2.5404932740703247e-05,7.995146872131655,-1.5611004225020562
2279,2.53995958675424e-05,7.995144899578615,-1.561096694662659
2280,2.5374964789477297e-05,7.995141870624056,-1.5610911073929028
2281,2.544560594298908e-05,7.995139943111428,-1.5610874223233528
2282,2.54894225378261e-05,7.995137878485432,-1.561083719543433
2283,2.5478371345769322e-05,7.995135948678429,-1.5610799973866782
2284,2.5492527192015936e-05,7.995133900198698,-1.5610762772917117
2285,2.5471994100653728e-05,7.9951319797333555,-1.5610725475482126
2286,2.550419550565689e-05,7.995129914641215,-1.561068835897645
2287,2.5542035383051273e-05,7.995127992880125,-1.5610651370765363
2288,2.5576259511486082e-05,7.995125908202765,-1.5610614289739084
2289,2.5590084722757656e-05,7.995124003366059,-1.561057718291496
2290,2.558071860299169e-05,7.9951219477659405,-1.5610539847053593
2291,2.5657467002614946e-05,7.995120015025016,-1.5610503001196208
2292,2.5707462093028643e-05,7.995117970219946,-1.5610466035335269
2293,2.56931171441781e-05,7.995115998424863,-1.5610428819876945
2294,2.5690242935913058e-05,7.995113967729701,-1.5610391578647684
2295,2.5691065433128298e-05,7.995111070011733,-1.5610335735197807
2296,2.572482260190475e-05,7.995109024441019,-1.5610298659100899
2297,2.572237289487739e-05,7.9951070810926455,-1.5610261412243716
2298,2.5739199349392617e-05,7.995106004710415,-1.5610242865884583
2299,2.5787290499663345e-05,7.995103093518934,-1.5610187285766641
2300,2.582636393701791e-05,7.99510105573763,-1.5610150238971736
2301,2.583677926277455e-05,7.99509911476802,-1.5610113073372425
2302,2.5816750040719726e-05,7.995097045627918,-1.5610075748212269
2303,2.5864273899446142e-05,7.995095121863537,-1.561003878134554
2304,2.5950659707681597e-05,7.99509306790718,-1.5610001966558018
2305,2.594444489283414e-05,7.995091127153055,-1.5609964777100556
2306,2.594848799119908e-05,7.995089045974849,-1.5609927567546769
2307,2.597323119335626e-05,7.995087162873191,-1.5609890444105796
2308,2.597335617309403e-05,7.995085102135438,-1.5609853227959203
2309,2.596764174323751e-05,7.995083172750772,-1.5609815998728176
2310,2.5976124776528573e-05,7.9950821246479045,-1.5609797413612647
2311,2.601515505749948e-05,7.995080122769237,-1.560976041321417
2312,2.6074766219137798e-05,7.995078117193632,-1.5609723426249993
2313,2.606235639006251e-05,7.995076187987264,-1.560968618816488
2314,2.6022898381580417e-05,7.995074222500244,-1.5609648734867296
2315,2.6024627030453215e-05,7.995072184591686,-1.5609611516513864
2316,2.6124404221866184e-05,7.995070195148843,-1.560957476420238
2317,2.6193744416137634e-05,7.995068139253433,-1.560953794079175
2318,2.6270357202195215e-05,7.995066168112312,-1.5609501080352353
2319,2.6269243154500568e-05,7.995064186550413,-1.5609463875631855
2320,2.6138386939031146e-05,7.995062260830758,-1.5609426076537247
2321,2.6084573176544655e-05,7.995060183676574,-1.560938854023453
2322,2.6119969792218436e-05,7.995059191859837,-1.5609370062597032
2323,2.6190066056793053e-05,7.9950571779876665,-1.5609333146358388
2324,2.631556313881817e-05,7.995054255669804,-1.5609277923824423
2325,2.6327173750205366e-05,7.995052237158156,-1.5609240704847955
2326,2.6336122142063153e-05,7.995049274375558,-1.560918499789639
2327,2.6416685144743856e-05,7.995047293322347,-1.5609148225462128
2328,2.6440833724426964e-05,7.99504527433171,-1.5609111098918742
2329,2.638611009807917e-05,7.9950432905337365,-1.5609073671745717
2330,2.638375458957079e-05,7.99504133527431,-1.560903642651948
2331,2.6375926888652935e-05,7.99503933185349,-1.5608999149270508
2332,2.6466746336659904e-05,7.995037354782495,-1.560896234485162
2333,2.6529705688972962e-05,7.99503531067734,-1.560892548207874
2334,2.653336904780679e-05,7.995033354728899,-1.5608888265512122
2335,2.6475087725198643e-05,7.995031317166382,-1.560885076267824
2336,2.652473206689293e-05,7.995029421634124,-1.5608813804775026
2337,2.661088549648674e-05,7.995027330285079,-1.5608776913962215
2338,2.6454919050588604e-05,7.995025365107941,-1.5608738998126435
2339,2.6395423744234814e-05,7.995023288520184,-1.5608701407833492
2340,2.6381158316301956e-05,7.995021338444736,-1.5608664064644362
2341,2.657671167540642e-05,7.99501934946688,-1.5608627646153248
2342,2.6749133547272864e-05,7.99501742475713,-1.560859124531917
2343,2.6632214833688083e-05,7.99501538467379,-1.560855356181177
2344,2.6526992428220932e-05,7.995013367741329,-1.5608515801895562
2345,2.6602626988041232e-05,7.99501139061828,-1.5608478892681088
2346,2.674631359431036e-05,7.995009409897348,-1.5608442348975333
2347,2.684383498798719e-05,7.995007428592831,-1.5608405665432519
2348,2.6866091057354104e-05,7.995006481531658,-1.5608387156151122
2349,2.677619197878353e-05,7.995004474123067,-1.5608349529530183
2350,2.6706044178037345e-05,7.995002479959443,-1.5608312008847065
2351,2.677741002316659e-05,7.9950004631113725,-1.5608275100611835
2352,2.6870421396390088e-05,7.994998455144316,-1.5608238360258124
2353,2.696612107034769e-05,7.99499644340379,-1.5608201584445494
2354,2.6927348580659283e-05,7.994994497055871,-1.5608164278223855
2355,2.688757244070729e-05,7.99499246568188,-1.5608126840570087
2356,2.684893477184059e-05,7.994990549982899,-1.5608089401681529
2357,2.6879658651213947e-05,7.994988512483954,-1.5608052288373588
2358,2.6960483809258978e-05,7.9949865138808045,-1.5608015468136207
2359,2.7027376578372266e-05,7.994984490889746,-1.5607978579847657
2360,2.706604278870594e-05,7.9949825397476495,-1.560794151579377
2361,2.705103574029669e-05,7.994980549996642,-1.5607904242902584
2362,2.6996343058449134e-05,7.99497854869097,-1.5607866797182526
2363,2.7002899381410133e-05,7.994976587670754,-1.5607829588601763
2364,2.7061813881039278e-05,7.994974531904822,-1.5607792631410318
2365,2.7111491617402463e-05,7.994972590446342,-1.5607755669919212
2366,2.7140290422556197e-05,7.994970579908086,-1.5607718499553986
2367,2.708516822965589e-05,7.994968655463916,-1.560768110408915
2368,2.7085288812276367e-05,7.994966564082018,-1.5607643807179001
2369,2.7105881289277254e-05,7.994964634282585,-1.560760668579828
2370,2.7233215522179705e-05,7.99496259202237,-1.560757002120525
2371,2.7302302622675637e-05,7.994960676597077,-1.5607533193165917
2372,2.7303577674197024e-05,7.994958602516023,-1.5607496056685064
2373,2.7281542177655275e-05,7.994956666103447,-1.5607458800531608
2374,2.724328751975249e-05,7.994954596562821,-1.5607421343305863
2375,2.723080303327695e-05,7.994952698718414,-1.560738406402961
2376,2.7312155566418422e-05,7.994950668577108,-1.5607347184714866
2377,2.7405565806725053e-05,7.994948707844219,-1.560731046856576
2378,2.7408402727811944e-05,7.994946671824059,-1.5607273276957154
2379,2.7371508523957914e-05,7.9949446932747,-1.5607235918975584
2380,2.731724507259894e-05,7.994942692561507,-1.560719838059592
2381,2.7352620102613536e-05,7.994940693679733,-1.560716130052492
2382,2.7404027575087613e-05,7.994938718959439,-1.5607124302925912
2383,2.7465788830471692e-05,7.994936760825925,-1.5607087400266546
2384,2.748991495810885e-05,7.994934780483696,-1.5607050259757638
2385,2.750794430592687e-05,7.99493274662624,-1.5607013144605928
2386,2.7488069314158585e-05,7.994930781248438,-1.5606975828386496
2387,2.7515869593408237e-05,7.994928764616666,-1.5606938791005978
2388,2.760909822817127e-05,7.9949268138070515,-1.5606902006497099
2389,2.7648120323224068e-05,7.994924748157014,-1.5606864995364027
2390,2.7639060347205078e-05,7.9949228210823735,-1.5606827772667267
2391,2.764458939086256e-05,7.9949207742293185,-1.5606790552575607
2392,2.7601174631793444e-05,7.994918858877908,-1.5606753152428012
2393,2.7647159720636793e-05,7.994916793120255,-1.5606716113203825
2394,2.7748198619644026e-05,7.994914843657872,-1.5606679430786687
2395,2.7788336721658232e-05,7.994912757802236,-1.5606642329385665
2396,2.7660736991734895e-05,7.994911794803777,-1.56066231875106
2397,2.7518003882209566e-05,7.994909792250577,-1.5606585227875132
2398,2.7744558266756693e-05,7.994906880039052,-1.5606530372234493
2399,2.788735404752076e-05,7.994904830281249,-1.5606493769792886
2400,2.772742608629957e-05,7.994902898686502,-1.5606455912282289
2401,2.7664980584913112e-05,7.994900815666167,-1.5606418347863598
2402,2.7796916287985048e-05,7.994898897277504,-1.5606381735354056
2403,2.793071267597219e-05,7.994896833544027,-1.5606345139217352
2404,2.8004517721267016e-05,7.99489493318395,-1.560630833011372
2405,2.789469696309322e-05,7.994892891822162,-1.560627056865655
2406,2.773561250716807e-05,7.994890938575821,-1.560623258908232
2407,2.7797426705231616e-05,7.994888924465515,-1.5606195571475596
2408,2.798931350877698e-05,7.994886932535162,-1.5606159266306943
2409,2.8109925551455896e-05,7.994884973043838,-1.56061226677554
2410,2.805954856302276e-05,7.994882929934461,-1.5606085170769357
2411,2.790281366317176e-05,7.994880986976582,-1.5606047273892798
2412,2.7992545364183056e-05,7.994877941354244,-1.5605991731187716
2413,2.806104327545537e-05,7.99487597381673,-1.5605954873401597
2414,2.8115630733915835e-05,7.994874008989167,-1.560591793578044
2415,2.817418108495062e-05,7.9948720314327915,-1.5605880959117073
2416,2.8160022711259287e-05,7.994869992742267,-1.5605843750309951
2417,2.8156991108582763e-05,7.994868034034704,-1.5605806542802312
2418,2.815589920434013e-05,7.99486603481396,-1.5605769306597037
2419,2.8173482813303277e-05,7.994864065361151,-1.5605732145884734
2420,2.823237422369906e-05,7.994862032353516,-1.5605695160466873
2421,2.8241308447941602e-05,7.994860041875486,-1.5605658060323402
2422,2.8289002875309216e-05,7.9948580691108235,-1.560562109433882
2423,2.8311654357295644e-05,7.9948561082406595,-1.5605583950659891
2424,2.8286065701759147e-05,7.9948541126942665,-1.5605546559936605
2425,2.825652931053978e-05,7.994852131121824,-1.5605509189975817
2426,2.835322066036748e-05,7.994850038702142,-1.5605472385092807
2427,2.8351107896550154e-05,7.994848111800856,-1.560543523267173
2428,2.8388117477135428e-05,7.9948460865848725,-1.5605398179335939
2429,2.8398114787551526e-05,7.994844196248914,-1.560536098712468
2430,2.8421147931895098e-05,7.9948421333239015,-1.5605323824360144
2431,2.8429057160268077e-05,7.994840180472522,-1.5605286682683082
2432,2.8476555728949332e-05,7.99483812529835,-1.5605249697867212
2433,2.8503669261511615e-05,7.994836201426245,-1.560521262331261
2434,2.8545059672823976e-05,7.994834167574684,-1.5605175593738077
2435,2.8525803230539528e-05,7.99483221645791,-1.5605138292633138
2436,2.8518022627047873e-05,7.99483013844836,-1.5605101019407066
2437,2.8534884457288056e-05,7.994828219918101,-1.5605063935719277
2438,2.8658051478928737e-05,7.9948261983565985,-1.5605027248446781
2439,2.8626625885679174e-05,7.9948242466126604,-1.5604989908201234
2440,2.8504445857098834e-05,7.99482215447895,-1.5604952069728613
2441,2.8447552896568847e-05,7.994820210106263,-1.5604914544663115
2442,2.86156356748501e-05,7.994818184363754,-1.5604877965432413
2443,2.876544877238939e-05,7.994816264918651,-1.5604841491550783
2444,2.8824592788122683e-05,7.994814221983357,-1.5604804554052618
2445,2.8789241312716952e-05,7.99481228817797,-1.56047672304852
2446,2.8719837376095416e-05,7.994810217156652,-1.5604729711078125
2447,2.868375110985825e-05,7.994808304491482,-1.5604692282845023
2448,2.8769254745300516e-05,7.9948062518089955,-1.5604655384394703
2449,2.881479931874135e-05,7.994804348616479,-1.5604618436609095
2450,2.884406975598098e-05,7.994802279293805,-1.5604581312946453
2451,2.888768488601922e-05,7.9948003605629525,-1.5604544354588743
2452,2.8902862954910806e-05,7.994798294326936,-1.5604507145442041
2453,2.8882340784913986e-05,7.9947963771017845,-1.5604469904848528
2454,2.8913979779565245e-05,7.994794331292755,-1.5604432816161762
2455,2.892675365416837e-05,7.994792407876157,-1.560439567061753
2456,2.8969240514769403e-05,7.9947903423946265,-1.560435864014673
2457,2.898940197102989e-05,7.994788399907322,-1.5604321542645363
2458,2.9035161322358367e-05,7.994786344562016,-1.5604284518881806
2459,2.9050554283685307e-05,7.994784443180352,-1.560424735279935
2460,2.9031243776482125e-05,7.994782396682382,-1.5604210022408864
2461,2.902574174265806e-05,7.9947804474357875,-1.5604172810973083
2462,2.904615234686288e-05,7.99477837044985,-1.56041356199081
2463,2.9119972063453524e-05,7.994776468454214,-1.5604098775548383
2464,2.922283648913129e-05,7.994774418999972,-1.5604062025102663
2465,2.9061689331416138e-05,7.99477245952302,-1.560402405239528
2466,2.8912968092408823e-05,7.99477035039542,-1.5603986000970045
2467,2.900019045333625e-05,7.994768436534231,-1.5603949142637727
2468,2.923222798696352e-05,7.994766423732876,-1.560391291835638
2469,2.932863107046215e-05,7.994764542768327,-1.5603876151510576
2470,2.9172649011249373e-05,7.994762457181921,-1.5603838236025924
2471,2.9155415378492996e-05,7.994760525841131,-1.5603800950646625
2472,2.921515028360775e-05,7.994758416340612,-1.5603763939976938
2473,2.9281771489885976e-05,7.994756509177088,-1.5603727038447712
2474,2.936470203483368e-05,7.994754534919719,-1.560369021856199
2475,2.9295191217972103e-05,7.994752557425712,-1.5603652648531139
2476,2.9302246311635196e-05,7.99475051639964,-1.5603615423213717
2477,2.9380562215373896e-05,7.994748508153383,-1.5603578578474637
2478,2.9469466479201436e-05,7.994746515613116,-1.560354182551681
2479,2.9569517823737544e-05,7.9947435343705795,-1.5603486502305253
2480,2.95719040022815e-05,7.994741647103923,-1.560344927572671
2481,2.9421719024657883e-05,7.994739516013034,-1.560341137351234
2482,2.9339624518175043e-05,7.994737556199969,-1.560337370394467
2483,2.934066419614413e-05,7.9947355471029296,-1.5603336406712582
2484,2.961307733029056e-05,7.994732565818204,-1.5603281762150174
2485,2.970086298366581e-05,7.994730671732843,-1.5603244973824222
2486,2.9540166536794048e-05,7.994728573195776,-1.5603207033157713
2487,2.9452821163656186e-05,7.994726661890219,-1.560316942741159
2488,2.9598011198184124e-05,7.994724612597007,-1.5603132757892932
2489,2.9730276313981483e-05,7.994722709395289,-1.5603096158449221
2490,2.9770287788320218e-05,7.994720647450166,-1.560305920745594
2491,2.9773718409710923e-05,7.994718682920366,-1.5603022007127416
2492,2.9684379573463673e-05,7.994716671321573,-1.5602984399741953
2493,2.9701339724604584e-05,7.994714712964502,-1.5602947247258796
2494,2.9792834179936798e-05,7.994712694898471,-1.560291044988569
2495,2.985441922973235e-05,7.99471072273385,-1.5602873573271192
2496,2.9867084592338136e-05,7.994708726900379,-1.560283641410236
2497,2.9862683023270548e-05,7.994706734734198,-1.5602799207223292
2498,2.982939838047706e-05,7.9947047655007255,-1.5602761794370192
2499,2.9881928018676435e-05,7.994702751804458,-1.560272481452154
2500,2.9990266403930755e-05,7.994700769214854,-1.5602688153087525
2501,3.0056970879347517e-05,7.994698714986297,-1.5602651228561946
2502,2.996783597276414e-05,7.994696819484957,-1.5602613699946317
2503,2.9885441061746224e-05,7.994694791765847,-1.5602576060491238
2504,3.0008344134859913e-05,7.994692806848131,-1.5602539357801308
2505,3.007667666919284e-05,7.994690757613887,-1.5602502525149515
2506,3.0125688917291622e-05,7.994688803887757,-1.5602465616187307
2507,3.0095411175149676e-05,7.994686814546865,-1.5602428247111106
2508,3.0039249278798515e-05,7.994684836948317,-1.560239074494003
2509,3.002042293821663e-05,7.994682844707083,-1.5602353373073419
2510,3.011772775004951e-05,7.9946808228505315,-1.5602316553730322
2511,3.016722839938924e-05,7.994678853095523,-1.5602279645101025
2512,3.0209038647510354e-05,7.994676841193959,-1.560224264450363
2513,3.0204133511670365e-05,7.994674896480481,-1.560220540220471
2514,3.0192040255569753e-05,7.994672866235321,-1.5602168113403982
2515,3.0201961849213915e-05,7.994670908623003,-1.5602130932245684
2516,3.0242717201182872e-05,7.994668922071954,-1.5602093917568443
2517,3.0250899226971605e-05,7.994666959144643,-1.5602056687254025
2518,3.029875641049977e-05,7.994664913262402,-1.560201971181943
2519,3.0346121169891433e-05,7.994661849793104,-1.5601964136646975
2520,3.0394301552223348e-05,7.994659955355124,-1.5601927184868432
2521,3.04251801043429e-05,7.994657926417914,-1.5601890097530247
2522,3.0408846399317296e-05,7.994656029748201,-1.5601852762903865
2523,3.0375375633597977e-05,7.994653952237677,-1.5601815380193518
2524,3.0434198171449886e-05,7.994651994760949,-1.5601778475159307
2525,3.0511722579953723e-05,7.994649933035357,-1.5601741632596335
2526,3.0577067108435476e-05,7.9946479989268955,-1.5601704759980306
2527,3.0527659228218476e-05,7.99464699017538,-1.5601685907128189
2528,3.0418931204162058e-05,7.9946449632566345,-1.5601648124227323
2529,3.0420870491826245e-05,7.994643049942053,-1.5601610886948314
2530,3.0498179998452993e-05,7.994640965216209,-1.560157396913117
2531,3.0574115677978524e-05,7.994639038101827,-1.5601537118557398
2532,3.062278525753433e-05,7.994637039062288,-1.5601500106029813
2533,3.064443020787939e-05,7.994635097578729,-1.5601463054651865
2534,3.064268842538677e-05,7.994633026255552,-1.5601425803863904
2535,3.064769307879358e-05,7.99463110839875,-1.5601388641565919
2536,3.06772129509019e-05,7.994629051686671,-1.5601351564422008
2537,3.069786263259538e-05,7.994627114283693,-1.5601314453365696
2538,3.0713360554101395e-05,7.994625092358578,-1.5601277278448669
2539,3.074149497099805e-05,7.994623142540949,-1.5601240185672878
2540,3.075034596713099e-05,7.994621081935517,-1.5601202920149182
2541,3.071906709166768e-05,7.994619151472526,-1.5601165599996767
2542,3.0793853263167e-05,7.9946171003287905,-1.5601128710601604
2543,3.086368816471583e-05,7.994615188237073,-1.5601091858752774
2544,3.0890189101699296e-05,7.99461311895518,-1.5601054711230473
2545,3.087721935624833e-05,7.994611198632661,-1.560101752085028
2546,3.087166444587731e-05,7.994609150122064,-1.5600980241435887
2547,3.088991911415713e-05,7.9946072162398565,-1.5600943110848708
2548,3.093880405618053e-05,7.994605181950946,-1.5600906094197862
2549,3.097475928790081e-05,7.994603247520074,-1.560086910052323
2550,3.100159194802078e-05,7.994601176427132,-1.5600831970182318
2551,3.097551234095279e-05,7.994599248333087,-1.5600794659643682
2552,3.098278380843839e-05,7.994597192696981,-1.5600757405189625
2553,3.10741905918372e-05,7.994595303029405,-1.5600720665487868
2554,3.116571908468095e-05,7.994593217007847,-1.5600683894731506
2555,3.115543561857543e-05,7.994591258941932,-1.5600646702378658
2556,3.113158771118622e-05,7.9945892249449795,-1.5600609368563743
2557,3.108424160568066e-05,7.99458727097335,-1.5600571917579942
2558,3.114919116914089e-05,7.994584241872524,-1.560051627929718
2559,3.119039461248811e-05,7.994582334355417,-1.5600479318095473
2560,3.1209180986311894e-05,7.994580278533282,-1.5600442104801375
2561,3.1191621343923924e-05,7.994578371247314,-1.56004048649363
2562,3.130152375249627e-05,7.994576299361261,-1.5600368171002166
2563,3.1385196657122334e-05,7.994574330440055,-1.5600331453104237
2564,3.13726523599409e-05,7.99457231796991,-1.560029411957915
2565,3.119739059568718e-05,7.994570293506994,-1.5600256051035706
2566,3.1145824255358134e-05,7.994568333967281,-1.5600218571177942
2567,3.133250698717511e-05,7.994566298424246,-1.5600182267039784
2568,3.1499782590345884e-05,7.994564393016155,-1.5600146020321537
2569,3.145288984219319e-05,7.994562382014387,-1.560010856855613
2570,3.1363186676251007e-05,7.994560372699313,-1.560007085457834
2571,3.134674057347156e-05,7.99455839787178,-1.560003347616276
2572,3.1435951284835436e-05,7.994556359129661,-1.5599996634605817
2573,3.1524144078608804e-05,7.994554359421623,-1.5599959826310312
2574,3.1583123655501805e-05,7.994552411762714,-1.5599922928897487
2575,3.159613517984921e-05,7.994550443248549,-1.559988571246572
2576,3.154117714223992e-05,7.994548416489418,-1.5599848278489903
2577,3.150986697400303e-05,7.994546471027024,-1.559981095783586
2578,3.15996872996026e-05,7.994544424412784,-1.5599774095050427
2579,3.165415191436598e-05,7.994542502465303,-1.5599737105236193
2580,3.16403323879533e-05,7.994540443031936,-1.5599699856253582
2581,3.16402850106919e-05,7.994538537402167,-1.5599662592851449
2582,3.162381837217206e-05,7.994536455581149,-1.5599625280649485
2583,3.164877730654277e-05,7.994534540345188,-1.5599588173867722
2584,3.177634879553773e-05,7.994532484301564,-1.5599551523020057
2585,3.181599462273714e-05,7.994530542509022,-1.5599514621483046
2586,3.179144906481624e-05,7.994528493684029,-1.5599477275285192
2587,3.177753027841718e-05,7.994525597859171,-1.5599421379995366
2588,3.1771765298870145e-05,7.994523546064243,-1.5599384095522748
2589,3.185666943801554e-05,7.994521608903329,-1.559934727760927
2590,3.1927427761044327e-05,7.994519544507851,-1.559931040331399
2591,3.193014789754554e-05,7.994517599662401,-1.5599273197028987
2592,3.1876920786930973e-05,7.99451460817634,-1.5599217166423043
2593,3.198431873262261e-05,7.994512620023214,-1.5599180411001603
2594,3.204661671835885e-05,7.994510564105068,-1.5599143436651235
2595,3.199030013299271e-05,7.994507587161319,-1.5599087424513944
2596,3.196527021658615e-05,7.994504688546957,-1.5599031415867597
2597,3.2069256821944686e-05,7.994502607333801,-1.5598994642025117
2598,3.2167930576838845e-05,7.994499623957464,-1.5598939351047982
2599,3.2123891413999856e-05,7.994496713341694,-1.5598883395308019
2600,3.2107748554669214e-05,7.994494679019576,-1.5598846061776481
2601,3.212922466146327e-05,7.9944917308237216,-1.5598790300651892
2602,3.2205534913595264e-05,7.994489671551298,-1.559875343059632
2603,3.226623551011036e-05,7.994486705614225,-1.559869792205674
2604,3.22660493747071e-05,7.9944837658495205,-1.5598642092527804
2605,3.226634409325799e-05,7.994480789548566,-1.5598586246526982
2606,3.232219686995341e-05,7.994477723048701,-1.5598530661558943
2607,3.2377185919657435e-05,7.994474719173232,-1.5598475100355307
2608,3.242056967384616e-05,7.994471834157206,-1.5598419467145246
2609,3.2434565380978744e-05,7.994469780594999,-1.55983823119309
2610,3.2412418964282356e-05,7.994466774189133,-1.559832636520915
2611,3.2545791903635976e-05,7.994463874909204,-1.5598271192043236
2612,3.248224448656498e-05,7.994460808061298,-1.559821506962349
2613,3.235910193263499e-05,7.994457734884839,-1.559815853856933
2614,3.263046077027728e-05,7.994455865899358,-1.559812255366465
2615,3.262840383620686e-05,7.994452893936075,-1.5598066759068372
2616,3.254569385224475e-05,7.994450949729538,-1.5598029182308655
2617,3.251866132338823e-05,7.994448833918646,-1.5597991804423637
2618,3.265729803867613e-05,7.994446888643714,-1.5597955193613895
2619,3.2717071596112514e-05,7.994443920943795,-1.5597899683728227
2620,3.273155243019126e-05,7.994441969619166,-1.5597862502471183
2621,3.273072500050285e-05,7.994438966990287,-1.5597806692702347
2622,3.2723406761545106e-05,7.994436921287292,-1.5597769399385566
2623,3.282169367213804e-05,7.994434984097246,-1.5597732632809933
2624,3.2867981950276844e-05,7.994431940915615,-1.5597677018246576
2625,3.2853701752844316e-05,7.9944300089613005,-1.5597639822616651
2626,3.287378833708645e-05,7.994427020155937,-1.5597584072225543
2627,3.2903623437002205e-05,7.994425020445241,-1.5597546898456138
2628,3.289828015780781e-05,7.994422998512597,-1.5597509689692337
2629,3.2964766316108996e-05,7.994419975473169,-1.5597454162106552
2630,3.302615017999701e-05,7.9944180752452905,-1.5597417192927912
2631,3.2986812366260895e-05,7.994415116211013,-1.559736123066075
2632,3.307849886613186e-05,7.994413067157858,-1.5597324405425432
2633,3.31261112915278e-05,7.994411101746567,-1.5597287453480402
2634,3.3112443331252586e-05,7.994409067857609,-1.5597250204302469
2635,3.3120158552920604e-05,7.994407106080978,-1.5597213044588905
2636,3.3131122697653495e-05,7.994405103357609,-1.5597175831931496
2637,3.317709841495485e-05,7.9944021653992685,-1.5597120203858739
2638,3.319283746393291e-05,7.9944000499294825,-1.5597083061893764
2639,3.325846406645094e-05,7.9943970661638915,-1.5597027555855278
2640,3.3290000367594696e-05,7.994395193622404,-1.5596990487846034
2641,3.321027529210353e-05,7.99439314647814,-1.5596952880636377
2642,3.327289143802059e-05,7.994391194871291,-1.5596915949473253
2643,3.335270943834151e-05,7.994389123591142,-1.5596879083105502
2644,3.336136899619639e-05,7.994386233021576,-1.559682331759446
2645,3.3399002055915886e-05,7.994383235526634,-1.559676767827978
2646,3.349278187234919e-05,7.994380177270356,-1.559671226802257
2647,3.344020613893778e-05,7.994378261408042,-1.5596674894209686
2648,3.344226957492975e-05,7.994375230342245,-1.5596619051075316
2649,3.3491289065877634e-05,7.99437222780735,-1.5596563428530508
2650,3.358704250767792e-05,7.994370306050426,-1.5596526697405746
2651,3.357224782970438e-05,7.994367226392663,-1.559647078078665
2652,3.353944609776358e-05,7.99436533320662,-1.5596433398669005
2653,3.361750504384304e-05,7.9943623283489496,-1.5596377958575367
2654,3.365292086838667e-05,7.994360289638083,-1.5596340878743808
2655,3.3646689349111e-05,7.994358330455568,-1.5596303633819084
2656,3.3680330387375874e-05,7.994355325442589,-1.5596247916156178
2657,3.369505217935471e-05,7.994353387314021,-1.559621076121198
2658,3.3738992170490766e-05,7.994351337329737,-1.5596173741927
2659,3.376093010465376e-05,7.99434938018021,-1.5596136637070745
2660,3.3824899451440866e-05,7.994346414836718,-1.5596081082771134
2661,3.380746217895531e-05,7.994343402395183,-1.5596025149813766
2662,3.3802947904803166e-05,7.994341439073684,-1.5595987925590034
2663,3.3822590254748774e-05,7.994339379337606,-1.5595950756613202
2664,3.393816356933787e-05,7.994336413732737,-1.5595895401999431
2665,3.400322236144822e-05,7.994334467257951,-1.559585855161906
2666,3.396804998155506e-05,7.99433139495269,-1.559580258279902
2667,3.3947476176462795e-05,7.994329469718533,-1.5595765253568312
2668,3.4096986285543105e-05,7.994326515410009,-1.5595710115471482
2669,3.406811726990225e-05,7.994324434795522,-1.5595672813922679
2670,3.40568998113119e-05,7.994321455366173,-1.5595616926371891
2671,3.40909743240227e-05,7.994319519932349,-1.559557985016693
2672,3.411565790215225e-05,7.994316530298261,-1.5595524040367827
2673,3.415758715413188e-05,7.994313541568537,-1.5595468438945062
2674,3.419602800103778e-05,7.994310578934643,-1.5595412749611313
2675,3.4192767924206274e-05,7.994307562700945,-1.5595356935688414
2676,3.4281086492570856e-05,7.994305614339101,-1.5595320111641682
2677,3.4312751561634385e-05,7.994302592215226,-1.5595264462940859
2678,3.4315850897508756e-05,7.994300567943682,-1.5595227244498944
2679,3.4309690283265247e-05,7.994298619589054,-1.559518997957547
2680,3.4330698694427386e-05,7.994296581144842,-1.5595152831179993
2681,3.43796909057976e-05,7.99429465792556,-1.5595115879363717
2682,3.4440772782485026e-05,7.994291624472731,-1.5595060327714956
2683,3.4411321071752416e-05,7.99428862231436,-1.5595004320633836
2684,3.447187871197336e-05,7.994285713050353,-1.5594948765319898
2685,3.460953983227946e-05,7.994283661565726,-1.5594912208704057
2686,3.449587620902024e-05,7.994281671505475,-1.559487444960442
2687,3.435086689193521e-05,7.994278635636322,-1.5594817848469866
2688,3.45757392261373e-05,7.9942767241561405,-1.559478158112393
2689,3.473011030617629e-05,7.994273733033215,-1.5594726553806273
2690,3.456466117305956e-05,7.994271735053069,-1.5594688541986776
2691,3.4452894274906705e-05,7.99426968946291,-1.5594650793360592
2692,3.461304113322156e-05,7.994267774896708,-1.5594614246089413
2693,3.4793978136873984e-05,7.994265741503159,-1.5594577898333888
2694,3.48278099693344e-05,7.994263801152579,-1.5594540906850025
2695,3.461983870476911e-05,7.994260753730611,-1.5594484037810425
2696,3.465458838649514e-05,7.994258793512731,-1.5594446932745714
2697,3.48544104145252e-05,7.994256756770975,-1.559441091544489
2698,3.4901535266890094e-05,7.994254846730434,-1.5594373931890915
2699,3.479715982731967e-05,7.994252764954768,-1.5594336122710468
2700,3.480713944759221e-05,7.994249844233246,-1.5594280219589995
2701,3.490941419098495e-05,7.994247867945456,-1.559424346239549
2702,3.50173522618609e-05,7.994244849060042,-1.559418805691011
2703,3.4984592267748736e-05,7.994242924469962,-1.5594150796681971
2704,3.494045010196563e-05,7.994239903517493,-1.5594094712041415
2705,3.5046927971508375e-05,7.994236861130049,-1.5594039365178713
2706,3.510432983280727e-05,7.994234956762493,-1.5594002417450339
2707,3.509890911004191e-05,7.994231932040277,-1.559394657562039
2708,3.506870262986847e-05,7.994229984573318,-1.5593909191398008
2709,3.5108601957910306e-05,7.994226995502955,-1.5593853534390558
2710,3.5214558785296305e-05,7.994224951001418,-1.5593816750481533
2711,3.52908403063726e-05,7.99422198853503,-1.5593761391055407
2712,3.5248988382746584e-05,7.994219924732643,-1.5593723973580709
2713,3.5229108535201074e-05,7.994217996693469,-1.55936866527504
2714,3.525147039300356e-05,7.994215071213705,-1.5593630908461587
2715,3.5334515535089496e-05,7.994213034173552,-1.5593594051193505
2716,3.53987483103318e-05,7.994211054089407,-1.5593557138173457
2717,3.5349657013750625e-05,7.994207993008453,-1.5593501084097348
2718,3.533077760251761e-05,7.994206104908606,-1.5593463840164985
2719,3.5498290257402645e-05,7.994203064809561,-1.5593408712994088
2720,3.5500460335666317e-05,7.994201112078065,-1.5593371555773294
2721,3.547789201197582e-05,7.994198145226949,-1.5593315596794142
2722,3.5492803414407625e-05,7.994195100257967,-1.5593259819778464
2723,3.561854672425656e-05,7.9941920985706645,-1.5593204622443302
2724,3.565774723426536e-05,7.994190099965363,-1.5593167557712544
2725,3.5590192469869906e-05,7.994188143406978,-1.559313007146069
2726,3.55824625582144e-05,7.994186163581131,-1.55930928037058
2727,3.5574766262185785e-05,7.9941841912230185,-1.5593055491943764
2728,3.567370301764285e-05,7.994182146367594,-1.559301866665763
2729,3.576541959539009e-05,7.994179152244695,-1.5592963330297924
2730,3.5762941645354906e-05,7.994177216931282,-1.55929261549367
2731,3.574968430464188e-05,7.994174191033668,-1.559287022837064
2732,3.5761952229958606e-05,7.994172249279825,-1.5592833053976858
2733,3.5805085514582374e-05,7.994170240767588,-1.5592796038935743
2734,3.583351854169419e-05,7.994167230294306,-1.5592740285991797
2735,3.584549729390021e-05,7.994165284892863,-1.559270312996979
2736,3.590980101902645e-05,7.99416224779182,-1.55926476138898
2737,3.594294210060232e-05,7.994160302964263,-1.5592610553538528
2738,3.59095048182984e-05,7.99415732951242,-1.5592554550413216
2739,3.5908026637418815e-05,7.994155272848567,-1.5592517255964913
2740,3.5936131173319544e-05,7.994153359315837,-1.5592480171783263
2741,3.6103806089377705e-05,7.994150317658967,-1.5592425129001906
2742,3.611542708645782e-05,7.994147327726873,-1.5592369405098365
2743,3.612868218387904e-05,7.994144399860663,-1.5592313693408395
2744,3.611217718552495e-05,7.994142349450487,-1.5592276318506808
2745,3.609848180095857e-05,7.994139380578922,-1.559222041267106
2746,3.611753979257272e-05,7.994137396275593,-1.559218326379043
2747,3.627434639215004e-05,7.994134393634197,-1.559212811423566
2748,3.630633530264497e-05,7.994131417678257,-1.559207250231258
2749,3.625027406790583e-05,7.994129398296519,-1.5592035051148412
2750,3.6243111108295814e-05,7.994127414354907,-1.559199772769735
2751,3.634431571815437e-05,7.994125501342277,-1.5591960981262145
2752,3.6373088148869875e-05,7.994123462272096,-1.5591923872610927
2753,3.6277997229208605e-05,7.994121440803097,-1.5591886222032043
2754,3.6247229549799694e-05,7.994119392667516,-1.5591848744535073
2755,3.6262496825590636e-05,7.994117510695196,-1.5591811578240955
2756,3.640997574627124e-05,7.994115459780506,-1.559177491784922
2757,3.6530420626984684e-05,7.99411356139503,-1.5591738271372724
2758,3.656585766725235e-05,7.994110523238034,-1.5591682659038812
2759,3.651773485882076e-05,7.9941075325314515,-1.5591626654276793
2760,3.6530561906720925e-05,7.994105585335686,-1.5591589515828608
2761,3.655820708913947e-05,7.994102548353439,-1.5591533748041118
2762,3.6632979953064154e-05,7.994100635048672,-1.5591496895383212
2763,3.673852267563951e-05,7.9940985909772095,-1.559146017245402
2764,3.649496153140787e-05,7.994095531128668,-1.559140313474831
2765,3.651873067599777e-05,7.994092602467517,-1.559134728577873
2766,3.682752900832892e-05,7.994089642225689,-1.5591292809035444
2767,3.680804779450599e-05,7.994086631466118,-1.5591236993574915
2768,3.675441096493089e-05,7.994084659324945,-1.5591199541806036
2769,3.6735051857028925e-05,7.994082622581671,-1.5591162161754466
2770,3.684582628926241e-05,7.994079736395686,-1.5591106844053118
2771,3.690604221452643e-05,7.994077699215733,-1.5591069860409768
2772,3.6940919413150934e-05,7.994074721709062,-1.5591014247704273
2773,3.693283824511863e-05,7.994072696042169,-1.55909769969162
2774,3.695904960438561e-05,7.99406970526551,-1.5590921256022126
2775,3.701136084216003e-05,7.9940678232812905,-1.5590884281842061
2776,3.702029349865672e-05,7.994065760224496,-1.5590847060852313
2777,3.704347152691986e-05,7.994062742402656,-1.5590791346122006
2778,3.7093553526457755e-05,7.994060816204266,-1.5590754390566883
2779,3.712274706479536e-05,7.994058815280601,-1.5590717267367482
2780,3.71606045895645e-05,7.994056852588814,-1.5590680203349685
2781,3.713608503281604e-05,7.994054821176986,-1.5590642887621384
2782,3.715033441745158e-05,7.99405188238956,-1.5590587160430613
2783,3.7327578132569524e-05,7.994048832671372,-1.55905321658131
2784,3.731033891883698e-05,7.99404687951144,-1.559049488143965
2785,3.72928307378403e-05,7.994043915289739,-1.559043900463443
2786,3.736349242579046e-05,7.99404188227686,-1.5590402115501067
2787,3.733847618159067e-05,7.994038932803959,-1.559034620008708
2788,3.734305728307451e-05,7.9940369070372,-1.5590308954184509
2789,3.735022215277079e-05,7.994034981315517,-1.5590271780739478
2790,3.743015839424658e-05,7.994032904695553,-1.5590234904530529
2791,3.7501426356933556e-05,7.994030967673903,-1.559019807447495
2792,3.7538298552549685e-05,7.994027902258758,-1.5590142368415878
2793,3.748023062534843e-05,7.994025987859479,-1.559010491769267
2794,3.749559199855604e-05,7.994023968065157,-1.5590067672702748
2795,3.751493351478986e-05,7.994022023737223,-1.5590030605291105
2796,3.7588152609643035e-05,7.99401993120242,-1.5589993699792688
2797,3.7649527137887965e-05,7.994018016726954,-1.55899568129425
2798,3.7691591445418854e-05,7.9940159833072615,-1.5589919797370102
2799,3.768389870626081e-05,7.994014077956734,-1.5589882510676332
2800,3.762141897052116e-05,7.994012006165191,-1.5589845002602385
2801,3.766786820616719e-05,7.994009078389691,-1.558978935718023
2802,3.77178428105915e-05,7.994007016484947,-1.5589752367024154
2803,3.778087503941323e-05,7.9940050804572484,-1.5589715392163799
2804,3.780307595907488e-05,7.994003079605722,-1.5589678312744533
2805,3.7796255510690475e-05,7.99400007585659,-1.5589622458100378
2806,3.780978119015746e-05,7.993997137512878,-1.5589566733459923
2807,3.793012127164496e-05,7.993995109081637,-1.5589530030096421
2808,3.775050026034196e-05,7.9939920705204495,-1.5589473314734201
2809,3.773443407075421e-05,7.993989120666479,-1.558941728350213
2810,3.810260054415501e-05,7.993986179200341,-1.5589363118490658
2811,3.806669618683462e-05,7.993984211959991,-1.5589325767261457
2812,3.7972159785861065e-05,7.99398222528573,-1.5589288169069384
2813,3.8069591644346055e-05,7.993979154952613,-1.5589232779859519
2814,3.8147882523579896e-05,7.993977245740666,-1.558919593585627
2815,3.815180071550944e-05,7.993975177856168,-1.5589158783673405
2816,3.816327940257864e-05,7.993973273331019,-1.558912160420488
2817,3.812056053595147e-05,7.99397121129489,-1.558908418714729
2818,3.811009234606167e-05,7.9939693018946505,-1.558904696653124
2819,3.823607394506501e-05,7.9939672251230265,-1.5589010262408587
2820,3.831128996913523e-05,7.993965270599689,-1.558897348205975
2821,3.825351101046774e-05,7.993962254407165,-1.558891734340604
2822,3.827750677422267e-05,7.993960372018512,-1.5588880273389258
2823,3.8367777891458734e-05,7.993957305551894,-1.5588824788938893
2824,3.8356834042837205e-05,7.993955334382224,-1.5588787602986367
2825,3.835935687314836e-05,7.993953321837275,-1.5588750388209058
2826,3.835612567588561e-05,7.993950333040605,-1.5588694502107532
2827,3.842648192438762e-05,7.993948370388537,-1.5588657625672746
2828,3.849255557214787e-05,7.9939463462952975,-1.558862067012887
2829,3.848538509648604e-05,7.993944399227258,-1.5588583460969827
2830,3.848943323547087e-05,7.993942403838927,-1.5588546245491766
2831,3.8510931754244895e-05,7.9939394374711545,-1.5588490521275593
2832,3.854450243613422e-05,7.993936452544961,-1.5588434822346968
2833,3.857935405177645e-05,7.9939344219023605,-1.5588397700218175
2834,3.859330230205961e-05,7.993932457455453,-1.5588360534797414
2835,3.862878755860305e-05,7.993930403343726,-1.558832346872216
2836,3.869125301386648e-05,7.993927500857775,-1.5588267950624823
2837,3.8694321218093275e-05,7.993925480889214,-1.5588230701259627
2838,3.869885035419668e-05,7.993922481525663,-1.5588174897512592
2839,3.872220419010278e-05,7.9939205459911875,-1.5588137796730572
2840,3.887722797498063e-05,7.993917522609919,-1.5588082677170545
2841,3.881349419000846e-05,7.993914504084036,-1.5588026575578695
2842,3.879397059787101e-05,7.993912537137494,-1.5587989250377055
2843,3.888911933998651e-05,7.9939095549851045,-1.5587933746442377
2844,3.898917628796911e-05,7.993907619740442,-1.5587897052232278
2845,3.887844701072434e-05,7.993904532725972,-1.5587840658949415
2846,3.875762849230465e-05,7.993902548064926,-1.5587802772441637
2847,3.905943653438959e-05,7.99389955475654,-1.558774824530672
2848,3.917253730558941e-05,7.993897654067976,-1.5587711606484274
2849,3.9012778722310476e-05,7.9938956386767135,-1.5587673700652016
2850,3.8935665833378334e-05,7.993892623046813,-1.5587617439871364
2851,3.9054909999411466e-05,7.993890687218901,-1.5587580726050492
2852,3.91875832019671e-05,7.993887698069553,-1.5587525517813094
2853,3.9242999765994867e-05,7.993884686391743,-1.558746993759295
2854,3.923499055310408e-05,7.993882719187671,-1.5587432784150363
2855,3.92810977178953e-05,7.993879746733782,-1.5587377132500235
2856,3.929272323062543e-05,7.993877776006954,-1.5587339964039693
2857,3.930904122994757e-05,7.993874779338916,-1.5587284219824793
2858,3.935847760209288e-05,7.993872707376179,-1.558724720754152
2859,3.938339742680411e-05,7.99387081444762,-1.5587210153178315
2860,3.938968376275055e-05,7.9938677948940775,-1.5587154300210662
2861,3.938669902496477e-05,7.993865818156466,-1.5587117055847615
2862,3.943468907396237e-05,7.993862865017516,-1.5587061501600854
2863,3.9563463844372234e-05,7.993860816067096,-1.5587024832374974
2864,3.938723482629604e-05,7.9938578134920455,-1.558696813642981
2865,3.931864589293284e-05,7.9938548286594235,-1.5586911833211428
2866,3.965763333524193e-05,7.9938518534154,-1.5586857477740481
2867,3.9691340681399944e-05,7.993849939437756,-1.558682049874478
2868,3.9656400634665066e-05,7.993847863183927,-1.5586783138817477
2869,3.9592728373905674e-05,7.99384489142772,-1.5586726974386182
2870,3.965479861909072e-05,7.993842913303781,-1.558669001177264
2871,3.983764448780828e-05,7.99383990032976,-1.5586635060602223
2872,3.9873334015718576e-05,7.993837975837118,-1.558659804896195
2873,3.9696544523150325e-05,7.99383594753887,-1.5586559984036081
2874,3.958555237413458e-05,7.993832958395887,-1.5586503513884715
2875,3.9797917331530214e-05,7.993830919249018,-1.5586467153993933
2876,4.002433232779083e-05,7.993828024172443,-1.5586412484988539
2877,3.985691752943303e-05,7.993825017798388,-1.5586355931656186
2878,3.973635994781577e-05,7.9938219463473805,-1.5586299374212855
2879,3.994611016030505e-05,7.99382006464811,-1.558626309680317
2880,4.015838844615495e-05,7.993818014672067,-1.5586226819671647
2881,4.0023834608447e-05,7.993816098378242,-1.5586189092143947
2882,3.9937766293634884e-05,7.9938140342155855,-1.558615143507492
2883,4.0093627494449234e-05,7.993811081040512,-1.5586096291791651
2884,4.019408677765301e-05,7.993808161561346,-1.5586040993024024
2885,4.016749957832813e-05,7.993805090824219,-1.5585985032650076
2886,4.015518741742686e-05,7.993802123199659,-1.5585929156404146
2887,4.0285029555391844e-05,7.993800194389532,-1.5585892568047273
2888,4.0375932396843584e-05,7.993797121224564,-1.558583716795376
2889,4.0346572086133785e-05,7.993795219078265,-1.558579990531686
2890,4.0315236719312415e-05,7.9937931690819735,-1.5585762445572848
2891,4.032522897190511e-05,7.993790256047027,-1.5585706675064814
2892,4.042787849046872e-05,7.993788195428048,-1.5585669959156911
2893,4.051961958051948e-05,7.993785197115485,-1.5585614561060575
2894,4.04632790945512e-05,7.993783273842975,-1.5585577110130715
2895,4.037945611661021e-05,7.993780227346288,-1.5585520841946947
2896,4.0452533869447976e-05,7.993778267991164,-1.5585483954862778
2897,4.0581558620995324e-05,7.993775262128313,-1.5585428750409176
2898,4.064781719024146e-05,7.993773267153209,-1.5585391839437361
2899,4.066081979293659e-05,7.993771349603286,-1.5585354723608833
2900,4.055934643903843e-05,7.993768269757452,-1.5585298341621685
2901,4.058445904055381e-05,7.993765308397383,-1.558524258485101
2902,4.070982173397301e-05,7.993762396202687,-1.558518731406972
2903,4.0744640463024346e-05,7.993760349802624,-1.5585150182088066
2904,4.074808987648021e-05,7.99375741142995,-1.5585094421640795
2905,4.075639260104467e-05,7.993755369432571,-1.5585057275795886
2906,4.079460925661624e-05,7.993753363128642,-1.558502019513608
2907,4.081989323150913e-05,7.993751454635173,-1.558498309171416
2908,4.089733314123522e-05,7.993748411933602,-1.5584927535625488
2909,4.0913296123658864e-05,7.993746460652407,-1.5584890488547911
2910,4.098934821190043e-05,7.9937434866260855,-1.5584835000142274
2911,4.0974921931018335e-05,7.993741468711882,-1.5584797718742505
2912,4.094659220267211e-05,7.993738547042762,-1.5584741713366403
2913,4.097178224772602e-05,7.993736482273529,-1.5584704557997224
2914,4.112172996118554e-05,7.993733506014455,-1.5584649483312052
2915,4.1165788695460425e-05,7.993731481657362,-1.5584612433986698
2916,4.1101601049306685e-05,7.993729545480377,-1.5584574976648018
2917,4.114247433765446e-05,7.993726603983375,-1.558451935159797
2918,4.120037636230453e-05,7.993724527055544,-1.5584482354220046
2919,4.1183159456753684e-05,7.9937215780661175,-1.5584426433708505
2920,4.120170814694983e-05,7.993719588229809,-1.558438929390838
2921,4.132472842936798e-05,7.99371656350656,-1.5584334026561857
2922,4.136155347889686e-05,7.993714617072029,-1.558429699072047
2923,4.129373150048917e-05,7.993711602857712,-1.5584240845773587
2924,4.139577315899698e-05,7.993708635546478,-1.5584185443170113
2925,4.14759789059146e-05,7.993706669015174,-1.558414858298327
2926,4.142337781924034e-05,7.993703644224956,-1.5584092537417547
2927,4.1361807386192373e-05,7.9937017228254925,-1.5584055026500085
2928,4.142217263947085e-05,7.993698652807778,-1.5583999387893348
2929,4.1470524718598345e-05,7.993696696867502,-1.5583962373408924
2930,4.153956871104949e-05,7.9936947588577025,-1.558392548390964
2931,4.159922298032759e-05,7.9936927741854324,-1.558388855568786
2932,4.161471355430839e-05,7.993690727777355,-1.5583851321080022
2933,4.1582322142253204e-05,7.993688776583537,-1.5583814017428075
2934,4.162082262998826e-05,7.993686774749391,-1.5583777007329622
2935,4.172195430078648e-05,7.99368483827807,-1.5583740245752813
2936,4.170624931938671e-05,7.993682744109307,-1.5583702877822472
2937,4.1635694376610725e-05,7.993679739323749,-1.5583646715293702
2938,4.169450765162213e-05,7.993677827194723,-1.558360974258314
2939,4.182345619591049e-05,7.993675777425955,-1.5583573098786292
2940,4.1903377278966154e-05,7.993673825949216,-1.5583536258404012
2941,4.1867901432238354e-05,7.993671825643903,-1.5583498933349336
2942,4.1787176170392054e-05,7.993668914171029,-1.5583442705170576
2943,4.1874241625933237e-05,7.993665855835688,-1.5583387216138234
2944,4.2022952655814605e-05,7.99366285694287,-1.55833321102372
2945,4.2041785675394406e-05,7.993660950213023,-1.5583295041432983
2946,4.1998884443497966e-05,7.993657878601551,-1.5583238990117116
2947,4.197760811171278e-05,7.993654910472628,-1.5583183052355205
2948,4.210421903170392e-05,7.993652981491184,-1.5583146436056525
2949,4.218642611489312e-05,7.99365094621935,-1.5583109615870914
2950,4.217109857019396e-05,7.993648955683359,-1.5583072371744915
2951,4.214659654559336e-05,7.993645970172464,-1.5583016400169116
2952,4.214689223744485e-05,7.993643017288607,-1.5582960529192897
2953,4.218033289997773e-05,7.9936400409639266,-1.5582904816887961
2954,4.223858659627737e-05,7.993638020105129,-1.5582867843058916
2955,4.229919353873817e-05,7.993636111220245,-1.5582830913792305
2956,4.229300624195097e-05,7.99363304881605,-1.5582775056001106
2957,4.2283862910390307e-05,7.993631035365301,-1.5582737754708387
2958,4.231916877414546e-05,7.993629111201767,-1.5582700745008093
2959,4.246926235659711e-05,7.993627084822742,-1.5582664176465062
2960,4.2436274635620396e-05,7.993625081486675,-1.5582626801011203
2961,4.223542034102033e-05,7.993623005608405,-1.558258856582484
2962,4.2433600932679653e-05,7.9936201045759345,-1.5582533568613957
2963,4.266186973862707e-05,7.993617122046358,-1.5582478788088385
2964,4.251740505949626e-05,7.993615163855636,-1.5582440956761328
2965,4.234775699502078e-05,7.993612126146377,-1.5582384265510558
2966,4.260526597554058e-05,7.993609154108844,-1.5582329521241642
2967,4.2717263265268456e-05,7.993607245910399,-1.5582292816868328
2968,4.2532537145264166e-05,7.9936041995330065,-1.5582236144573092
2969,4.258277492496253e-05,7.993602227728999,-1.558219908474022
2970,4.280799327137838e-05,7.993599296128489,-1.5582144338800106
2971,4.266541266822402e-05,7.993596251731336,-1.558208782702595
2972,4.257023451456563e-05,7.993594211883485,-1.5582050071935816
2973,4.269754222921875e-05,7.99359226514959,-1.5582013391610674
2974,4.2917437261435206e-05,7.99359028927747,-1.5581977145071495
2975,4.285383916346547e-05,7.993587341464031,-1.5581921066660722
2976,4.277972303672656e-05,7.993585311444315,-1.5581883453001928
2977,4.286768815726731e-05,7.993583372023756,-1.5581846616322892
2978,4.308829505446324e-05,7.993580389275816,-1.5581791820734774
2979,4.3069090249713366e-05,7.993578358645561,-1.5581754497759746
2980,4.283990008193261e-05,7.993575408461456,-1.558169753332773
2981,4.292137007540801e-05,7.993573355141469,-1.5581660593609183
2982,4.312785917226825e-05,7.993571409512711,-1.5581624367403217
2983,4.32082376098223e-05,7.9935683888326245,-1.5581568942672874
2984,4.302558788405326e-05,7.993566422551156,-1.558153086595173
2985,4.310443197593275e-05,7.993563468417484,-1.5581475326007495
2986,4.321741896758407e-05,7.993561432749316,-1.558143858591787
2987,4.3254039950276244e-05,7.993559534397975,-1.5581401575396463
2988,4.3269976239592476e-05,7.9935574548135415,-1.5581364412050078
2989,4.32733171080095e-05,7.993555555306529,-1.5581327247799162
2990,4.3325546388938254e-05,7.993552549206798,-1.5581271627849318
2991,4.33449818462726e-05,7.993550575129711,-1.558123445844101
2992,4.3386860861837484e-05,7.993548573031383,-1.5581197450017394
2993,4.339562189165679e-05,7.993545533752185,-1.5581141616012382
2994,4.339931155002942e-05,7.993543627056053,-1.5581104479194656
2995,4.3542640712222966e-05,7.993540598404442,-1.5581049284119899
2996,4.354864431943027e-05,7.993538647522121,-1.558101208570833
2997,4.3553639029353706e-05,7.993536592708625,-1.5580974903268496
2998,4.351829467251835e-05,7.993533624298421,-1.5580918858303294
2999,4.355899248317415e-05,7.993531648692022,-1.5580881799860042
3000,4.3665946184790535e-05,7.993529614309452,-1.558084508757368
3001,4.376388644709327e-05,7.993527663517343,-1.5580808365511862
3002,4.359443621200172e-05,7.993525620083679,-1.5580770262818688
3003,4.3433734488254596e-05,7.993522675948988,-1.5580713556802146
3004,4.3767012137634176e-05,7.993520654397402,-1.5580677811187231
3005,4.3895006118929384e-05,7.99351875025154,-1.5580641173101284
3006,4.367836553982273e-05,7.993515762306034,-1.5580584407453892
3007,4.371250315758557e-05,7.9935137138997305,-1.5580547283307051
3008,4.382424520645417e-05,7.993510753001182,-1.558049193924086
3009,4.38900895232687e-05,7.993507854230376,-1.5580436412978906
3010,4.3915660363161196e-05,7.9935057763264075,-1.5580399316494187
3011,4.4029260031695315e-05,7.99350281135965,-1.5580344062179143
3012,4.406389939472584e-05,7.993500769717539,-1.5580306942486815
3013,4.398069433582914e-05,7.9934978192567225,-1.5580250793197625
3014,4.408710062395332e-05,7.9934958767877795,-1.5580214060747632
3015,4.414964309980509e-05,7.9934928229020255,-1.5580158487641196
3016,4.411500423677482e-05,7.993490921259218,-1.55801211622239
3017,4.4129447313659275e-05,7.993487892967937,-1.5580065362973652
3018,4.4146374119708466e-05,7.993485912197506,-1.558002823664448
3019,4.427031674799729e-05,7.993483918948503,-1.5579991566512466
3020,4.4310481069419625e-05,7.993481970900655,-1.5579954542429948
3021,4.426564718473455e-05,7.993479908618731,-1.557991709093507
3022,4.4338372135323846e-05,7.993476974480963,-1.5579861619367545
3023,4.44114967951601e-05,7.993474953162586,-1.5579824782911091
3024,4.43940139954406e-05,7.993472987614624,-1.5579787490289938
3025,4.4385936874242156e-05,7.99347100213845,-1.5579750241154995
3026,4.437048191503953e-05,7.993467979502388,-1.5579694226295457
3027,4.450176963069115e-05,7.993465059394655,-1.557963905008065
3028,4.454969152237022e-05,7.9934620207534,-1.5579583431135862
3029,4.449428791402488e-05,7.993459049484911,-1.5579527330953438
3030,4.458155977455322e-05,7.993456050180477,-1.557947191157809
3031,4.461271768924921e-05,7.993454101090573,-1.557943486091966
3032,4.4618617865813694e-05,7.99345108635517,-1.5579378980588958
3033,4.4641186656254894e-05,7.993449165760913,-1.557934187553565
3034,4.4681797140624764e-05,7.993446168234118,-1.5579286218493573
3035,4.4742918202846025e-05,7.993444142791162,-1.5579249216045996
3036,4.4766051883506936e-05,7.993441190596879,-1.5579193537271705
3037,4.475840884935721e-05,7.993439125895173,-1.557915619904998
3038,4.476096101781674e-05,7.993437213934263,-1.5579119043420369
3039,4.49097162664334e-05,7.993434230020233,-1.5579063881127824
3040,4.492551016902281e-05,7.993432248341023,-1.5579026693771534
3041,4.491514208936493e-05,7.993430218758492,-1.557898942842708
3042,4.4864985373107656e-05,7.993428256099367,-1.5578951960536978
3043,4.485544062856384e-05,7.993426232713842,-1.5578914635015222
3044,4.497919602158608e-05,7.9934232297210706,-1.5578859333900983
3045,4.504607672135368e-05,7.993421324752973,-1.5578822414904818
3046,4.507861209236458e-05,7.993419277649641,-1.5578785358400027
3047,4.507673855747279e-05,7.993416332637872,-1.5578729553771367
3048,4.5091499675068614e-05,7.993414271006842,-1.5578692361270772
3049,4.5155898366804596e-05,7.993411343579332,-1.557863678183359
3050,4.517239989097447e-05,7.993409386954434,-1.557859963903332
3051,4.519995669993532e-05,7.9934063122300785,-1.557854390882906
3052,4.524844277597645e-05,7.993404374494808,-1.5578506922267648
3053,4.52862240010536e-05,7.993402394455255,-1.5578469815152407
3054,4.528376916292516e-05,7.993399371385303,-1.557841399961693
3055,4.536395226193057e-05,7.993397435868824,-1.557837717992663
3056,4.543930029009115e-05,7.993395381453449,-1.5578340284506602
3057,4.543653517588741e-05,7.993392463727131,-1.5578284465745595
3058,4.537831986167489e-05,7.993389464866561,-1.5578228332837039
3059,4.545228045672864e-05,7.993386429809607,-1.5578172718884358
3060,4.549913807704446e-05,7.993384518626409,-1.5578135772861679
3061,4.553501667129166e-05,7.993381515486393,-1.557808008443821
3062,4.557589157069718e-05,7.9933795496392985,-1.5578043050105428
3063,4.56595586981518e-05,7.99337753065164,-1.5578006250163137
3064,4.5653680337523085e-05,7.9933745081736305,-1.557795040753033
3065,4.566999476018928e-05,7.993372576005909,-1.5577913297613104
3066,4.569485936727484e-05,7.993369553100803,-1.5577857497229732
3067,4.5734681288106963e-05,7.993367619656694,-1.557782040817115
3068,4.576063925840024e-05,7.993364638455171,-1.5577764746191043
3069,4.579679455267204e-05,7.9933625993128405,-1.5577727658801614
3070,4.582777897351926e-05,7.993360659496772,-1.5577690606287748
3071,4.587772507737976e-05,7.99335760734145,-1.5577634908779705
3072,4.5852972297786995e-05,7.993355669022722,-1.557759763037743
3073,4.589702079246029e-05,7.9933536795817455,-1.5577560644127493
3074,4.597909085717162e-05,7.993351686502333,-1.5577523789135577
3075,4.602325896201349e-05,7.993349651330153,-1.5577486800043059
3076,4.5969741773535404e-05,7.9933466596416665,-1.5577430675024821
3077,4.6011358973969274e-05,7.993344757601718,-1.557739364837299
3078,4.610121145418892e-05,7.993342728528542,-1.5577356832387868
3079,4.6095532712659526e-05,7.993339784306736,-1.5577301006733408
3080,4.611045051435873e-05,7.993337733295443,-1.5577263833650246
3081,4.6126362202652906e-05,7.993334754412848,-1.5577208039900787
3082,4.619332256222652e-05,7.993331858158397,-1.55771525034516
3083,4.62121008582271e-05,7.9933297794593114,-1.5577115316198653
3084,4.618212906046e-05,7.993326801808643,-1.5577059297067
3085,4.628861548135505e-05,7.99332388707807,-1.557700394067325
3086,4.642772752046802e-05,7.993321808091877,-1.55769673630793
3087,4.6473350751407655e-05,7.993319869352697,-1.557693040377624
3088,4.641480743221396e-05,7.993316846041489,-1.5576874338967754
3089,4.6358997261641084e-05,7.993314924908482,-1.5576836816751358
3090,4.642468115548774e-05,7.993312860574847,-1.557679982956937
3091,4.645809793028125e-05,7.993310946322404,-1.5576762816105403
3092,4.650955587492291e-05,7.993308920417526,-1.5576725778918388
3093,4.6539060860667406e-05,7.993305959216307,-1.5576670101401056
3094,4.653032362827263e-05,7.993303943987393,-1.557663282471692
3095,4.653709914083117e-05,7.993301951932901,-1.5576595601535586
3096,4.667707400839753e-05,7.9932990454007475,-1.5576540466322515
3097,4.670579384049875e-05,7.993296992216047,-1.5576503320220767
3098,4.670259054955032e-05,7.99329504096667,-1.557646616773871
3099,4.6684905250989934e-05,7.993292000256633,-1.5576410174303543
3100,4.676496939777009e-05,7.99328903386366,-1.5576354706476796
3101,4.6927285870072494e-05,7.993286061216505,-1.5576299656314334
3102,4.6655808144042164e-05,7.993283066232569,-1.5576242516571182
3103,4.6719220397995194e-05,7.993280036277603,-1.5576186837120636
3104,4.710188876869628e-05,7.993277073186317,-1.557613271991761
3105,4.690646607434194e-05,7.9932741314120594,-1.5576076097105336
3106,4.692069028548078e-05,7.993271154915779,-1.5576020291883483
3107,4.70407132174295e-05,7.993268168134214,-1.5575964986847948
3108,4.7065752471761445e-05,7.993264220326437,-1.557589064631236
3109,4.7153747305760284e-05,7.993262236894954,-1.5575853834750717
3110,4.723059366061379e-05,7.99325924196682,-1.557579836017482
3111,4.72184688183431e-05,7.9932571772371785,-1.5575761122901741
3112,4.723030502100072e-05,7.993254286630219,-1.5575705333594057
3113,4.724892712365391e-05,7.9932512840011904,-1.5575649556783218
3114,4.732615771457491e-05,7.993248253747482,-1.5575594048659842
3115,4.731728038119854e-05,7.993245284039269,-1.557553817439136
3116,4.737756087493809e-05,7.993242380334007,-1.557548259709718
3117,4.7421402171996184e-05,7.993239350945926,-1.5575426977406543
3118,4.7472565031204024e-05,7.993236286842307,-1.5575371347985072
3119,4.752913904952639e-05,7.993233352563984,-1.5575315776825012
3120,4.752494314546221e-05,7.993231424968796,-1.5575278525206477
3121,4.7497173939768136e-05,7.993228357912187,-1.5575222445198287
3122,4.752319382166706e-05,7.993226448803228,-1.5575185406315342
3123,4.7693929656610786e-05,7.993223432107842,-1.5575130343380559
3124,4.771573719040026e-05,7.9932214620295525,-1.5575093203410502
3125,4.766589044771969e-05,7.993218507861737,-1.5575037215735528
3126,4.782596093697549e-05,7.993215460607721,-1.557498205597273
3127,4.78241124264591e-05,7.993213530389944,-1.5574944905039823
3128,4.7787895385845446e-05,7.993211471208013,-1.557490747242966
3129,4.7725427854068514e-05,7.993209547822131,-1.5574869939010756
3130,4.781491026755784e-05,7.993206471523039,-1.5574814424074526
3131,4.7909835724624986e-05,7.993204502420431,-1.557477766513576
3132,4.802616626051694e-05,7.993201586411171,-1.5574722462890656
3133,4.797707928207056e-05,7.9931985838832125,-1.5574666315331374
3134,4.772292643195349e-05,7.993195494480995,-1.5574609185392916
3135,4.8080218351964047e-05,7.993192659057234,-1.557455491384638
3136,4.821767028416795e-05,7.993190629833334,-1.5574518327199083
3137,4.810696464987737e-05,7.99318866790847,-1.557448070392054
3138,4.808352228583078e-05,7.993186658007324,-1.5574443423155695
3139,4.823295877593442e-05,7.993183621928628,-1.5574388265675916
3140,4.826165072704738e-05,7.993180725119508,-1.5574332619452518
3141,4.820019218723396e-05,7.9931777249417975,-1.557427645597529
3142,4.826595442304984e-05,7.99317467680807,-1.5574220872814155
3143,4.8336476634301654e-05,7.993172748369229,-1.5574184017214678
3144,4.842312179350069e-05,7.993169744000286,-1.5574128627860715
3145,4.842772671158794e-05,7.993167766587438,-1.5574091405737984
3146,4.836208708758002e-05,7.993163815229098,-1.5574016660168817
3147,4.8448220462071566e-05,7.993161763693036,-1.557397976218376
3148,4.851162625621175e-05,7.9931588039246835,-1.5573924226640328
3149,4.85102695470127e-05,7.993156860298795,-1.5573886996160942
3150,4.853398361376743e-05,7.993153812979764,-1.5573831227999735
3151,4.8553837492039695e-05,7.99315188725487,-1.557379408293885
3152,4.862322628031745e-05,7.9931498726896075,-1.5573757195241102
3153,4.873319119623082e-05,7.9931469069849275,-1.5573701861921039
3154,4.867077207039725e-05,7.993144872283992,-1.5573664387630615
3155,4.8660457775775476e-05,7.993142853456445,-1.557362704967431
3156,4.869267131143605e-05,7.993140966892593,-1.5573590000987128
3157,4.8848713156063036e-05,7.993138943016043,-1.5573553386244487
3158,4.883620760474006e-05,7.993135958719222,-1.5573497587224032
3159,4.884834714245489e-05,7.993133909841707,-1.5573460409038802
3160,4.888196490012483e-05,7.993131982884612,-1.5573423316305428
3161,4.877334967001288e-05,7.993129037653443,-1.5573366948597311
3162,4.887833342830929e-05,7.993126939107091,-1.5573330070036624
3163,4.9065723648214036e-05,7.9931239579974545,-1.5573275165651994
3164,4.913878260620293e-05,7.993122037500614,-1.5573238266465963
3165,4.884113320917028e-05,7.9931190131912295,-1.5573180969573768
3166,4.9065462542528034e-05,7.993116069465852,-1.5573126213489266
3167,4.9216878137952386e-05,7.9931140456218355,-1.5573089677442393
3168,4.9050465430153016e-05,7.993111091670004,-1.5573033047573515
3169,4.898470278674818e-05,7.993109089725468,-1.5572995458076528
3170,4.9221812973579103e-05,7.993106077645584,-1.5572940606750862
3171,4.9341057979941636e-05,7.993104188126875,-1.5572903998731484
3172,4.9324027644347624e-05,7.993101179915365,-1.5572848159629453
3173,4.928332658063284e-05,7.993099230581077,-1.5572810678103888
3174,4.932358205908854e-05,7.993096223318625,-1.5572755028495233
3175,4.948085265381665e-05,7.993093193950816,-1.557269996280056
3176,4.951344208959478e-05,7.993091248587296,-1.5572662894129448
3177,4.9437070045673615e-05,7.993088259048933,-1.557260672354684
3178,4.942852309715641e-05,7.9930862467040775,-1.5572569388627673
3179,4.958488787624266e-05,7.99308228813567,-1.5572495677702494
3180,4.962780841264255e-05,7.993080273127203,-1.5572458602296222
3181,4.963219485147447e-05,7.993077274406583,-1.55724028525215
3182,4.9632824022392864e-05,7.993075386726175,-1.5572365637496917
3183,4.966996310412964e-05,7.993073319473084,-1.5572328526755497
3184,4.96870352172266e-05,7.9930703475273965,-1.5572272767244466
3185,4.974096009732823e-05,7.993068372690267,-1.557223582140598
3186,4.976305795536817e-05,7.993065371547483,-1.5572180030989307
3187,4.9783146493518895e-05,7.993063452829721,-1.5572142880073223
3188,4.979308827950371e-05,7.993060424151665,-1.5572087091649094
3189,4.994063751143153e-05,7.993057411503559,-1.5572031944133617
3190,4.9990734273164814e-05,7.99305545054929,-1.557199493802216
3191,4.993011348878091e-05,7.993052451201398,-1.5571938835377097
3192,4.993152759577126e-05,7.993050544795206,-1.5571901611429597
3193,5.003197696265401e-05,7.993047480999185,-1.5571846158735139
3194,5.0087735596683267e-05,7.993045484420928,-1.5571809259448333
3195,5.015661397135998e-05,7.993041549195353,-1.5571735172978656
3196,5.0142387935416696e-05,7.993039535795828,-1.557169787006309
3197,5.0100634296882716e-05,7.993037590451971,-1.557166040398674
3198,5.018753805305874e-05,7.993034583839511,-1.5571604985073646
3199,5.025123199165068e-05,7.993032559962573,-1.5571568000167562
3200,5.024086464244981e-05,7.993029656282675,-1.5571512124318638
3201,5.031832282005424e-05,7.9930276048656355,-1.5571475253613971
3202,5.0390221833041015e-05,7.993024683899654,-1.5571419793318795
3203,5.0385871181126546e-05,7.993022625493159,-1.5571382562917888
3204,5.0393904684528514e-05,7.993019663112787,-1.5571326744826735
3205,5.0448041593088086e-05,7.993016702287159,-1.5571271085336003
3206,5.045573364340652e-05,7.9930146760403575,-1.5571233916430716
3207,5.0534771707707374e-05,7.993011684276905,-1.557117843197416
3208,5.052763306774811e-05,7.993009782799398,-1.5571141182598054
3209,5.053689931924606e-05,7.9930067211146225,-1.5571085349275162
3210,5.05487524881381e-05,7.993004748926718,-1.5571048157082223
3211,5.0662447813730146e-05,7.993001828304455,-1.5570992840658708
3212,5.074076385772822e-05,7.992998771354586,-1.557093732033945
3213,5.0678902722172416e-05,7.992996809381975,-1.5570899861663758
3214,5.069360108174982e-05,7.992993880510373,-1.5570844092485097
3215,5.084693896820096e-05,7.992991828130029,-1.5570807469773384
3216,5.0872929501517235e-05,7.99298889876543,-1.5570751836245826
3217,5.0844310167664843e-05,7.992986833307994,-1.5570714456496064
3218,5.084549027854572e-05,7.992982855994493,-1.557063991556981
3219,5.0901634369683485e-05,7.992980935169472,-1.5570602953804276
3220,5.097826039800828e-05,7.992977945148064,-1.5570547447194416
3221,5.1031600114387525e-05,7.992975970585555,-1.557051040504813
3222,5.1016956779816555e-05,7.992973934857963,-1.5570473151788908
3223,5.105832243526334e-05,7.992970947797545,-1.5570417515609252
3224,5.115262927579363e-05,7.992969014796391,-1.5570380770952985
3225,5.1191795520700785e-05,7.992965954818134,-1.557032511464831
3226,5.120193821390205e-05,7.992964044208407,-1.5570287962622356
3227,5.1169306455554615e-05,7.992961045488753,-1.5570231933756118
3228,5.125211141553181e-05,7.992958019107376,-1.5570176451289304
3229,5.130908928053673e-05,7.992956106010431,-1.5570139474553877
3230,5.130474458393708e-05,7.99295306932043,-1.5570083612319994
3231,5.133400582846195e-05,7.992951143124027,-1.5570046526033274
3232,5.1363078812771646e-05,7.992948150232683,-1.5569990815494936
3233,5.1422442527869895e-05,7.9929461134594915,-1.5569953835129422
3234,5.145605758644912e-05,7.992944185030896,-1.5569916784869196
3235,5.146284492953561e-05,7.992941130198638,-1.556986091660821
3236,5.145881742652599e-05,7.992939183346868,-1.5569823638650067
3237,5.1592165851407284e-05,7.992936231234359,-1.5569768454101107
3238,5.161163037710903e-05,7.992934215068235,-1.556973126233396
3239,5.1625704684428805e-05,7.992931253896447,-1.5569675526429412
3240,5.164442874631456e-05,7.992928257087932,-1.5569619740734817
3241,5.1691873150432453e-05,7.9929262480523615,-1.5569582717446513
3242,5.175687191602693e-05,7.992923294707398,-1.5569527203201183
3243,5.181021877705642e-05,7.992920310351866,-1.5569471560682024
3244,5.180786356923251e-05,7.992917272939205,-1.5569415672122748
3245,5.181546717573254e-05,7.992914266705101,-1.5569359883176561
3246,5.193053662485793e-05,7.992911392263482,-1.5569304556770274
3247,5.2006203582150124e-05,7.992909339296331,-1.556926768409182
3248,5.1972084095769915e-05,7.992906329139552,-1.5569211716001328
3249,5.1964921399525836e-05,7.992904418184479,-1.5569174456298005
3250,5.200247810619418e-05,7.992901401849236,-1.5569118698751565
3251,5.209646987927092e-05,7.992899476277549,-1.5569081921632206
3252,5.2170828758262114e-05,7.992896397480234,-1.556902638741359
3253,5.209983250679442e-05,7.9928934013003685,-1.5568970234849564
3254,5.2150751472399844e-05,7.99289151555014,-1.5568933244850902
3255,5.225485933242019e-05,7.992888488259835,-1.5568877814472926
3256,5.2075353528017684e-05,7.9928864358116885,-1.5568839732227453
3257,5.213980337109826e-05,7.992883485790056,-1.5568784094743282
3258,5.237273604837408e-05,7.99288150994819,-1.5568747852338363
3259,5.238310392771667e-05,7.9928786049141465,-1.5568692163647253
3260,5.240384919407642e-05,7.992875612027533,-1.5568636464112497
3261,5.2537986515006155e-05,7.992872535075735,-1.5568581287209384
3262,5.246374927719966e-05,7.992869591560503,-1.5568525110021834
3263,5.248599551968455e-05,7.992867629175366,-1.5568487962706494
3264,5.258204748672693e-05,7.992865655902474,-1.5568451136275536
3265,5.259937633712773e-05,7.9928636210495405,-1.556841404369848
3266,5.262926381836106e-05,7.9928596430290435,-1.556833965401057
3267,5.2595603452142775e-05,7.992857714592505,-1.5568302307843949
3268,5.281444641759019e-05,7.992853723724931,-1.5568228876221224
3269,5.268000893425428e-05,7.992851661158664,-1.5568191014479509
3270,5.254943356404687e-05,7.992848672164641,-1.556813444522304
3271,5.273068406744461e-05,7.992846746649404,-1.5568097966911665
3272,5.292711004770846e-05,7.992844762986742,-1.5568061647256353
3273,5.2780211941801883e-05,7.992841794198595,-1.556800516001913
3274,5.279028294015292e-05,7.992839761288139,-1.5567967955911082
3275,5.3007471310399815e-05,7.992836763746712,-1.5567913118480543
3276,5.309704215725443e-05,7.9928348297281016,-1.5567876334188109
3277,5.289847731191785e-05,7.992831792135604,-1.5567819536042724
3278,5.287104776739606e-05,7.992828843022489,-1.5567763485274548
3279,5.309939029442771e-05,7.9928268403069325,-1.5567727242521403
3280,5.324783695053662e-05,7.99282493485498,-1.5567690803439218
3281,5.320852616244341e-05,7.992822868632463,-1.556765341320963
3282,5.2942431596679554e-05,7.992819884555082,-1.5567596279795592
3283,5.309848633149394e-05,7.992817879775051,-1.5567559666217035
3284,5.3360059231473835e-05,7.992814963826869,-1.5567504985211642
3285,5.316004194473566e-05,7.992812013894626,-1.5567448331049305
3286,5.325980339676109e-05,7.992809937917593,-1.5567411450328443
3287,5.3444165960897916e-05,7.992806965370887,-1.5567356534198316
3288,5.349206184510242e-05,7.992805042520291,-1.5567319556557027
3289,5.34316526097046e-05,7.992802039510036,-1.5567263438458288
3290,5.340795781194418e-05,7.992800091062982,-1.5567226074305822
3291,5.3499497246615896e-05,7.992797105965234,-1.5567170640946786
3292,5.360298980430373e-05,7.992794067008494,-1.5567115284138036
3293,5.361857767243512e-05,7.992791087934604,-1.5567059542831194
3294,5.362776636547764e-05,7.99278913581432,-1.5567022371862203
3295,5.360819273567437e-05,7.992787160008084,-1.556698498339216
3296,5.3748382535799974e-05,7.992784204550701,-1.556692984662635
3297,5.3822827295628454e-05,7.99278213259484,-1.5566892995092534
3298,5.377870997331521e-05,7.9927801937800025,-1.5566855601439726
3299,5.380089629142498e-05,7.99277719114398,-1.5566799808246288
3300,5.3850998681634834e-05,7.992775262219197,-1.5566762874519906
3301,5.3893022039494315e-05,7.99277128862045,-1.5566688613342465
3302,5.39047688429707e-05,7.992769227721756,-1.5566651378751348
3303,5.394018949204226e-05,7.992766284623735,-1.5566595713622444
3304,5.393292714978102e-05,7.992764289394243,-1.5566558418224812
3305,5.404150168144432e-05,7.992761278726812,-1.5566503063007113
3306,5.4157639704413414e-05,7.992759340753011,-1.5566466416579219
3307,5.395014883890869e-05,7.992756291744687,-1.5566409539091652
3308,5.40006109105447e-05,7.992753302093909,-1.5566353791062622
3309,5.427095884853802e-05,7.992750427451056,-1.5566299252508315
3310,5.4286007529076065e-05,7.992747416666213,-1.5566243568790465
3311,5.4239449134506225e-05,7.99274538815488,-1.556620615587356
3312,5.423544013538211e-05,7.992742455437357,-1.556615024626306
3313,5.4356288298886384e-05,7.992740435734184,-1.556611356272916
3314,5.444469046621123e-05,7.992738496429568,-1.5566076782089364
3315,5.43105224633862e-05,7.992735419080865,-1.556602021836926
3316,5.427069853057994e-05,7.992732471423724,-1.5565964125951914
3317,5.456107050039876e-05,7.99272954730517,-1.5565909675575735
3318,5.458752712867484e-05,7.9927264881259745,-1.5565854006538111
3319,5.432426236181081e-05,7.992723483051945,-1.556579681245509
3320,5.438459728093217e-05,7.992721507120242,-1.5565759798681824
3321,5.4738656955742895e-05,7.992718599360823,-1.5565705532062897
3322,5.473008980200466e-05,7.992716657811545,-1.5565668413203577
3323,5.4623854557420854e-05,7.992713550996127,-1.556561204841374
3324,5.455830735940746e-05,7.992711636699797,-1.5565574525922417
3325,5.47960486912682e-05,7.992708636516971,-1.556551970250894
3326,5.490938970456703e-05,7.992706663408543,-1.5565483053714355
3327,5.481349522401662e-05,7.992703700071074,-1.5565426806027836
3328,5.473358157845427e-05,7.992700650115685,-1.556537045526661
3329,5.490875466611499e-05,7.992698741799319,-1.5565334038115617
3330,5.497735752421104e-05,7.9926947716807435,-1.5565259974533296
3331,5.492266435372838e-05,7.992691754188528,-1.55652037990929
3332,5.505005757098258e-05,7.992688739770377,-1.5565148499853751
3333,5.5124872043961926e-05,7.992685851908909,-1.5565092993476903
3334,5.510313421490589e-05,7.992682882169489,-1.55650370805285
3335,5.5135392017803866e-05,7.992680806073155,-1.5564999954585532
3336,5.5253334526800223e-05,7.992678888751194,-1.5564963308945436
3337,5.533660843610262e-05,7.992675814584704,-1.5564907857135928
3338,5.52794847857487e-05,7.992671897867603,-1.5564833186634517
3339,5.528770945387751e-05,7.9926699679957665,-1.5564795989529554
3340,5.540813562485971e-05,7.9926669252847224,-1.556474070387231
3341,5.548546077247471e-05,7.9926649287818385,-1.556470380990505
3342,5.548742418782055e-05,7.992662923063049,-1.5564666590363383
3343,5.543540637140614e-05,7.992659971612317,-1.5564610526892795
3344,5.5467595253789364e-05,7.99265701949708,-1.5564554790924672
3345,5.558051969445825e-05,7.992654006445705,-1.55644994923968
3346,5.5669098868806234e-05,7.992651007995572,-1.5564444051247945
3347,5.564202634669863e-05,7.992648084633142,-1.5564388071934485
3348,5.566850018376272e-05,7.99264509691394,-1.5564332340245761
3349,5.5708368973010696e-05,7.992643090661871,-1.5564295246187887
3350,5.572934644744972e-05,7.992641159622212,-1.5564258108748523
3351,5.575840058181251e-05,7.992638114306066,-1.5564202390211428
3352,5.581190649106318e-05,7.992636064649555,-1.5564165390692895
3353,5.5874594074249044e-05,7.99263418217078,-1.5564128441827025
3354,5.5870119377659754e-05,7.992632157303461,-1.55640911950846
3355,5.584673685293774e-05,7.992630203576158,-1.5564053818568928
3356,5.593065645775174e-05,7.992627141110031,-1.5563998338925555
3357,5.5987898257486694e-05,7.992624190555771,-1.556394278165177
3358,5.602989764313206e-05,7.992622260753611,-1.5563905726543799
3359,5.607828267746792e-05,7.992619239785546,-1.5563850118082947
3360,5.6104742649744927e-05,7.992617277801176,-1.556381306511664
3361,5.618307203763447e-05,7.992614287811768,-1.5563757614423432
3362,5.620495721432088e-05,7.992612285347759,-1.556372041886414
3363,5.615050340937894e-05,7.992609360639585,-1.5563664311082825
3364,5.6286543815627407e-05,7.992606350637771,-1.556360910825066
3365,5.634393664641473e-05,7.992604346100899,-1.556357214169921
3366,5.633533965016156e-05,7.992601390822623,-1.556351630091696
3367,5.6302720607966504e-05,7.992598377848918,-1.5563460235435576
3368,5.6412464897395396e-05,7.992595371829908,-1.5563404867748747
3369,5.645909293078137e-05,7.9925924716145325,-1.5563349229919718
3370,5.648133797529807e-05,7.992589472734541,-1.5563293523464352
3371,5.6524666071474264e-05,7.992586431144927,-1.556323784180094
3372,5.656626110438601e-05,7.99258348449594,-1.5563182149333137
3373,5.660916860063518e-05,7.9925805441085975,-1.5563126488016616
3374,5.666984472829575e-05,7.992577547534449,-1.556307093861427
3375,5.673516766737119e-05,7.992574525294625,-1.5563015301536178
3376,5.673414882973401e-05,7.992571554504625,-1.5562959507346816
3377,5.674407923294426e-05,7.9925696002904525,-1.5562922330361613
3378,5.682324164265307e-05,7.992566614528884,-1.5562866862837816
3379,5.688911489717825e-05,7.992564629640529,-1.5562829911088194
3380,5.6900766842893785e-05,7.992562609979568,-1.5562792728207815
3381,5.6877905376796007e-05,7.992560658428454,-1.5562755350694046
3382,5.694343055850127e-05,7.992558619665545,-1.556271840221801
3383,5.7050340124109085e-05,7.992555640136311,-1.5562663056345047
3384,5.704874017162431e-05,7.992553686606345,-1.5562625873703322
3385,5.703943883792446e-05,7.9925506713846435,-1.556256994239448
3386,5.7004280186484696e-05,7.99254876393592,-1.5562532510827922
3387,5.715037605323908e-05,7.99254569632106,-1.5562477338079603
3388,5.7294790201118736e-05,7.992542690966908,-1.55624221966105
3389,5.7098736594935737e-05,7.992540783693579,-1.5562384002534133
3390,5.708885883441535e-05,7.9925377729007,-1.5562328057661348
3391,5.740990314011427e-05,7.992535796543223,-1.5562292184196769
3392,5.736096383998065e-05,7.992533801210301,-1.556225478520864
3393,5.72116852664252e-05,7.9925317949525025,-1.5562216860408993
3394,5.726376682822863e-05,7.9925298269568525,-1.5562179833151446
3395,5.748144831017729e-05,7.992525856005868,-1.5562106333386554
3396,5.750075439817015e-05,7.992523908091039,-1.5562069249167818
3397,5.7463752822198225e-05,7.992520922691899,-1.5562013301666209
3398,5.750663707972526e-05,7.992518900551971,-1.5561976255383494
3399,5.7597765814943846e-05,7.99251695832657,-1.5561939481821159
3400,5.761311825614171e-05,7.992514963911414,-1.5561902279175084
3401,5.7615747862046735e-05,7.992512944066362,-1.5561865109873538
3402,5.764285780281952e-05,7.992509970551637,-1.5561809339022132
3403,5.770138065418769e-05,7.992507016669245,-1.5561753741955051
3404,5.775079531440805e-05,7.992504002112593,-1.5561698174853782
3405,5.784380474423851e-05,7.992501063955374,-1.5561642725313716
3406,5.782720336774021e-05,7.992498060942217,-1.5561586694366758
3407,5.7881732560141566e-05,7.992495071033732,-1.5561531166455684
3408,5.7908072652964294e-05,7.992492070149831,-1.5561475468766386
3409,5.7966379520291435e-05,7.992490052698599,-1.5561438452240537
3410,5.795362986527221e-05,7.992487150476754,-1.5561382507992791
3411,5.8091322116035e-05,7.9924841808716796,-1.5561327356274566
3412,5.812527428675515e-05,7.99248114560593,-1.5561271610941851
3413,5.7904727196193487e-05,7.992478116703757,-1.5561214618565855
3414,5.800247311361377e-05,7.992476205855919,-1.5561177833514426
3415,5.83012984329533e-05,7.992473240271522,-1.5561123279255924
3416,5.816848296323986e-05,7.992471230702618,-1.5561085495280595
3417,5.8248022780358073e-05,7.992467264722762,-1.556101132969069
3418,5.8388838433404224e-05,7.992465289787427,-1.5560974814068855
3419,5.8407931577089935e-05,7.992462293597051,-1.5560919102291986
3420,5.8308214520052267e-05,7.992459345034643,-1.5560862755955256
3421,5.835603412699505e-05,7.9924572886544505,-1.5560825679691963
3422,5.851941814458854e-05,7.992454294072137,-1.556077060527944
3423,5.861112737437281e-05,7.992451413638486,-1.5560715224041022
3424,5.8473728883344334e-05,7.992448364022355,-1.5560658685751982
3425,5.858139869208837e-05,7.9924453860960805,-1.5560603284722037
3426,5.87265241464497e-05,7.992443424883338,-1.5560566807593006
3427,5.878517810086275e-05,7.99244139821445,-1.5560529770864577
3428,5.85145544714089e-05,7.9924384695548305,-1.5560472680780166
3429,5.864349420178059e-05,7.992436405537859,-1.556043605567009
3430,5.882959020465102e-05,7.992433504827771,-1.556038104867216
3431,5.88137361045737e-05,7.9924315508583215,-1.5560343732700483
3432,5.8815735719241814e-05,7.992429550712639,-1.5560306444354322
3433,5.882575547239135e-05,7.99242657112085,-1.5560250607172141
3434,5.89288183199512e-05,7.992424536481375,-1.5560213818864266
3435,5.902700073018975e-05,7.9924216191317425,-1.5560158462516256
3436,5.903449998848849e-05,7.992419589450157,-1.5560121293865963
3437,5.9003254973825444e-05,7.992416580671513,-1.5560065270502672
3438,5.9043805335083685e-05,7.992413663944893,-1.556000956430513
3439,5.9226657596282324e-05,7.992410673075327,-1.5559954591566867
3440,5.924661602576838e-05,7.992408646537204,-1.5559917493364048
3441,5.9227926090492725e-05,7.992406702914416,-1.5559880243992692
3442,5.916460295194163e-05,7.992403682474765,-1.5559824015611123
3443,5.929553687814362e-05,7.992400704838813,-1.5559768776439384
3444,5.944020902709065e-05,7.992397769693043,-1.5559713633841947
3445,5.937974112165499e-05,7.992394764357889,-1.555965758148757
3446,5.9373065595348417e-05,7.992392774384564,-1.555962027411206
3447,5.9389654783894047e-05,7.992389844514968,-1.555956452098391
3448,5.953886289585217e-05,7.99238681001318,-1.5559509333843011
3449,5.95784323245198e-05,7.99238483680697,-1.5559472287516134
3450,5.9519882448236103e-05,7.992381898767628,-1.555941615285527
3451,5.9669941116803575e-05,7.992378869857821,-1.5559360996026879
3452,5.9706513998277765e-05,7.992376919506937,-1.5559323942017218
3453,5.9663606172164236e-05,7.992373935844202,-1.555926788749737
3454,5.9643674686591736e-05,7.992371926805601,-1.555923052426103
3455,5.9808916191160665e-05,7.992367912219337,-1.5559156866265291
3456,5.989123594396076e-05,7.992365948654686,-1.5559120080842732
3457,5.985452695917802e-05,7.992362969612847,-1.5559064045139217
3458,5.9759207246155995e-05,7.99236099185698,-1.555902631109442
3459,5.977069907303516e-05,7.992359012703759,-1.5558989048064689
3460,5.99939800833216e-05,7.992356041969503,-1.5558934256642922
3461,6.009125115976093e-05,7.992354001122126,-1.5558897508182041
3462,5.993513500423598e-05,7.992351105043687,-1.5558840922939858
3463,5.985705979336073e-05,7.992349013862302,-1.5558803221148125
3464,6.000903270064834e-05,7.992347102266136,-1.5558766659658856
3465,6.02496763211517e-05,7.992344076756618,-1.5558711987572853
3466,6.0242825433460546e-05,7.992342162595392,-1.5558674724520927
3467,6.0027541785120205e-05,7.992338147079161,-1.555859924938128
3468,6.019175988081989e-05,7.992336094051643,-1.5558562652901404
3469,6.034119008226028e-05,7.992334196274067,-1.5558526173853606
3470,6.039753898908939e-05,7.992331169072886,-1.555847062449643
3471,6.017213138548925e-05,7.992328167184658,-1.5558413680807235
3472,6.028639182501288e-05,7.992326178552377,-1.5558376876954958
3473,6.0558681748974194e-05,7.992323255985815,-1.555832260583686
3474,6.0488722078874274e-05,7.992320303541402,-1.5558266404361136
3475,6.040681902983987e-05,7.992318247966426,-1.5558228702727754
3476,6.0480332667434625e-05,7.992316294420397,-1.5558191751789212
3477,6.0571852182837365e-05,7.992314221658697,-1.555815487730298
3478,6.066170090343655e-05,7.992312347703768,-1.5558118095886042
3479,6.070585010632361e-05,7.992309369192852,-1.555806245404337
3480,6.063960518668228e-05,7.992307384218364,-1.5558024893964832
3481,6.061251788867047e-05,7.992304405296246,-1.5557968844243826
3482,6.072059628381936e-05,7.992302351885684,-1.5557932018774367
3483,6.0831808772056455e-05,7.992299420548374,-1.5557876684029028
3484,6.0835750431568295e-05,7.992296501632289,-1.5557820855931512
3485,6.0818654218561316e-05,7.992294431353609,-1.5557783531375204
3486,6.084838999194472e-05,7.992292506295639,-1.5557746451537275
3487,6.0960909308025055e-05,7.992290470110248,-1.5557709730003815
3488,6.105005466829506e-05,7.992288528798515,-1.555767293541317
3489,6.104601569558502e-05,7.9922865250000035,-1.5557635712830489
3490,6.100585177619701e-05,7.992284538754937,-1.5557598281142329
3491,6.0972051677763744e-05,7.99228254268194,-1.5557560853040282
3492,6.108361949713236e-05,7.992279569614796,-1.5557505473470103
3493,6.115803336365274e-05,7.992277504930682,-1.5557468600531812
3494,6.123811756181635e-05,7.992275623427075,-1.555743175586927
3495,6.124037836192511e-05,7.992272608227781,-1.5557375928963717
3496,6.11884978088023e-05,7.992270673266694,-1.5557338474926128
3497,6.125796639697349e-05,7.992267625707904,-1.5557282928899607
3498,6.131368980227013e-05,7.992265622242542,-1.5557245941595415
3499,6.137813308451538e-05,7.992263709119197,-1.5557208997328573
3500,6.135388582047511e-05,7.99226165657341,-1.555717164280306
3501,6.136366630617892e-05,7.9922597485890785,-1.5557134464637485
3502,6.147976775088415e-05,7.99225772118453,-1.55570977270755
3503,6.152301080276062e-05,7.992255742079842,-1.555706072489592
3504,6.145148616671506e-05,7.992253692244945,-1.5557023167258959
3505,6.144009915435372e-05,7.992250758205524,-1.5556967174941838
3506,6.155950781781468e-05,7.992248760929164,-1.5556930453084323
3507,6.165736230222824e-05,7.99224682276724,-1.555689372339356
3508,6.165543095331103e-05,7.992244761180998,-1.5556856433304223
3509,6.154435982170342e-05,7.992242820526144,-1.555681867015971
3510,6.151502598471821e-05,7.992240764474991,-1.5556781219895917
3511,6.168532281037914e-05,7.992238831611565,-1.5556744703123393
3512,6.179295627750517e-05,7.99223683284633,-1.5556708018172192
3513,6.17841323159975e-05,7.992233930413442,-1.555665218387555
3514,6.180286972409322e-05,7.99223189022554,-1.5556615031250796
3515,6.191919662179372e-05,7.992229959955141,-1.5556578374223267
3516,6.198461986250424e-05,7.9922278696472935,-1.5556541421660857
3517,6.194550465528562e-05,7.992225951889065,-1.5556504110020581
3518,6.196101949052177e-05,7.99222392349173,-1.5556466904627617
3519,6.195611541171466e-05,7.992220999415198,-1.555641104336655
3520,6.207840931517804e-05,7.992218966987825,-1.5556374357830558
3521,6.214138515080453e-05,7.992215984230619,-1.555631882430824
3522,6.208815159408862e-05,7.992214020345883,-1.5556281390139723
3523,6.211633859438701e-05,7.992212036408215,-1.5556244259919474
3524,6.223708261299618e-05,7.992210078809495,-1.5556207622082232
3525,6.214146608507151e-05,7.992208008782657,-1.5556169865639673
3526,6.199403856873939e-05,7.99220600735568,-1.5556131940970306
3527,6.23424840246142e-05,7.992203005689754,-1.5556077587850827
3528,6.248716822975086e-05,7.992201138653292,-1.5556041046864106
3529,6.222603751358761e-05,7.992198144512555,-1.555598401945851
3530,6.232310082642416e-05,7.99219616247775,-1.5555947244240165
3531,6.250639577200958e-05,7.992193089789671,-1.5555892291883635
3532,6.248049342272801e-05,7.99219117012376,-1.5555854953857382
3533,6.2413421946342e-05,7.992188200125972,-1.5555798754667154
3534,6.256080005429415e-05,7.992185174483376,-1.555574352852209
3535,6.261755203464417e-05,7.992183264010254,-1.5555706571576362
3536,6.262487267535738e-05,7.992181210841435,-1.555566939910412
3537,6.262654132227466e-05,7.992179293542972,-1.5555632145030018
3538,6.259037863620377e-05,7.9921772632075605,-1.5555594774746337
3539,6.270616177724001e-05,7.992175296533949,-1.5555558087773331
3540,6.281954884028539e-05,7.992173241865459,-1.5555521407819988
3541,6.280925527441287e-05,7.992171328768048,-1.5555484081849753
3542,6.257316586776898e-05,7.992169244638991,-1.555544567927648
3543,6.254655321623421e-05,7.992167331724814,-1.5555408295237443
3544,6.288432328105731e-05,7.992165314945022,-1.5555372485881465
3545,6.304375069512209e-05,7.992163405099186,-1.55553360733946
3546,6.290492213969038e-05,7.992161330755147,-1.5555298283182588
3547,6.281717384121927e-05,7.992159427946929,-1.5555260688496684
3548,6.28949659952166e-05,7.992157359060372,-1.5555223690952946
3549,6.297401537346864e-05,7.9921554581013305,-1.5555186840282758
3550,6.304990674092734e-05,7.992153438745427,-1.5555149916301805
3551,6.303686539006481e-05,7.992151514292129,-1.5555112647399632
3552,6.315826061610553e-05,7.992148501955675,-1.5555057336166853
3553,6.321429192196132e-05,7.992145479580119,-1.5555001773557289
3554,6.321005450429847e-05,7.992143539334806,-1.5554964616801996
3555,6.325265548818979e-05,7.992141504362563,-1.5554927545640518
3556,6.325359884818878e-05,7.992139604227891,-1.5554890328323678
3557,6.32623394283147e-05,7.992137541188454,-1.555485309214214
3558,6.324091826047808e-05,7.992135593255297,-1.5554815748208972
3559,6.325932858776081e-05,7.992133553763277,-1.5554778545355146
3560,6.337314655181729e-05,7.992131642601856,-1.5554741858306504
3561,6.343252794179697e-05,7.992129614383419,-1.5554704888164734
3562,6.337801498021066e-05,7.9921276489047095,-1.5554667417761
3563,6.33546530734059e-05,7.992125607953345,-1.5554630023623328
3564,6.346871698588827e-05,7.992123667516423,-1.5554593306583762
3565,6.358678887197478e-05,7.992121606844763,-1.5554556611957049
3566,6.365737791130627e-05,7.9921196872867055,-1.5554519727647782
3567,6.362359233815465e-05,7.992117685227194,-1.5554482335284232
3568,6.354649003603363e-05,7.992115721457407,-1.5554444755852908
3569,6.356775721801427e-05,7.992113761815075,-1.5554407578326084
3570,6.36575410550846e-05,7.992111689397471,-1.5554370763591643
3571,6.374795071086204e-05,7.992109698000259,-1.555433396552615
3572,6.380009759499268e-05,7.9921087144595795,-1.5554315603504436
3573,6.375261522405271e-05,7.992106798615199,-1.5554278139397273
3574,6.359784368006999e-05,7.992104752110934,-1.5554240126912282
3575,6.369765431257708e-05,7.992102834532947,-1.5554203281017396
3576,6.392476335685648e-05,7.992099858550174,-1.5554148458492745
3577,6.391880748907744e-05,7.9920968256340945,-1.5554092629414011
3578,6.389180883363387e-05,7.992094920514998,-1.555405526724771
3579,6.391308741221952e-05,7.99209284269438,-1.555401807484303
3580,6.395175795044191e-05,7.992090924523849,-1.555398107286318
3581,6.404075081710049e-05,7.992089912180004,-1.5553962825046124
3582,6.413129508653321e-05,7.992087964278348,-1.5553925984401809
3583,6.400762710307765e-05,7.992085882110645,-1.5553888234154705
3584,6.393699407114366e-05,7.992083924060903,-1.5553850608083712
3585,6.395277090495581e-05,7.992081885016776,-1.555381333430947
3586,6.423400933561392e-05,7.992079001400152,-1.5553758731795673
3587,6.431465522642277e-05,7.992076959251041,-1.5553721873770086
3588,6.429583210773304e-05,7.992075025257738,-1.5553684671615973
3589,6.428246094861624e-05,7.992072982340146,-1.5553647294993531
3590,6.423766293958597e-05,7.992071069373332,-1.5553609883687844
3591,6.430657084543768e-05,7.992069036069127,-1.5553572929650323
3592,6.442656535783509e-05,7.992067105376182,-1.5553536247642947
3593,6.44537256266641e-05,7.992065032361647,-1.555349916693425
3594,6.444274166564016e-05,7.992062103475098,-1.5553443263966515
3595,6.442698840361093e-05,7.992060125555373,-1.5553405960768465
3596,6.449184563550538e-05,7.992058155227294,-1.5553369017005472
3597,6.459492718029439e-05,7.992056131602399,-1.555333229211855
3598,6.463878416103319e-05,7.992054188694751,-1.5553295293897256
3599,6.458419664728437e-05,7.9920512143408,-1.555323920488165
3600,6.459847553135452e-05,7.992049218612042,-1.5553201956426959
3601,6.46116267517543e-05,7.992047234315316,-1.555316484454179
3602,6.47126546555033e-05,7.992045227090368,-1.5553128029059216
3603,6.479202115122195e-05,7.9920432464845375,-1.5553091206581033
3604,6.481454882548597e-05,7.9920412715318605,-1.55530540329004
3605,6.482210371084018e-05,7.992039270420976,-1.5553016881872748
3606,6.48217382224517e-05,7.992037327888692,-1.555297960783343
3607,6.48532313347359e-05,7.992035311998421,-1.555294252032618
3608,6.486664765798364e-05,7.992033355008012,-1.5552905309003695
3609,6.49081461025683e-05,7.992031325103807,-1.5552868273686444
3610,6.496846741904845e-05,7.992028336538593,-1.5552812674850562
3611,6.501507225282123e-05,7.992026417887514,-1.5552775673721724
3612,6.503308509332071e-05,7.992024350489758,-1.5552738446837238
3613,6.501751387497066e-05,7.992022432351069,-1.5552701200263908
3614,6.510554229434564e-05,7.992020383873926,-1.5552664356690502
3615,6.518883991922303e-05,7.9920174633631635,-1.5552608921537987
3616,6.519054918647904e-05,7.992015390939613,-1.555257170206519
3617,6.521768600521948e-05,7.992013463428555,-1.5552534611583442
3618,6.524657670660996e-05,7.992010529525857,-1.555247887783933
3619,6.524327688452595e-05,7.992008494791312,-1.5552441535218866
3620,6.52267933523119e-05,7.992006523153034,-1.5552404247498484
3621,6.531292063993737e-05,7.992004518176632,-1.5552367378671959
3622,6.539139532832303e-05,7.992002548116127,-1.555233053349419
3623,6.543632637174463e-05,7.992000569113658,-1.5552293499666636
3624,6.544125658459489e-05,7.991998577854796,-1.5552256301989682
3625,6.544670852890956e-05,7.991995549394442,-1.5552200415821027
3626,6.548317020733268e-05,7.991993648997916,-1.555216336542826
3627,6.555640107739498e-05,7.991991593773033,-1.555212640927452
3628,6.558370132075342e-05,7.991989673329746,-1.5552089379400444
3629,6.56109132895347e-05,7.991987619563938,-1.5552052244798653
3630,6.559937889848188e-05,7.991985713047248,-1.5552014944356578
3631,6.57443507375183e-05,7.991982679640418,-1.5551959784427938
3632,6.582701541993455e-05,7.99198070146207,-1.555192297795039
3633,6.578413424452493e-05,7.991978645675701,-1.5551885556176122
3634,6.57387062215688e-05,7.9919767567248154,-1.5551848097734693
3635,6.576650480502861e-05,7.9919747205224185,-1.5551810958579437
3636,6.587847141384564e-05,7.991971744257311,-1.55517556417776
3637,6.593787524110008e-05,7.991969799289854,-1.5551718737350748
3638,6.59613044507236e-05,7.991968780468514,-1.5551700220877236
3639,6.598231952693543e-05,7.991966748617121,-1.5551663000758653
3640,6.595604400329092e-05,7.991964811496188,-1.5551625701598637
3641,6.598444376626532e-05,7.991962847488504,-1.5551588587962786
3642,6.601682281189902e-05,7.991960882874543,-1.5551551486295527
3643,6.607178094269041e-05,7.991958820724518,-1.5551514429395168
3644,6.608024269320237e-05,7.991956845473831,-1.5551477303346095
3645,6.613217595572988e-05,7.991954844163469,-1.5551440314322267
3646,6.620159424189754e-05,7.991952881376687,-1.5551403332151854
3647,6.617500188920747e-05,7.9919509370072195,-1.5551366009918184
3648,6.621091558577586e-05,7.991948924822602,-1.5551328917671667
3649,6.629570149237776e-05,7.991946950510059,-1.5551292102042036
3650,6.63293474071825e-05,7.991944975303478,-1.5551255020113601
3651,6.632683264034074e-05,7.991942943383973,-1.5551217781688345
3652,6.635569683989018e-05,7.991940977120591,-1.5551180620942782
3653,6.63554247884601e-05,7.991938994583071,-1.5551143397975573
3654,6.639050201217702e-05,7.991936000125319,-1.5551087662666756
3655,6.642917935582556e-05,7.991934065129787,-1.555105061306495
3656,6.64958566626446e-05,7.991932030083823,-1.5551013665688849
3657,6.651548913137654e-05,7.991930118530666,-1.5550976529615044
3658,6.655801961925489e-05,7.991928050996802,-1.5550939457014625
3659,6.654622375621208e-05,7.991926126330721,-1.5550902204394776
3660,6.656548804979457e-05,7.991924076601495,-1.555086500745657
3661,6.66738806622573e-05,7.9919221644559295,-1.5550828329497597
3662,6.671738882285883e-05,7.9919201180456,-1.55507912950451
3663,6.671902732234752e-05,7.99191814935695,-1.555075410232176
3664,6.675242511523039e-05,7.991916114169029,-1.5550716994746792
3665,6.676371746920683e-05,7.991914225180192,-1.5550679811723025
3666,6.678953492294975e-05,7.99191116481905,-1.5550623952362068
3667,6.676187511506016e-05,7.991909236651039,-1.5550586625132627
3668,6.688332429374566e-05,7.991906237670482,-1.55505313370203
3669,6.69658895649722e-05,7.991904233504281,-1.5550494442015181
3670,6.697255564464982e-05,7.991902266177724,-1.5550457293651656
3671,6.69908796292944e-05,7.991900287931702,-1.555042008599723
3672,6.698248124190573e-05,7.991898294285465,-1.5550382836196377
3673,6.701867302284084e-05,7.991896298191559,-1.5550345746822705
3674,6.709372454736715e-05,7.991894338015406,-1.5550308829284014
3675,6.711992747794937e-05,7.9918923245583136,-1.5550271761441663
3676,6.714644523465696e-05,7.991890361809103,-1.5550234666973444
3677,6.714884097389152e-05,7.991887362479188,-1.5550178750884671
3678,6.727081492291551e-05,7.991885438802866,-1.5550142146204486
3679,6.735993055249295e-05,7.991883356504705,-1.5550105354025652
3680,6.732630493644675e-05,7.991881407515061,-1.5550068014125662
3681,6.728284707973677e-05,7.991879404117106,-1.555003052055216
3682,6.732418608738166e-05,7.991876482853105,-1.5549974831729154
3683,6.739429367975053e-05,7.991874457741043,-1.554993792286997
3684,6.743862705950708e-05,7.991872484903182,-1.5549900901121727
3685,6.752818872689774e-05,7.991869538673475,-1.5549845452626079
3686,6.752266501283928e-05,7.991867494807762,-1.5549808200589808
3687,6.75020727724642e-05,7.991865573065101,-1.5549770872473627
3688,6.751629228011477e-05,7.99186351408014,-1.5549733621876622
3689,6.755801346487072e-05,7.991861609278706,-1.5549696659711865
3690,6.772309583396635e-05,7.99185856417597,-1.5549641510167358
3691,6.770936244228084e-05,7.99185663802364,-1.5549604282138696
3692,6.769118938484805e-05,7.991854592046806,-1.5549566909890238
3693,6.769587791145384e-05,7.991852693160687,-1.554952971253777
3694,6.773517447693128e-05,7.9918506171092805,-1.5549492627067665
3695,6.78652395068798e-05,7.991847654834259,-1.5549437395305894
3696,6.793871378955222e-05,7.991845679147422,-1.5549400513477485
3697,6.794198475891895e-05,7.991843723549118,-1.5549363327696855
3698,6.792258767266095e-05,7.991841667025303,-1.5549325903926074
3699,6.787299880539025e-05,7.99183974112726,-1.5549288469524725
3700,6.793934516427681e-05,7.991837695551057,-1.5549251496567131
3701,6.800683951099285e-05,7.991835789125377,-1.5549214586450424
3702,6.807229813145955e-05,7.9918337617471495,-1.5549177618402927
3703,6.805026060406844e-05,7.99183180941592,-1.5549140299740574
3704,6.807072145110578e-05,7.991829788751386,-1.554910314902899
3705,6.817636860485271e-05,7.991827866031889,-1.5549066407272873
3706,6.824875070111632e-05,7.991825822183056,-1.55490294482046
3707,6.804214340837643e-05,7.991823825240092,-1.554899125253513
3708,6.797758705758006e-05,7.991821774476048,-1.5548953585493186
3709,6.820186152221275e-05,7.991819865960259,-1.5548917336393708
3710,6.842021874487887e-05,7.991817873334198,-1.5548881114280495
3711,6.842652579351978e-05,7.991815920241537,-1.5548843943402642
3712,6.817155292631515e-05,7.9918138637248015,-1.5548805487667594
3713,6.815404953289314e-05,7.991811895219303,-1.5548768086067624
3714,6.848196106816203e-05,7.991809961580669,-1.5548732360292583
3715,6.858973604259739e-05,7.991807964878976,-1.5548695647199176
3716,6.844560199071288e-05,7.991806004395024,-1.5548657846445577
3717,6.843950064074124e-05,7.991803961015462,-1.5548620555668944
3718,6.855668862887255e-05,7.991800933466978,-1.55485652433518
3719,6.864327987556721e-05,7.991799061337303,-1.5548528456070834
3720,6.869059889649302e-05,7.991797039154976,-1.5548491374406406
3721,6.860633506106989e-05,7.991794097883672,-1.554843515011945
3722,6.858450971065836e-05,7.991792071833191,-1.5548397776431444
3723,6.866446727011371e-05,7.9917901026467515,-1.5548360858398727
3724,6.886668821558897e-05,7.991787160700184,-1.5548305939008982
3725,6.890708407386072e-05,7.991785138120744,-1.5548268964242495
3726,6.88819095020899e-05,7.991782193830057,-1.5548213055937308
3727,6.888907894546563e-05,7.991780137227081,-1.554817580455794
3728,6.892745365302283e-05,7.991777212185452,-1.5548120137835875
3729,6.89750203810153e-05,7.991775243238697,-1.5548083172324196
3730,6.909335323356204e-05,7.9917732502329555,-1.5548046468159649
3731,6.914374214871111e-05,7.991771196897462,-1.5548009415626807
3732,6.908454302214113e-05,7.991769274907252,-1.554797198125286
3733,6.908469400200912e-05,7.991767286211455,-1.5547934725840031
3734,6.909651726932926e-05,7.9917653402879605,-1.5547897515523035
3735,6.917909029335406e-05,7.9917632768534315,-1.5547860628447525
3736,6.925557214701827e-05,7.991761353022532,-1.5547823792853295
3737,6.930428777280241e-05,7.991759286803552,-1.5547786792770248
3738,6.92670643202472e-05,7.9917573859133855,-1.5547749400991673
3739,6.928062107901767e-05,7.9917553551939875,-1.5547712192174679
3740,6.932812519329502e-05,7.991753421260326,-1.5547675185295393
3741,6.93957069688193e-05,7.991751374924752,-1.5547638237533397
3742,6.93953544272569e-05,7.991749465235453,-1.554760099253093
3743,6.949704229124778e-05,7.991746420349847,-1.554754554768294
3744,6.952150022023263e-05,7.991744467039651,-1.5547508527501066
3745,6.94982213813204e-05,7.991742395501093,-1.554747114071679
3746,6.946866880868273e-05,7.991740500072331,-1.5547433738307759
3747,6.956864385858709e-05,7.991738452411066,-1.554739693147715
3748,6.970188675077283e-05,7.9917355170407545,-1.5547341752544221
3749,6.968605146983836e-05,7.991733522402231,-1.5547304464829421
3750,6.964781841434058e-05,7.9917305149441065,-1.5547248366863853
3751,6.967316077656239e-05,7.9917286007051205,-1.5547211314197815
3752,6.97934068239974e-05,7.991726546008031,-1.5547174577283693
3753,6.987343440517591e-05,7.991724621498207,-1.5547137728198694
3754,6.987950580778936e-05,7.99172258657662,-1.5547100561160296
3755,6.98854883527543e-05,7.9917196703096645,-1.5547044717818659
3756,6.986567300602802e-05,7.9917166729801234,-1.554698879168942
3757,6.999415901380201e-05,7.991714655261315,-1.5546952101447211
3758,7.013074230977147e-05,7.991711704718873,-1.55468969465065
3759,7.010342867577768e-05,7.991709655863011,-1.5546859611979396
3760,7.006773192147805e-05,7.991707744872053,-1.5546822170929602
3761,7.000691677944337e-05,7.991705720978248,-1.5546784656394548
3762,7.01071691069131e-05,7.991703761066487,-1.5546747860339336
3763,7.021190038696802e-05,7.991701713102544,-1.5546711101317385
3764,7.027728943773081e-05,7.99169977553675,-1.5546674162181473
3765,7.024858211273693e-05,7.991698829717134,-1.554665546502269
3766,7.023759982624592e-05,7.9916967803249275,-1.5546618158665693
3767,7.022429322456241e-05,7.991694854568695,-1.5546580857942491
3768,7.02732302549085e-05,7.991692797408158,-1.5546543818992329
3769,7.037175728931671e-05,7.991690883495119,-1.5546507064462571
3770,7.04206812465038e-05,7.99168882814366,-1.5546470041168807
3771,7.042516285513508e-05,7.991686887175617,-1.554643285383106
3772,7.046244481500153e-05,7.991684850027023,-1.5546395754298283
3773,7.044806954776876e-05,7.9916829680577735,-1.5546358448832598
3774,7.045405259596697e-05,7.991680885311874,-1.5546321206618239
3775,7.05233925072541e-05,7.991678940065879,-1.5546284301839104
3776,7.059397698892153e-05,7.991676874501379,-1.5546247353051723
3777,7.066638626372522e-05,7.991675005908709,-1.554621043859298
3778,7.061782038111581e-05,7.991672953274643,-1.554617297924888
3779,7.062019394840653e-05,7.991671048685269,-1.554613574914012
3780,7.072078163741472e-05,7.991668972120363,-1.554609894123223
3781,7.078293158327223e-05,7.991667055031179,-1.5546062068795767
3782,7.081044931249772e-05,7.99166498733118,-1.5546024924343576
3783,7.082286423593837e-05,7.991664043898175,-1.5546006407793134
3784,7.082997189793053e-05,7.991662092665525,-1.5545969179876782
3785,7.085602097499869e-05,7.991659110766299,-1.5545913436885337
3786,7.092595986575807e-05,7.991657074919643,-1.5545876511409054
3787,7.095970975934054e-05,7.991655104684077,-1.5545839390558986
3788,7.094401555043327e-05,7.991653092181244,-1.55458021170264
3789,7.096115123083393e-05,7.9916520976695935,-1.5545783563689337
3790,7.103954057227021e-05,7.991650207913558,-1.5545746704124144
3791,7.107867777658049e-05,7.991648163361878,-1.5545709651901276
3792,7.104684552127833e-05,7.991646233997367,-1.5545672258477647
3793,7.103752848280875e-05,7.9916441678011125,-1.5545634913585997
3794,7.112878757451748e-05,7.991642240613525,-1.5545598126932152
3795,7.120378634492765e-05,7.99164017666723,-1.5545561208947813
3796,7.124391407873661e-05,7.991638273749848,-1.554552415004599
3797,7.124094207161816e-05,7.991636228118875,-1.5545486899030996
3798,7.123330378166673e-05,7.991634323198911,-1.5545449624036691
3799,7.126387469800841e-05,7.99163225662816,-1.5545412475439697
3800,7.138692550575097e-05,7.991630330384559,-1.554537583221509
3801,7.14430476554119e-05,7.991628297594185,-1.554533892054058
3802,7.143435898225127e-05,7.991626302816609,-1.554530167441292
3803,7.141210368888155e-05,7.991624320005447,-1.5545264307653452
3804,7.147946714259595e-05,7.9916223882433295,-1.554522738362776
3805,7.157913309742997e-05,7.99162040856693,-1.554519063211057
3806,7.155795050818824e-05,7.991618350876142,-1.5545153323967653
3807,7.154783545664534e-05,7.991617393113089,-1.5545134677182306
3808,7.157223413633797e-05,7.991615347096687,-1.5545097501451781
3809,7.160778375536107e-05,7.991612464046078,-1.554504174717651
3810,7.161804437994058e-05,7.99161048904711,-1.5545004528294113
3811,7.164957049649915e-05,7.991608454332004,-1.5544967390603373
3812,7.17035726264935e-05,7.991606523847631,-1.5544930433195043
3813,7.173970789626339e-05,7.991604518905208,-1.5544893316147668
3814,7.179215334647878e-05,7.991602572398187,-1.5544856343345475
3815,7.181713650995642e-05,7.991600519049761,-1.5544819180947567
3816,7.186777670486753e-05,7.991598559147123,-1.5544782232579109
3817,7.194595540850603e-05,7.991595559161119,-1.5544726739449009
3818,7.194726168939461e-05,7.991593636771412,-1.5544689437195662
3819,7.192470515211732e-05,7.991591563499854,-1.5544652094485736
3820,7.194744260115699e-05,7.991589626907574,-1.5544614962417909
3821,7.20196943189036e-05,7.991587639678269,-1.5544578090658425
3822,7.214534973581524e-05,7.991585713776397,-1.5544541393580233
3823,7.210926795266793e-05,7.991583608211847,-1.5544504030255115
3824,7.207933033606015e-05,7.991581676607847,-1.5544466645413215
3825,7.209943233822299e-05,7.991579680929557,-1.5544429447198662
3826,7.223156461146494e-05,7.991577748840351,-1.5544392813637888
3827,7.233356053756259e-05,7.991575683082241,-1.5544356077284511
3828,7.223238001219263e-05,7.9915727665850165,-1.5544299723108874
3829,7.21289802207494e-05,7.9915707130058005,-1.554426189825371
3830,7.223097308092364e-05,7.991568803268153,-1.5544225110941783
3831,7.238030745724706e-05,7.9915667385238365,-1.5544188519068982
3832,7.247425641401683e-05,7.991564850130554,-1.5544151813486977
3833,7.252564200967284e-05,7.9915628123779285,-1.5544114801674835
3834,7.243247374868011e-05,7.9915608689016215,-1.5544077178668272
3835,7.23752299175427e-05,7.991558798049809,-1.55440396082663
3836,7.251997592215253e-05,7.9915568734157265,-1.5544002991676618
3837,7.261995545303627e-05,7.991554858093416,-1.554396620943187
3838,7.26437058861704e-05,7.991552914149223,-1.5543929153054181
3839,7.264418410886793e-05,7.991550923900319,-1.554389191782505
3840,7.26226970549566e-05,7.991548925719039,-1.5543854558358943
3841,7.265713168780139e-05,7.991546961229029,-1.5543817460621767
3842,7.274134020116363e-05,7.99154494368797,-1.5543780610497835
3843,7.278360905998377e-05,7.991543004768718,-1.5543743588314287
3844,7.279686276783542e-05,7.991540968868332,-1.5543706376911732
3845,7.281753443760282e-05,7.991539051732793,-1.5543669254430017
3846,7.285167940008555e-05,7.991536996950161,-1.5543632151661735
3847,7.288720660351951e-05,7.991535056573088,-1.55435950792175
3848,7.291282721303559e-05,7.99153304549875,-1.554355789890586
3849,7.295414626388205e-05,7.99153108975013,-1.5543520859745892
3850,7.298993246336167e-05,7.991529093307636,-1.5543483775842009
3851,7.30089063737377e-05,7.991528148630018,-1.5543465259031573
3852,7.30464608144375e-05,7.991526089583344,-1.5543428161438118
3853,7.304050587739686e-05,7.991524143220049,-1.5543390910789818
3854,7.304425571246561e-05,7.991523144957751,-1.554337227285024
3855,7.317555140819236e-05,7.991520193745546,-1.5543316995890153
3856,7.3227238180084e-05,7.9915181813480265,-1.5543280038189748
3857,7.324263521926616e-05,7.9915162006712,-1.5543242901733425
3858,7.324146060333114e-05,7.991514209480396,-1.554320565181471
3859,7.321997635557987e-05,7.991512210176345,-1.5543168274619852
3860,7.321229776963923e-05,7.991511270222623,-1.554314960688098
3861,7.333951104251044e-05,7.991508226162253,-1.5543094307708665
3862,7.341413915502832e-05,7.9915062803212376,-1.5543057379962897
3863,7.341909055390371e-05,7.991504277194002,-1.554302019679626
3864,7.344129493874915e-05,7.991502352871177,-1.5542983075251888
3865,7.345242616590793e-05,7.991500266748073,-1.5542945872851934
3866,7.348763544726642e-05,7.991498325798582,-1.554290879290706
3867,7.355551707334555e-05,7.991496358595045,-1.5542871870389812
3868,7.360320138394621e-05,7.991494400249946,-1.5542834787859008
3869,7.358019914440421e-05,7.991492340017351,-1.554279745419443
3870,7.35906202087086e-05,7.991489367340656,-1.5542741626697885
3871,7.370967824486512e-05,7.9914874422267825,-1.5542704946253232
3872,7.376932512795793e-05,7.991485433173437,-1.5542667980469442
3873,7.378919950575307e-05,7.991482499919567,-1.5542612192541823
3874,7.374727178004722e-05,7.991480427203217,-1.5542574751262115
3875,7.374037623494268e-05,7.991478508112143,-1.5542537518374757
3876,7.381018550909626e-05,7.99147751052528,-1.5542519142967623
3877,7.387820329959226e-05,7.991475464719303,-1.5542482203719405
3878,7.395263944423357e-05,7.991473524195866,-1.5542445322312153
3879,7.396743505311115e-05,7.991471553082792,-1.5542408157595582
3880,7.396877609599902e-05,7.991469553872448,-1.55423709035523
3881,7.408207075708267e-05,7.991467578479936,-1.5542334169650251
3882,7.411773711440952e-05,7.991465617448652,-1.5542297180667126
3883,7.413133077809666e-05,7.99146355853805,-1.5542259997789873
3884,7.414989460946038e-05,7.991461614717909,-1.5542222871349574
3885,7.416827605095908e-05,7.991459629699098,-1.5542185700072184
3886,7.420414774053081e-05,7.991457676631685,-1.5542148551544912
3887,7.418106893153736e-05,7.991455619939181,-1.5542111211123166
3888,7.417746174938229e-05,7.9914536877264775,-1.5542073930317304
3889,7.4191688910987e-05,7.991452652474445,-1.55420553772077
3890,7.431125395792954e-05,7.991450730680416,-1.5542018695411786
3891,7.43715745907785e-05,7.991448724805294,-1.5541981729415937
3892,7.438737864555517e-05,7.9914467554886786,-1.5541944584399021
3893,7.437530566474232e-05,7.991444785736536,-1.5541907258157008
3894,7.440018288989742e-05,7.991442743970011,-1.5541870135865725
3895,7.444962067405934e-05,7.9914407382559025,-1.5541833095318067
3896,7.448511431977964e-05,7.991438830437733,-1.5541796029252883
3897,7.453976354372952e-05,7.991436822369324,-1.554175895046118
3898,7.455266675425092e-05,7.991434836489813,-1.5541721820433794
3899,7.460563363243266e-05,7.991432800793169,-1.5541684823564847
3900,7.466959148634276e-05,7.991430899265506,-1.5541647883778693
3901,7.466755533385821e-05,7.991428886439081,-1.5541610643641313
3902,7.46484999166954e-05,7.991426903670804,-1.5541573269508164
3903,7.466215061053851e-05,7.991424880052373,-1.5541536063567487
3904,7.47178887553922e-05,7.991422946446194,-1.5541499142685915
3905,7.484985657016217e-05,7.991420943435537,-1.554146247822192
3906,7.491705698979978e-05,7.99141895311578,-1.5541425551948849
3907,7.487730444926682e-05,7.991417989721639,-1.5541406809929637
3908,7.484980305099932e-05,7.991415913358762,-1.5541369387490822
3909,7.485535740967498e-05,7.991414022806042,-1.5541332211950676
3910,7.500598858071983e-05,7.991411981043557,-1.554129559428519
3911,7.50914453449741e-05,7.991410053798435,-1.5541258791854833
3912,7.507432009703871e-05,7.99140799766026,-1.5541221502676479
3913,7.504605987344946e-05,7.991406079490417,-1.5541184099145577
3914,7.49908803486373e-05,7.9914040487376425,-1.5541146612782581
3915,7.50952256684879e-05,7.9914020822869904,-1.5541109838242475
3916,7.52030133714395e-05,7.991400028070973,-1.5541073095317188
3917,7.530203017141984e-05,7.991398140594499,-1.554103635483642
3918,7.531484532327635e-05,7.991396140299576,-1.5540999153217119
3919,7.520762592638685e-05,7.99139414232918,-1.5540961459860174
3920,7.518507293712623e-05,7.991392186522284,-1.55409240582521
3921,7.527292233054596e-05,7.991390124847318,-1.5540887191975017
3922,7.536262462887594e-05,7.991388149033674,-1.5540850374559754
