index,x,y,orientation
0,3.868748014569787e-07,8.000000287404026,-1.569999843442225
1,-4.98017341984667e-07,7.99998236225454,-1.5699982186051642
2,-1.7417975216318148e-06,7.999937857335285,-1.569994887129672
3,-2.5680591049952433e-06,7.9999040092557845,-1.5699911875815606
4,-3.4944708382086243e-06,7.999883260234589,-1.5699861814131435
5,-4.477321508608779e-06,7.999875773560441,-1.5699805170078718
6,-5.475080520329274e-06,7.999881566927174,-1.5699747536887052
7,-6.5718504588036236e-06,7.999914364292353,-1.5699671476885484
8,-5.734221980291015e-06,7.999936130367133,-1.569964018342482
9,-5.554371712580776e-06,7.999943932525366,-1.569961353691843
10,-5.860427701878069e-06,7.999932096173684,-1.5699576590021063
11,-5.893546566064933e-06,7.99990988456705,-1.5699544575683613
12,-4.705499402575537e-06,7.999885878965679,-1.5699487088953623
13,-4.616140911506366e-06,7.999886416874924,-1.5699440313774071
14,-4.086883338549385e-06,7.99989863135829,-1.569939665460957
15,-1.435461826710804e-06,7.9999083259948645,-1.5699367281225889
16,-2.487709011960802e-08,7.99990588146801,-1.5699342333068902
17,9.522654744855325e-07,7.999894689660153,-1.5699316616728607
18,1.4742702295274585e-07,7.999887591400493,-1.5699277223959318
19,-4.414020427061894e-07,7.999888014335316,-1.5699235820974664
20,3.7550663391791443e-07,7.999890573664286,-1.5699200747890159
21,4.173035058046103e-07,7.999889833760895,-1.5699164528083536
22,-1.949252817591453e-08,7.999885626389584,-1.5699126964893442
23,-2.9216357272454857e-07,7.999881647706012,-1.569908905238761
24,9.488013012820476e-08,7.999879388066385,-1.5699034374527439
25,1.7429861387971562e-07,7.999876658050917,-1.5698962523198676
26,-1.0742287484552608e-09,7.9998726795588775,-1.569890568311709
27,1.0609665180032333e-07,7.999868896951352,-1.5698830708690423
28,4.8321282421640564e-08,7.99986619145507,-1.5698774380604605
29,6.627362179668203e-08,7.999862919685694,-1.5698718735314419
30,2.449227745213154e-08,7.999859811331423,-1.5698662671681147
31,-4.117851059191173e-08,7.999857027842717,-1.5698606474495107
32,1.5144996212516163e-07,7.999853988090398,-1.5698551663137825
33,-2.208851339729989e-08,7.999850822069696,-1.569849507332247
34,-4.3042958145151943e-08,7.999847921661549,-1.569843911440437
35,1.5774703256585737e-07,7.999844978275785,-1.5698384391273594
36,1.0667423919841322e-07,7.9998418600832375,-1.5698328476610461
37,1.1759462811277393e-08,7.999838885764248,-1.5698272299091518
38,1.455589781443812e-07,7.999835947554452,-1.5698217108720074
39,1.049031846172087e-07,7.999832914909567,-1.5698161267179864
40,3.537818338910398e-08,7.999829890077986,-1.5698105121390238
41,9.977658223528315e-08,7.999826927468198,-1.5698049678033235
42,1.693145559314144e-07,7.999823916650071,-1.5697994354064049
43,1.915255179863621e-07,7.999821866358874,-1.569795730967204
44,1.2764208767625194e-07,7.999818941776219,-1.5697901266815226
45,4.185242755160442e-08,7.999815917097114,-1.5697845163160922
46,1.2107292250376617e-07,7.999812849421015,-1.5697789698495364
47,1.2606020044119761e-07,7.999809922948771,-1.5697733955743067
48,1.0277870677408924e-07,7.999807897371257,-1.5697696725688246
49,8.094513834764076e-08,7.999804821074096,-1.569764084909732
50,9.43888558256304e-08,7.999802916765734,-1.5697603737590407
51,1.3479901452312174e-07,7.999799922985605,-1.5697548194937299
52,9.618407054126271e-08,7.999797909960936,-1.569751077603545
53,4.849316379894676e-08,7.999794916682054,-1.5697454791763477
54,1.5718906382868426e-07,7.999791878365021,-1.569739955285632
55,1.5178209097879e-07,7.999788854636709,-1.5697343796709953
56,8.232221625883101e-08,7.999785912247986,-1.569728770029579
57,7.216713179975109e-08,7.999782849035182,-1.5697231860563094
58,1.377494429761184e-07,7.999779804826539,-1.569717638476558
59,1.5302437429991223e-07,7.9997778995813595,-1.5697139335534218
60,1.361180744478334e-07,7.999774874315264,-1.5697083485660155
61,1.1925181143270547e-07,7.99977180980441,-1.5697027638628762
62,1.5188932473886766e-07,7.9997688738653165,-1.5696972023611855
63,1.701682777838017e-07,7.999765890883737,-1.569691638810016
64,1.7352846331893612e-07,7.999762871605835,-1.569686064969453
65,1.391092196376914e-07,7.999759796829012,-1.5696804709970453
66,1.1466510185288548e-07,7.999756831229626,-1.569674886383302
67,2.3697650662467018e-07,7.999753904653027,-1.5696693611552182
68,1.0660576614228743e-07,7.999750807134426,-1.5696637298527845
69,1.2638411369471656e-07,7.999747794494002,-1.5696581566761978
70,1.98522364695266e-07,7.999744844456247,-1.5696526092338556
71,1.6114801122958727e-07,7.999741886444827,-1.569647021570932
72,2.562603717804967e-07,7.999738805043109,-1.5696414938517695
73,1.7601389440418834e-07,7.999735836576035,-1.5696358853627677
74,1.9093624711513407e-07,7.9997328444324625,-1.5696303128344407
75,1.7464769891897636e-07,7.999728829054524,-1.5696228730741628
76,2.0680102222324482e-07,7.999725783840327,-1.569617310580586
77,2.5122874508817333e-07,7.999722818737148,-1.5696117617731526
78,2.33706463662188e-07,7.999720773086993,-1.569608037371137
79,2.3651929166334326e-07,7.999717787453975,-1.5696024628768617
80,1.6430195343748545e-07,7.99971586260686,-1.569598712501153
81,1.9725191452496064e-07,7.999712761932862,-1.5695931495019397
82,2.5246262425578634e-07,7.999709733175041,-1.5695875986456047
83,2.6803097764258375e-07,7.999706837266689,-1.569582028759101
84,1.7412411674637846e-07,7.9997038267095615,-1.569576410719617
85,2.0855496787733117e-07,7.999700803186821,-1.5695708533530088
86,3.169831792615667e-07,7.9996977803220135,-1.5695653281652837
87,2.1030017757290262e-07,7.999694771418661,-1.5695597053928987
88,1.8567046236582294e-07,7.999691833234607,-1.569554112040312
89,2.518061498718177e-07,7.999689766851071,-1.569550424172093
90,2.7014306748543407e-07,7.999686812630611,-1.5695448548355824
91,2.49830365949361e-07,7.999684779540041,-1.5695411330109768
92,2.3384495173476553e-07,7.999681754022057,-1.5695355431115923
93,2.421551480630219e-07,7.999679831311507,-1.5695318317055031
94,3.761240583975097e-07,7.999676778543153,-1.5695263271877904
95,1.366017238618873e-07,7.999673690540401,-1.569520634613171
96,6.371465270919399e-08,7.999670735848581,-1.5695150124298942
97,3.397139392921635e-07,7.999667804582669,-1.5695095613250778
98,2.0094061119745489e-07,7.999664741841558,-1.5695039224123035
99,2.0075176326897733e-07,7.999661721701068,-1.5694983412108674
100,3.725665753757197e-07,7.9996587426018975,-1.5694928514442594
101,3.997466733858156e-07,7.999656735393927,-1.5694891491595933
102,3.246609109756411e-07,7.999653730221927,-1.5694835462751504
103,2.6613439195667724e-07,7.9996507625800515,-1.5694779400365908
104,3.6235962741499616e-07,7.999647808367146,-1.5694724144478072
105,3.6538710381289603e-07,7.99964471233275,-1.569466838387513
106,3.0654581792629016e-07,7.9996417547935295,-1.5694612418100478
107,3.9900333333594177e-07,7.999638765991061,-1.5694557170844758
108,3.316802265300147e-07,7.999634777865106,-1.569448254296837
109,2.9141679706833706e-07,7.999631765920665,-1.5694426529047025
110,2.860353164979153e-07,7.999628679430847,-1.5694370725725362
111,3.0957537852587195e-07,7.999625690387676,-1.5694315069298477
112,2.9047502267310393e-07,7.999621723725564,-1.5694240577231158
113,3.5111538844629587e-07,7.9996187651915465,-1.5694185147422546
114,3.855808655496866e-07,7.99961571841954,-1.5694129584568801
115,3.594984847202571e-07,7.999612689709712,-1.569407366638731
116,3.233962803065206e-07,7.999609731270302,-1.5694017719066582
117,4.2360544494428155e-07,7.999606772618372,-1.5693962452132078
118,3.411835529515749e-07,7.999603679264956,-1.569390636786873
119,1.83437156105338e-07,7.999600603326793,-1.5693849724586681
120,1.7386185705774783e-07,7.999597648850195,-1.5693793800257076
121,4.436802930935217e-07,7.99959476634944,-1.5693739208760613
122,4.27297289976461e-07,7.99959171350904,-1.569368350593159
123,3.2396725925078133e-07,7.999588630355685,-1.5693627283441123
124,3.015118401983828e-07,7.999585691653196,-1.569357141514627
125,4.094431046191873e-07,7.999581683776013,-1.5693497532866738
126,1.710472041356877e-07,7.999578649669493,-1.569344058078458
127,4.4931819558638124e-07,7.999575657841382,-1.5693386009535275
128,5.141094331598799e-07,7.999573762508196,-1.5693349246659238
129,3.535446295175984e-07,7.999570684694539,-1.5693292776012062
130,3.199619761830935e-07,7.999567642152685,-1.5693236801282628
131,4.167507051702798e-07,7.999565704573625,-1.569320009041924
132,4.860487857896458e-07,7.999562665533496,-1.5693144601769065
133,4.31624925073529e-07,7.999559724235876,-1.5693088683575747
134,4.373027556841921e-07,7.999556720975216,-1.5693032975969319
135,4.4034608386410995e-07,7.999553715552128,-1.5692977240359856
136,4.37339533555771e-07,7.999550648350766,-1.5692921385550267
137,3.8898191827363325e-07,7.999547658130273,-1.5692865429959717
138,5.331538833604153e-07,7.999544731907143,-1.5692810396364492
139,5.545380881103726e-07,7.999541650704496,-1.5692754832025602
140,4.6706828631271227e-07,7.999538654969228,-1.5692698642824303
141,3.8043349450679336e-07,7.99953569603591,-1.5692642522371731
142,5.273590838368873e-07,7.99953270215661,-1.569258743204869
143,5.211974091710055e-07,7.999529617840329,-1.5692531663096796
144,4.442600769340397e-07,7.99952670476575,-1.5692475535852703
145,4.3012434911361146e-07,7.999524698275634,-1.5692438283074575
146,5.387712976661161e-07,7.999521619352383,-1.5692383051699694
147,5.591141947164617e-07,7.999519682460155,-1.5692346063618048
148,4.849532131016031e-07,7.999516662747222,-1.569228992546758
149,5.855523715296699e-07,7.999513643751554,-1.56922346497575
150,5.338763633498759e-07,7.999510676720759,-1.56921787586269
151,5.057718531631405e-07,7.999508621687511,-1.5692141413241172
152,4.882284926975395e-07,7.99950566324494,-1.5692085566836422
153,5.456877944302395e-07,7.999503656425827,-1.5692048672563204
154,5.941078913311296e-07,7.99950063339643,-1.5691993191432272
155,5.02063497443744e-07,7.999497679937447,-1.5691936997988662
156,5.812676163102201e-07,7.999494681587604,-1.569188163261505
157,4.4149630348840366e-07,7.999491565890629,-1.5691825177082745
158,3.832648564000432e-07,7.99948852011068,-1.569176906427019
159,7.375576369125717e-07,7.999485647749026,-1.5691714954733553
160,5.800125325519406e-07,7.999483637042277,-1.5691677044296717
161,4.2826401718281434e-07,7.999481680363101,-1.5691639184776829
162,5.389922376167605e-07,7.999479652874144,-1.5691602537854306
163,6.168653106425457e-07,7.999475613500731,-1.5691528612997319
164,6.361301259964852e-07,7.999473619400259,-1.5691491507426558
165,5.297193936628712e-07,7.999470613190475,-1.5691435281428976
166,6.283212393074213e-07,7.99946762693489,-1.5691379998734296
167,6.093964894954525e-07,7.999464631639755,-1.569132419870892
168,5.599646299443171e-07,7.99946261275015,-1.5691286801538717
169,6.511762674518868e-07,7.999460659407275,-1.56912500704656
170,6.351851229453758e-07,7.999457569249808,-1.569119426399271
171,6.025147089439612e-07,7.999454627882681,-1.5691138311195532
172,5.650432058223936e-07,7.999452641382382,-1.5691100967012885
173,6.555410801015378e-07,7.999449595946415,-1.56910456636656
174,6.749820210214486e-07,7.999446629743157,-1.5690990030607994
175,5.80081975378935e-07,7.999443640463226,-1.569093384952076
176,7.08748118651572e-07,7.999440583210272,-1.5690878681415008
177,7.214339409761243e-07,7.999438626920399,-1.569084160218192
178,6.197037168707181e-07,7.99943557884954,-1.569078539406314
179,5.466197400775641e-07,7.999432590243779,-1.569072923721207
180,6.223748785894173e-07,7.999430581776892,-1.569069242220591
181,7.389558315952212e-07,7.999427567767758,-1.5690637259619418
182,6.751089748526587e-07,7.999424613294172,-1.569058123092983
183,5.260858185486591e-07,7.999421619907223,-1.5690524770411252
184,6.20739456381929e-07,7.999418519417028,-1.5690469342541038
185,7.239447753867348e-07,7.999415527197044,-1.5690414073791044
186,7.537182781321836e-07,7.999413643700767,-1.5690377056985036
187,6.107528834137394e-07,7.999410592286713,-1.5690320658787589
188,5.320712746855696e-07,7.999407501299513,-1.5690264444449809
189,7.252631014780746e-07,7.99940462249591,-1.569020956092614
190,7.051098730319008e-07,7.999402565624529,-1.5690172252509336
191,6.840957497501589e-07,7.999399589084218,-1.5690116472824274
192,7.780143355316972e-07,7.9993965867312395,-1.5690061219221012
193,8.050497054110575e-07,7.999393584038217,-1.5690005603839914
194,6.069570993563907e-07,7.999390552755575,-1.5689948888421152
195,6.880836527167045e-07,7.999387598152805,-1.5689893471852308
196,8.102288889377592e-07,7.999385525939246,-1.568985689200321
197,7.966192211699986e-07,7.99938255964458,-1.5689801135426498
198,6.934555877217909e-07,7.9993796313372965,-1.5689744888365873
199,7.067180608613473e-07,7.999376532065026,-1.5689689095966395
200,7.433024360094122e-07,7.999373482205996,-1.568963354545185
201,7.933374335757046e-07,7.999370572646848,-1.5689578038475442
202,7.44535889180885e-07,7.99936760605079,-1.5689522039675539
203,7.371202930812119e-07,7.999364578065275,-1.5689466263630112
204,7.669284821522987e-07,7.999361590359759,-1.5689410608934553
205,8.036447689826215e-07,7.9993585470142925,-1.5689354986130837
206,7.559145172118977e-07,7.999356585333264,-1.56893176177382
207,7.453944783845326e-07,7.999353549454445,-1.5689261788240185
208,8.466496498571528e-07,7.999350548558517,-1.5689206459130194
209,8.235382971951282e-07,7.9993485545499015,-1.5689169241587788
210,7.978837393762569e-07,7.999345536594317,-1.5689113333414357
211,7.879240272364439e-07,7.9993425399808205,-1.5689057523867842
212,7.889893820080043e-07,7.999339606373367,-1.5689001755821639
213,8.254823901371998e-07,7.999336591674495,-1.5688946138060917
214,8.422050083745511e-07,7.999333528484236,-1.5688890470885588
215,8.403894272816823e-07,7.999331595076215,-1.568885329074551
216,7.973792369532783e-07,7.999328589942639,-1.568879734642036
217,9.545239565448323e-07,7.999325517425818,-1.5688742351900047
218,9.243319563391416e-07,7.999322568037804,-1.568868649786095
219,7.342603222703126e-07,7.9993204946322525,-1.5688648390482225
220,7.468142803029426e-07,7.999317556259663,-1.5688592604021898
221,9.157656058102884e-07,7.999314553739937,-1.5688537684370976
222,9.838698123039592e-07,7.999311533086851,-1.5688482264505534
223,8.079030235466159e-07,7.999308555440256,-1.5688425721183916
224,8.573141026291439e-07,7.999305558790455,-1.5688370205788933
225,9.585139811392738e-07,7.999302549048439,-1.5688314970302373
226,9.598581968806065e-07,7.9992995075369615,-1.5688259200205514
227,8.855535934342122e-07,7.999297563958767,-1.5688221719638653
228,8.818337712195484e-07,7.999294498747389,-1.568816589246414
229,9.370819423961721e-07,7.999291491351639,-1.5688110415578724
230,9.181147192070342e-07,7.999288587773894,-1.56880545837827
231,8.761324505731142e-07,7.999286517002573,-1.5688017174881064
232,8.635208478677768e-07,7.999284566313101,-1.5687979929084297
233,9.447887711512317e-07,7.999281552668345,-1.5687924554162205
234,1.02574809014776e-06,7.99927954347793,-1.5687887740689521
235,7.400581988607113e-07,7.999276502335373,-1.568783061258399
236,7.726618469832301e-07,7.999273477965222,-1.5687774873649962
237,1.0564989596765001e-06,7.999270499853803,-1.5687720383804515
238,8.642260046643367e-07,7.999267512866546,-1.5687663763284967
239,9.084512424096063e-07,7.999264542334143,-1.5687608199148708
240,1.0503457843536955e-06,7.999261522988471,-1.5687553120629143
241,9.771019675090788e-07,7.999258523541516,-1.568749706445721
242,8.429195211066328e-07,7.999255546954679,-1.5687440680189497
243,9.60883370651811e-07,7.999252486023433,-1.5687385393117834
244,1.0783076070576555e-06,7.999249498930588,-1.5687330221168467
245,1.0054199732380525e-06,7.9992464890902175,-1.5687274125051862
246,9.808531624866875e-07,7.999244554485674,-1.568723681147891
247,9.52767789837781e-07,7.999241497812024,-1.5687180928677267
248,1.0471204591693626e-06,7.999238467039775,-1.568712559384436
249,1.096320799824751e-06,7.999235565852709,-1.5687070092012239
250,1.0326696989197292e-06,7.999232516115857,-1.5687013974723454
251,9.952839117129135e-07,7.99922948332234,-1.5686958071916173
252,1.0386558627144321e-06,7.999226497538135,-1.5686902514267034
253,1.0770184087408075e-06,7.999223560636035,-1.56868468973296
254,1.0329522464725623e-06,7.999220480937142,-1.568679095163329
255,1.0174828289110625e-06,7.999218515148754,-1.5686753708523904
256,1.094463092433701e-06,7.999215552040491,-1.5686698313873015
257,1.1502174185207562e-06,7.999213522816197,-1.5686661413900642
258,1.0447520076451e-06,7.999210511153883,-1.5686605176716433
259,1.0241344212836306e-06,7.999208486543014,-1.5686567867336658
260,1.1515019283137587e-06,7.999205480294122,-1.5686512672055326
261,9.804680846090726e-07,7.999202482009605,-1.5686456072991706
262,8.402870605389502e-07,7.999199480952648,-1.5686399520153895
263,1.1693365354973801e-06,7.999196485725912,-1.5686345184560744
264,1.1278798283438368e-06,7.999193483062631,-1.5686289244634513
265,8.866697264402113e-07,7.999191447097527,-1.5686250957146797
266,1.1386188418706229e-06,7.999188514481811,-1.5686196286861598
267,1.1762452588007766e-06,7.9991855411192825,-1.568614080619211
268,9.712950436024304e-07,7.999182488219165,-1.5686084109397767
269,1.1415238137280463e-06,7.999179427971013,-1.5686029036177471
270,1.2408030920720078e-06,7.999177525497543,-1.568599234912211
271,1.1789611178529509e-06,7.9991744770132485,-1.5685936380548104
272,1.074039266914116e-06,7.999172546162957,-1.5685898699742575
273,1.137057022467061e-06,7.999169459035485,-1.5685843224589777
274,1.2029933999830947e-06,7.999167414815865,-1.5685806364741826
275,1.2815334632648436e-06,7.999164524668022,-1.568575103912696
276,1.1462237273165702e-06,7.999161517879714,-1.5685694653017046
277,1.0882206973473763e-06,7.999158463517299,-1.5685638510047097
278,1.1766231802777517e-06,7.99915546223785,-1.5685583136482026
279,1.2353185818918772e-06,7.99915352441303,-1.5685546268593495
280,1.2305589902814462e-06,7.999150473603512,-1.5685490447751098
281,1.181964911540025e-06,7.999147494240087,-1.568543446065688
282,1.208299905217172e-06,7.999144539268829,-1.5685378885253813
283,1.2746192029214573e-06,7.9991415264058805,-1.5685323449231643
284,1.2158610297195393e-06,7.999138439810408,-1.5685267352105965
285,1.2299570198230087e-06,7.999135495288111,-1.5685211652311815
286,1.3653165657972743e-06,7.999132523571171,-1.5685156579949975
287,1.2372848159104167e-06,7.999129454517489,-1.5685100260885876
288,1.2079166972638847e-06,7.999126474659123,-1.568504428790075
289,1.3180427607498766e-06,7.999123486757157,-1.568498899669235
290,1.2429244162121608e-06,7.999120509277434,-1.5684932923013122
291,1.2417604565217594e-06,7.99911847726222,-1.5684895700163488
292,1.408449405437802e-06,7.999115475277767,-1.568484072173026
293,1.2572368914450945e-06,7.999113456040252,-1.568480284518608
294,1.046402570199558e-06,7.99911039176975,-1.568474593989592
295,1.2459860200211234e-06,7.9991085018722305,-1.5684709642090402
296,1.4244319896050021e-06,7.999106447687092,-1.5684673309876715
297,1.2913576652331711e-06,7.999103491794137,-1.5684617016880116
298,1.1295761013310207e-06,7.999101408943131,-1.5684579001522747
299,1.2422825349654862e-06,7.9990984564309064,-1.568452366931776
300,1.4522544340152006e-06,7.999095542778225,-1.568446894290225
301,1.266493967863512e-06,7.999092419462953,-1.5684412361451359
302,1.1758180521113633e-06,7.999090466046418,-1.5684374704243158
303,1.2517890800287195e-06,7.999087466259568,-1.5684319183531914
304,1.4131428337162467e-06,7.99908544345257,-1.5684282755068983
305,1.4839973088444663e-06,7.999082526108478,-1.5684227415402314
306,1.1703740604098095e-06,7.999079438422409,-1.568417014572429
307,1.2550965834607407e-06,7.9990764280453845,-1.56841146223728
308,1.5253891921597943e-06,7.999073525495828,-1.5684060107755795
309,1.3414748814100845e-06,7.999070512714783,-1.5684003624723821
310,1.3670006854742273e-06,7.999067473015204,-1.5683947932876081
311,1.4698976083324703e-06,7.999064447671526,-1.5683892670543214
312,1.4221828865036975e-06,7.999061527546189,-1.568383671581989
313,1.3768211923063988e-06,7.999058512284952,-1.5683780760027708
314,1.462032524278529e-06,7.9990554514302215,-1.5683725309396122
315,1.4947784670609957e-06,7.9990524899326205,-1.568366979098542
316,1.4313941186689555e-06,7.999050479362591,-1.5683632316539153
317,1.4263216853459266e-06,7.9990485231845945,-1.5683595099452796
318,1.5223052328186365e-06,7.99904551217954,-1.5683539849261523
319,1.53340659858816e-06,7.99904245058672,-1.568348417245182
320,1.472041035215596e-06,7.999038438128637,-1.568340952158641
321,1.5163025832575649e-06,7.999035471021363,-1.5683353928889425
322,1.5508837116631507e-06,7.999032489524024,-1.5683298418628102
323,1.5066405568135216e-06,7.99903042846181,-1.5683261007120217
324,1.5014015290707233e-06,7.99902749174506,-1.5683205206890665
325,1.5967218182067386e-06,7.999024503928722,-1.568314996153336
326,1.5486817556766551e-06,7.999021489311638,-1.5683093990936872
327,1.4740135597913684e-06,7.999018430080009,-1.5683037799050936
328,1.5485977341895953e-06,7.999015509699237,-1.5682982385165483
329,1.6025349025234156e-06,7.999012479890132,-1.5682926859619677
330,1.581569495643134e-06,7.999008519583386,-1.5682852509926404
331,1.5790232916864905e-06,7.999005480017589,-1.5682796685900728
332,1.5125597811989598e-06,7.999002455422642,-1.5682740574619702
333,1.5722658774607975e-06,7.998999516467615,-1.5682685072850513
334,1.6134399550217114e-06,7.998996460453619,-1.5682629538302506
335,1.593494143650503e-06,7.998993424019249,-1.5682573662372719
336,1.5760866804874884e-06,7.998990504646352,-1.5682517792067336
337,1.6783002882063055e-06,7.998987512615341,-1.5682462528929169
338,1.7231642757216079e-06,7.998984410770169,-1.5682407006766705
339,1.6176980733912776e-06,7.998980459486886,-1.5682332233908771
340,1.606557820710337e-06,7.998977481818463,-1.5682276430351556
341,1.711054243046315e-06,7.998973467465595,-1.5682202597266572
342,1.6302971667679624e-06,7.998970478301912,-1.568214646267659
343,1.6538341088892893e-06,7.998967475467648,-1.5682090732115659
344,1.740937201629757e-06,7.998964475573853,-1.5682035372909569
345,1.7243232760559579e-06,7.99896147744299,-1.568197966035058
346,1.618991075745296e-06,7.998958454408117,-1.568192334852265
347,1.6827270317459272e-06,7.998955414999602,-1.5681867820711364
348,1.7617528752963657e-06,7.998952485106084,-1.5681812465851852
349,1.7527125813844858e-06,7.998949501792726,-1.5681756671718088
350,1.6810576105203688e-06,7.998946453986919,-1.5681700569561923
351,1.7797861561563007e-06,7.998943433085796,-1.5681645291778683
352,1.8483680506748855e-06,7.998940472803542,-1.5681589919115355
353,1.6040241259058623e-06,7.998937422452918,-1.5681532907898872
354,1.6665071790599932e-06,7.9989344690476765,-1.568147738391959
355,1.8376496436940772e-06,7.998932452597047,-1.568144104332999
356,1.7532225810222419e-06,7.998928409952577,-1.5681366377715085
357,1.5919846175266933e-06,7.998925396455187,-1.5681309746404255
358,1.74318468314325e-06,7.998922491119431,-1.5681254627671037
359,1.9025277320222397e-06,7.998919451385011,-1.568119960208134
360,1.7657864953326691e-06,7.998916453816476,-1.5681143303679899
361,1.7369911257360354e-06,7.998913490160112,-1.5681087375390934
362,1.912802081958115e-06,7.998909467967973,-1.5681013888223354
363,1.8683424706544611e-06,7.998906469558431,-1.5680957997387186
364,1.8308129727663384e-06,7.998903455663646,-1.5680902027868409
365,1.8112425199552095e-06,7.998901492770747,-1.5680864727408381
366,1.900857954415452e-06,7.998898485579146,-1.5680809415120067
367,1.9399241392199726e-06,7.998895415984572,-1.5680753795099733
368,1.8376246266700206e-06,7.998892480947462,-1.5680697605018454
369,1.8097899839807792e-06,7.998890457352828,-1.5680660271054498
370,1.8788956929908206e-06,7.998887424449466,-1.5680604752369425
371,1.921167060993899e-06,7.998885479212593,-1.5680567851504268
372,1.962000195314713e-06,7.998883429322758,-1.568053085464432
373,1.910480284687757e-06,7.998880505886614,-1.5680474887316633
374,1.8509701384611273e-06,7.998878430786774,-1.568043736371279
375,1.8840650708304176e-06,7.998875449702799,-1.5680381770283935
376,1.9216554157032532e-06,7.998873453330122,-1.568034478484291
377,1.9449250061498093e-06,7.998871459335747,-1.568030769783673
378,1.9284885020501425e-06,7.9988695010601365,-1.5680270437525632
379,1.9055480867361692e-06,7.998867484472475,-1.5680233160404922
380,1.901819049128895e-06,7.998865448958168,-1.5680195964190284
381,1.995009124449338e-06,7.998862447597208,-1.568014060464878
382,2.038007360700575e-06,7.998860507423511,-1.5680103657897584
383,1.9288881617953e-06,7.998857424725501,-1.5680047408716837
384,1.908510995942097e-06,7.998855437022662,-1.5680010076220787
385,2.0521675663829287e-06,7.998852516392621,-1.5679954993952296
386,1.9697811471106328e-06,7.998850389216676,-1.5679917358532813
387,1.7472260582299187e-06,7.9988484387823755,-1.5679879095712503
388,1.756716856096799e-06,7.998846377119349,-1.5679841824561591
389,2.0836931129456907e-06,7.998843491355497,-1.5679787491097659
390,1.996888907950964e-06,7.998840431250238,-1.5679731480858448
391,1.776930246393092e-06,7.998837362594937,-1.5679674532010845
392,1.8103883993910796e-06,7.998835445174623,-1.5679637483185322
393,2.1133769060281857e-06,7.9988324723250255,-1.567958308692009
394,2.0480855688783085e-06,7.998830460537721,-1.5679545607038963
395,1.9230684467495072e-06,7.99882847569149,-1.5679507879658845
396,1.9505632956308095e-06,7.998826452913329,-1.5679470776133875
397,2.089812137209466e-06,7.998824492882237,-1.5679434270138495
398,2.146749091666208e-06,7.998822496107896,-1.5679397364175698
399,2.0650748443139843e-06,7.998820418939611,-1.5679359788619647
400,1.9739522824924344e-06,7.998818472102531,-1.5679322234393407
401,1.9970968907092015e-06,7.998815466674089,-1.5679266498478557
402,2.102920997827918e-06,7.998813422177355,-1.5679229798310939
403,2.1961066733343014e-06,7.998811501769608,-1.5679193093362345
404,2.1461037036820556e-06,7.9988094350335555,-1.567915574890631
405,2.107708495534864e-06,7.998807518071536,-1.5679118420280742
406,2.0993567552166292e-06,7.998804472135426,-1.5679062577796927
407,2.1370541030859784e-06,7.998802512669764,-1.5679025578417407
408,2.211608789500293e-06,7.998800457026194,-1.567898877075406
409,2.1471502998460633e-06,7.998797468088838,-1.5678932737380344
410,2.1054267043377494e-06,7.998795495071046,-1.5678895355553149
411,2.237591244653511e-06,7.998792442354342,-1.567884018693028
412,2.250683345303685e-06,7.998790479032532,-1.5678803105299481
413,2.1937877395566914e-06,7.998788434859954,-1.5678765702647328
414,2.1330360767187745e-06,7.998785506520309,-1.567870961190863
415,2.1422597506852464e-06,7.998783480075545,-1.5678672460174068
416,2.2731454066620724e-06,7.9987804747367,-1.5678617300842295
417,2.0825555536571716e-06,7.998778466734393,-1.5678579251964104
418,1.9204335944388863e-06,7.998776377241904,-1.5678541257380052
419,2.2670464605260143e-06,7.998773480428857,-1.5678486945299326
420,2.3266349658816215e-06,7.99877148480273,-1.5678450050851405
421,2.202159560954747e-06,7.998769536944556,-1.5678412343096189
422,2.099355562461765e-06,7.998767469503732,-1.5678374666028083
423,2.1785691564038544e-06,7.998765437608615,-1.5678337854750841
424,2.2332114534769456e-06,7.998763474179573,-1.5678300938173437
425,2.261031082767306e-06,7.998760526157078,-1.5678245354330296
426,2.2898660352137403e-06,7.9987584707905715,-1.5678208256741453
427,2.231989614733358e-06,7.9987555220913125,-1.5678152253529558
428,2.279439258769809e-06,7.998753448664706,-1.567811530894516
429,2.35563012886954e-06,7.998750456772099,-1.5678059924040546
430,2.334127334045404e-06,7.9987484648428016,-1.5678022654025605
431,2.295877914014177e-06,7.9987454850844975,-1.5677966743007399
432,2.3671639912891714e-06,7.998743517786421,-1.5677929907882553
433,2.347168730788403e-06,7.998741468727812,-1.56778926620987
434,2.2884764585927263e-06,7.998738521434146,-1.567783662956385
435,2.2885241230859816e-06,7.998736471550457,-1.5677799425422845
436,2.3671739271676858e-06,7.998733504813142,-1.5677744016083226
437,2.4065077883814685e-06,7.9987314763921,-1.5677707062980826
438,2.365965505736497e-06,7.998729496957134,-1.5677669711941131
439,2.300210546233194e-06,7.998726527818877,-1.5677613691405172
440,2.406687376794351e-06,7.998724459537252,-1.5677576936725213
441,2.4241911186507163e-06,7.998721527535244,-1.5677521315903773
442,2.3713791118784096e-06,7.998719458628287,-1.5677483861203374
443,2.3276278713718703e-06,7.998717515115786,-1.567744648290203
444,2.335232696795364e-06,7.998715450058405,-1.567740928718
445,2.4255795161438e-06,7.998713535398408,-1.5677372542171033
446,2.4676742415335593e-06,7.9987114664927415,-1.567733557782208
447,2.361325777435761e-06,7.998708450082942,-1.5677279338659302
448,2.3381293413985944e-06,7.9987064992993675,-1.5677242022983382
449,2.469784075811807e-06,7.998703472784715,-1.5677186803592953
450,2.428361015750166e-06,7.998701511814314,-1.5677149444996563
451,2.1978766255927125e-06,7.998698453263109,-1.567709249854965
452,2.274970955501646e-06,7.998696404085284,-1.5677055582646215
453,2.5219423448722197e-06,7.998694501693781,-1.5677019536976424
454,2.4746410544987402e-06,7.99869147666408,-1.5676963597558977
455,2.401048678772918e-06,7.99868953068601,-1.567692611476096
456,2.4439193969743366e-06,7.998687419747478,-1.5676889105494318
457,2.52491819564689e-06,7.998684421242639,-1.5676833751581871
458,2.557832512225437e-06,7.998682538761732,-1.5676796751699615
459,2.4530010774314625e-06,7.998679499116942,-1.5676740476110433
460,2.4017412121535465e-06,7.998677517101817,-1.5676703009145585
461,2.5226004553952657e-06,7.998674465165043,-1.56766478017339
462,2.620264074203569e-06,7.9986724358203425,-1.5676611111945666
463,2.6007542094277952e-06,7.998670491776405,-1.5676573848475719
464,2.420980051587e-06,7.998668455306281,-1.567653579511336
465,2.3930415620513827e-06,7.998666490678687,-1.5676498477318468
466,2.5063685331073326e-06,7.998664482061785,-1.5676461725251822
467,2.601414945725862e-06,7.998661562545795,-1.5676406439568202
468,2.6271011297045412e-06,7.998659469281751,-1.5676369419448593
469,2.5446572896868954e-06,7.998656514581832,-1.567631328866798
470,2.5814912988183115e-06,7.998654512379738,-1.5676276272782284
471,2.6434868097563607e-06,7.99865254408628,-1.5676239436467347
472,2.6086883558584098e-06,7.998649512161145,-1.5676183544896989
473,2.57252810955747e-06,7.998647507681132,-1.5676146165700542
474,2.561690044376773e-06,7.998644546617356,-1.567609036694445
475,2.6612927840756776e-06,7.998642455084313,-1.5676053614970147
476,2.7185786858209932e-06,7.998640527888172,-1.5676016724394204
477,2.6900354174567427e-06,7.9986384650468105,-1.567597943598355
478,2.6269599252762905e-06,7.998636556772932,-1.5675942004898438
479,2.5917039451854192e-06,7.998633489764197,-1.5675886017803782
480,2.673248539755218e-06,7.998630479881834,-1.5675830637250805
481,2.728028337275478e-06,7.998627537304512,-1.5675775175923847
482,2.7198185931470604e-06,7.998625478055947,-1.56757379278219
483,2.678774938160248e-06,7.998623551589313,-1.5675700547147635
484,2.6518865543670165e-06,7.998620483014649,-1.5675644628041854
485,2.682086800709686e-06,7.998618511336909,-1.56756075924615
486,2.726634570351621e-06,7.99861651163847,-1.5675570647996253
487,2.7162592872202035e-06,7.998614561937372,-1.5675533364081409
488,2.7031539856874435e-06,7.998612500164061,-1.5675496137286273
489,2.6856712122039174e-06,7.99860945764191,-1.567544028148229
490,2.706543120939231e-06,7.998607564985566,-1.5675403200266014
491,2.792383961236381e-06,7.998605482237418,-1.5675366440150384
492,2.8285147322873968e-06,7.998602518713548,-1.567531087110933
493,2.7608619566538876e-06,7.998600469279845,-1.567527339652574
494,2.7370625123367214e-06,7.998598525391168,-1.5675236076802748
495,2.741813744847065e-06,7.998596534697796,-1.5675198899443479
496,2.8056917956789736e-06,7.998594577494887,-1.56751620176235
497,2.85461101645771e-06,7.998592493998563,-1.5675125094609985
498,2.838147015451051e-06,7.9985905310590315,-1.5675087840625217
499,2.7633921757734277e-06,7.998588462076098,-1.5675050297661244
500,2.825626842593786e-06,7.998585541138178,-1.5674994812988254
501,2.8864327518118213e-06,7.998583493657857,-1.5674957947452657
502,2.8526645104510624e-06,7.998581546095325,-1.5674920632547498
503,2.816173239160833e-06,7.998579514363616,-1.5674883248208782
504,2.7782221261574824e-06,7.998577558937006,-1.5674845873657897
505,2.8400474586246456e-06,7.9985754786732315,-1.5674808974421919
506,2.9265890055512663e-06,7.9985724719097275,-1.5674753677273998
507,2.9528593950077486e-06,7.9985705044549675,-1.567471660536215
508,2.8721615913797714e-06,7.998568532244559,-1.5674679093452324
509,2.83434489734789e-06,7.998566516767813,-1.5674641738773525
510,2.803385879431059e-06,7.998564530424174,-1.5674604434121615
511,2.909736855398621e-06,7.99856154093271,-1.5674549137142624
512,2.9430235049524955e-06,7.998559489074774,-1.5674512102782285
513,2.9261200299280317e-06,7.998557549223803,-1.5674474877248974
514,2.9005520996795426e-06,7.998555516149889,-1.5674437546130813
515,2.8889205942462883e-06,7.998553551013448,-1.5674400312102938
516,2.893106249417034e-06,7.998550512162449,-1.567434450779673
517,2.9060050403832175e-06,7.998548548049633,-1.567430737630819
518,2.931897273167684e-06,7.9985465329344265,-1.567427029376003
519,2.953387055659705e-06,7.998543486750975,-1.5674214631286612
520,2.961671944707596e-06,7.99854156872913,-1.5674177542115226
521,2.941043067866797e-06,7.99853951601733,-1.5674140206650113
522,3.0112348643620705e-06,7.998537559909502,-1.567410336354215
523,3.0172465250751363e-06,7.998535535303851,-1.5674066280192178
524,2.99727818876842e-06,7.998533499394498,-1.5674029023926852
525,2.988548118406346e-06,7.998531486756131,-1.567399180308454
526,3.0042014077296385e-06,7.9985295643096945,-1.5673954659521958
527,2.995660460402902e-06,7.998527539134953,-1.567391742350331
528,2.986167369581312e-06,7.99852553802744,-1.5673880174805426
529,2.9972590151799193e-06,7.998523495259318,-1.5673843052467749
530,3.0613711346924873e-06,7.998520568659184,-1.5673787543414293
531,3.0130171450520943e-06,7.998518528075429,-1.5673750172854164
532,3.0538930398042886e-06,7.99851552591296,-1.5673694587423261
533,3.1067003934672457e-06,7.998513583030635,-1.5673657699485841
534,3.106997318285231e-06,7.998511540377043,-1.5673620477032533
535,3.084139510802072e-06,7.998509560321045,-1.5673583262469732
536,3.059821512420338e-06,7.998507549128322,-1.5673545929369335
537,3.0107878747672313e-06,7.998505571927507,-1.5673508486153287
538,3.0846954455436768e-06,7.998503548908496,-1.567347164336439
539,3.174788755426587e-06,7.998501534415166,-1.5673434950780634
540,3.1799653650775748e-06,7.9984994987097755,-1.5673397713562738
541,2.91398385640373e-06,7.998497536372126,-1.5673359297838587
542,2.831106531768375e-06,7.99849548497525,-1.5673321607024042
543,3.130473127566293e-06,7.998493543060755,-1.5673285776824735
544,3.369379221805889e-06,7.9984914926287995,-1.567324973498074
545,3.196248222652808e-06,7.9984895350927285,-1.5673211862802492
546,2.9724998363220192e-06,7.99848748663096,-1.5673173634488349
547,3.0235427637953137e-06,7.998485533892161,-1.5673136667095553
548,3.1733463276540147e-06,7.99848353792228,-1.5673100151362105
549,3.2182221966551097e-06,7.998481580727969,-1.5673063224180028
550,3.1525634007527445e-06,7.99847957088497,-1.5673025716866364
551,3.047567428008291e-06,7.998477516874796,-1.567298804480004
552,3.00702649474676e-06,7.998475457610416,-1.5672950549803355
553,3.012647179495362e-06,7.99847356400133,-1.5672913366553798
554,3.2110475572962844e-06,7.998471546948285,-1.5672877004958334
555,3.3128330322618495e-06,7.998469622714384,-1.567284030206971
556,3.1566833694233305e-06,7.99846751390171,-1.5672802448445153
557,3.072982409690016e-06,7.9984655889451,-1.567276492587933
558,3.19019381318701e-06,7.998463507929767,-1.567272816775552
559,3.317593612495044e-06,7.998461590400684,-1.5672691661341118
560,3.2965702488325868e-06,7.99845950958086,-1.5672654342410108
561,3.1352725487913713e-06,7.9984575980266195,-1.567261642494348
562,3.212890310603153e-06,7.998454537017803,-1.5672560937393532
563,3.3287538554715803e-06,7.998451555813786,-1.5672505737638376
564,3.3315579740444263e-06,7.998449606089986,-1.5672468578413696
565,3.2724680509702753e-06,7.998447567867284,-1.5672431162322837
566,3.2467014568063567e-06,7.9984456015220315,-1.5672393865876846
567,3.311755336775072e-06,7.998443599540276,-1.5672356973391586
568,3.413785889876461e-06,7.998441594205566,-1.5672320297086577
569,3.3916370296917653e-06,7.998438527522336,-1.5672264509115874
570,3.3382944672035562e-06,7.998436589228493,-1.5672227057611825
571,3.259205746435295e-06,7.998434533552666,-1.5672189487590162
572,3.314063775540648e-06,7.998431611783799,-1.5672133961809895
573,3.3613342964631574e-06,7.998429572084688,-1.567209698530445
574,3.378953866371192e-06,7.998426560125106,-1.567204128220489
575,3.3851428401616312e-06,7.99842457841427,-1.5672004089740514
576,3.341874127326221e-06,7.9984225549253765,-1.5671966747975152
577,3.3485043381953746e-06,7.9984206390697565,-1.5671929602647114
578,3.3637586302297636e-06,7.998418591341566,-1.5671892473722937
579,3.3932838862992237e-06,7.998415634062856,-1.5671836842611326
580,3.4079236977773013e-06,7.998413533093029,-1.5671799720899395
581,3.4393265923041765e-06,7.998410566759691,-1.5671744084297827
582,3.4151371050758695e-06,7.9984086462117245,-1.5671706790939077
583,3.4113445387496274e-06,7.998406618379471,-1.567166953282193
584,3.3989026796115703e-06,7.998403629647329,-1.5671613776877276
585,3.502646179768302e-06,7.998401552442817,-1.567157703930435
586,3.530497299789278e-06,7.998399612113941,-1.5671540064247624
587,3.4643217027399483e-06,7.998396584563777,-1.5671483961694266
588,3.4745175841346416e-06,7.998394639130206,-1.5671446813216137
589,3.5208348470738173e-06,7.998391642984176,-1.5671391232522505
590,3.4871854866036553e-06,7.99838955442916,-1.5671353909936054
591,3.474588633531817e-06,7.998387634284702,-1.5671316667433646
592,3.5183759282597422e-06,7.998385594420789,-1.5671279676083896
593,3.581471194330536e-06,7.998383650805944,-1.567124281949382
594,3.5941036219391854e-06,7.998381551266859,-1.567120565469812
595,3.497565337288954e-06,7.99837859558887,-1.5671149458262934
596,3.5428164264232974e-06,7.998376626534847,-1.5671112464008077
597,3.6155386545186478e-06,7.998374652623728,-1.5671075643950658
598,3.56881778868039e-06,7.998372559903304,-1.5671038260509256
599,3.5399859172912176e-06,7.998370560065639,-1.5671000942105096
600,3.5512623025346693e-06,7.998368625260808,-1.5670963796975415
601,3.63142503154607e-06,7.998366626240054,-1.5670926930405684
602,3.6539812379555642e-06,7.9983646188413084,-1.5670889935477936
603,3.5828083297461804e-06,7.9983615765164195,-1.5670833788870404
604,3.63097833846409e-06,7.998359656928408,-1.5670796833550242
605,3.661291104901149e-06,7.998357600664194,-1.5670759783057748
606,3.6158186025101397e-06,7.998354663918352,-1.5670703811313635
607,3.6682863839153973e-06,7.998352598173761,-1.5670666884252005
608,3.7072517242423512e-06,7.998349636838527,-1.5670611346869356
609,3.6393381085265277e-06,7.998347591194201,-1.567057384127759
610,3.6501253466629505e-06,7.99834462256035,-1.5670518083730625
611,3.7399566568222577e-06,7.998342663595149,-1.567048131935063
612,3.7331685478162874e-06,7.998340622379593,-1.567044413323226
613,3.655239032341696e-06,7.99833767882517,-1.5670388034952276
614,3.643600514892855e-06,7.998335600900365,-1.5670350706913558
615,3.7202510607409617e-06,7.9983336598478685,-1.5670313904796844
616,3.773514432084688e-06,7.998331569185178,-1.5670277002217992
617,3.799950554081977e-06,7.998329649706313,-1.5670240030682312
618,3.7585822929745847e-06,7.998327603439637,-1.5670202628373642
619,3.6767542238444624e-06,7.998325666321678,-1.5670165030122734
620,3.6719958326049305e-06,7.998323607857309,-1.5670127792693962
621,3.725710578576956e-06,7.998321588858464,-1.567009086608579
622,3.8021845645005386e-06,7.998318571076988,-1.5670035457391343
623,3.831768131004752e-06,7.998316658777617,-1.5669998433663452
624,3.826055860620363e-06,7.998314647949387,-1.566996120535213
625,3.6827063858237515e-06,7.9983116091319095,-1.5669904707132598
626,3.732284108599425e-06,7.998309605678973,-1.5669867744610595
627,3.8301337235962515e-06,7.998307607542823,-1.5669831012460773
628,3.915408895105008e-06,7.998305647200746,-1.566979426085479
629,3.838802093451021e-06,7.998302659627301,-1.5669738176831698
630,3.7349673259152083e-06,7.99830067045646,-1.5669700483660776
631,3.7729836754718404e-06,7.9982986366403095,-1.5669663440115582
632,3.840761863839942e-06,7.9982966121195975,-1.5669626592430312
633,3.9134615853137035e-06,7.998294579691492,-1.5669589748804584
634,3.805148439753734e-06,7.998291662935405,-1.5669533430308242
635,3.6952544537516272e-06,7.998289627151947,-1.566949570038657
636,3.81657159617456e-06,7.998287653424845,-1.5669459218230575
637,3.954095642891748e-06,7.998285641445502,-1.566942265523538
638,4.0003426890439015e-06,7.998283720099273,-1.5669385646783263
639,3.931256107581803e-06,7.998281647502549,-1.5669348066356648
640,3.6240119379030345e-06,7.998278573912585,-1.5669290774408073
641,3.78824525903853e-06,7.998276622117316,-1.5669254209757275
642,4.050140677123218e-06,7.9982746797082855,-1.566921821138039
643,4.115043063220467e-06,7.998272640810674,-1.5669181470827913
644,3.879214303732108e-06,7.998270679038364,-1.566914321188804
645,3.6668507172021616e-06,7.998267636539581,-1.566908634691383
646,3.859161418282418e-06,7.998265613818505,-1.5669049944081033
647,4.154934258598051e-06,7.998263688446944,-1.5669014158549412
648,4.037135439383028e-06,7.998260657508623,-1.5668957955488052
649,3.886419701208069e-06,7.998257677715034,-1.5668901449479173
650,3.943898954296364e-06,7.998254697406672,-1.5668845913720202
651,4.092028201826061e-06,7.998251679312986,-1.5668790880222674
652,4.130475962564792e-06,7.998249682435452,-1.5668753881339474
653,4.0606473978437215e-06,7.998247707414113,-1.5668716443702855
654,3.990278738013573e-06,7.998244658065089,-1.5668660249813169
655,4.068822340414537e-06,7.998241706514374,-1.5668604824637995
656,4.150329742664925e-06,7.998238723843891,-1.566854951433243
657,4.167218538430755e-06,7.998236669686707,-1.566851236317027
658,4.082276736349493e-06,7.9982337412971845,-1.566845623287435
659,4.0266268748191185e-06,7.998230733130688,-1.5668400232898239
660,4.136394909971886e-06,7.998228661673575,-1.5668363487745143
661,4.240127305342028e-06,7.998225723335403,-1.5668308268251157
662,4.19650043146222e-06,7.998223663539961,-1.5668270898974284
663,4.117852316371638e-06,7.998220701974915,-1.5668214749286826
664,4.118965839482548e-06,7.998218743863769,-1.5668177571438644
665,4.248575407611872e-06,7.99821569339105,-1.5668122395458566
666,4.1870405892981535e-06,7.998213732381803,-1.5668084993473808
667,4.128131330215631e-06,7.998211633957236,-1.5668047480277056
668,4.145632877374732e-06,7.998208708455376,-1.5667991728857888
669,4.264159830174284e-06,7.998206742608657,-1.566795511337184
670,4.30649749397709e-06,7.998204739917614,-1.5667918120836721
671,4.057317357768509e-06,7.998201689023255,-1.5667861140360546
672,3.964171789865753e-06,7.998199646464106,-1.566782346137206
673,4.30183051449629e-06,7.998196760842815,-1.5667769155035796
674,4.354457510895251e-06,7.998194707894365,-1.5667732214011112
675,4.200398479269071e-06,7.998192772394042,-1.5667694392482898
676,4.2085656511401076e-06,7.998189697238904,-1.566763862174077
677,4.268487291863273e-06,7.998187671400841,-1.5667601707816263
678,4.338253224392271e-06,7.998185755209221,-1.5667564895000292
679,4.35490851830405e-06,7.998183757415081,-1.566752773521144
680,4.2787044369434e-06,7.998181753713615,-1.5667490255902856
681,4.2096793528026435e-06,7.9981797062420235,-1.5667452680107663
682,4.1980938171069045e-06,7.998177741293506,-1.5667415463558363
683,4.3205290712338375e-06,7.998175739772696,-1.5667378754076322
684,4.446785765757e-06,7.99817277960551,-1.5667323605496586
685,4.42381854537163e-06,7.998170728087461,-1.5667286389390822
686,4.36063287004603e-06,7.998167766538834,-1.5667230352931043
687,4.3600130244577175e-06,7.998165760254365,-1.566719316213087
688,4.363436966098967e-06,7.998163796701469,-1.5667155988845138
689,4.38003083834135e-06,7.998161770232916,-1.5667118867104708
690,4.39423977761146e-06,7.99815978715818,-1.566708175777123
691,4.431946151658461e-06,7.998156807181584,-1.5667026168338691
692,4.449044764377023e-06,7.998153769492068,-1.5666970436880236
693,4.397380818729595e-06,7.9981507156090155,-1.5666914384092039
694,4.389169113950985e-06,7.998148794607211,-1.5666877165663664
695,4.468195329988299e-06,7.998146761093063,-1.5666840323079911
696,4.5099308508998324e-06,7.998143753650215,-1.566678478310879
697,4.296792787098363e-06,7.998141695721229,-1.5666746558863325
698,4.239067443807724e-06,7.998139723767858,-1.5666709001687558
699,4.4682253901556015e-06,7.998137716338624,-1.5666672769615164
700,4.628397775659502e-06,7.99813581147395,-1.5666636421366145
701,4.585929899345856e-06,7.998133733753055,-1.566659907903446
702,4.314039365275757e-06,7.99813074296737,-1.5666541968652399
703,4.3740903595148694e-06,7.998128711084397,-1.5666505006647466
704,4.586301600074958e-06,7.998125770600572,-1.5666450155855154
705,4.61689010054876e-06,7.998122867242364,-1.566639457329237
706,4.4199236233769725e-06,7.998119752818998,-1.5666337937163106
707,4.374704189334477e-06,7.998117694752406,-1.566630041485541
708,4.524223578693626e-06,7.998114824074428,-1.5666245235591068
709,4.699044610878376e-06,7.998112786838554,-1.5666208900077
710,4.611775604969643e-06,7.998110811381703,-1.5666171322112024
711,4.44813718163409e-06,7.998107818525321,-1.5666114744285211
712,4.541208533061119e-06,7.998105773137485,-1.5666077926464892
713,4.710350216098312e-06,7.9981028062691895,-1.5666022897947836
714,4.529416383190606e-06,7.998100799987439,-1.5665984936617714
715,4.537815995937224e-06,7.99809774070281,-1.566592908571693
716,4.6851041102083635e-06,7.99809585650629,-1.5665892599798745
717,4.717581210809365e-06,7.998093785344345,-1.5665855546001308
718,4.56598263973203e-06,7.998090816415748,-1.5665799123183681
719,4.643738016911194e-06,7.998088800835573,-1.5665762234615745
720,4.71771415803264e-06,7.998086784458399,-1.5665725393687866
721,4.776439057521594e-06,7.998083873837644,-1.5665669912461502
722,4.703963465255698e-06,7.998081819917911,-1.5665632389410058
723,4.785912153976962e-06,7.9980788347115945,-1.5665577018955676
724,4.83502649164054e-06,7.998076812696124,-1.5665540038108734
725,4.760252750784496e-06,7.9980737938134805,-1.5665483968117608
726,4.768785628477267e-06,7.998071897745926,-1.5665446818632283
727,4.7563076715336495e-06,7.998069820810088,-1.5665409547158335
728,4.7647485277644725e-06,7.998066834304739,-1.5665353815030492
729,4.786169810964891e-06,7.998064837856706,-1.5665316737753994
730,4.819388835699121e-06,7.998061845188315,-1.5665260993089836
731,4.766243285382432e-06,7.9980598925332425,-1.5665223658091485
732,4.8596801131829e-06,7.998056848037214,-1.5665168297120537
733,4.912653300914975e-06,7.99805481769345,-1.5665131328329032
734,4.891987665991172e-06,7.998052864839939,-1.5665094097342556
735,4.837839908009886e-06,7.998049835522782,-1.5665037964145798
736,4.779817344894147e-06,7.998047899723458,-1.5665000600330519
737,4.863956709970632e-06,7.998044830045226,-1.5664945123710192
738,4.917999293730537e-06,7.998041862988353,-1.5664889581805037
739,4.865954352098252e-06,7.998038874597326,-1.5664833611337126
740,4.974559635833483e-06,7.998035902154305,-1.566477834883625
741,4.981482102037038e-06,7.998032829963154,-1.5664722546852894
742,4.9224399801002525e-06,7.998029879988143,-1.566466652940376
743,5.012734358177862e-06,7.998027929984379,-1.566462979377759
744,4.967177577939494e-06,7.998024811933442,-1.5664573790979537
745,4.932196776353109e-06,7.998022864491427,-1.5664536441550083
746,4.9425747929468456e-06,7.998020890212512,-1.5664499264471976
747,5.060564533142852e-06,7.998018934656831,-1.5664462624198972
748,5.101356280887402e-06,7.998016846437685,-1.5664425608828318
749,4.973554668370071e-06,7.998013845373236,-1.566436928180711
750,4.997909166484725e-06,7.998011932962527,-1.5664332199959583
751,5.108851704612393e-06,7.99800887322592,-1.5664276936057513
752,5.113529139816653e-06,7.998006933360408,-1.5664239822191381
753,5.101730443760833e-06,7.998004851869227,-1.5664202597449064
754,5.049409224743817e-06,7.998001865625533,-1.5664146555946614
755,5.054668539876117e-06,7.998000872982918,-1.566412796548243
756,5.11448150913839e-06,7.997998963787296,-1.566409107323382
757,5.154383902162054e-06,7.997996873748968,-1.566405406723672
758,5.111145392914254e-06,7.997994930104147,-1.566401672496797
759,5.065032493664116e-06,7.997992866760762,-1.5663979254959732
760,5.168018058965999e-06,7.997989917109663,-1.5663923966972741
761,5.224953703576207e-06,7.997987880909751,-1.5663887008426813
762,5.15843850204812e-06,7.997984889493347,-1.566383097076461
763,5.107899410157609e-06,7.9979829515908545,-1.5663793558338575
764,5.110843272362249e-06,7.997980895159062,-1.5663756360147816
765,5.243595529877415e-06,7.9979779589266045,-1.5663701221696371
766,5.263959029513103e-06,7.99797587999114,-1.5663664099639267
767,5.1867160848762515e-06,7.997973977826496,-1.566362662603933
768,5.149327760917283e-06,7.997970930220201,-1.5663570633340986
769,5.204674936855427e-06,7.997968950465367,-1.566353369265469
770,5.275684440760421e-06,7.997965933697511,-1.5663478288924952
771,5.332632286353489e-06,7.997962910897319,-1.5663422711032393
772,5.26843292203953e-06,7.997959946947002,-1.5663366697918957
773,5.264210355583833e-06,7.997957976107307,-1.5663329508477413
774,5.269473821639065e-06,7.997954930880267,-1.5663273686021326
775,5.283518551690763e-06,7.997952957247304,-1.5663236579089284
776,5.299826472005422e-06,7.997949989793872,-1.5663180879635477
777,5.336210134810055e-06,7.997947913560811,-1.5663143840271618
778,5.344635659103197e-06,7.997945998552328,-1.5663106678524392
779,5.308204729444614e-06,7.997943946435712,-1.5663069358545967
780,5.387209173144135e-06,7.997941993062414,-1.5663032576648748
781,5.397262099698241e-06,7.997939967834142,-1.566299544293434
782,5.370702762922345e-06,7.997937932520173,-1.5662958159372606
783,5.374166766715781e-06,7.997935911805162,-1.5662920972512786
784,5.371662488709895e-06,7.99793398940311,-1.5662883776395697
785,5.391193225490605e-06,7.997931966692458,-1.5662846582419427
786,5.373178531905963e-06,7.997929966757468,-1.5662809350641032
787,5.396573959174943e-06,7.997927916660393,-1.566277226372653
788,5.4400215622275525e-06,7.99792601791185,-1.5662735315463063
789,5.41301777446467e-06,7.997923949645423,-1.566269796645437
790,5.428312847764874e-06,7.997920997599438,-1.5662642250179684
791,5.4996386742161655e-06,7.997918968767084,-1.5662605410954682
792,5.515965774045225e-06,7.997917021240781,-1.5662568314393683
793,5.491120820474445e-06,7.99791401686138,-1.566251246631585
794,5.4574442367354995e-06,7.9979119940911065,-1.566247502817908
795,5.424660547348552e-06,7.997910010193429,-1.5662437752124458
796,5.522844201332857e-06,7.997907969758538,-1.566240097761305
797,5.625260343071261e-06,7.997905009784544,-1.5662345700268294
798,5.386791454766277e-06,7.997902934957673,-1.566230735763034
799,5.236925622084522e-06,7.997900977850373,-1.566226938832055
800,5.487290004386417e-06,7.997898939936149,-1.5662233237794654
801,5.7792583798352064e-06,7.997895930989213,-1.5662178925073529
802,5.544878704895388e-06,7.997894000634454,-1.5662140768984
803,5.369447145782622e-06,7.997890994590582,-1.5662084101346436
804,5.679646599526699e-06,7.9978890364436985,-1.5662048446873191
805,5.830287350692258e-06,7.997886945891944,-1.5662012144468687
806,5.435175282612043e-06,7.997883964116758,-1.56619544178896
807,5.3820944506317905e-06,7.997881954957019,-1.566191678973006
808,5.755319332553133e-06,7.997879010883561,-1.5661862688790984
809,5.610976651872805e-06,7.997877022961823,-1.5661824873097998
810,5.474065605721561e-06,7.997874971192867,-1.5661787011754185
811,5.569100224173733e-06,7.997873012709623,-1.5661750201352538
812,5.68080449385837e-06,7.997870980616032,-1.5661713522004086
813,5.751974577787813e-06,7.997869046856805,-1.566167674435762
814,5.7716400076768165e-06,7.997867048534739,-1.5661639617202627
815,5.6648661940580876e-06,7.997865026110499,-1.5661602007550295
816,5.574475060387911e-06,7.9978630119152765,-1.5661564394995464
817,5.7084471527736005e-06,7.997861005875299,-1.566152769891954
818,5.774251940006254e-06,7.997859062586847,-1.5661490833655574
819,5.771787092926858e-06,7.997857017487139,-1.5661453688221996
820,5.726466605661169e-06,7.997854068368988,-1.5661397674716322
821,5.681923758260729e-06,7.997852073112437,-1.566136029738394
822,5.75270318555036e-06,7.997850080965223,-1.5661323402444465
823,5.797234568702576e-06,7.997848064609169,-1.5661286470998501
824,5.815465707740706e-06,7.997846106675948,-1.5661249356454356
825,5.755858127568512e-06,7.997843096186304,-1.5661193277535883
826,5.7487815326211244e-06,7.997841010625677,-1.5661156022598652
827,5.771656651283514e-06,7.997839107659089,-1.5661118945284824
828,5.893514448746451e-06,7.997836084391552,-1.5661063768169596
829,5.926121770825044e-06,7.9978340822557445,-1.5661026757032854
830,5.872970834889037e-06,7.997832035767743,-1.5660989332040047
831,5.841408957725863e-06,7.997830081002913,-1.5660951981321545
832,5.893395361378644e-06,7.997828092984706,-1.566091506064712
833,5.9128853945751954e-06,7.997825044915884,-1.5660859304157404
834,5.883619251111563e-06,7.997823090215018,-1.566082204382712
835,5.914198684627806e-06,7.997820134502625,-1.5660766374573414
836,5.941420315857067e-06,7.99781812380339,-1.566072930520312
837,5.9305794488145285e-06,7.997816096077401,-1.5660692028450864
838,5.959956557951604e-06,7.997813045807561,-1.5660636387765454
839,5.968159252334815e-06,7.997811138891642,-1.566059927951401
840,5.9526231980910426e-06,7.997809081854158,-1.5660561947760112
841,5.940136048422261e-06,7.99780714513024,-1.5660524738256327
842,5.9370598984447375e-06,7.997805046031028,-1.5660487485716714
843,5.9574495807981886e-06,7.99780314874359,-1.5660450378038533
844,6.046794781486944e-06,7.997801083960771,-1.5660413624960816
845,6.08120943990239e-06,7.9977991270109055,-1.566037666806482
846,6.047016264879048e-06,7.99779704084356,-1.5660339298068595
847,6.006243329758425e-06,7.997795139955353,-1.5660301917782453
848,6.014281742474254e-06,7.997793109648972,-1.56602647199468
849,6.074939644679614e-06,7.997790164749903,-1.5660209212669098
850,6.128771102274429e-06,7.997788117567782,-1.566017231430104
851,6.072159180158813e-06,7.9977850863565685,-1.5660116269564468
852,6.030757238350942e-06,7.997783159975669,-1.566007887229929
853,6.1134509095231814e-06,7.997781122099906,-1.5660042042801163
854,6.187956317190285e-06,7.99777815096036,-1.565998662899843
855,6.139246064511632e-06,7.997776087860205,-1.5659949232502186
856,6.098570986367097e-06,7.9977741956455155,-1.5659911876927595
857,6.093626382771974e-06,7.997772132602788,-1.565987459935763
858,6.1824219017642025e-06,7.997770178011607,-1.5659837870284286
859,6.244820823479861e-06,7.997768106087904,-1.5659800970139113
860,6.232701623041786e-06,7.997766142760111,-1.5659763745049444
861,6.160471044243855e-06,7.997764129130847,-1.5659726232868538
862,6.261020439099743e-06,7.997761211739986,-1.5659670957344891
863,6.263600229547015e-06,7.997758139071218,-1.5659615229951853
864,6.182072865083191e-06,7.997755126220643,-1.5659559023082454
865,6.178833889495403e-06,7.99775214603051,-1.5659503183893504
866,6.263381797835958e-06,7.997750171347808,-1.5659466379893274
867,6.396096268001564e-06,7.997747142577908,-1.565941125649856
868,6.275437861594958e-06,7.997745115732657,-1.5659373543264172
869,6.147352389731188e-06,7.997743146166616,-1.565933569274002
870,6.101597203352453e-06,7.99774112629179,-1.56592982390533
871,6.324235143095033e-06,7.997738128281231,-1.5659243408878787
872,6.420673338440351e-06,7.997736216916044,-1.5659206732537532
873,6.378536280924621e-06,7.997734151921706,-1.565916940370437
874,6.329730503271685e-06,7.997732197183832,-1.5659131953695111
875,6.248818798121957e-06,7.997730163941003,-1.565909443184472
876,6.308089606349641e-06,7.99772816125217,-1.5659057472906175
877,6.3414815660617974e-06,7.9977261460705344,-1.5659020415331972
878,6.393101250222308e-06,7.997724240797646,-1.5658983488963718
879,6.36885089648681e-06,7.997722195890403,-1.5658946146589987
880,6.398478143739489e-06,7.997720219114032,-1.565890911527402
881,6.446686650621489e-06,7.997718176730036,-1.5658872162515856
882,6.490305253888915e-06,7.997716221147232,-1.565883519609973
883,6.465556021084126e-06,7.997714196466288,-1.5658797924284615
884,6.462216609598982e-06,7.9977122430857275,-1.5658760740956594
885,6.4381794292088735e-06,7.99771022401791,-1.5658723382059636
886,6.451584464049672e-06,7.997708255707748,-1.565868627370151
887,6.4417257877894586e-06,7.997706222229699,-1.5658648981984218
888,6.465260618975735e-06,7.997704239997003,-1.5658611928372606
889,6.498493279363134e-06,7.997701207043787,-1.5658556234820518
890,6.52517297161033e-06,7.997699264628622,-1.565851915536687
891,6.490850797936843e-06,7.997697185874366,-1.5658481839740317
892,6.47936845424193e-06,7.99769422061982,-1.565842602026095
893,6.60812415938461e-06,7.9976922681011215,-1.5658389451294863
894,6.500613546997894e-06,7.997689154869744,-1.5658333101011264
895,6.322860269395155e-06,7.997687205495923,-1.5658295124208537
896,6.6147154674309905e-06,7.997684201828193,-1.5658240523618343
897,6.746870576472293e-06,7.997682287014802,-1.565820396526895
898,6.6007669532350875e-06,7.997680264692837,-1.5658166213637996
899,6.5777753152957215e-06,7.997678300367098,-1.5658128932386177
900,6.629804223603197e-06,7.997676222201039,-1.5658092012532896
901,6.68748627909858e-06,7.997674225078659,-1.5658055117101655
902,6.717654383784316e-06,7.997672252909065,-1.5658018024761309
903,6.660758083625025e-06,7.997670294107992,-1.5657980638170557
904,6.605205205036629e-06,7.997668237416809,-1.5657943140320334
905,6.609840640841872e-06,7.997666296311544,-1.5657905969775527
906,6.6651255023078875e-06,7.997664225710969,-1.5657868998885294
907,6.715139367047659e-06,7.997661279647488,-1.5657813471993491
908,6.676779875374101e-06,7.997659315509729,-1.5657776117249882
909,6.737471543876701e-06,7.997656276771618,-1.5657720582158585
910,6.794045982003288e-06,7.997653294810048,-1.565766510448091
911,6.776238100738736e-06,7.997651293985693,-1.5657627869076254
912,6.76674708595889e-06,7.997648271615859,-1.5657572014840915
913,6.748527060419464e-06,7.997645325279016,-1.565751611479579
914,6.8577304343376795e-06,7.997642310645423,-1.5657460919271156
915,6.8267220840543815e-06,7.997640262782906,-1.565742354518961
916,6.763133689873769e-06,7.997637350852122,-1.5657367461598994
917,6.847434568037053e-06,7.997635297531103,-1.56573306464368
918,6.8515325782883095e-06,7.997632296721519,-1.565727490461034
919,6.854773001151451e-06,7.9976293576880355,-1.5657219175835144
920,6.831851630286508e-06,7.997626349359364,-1.5657163272518748
921,6.962598369693992e-06,7.997623283368938,-1.5657108096924746
922,6.954335412837691e-06,7.997621301233626,-1.5657070885440623
923,6.859553062385098e-06,7.997619294258845,-1.5657033256483663
924,6.902367968315578e-06,7.99761735480083,-1.5656996274489774
925,6.9549016027786916e-06,7.997615339808399,-1.5656959330336861
926,6.962305787650621e-06,7.997612364990286,-1.5656903623047003
927,6.973765184475264e-06,7.997610312246044,-1.5656866453503138
928,6.92316386186234e-06,7.997607373774329,-1.5656810473534353
929,7.03305575477053e-06,7.997605337537936,-1.5656773774778132
930,7.086604521720144e-06,7.997603360639627,-1.5656736879175341
931,6.973477592457358e-06,7.9976003543595375,-1.5656680596232722
932,6.993956170284249e-06,7.9975983851319405,-1.5656643469427547
933,7.065750004192082e-06,7.997596366707231,-1.5656606602444638
934,7.062114501249997e-06,7.997594370580409,-1.565656943786424
935,7.07559595581749e-06,7.997592355697343,-1.5656532344823193
936,7.069126973282651e-06,7.997590399227471,-1.5656495099138097
937,7.03373077537453e-06,7.997588385262166,-1.5656457719332426
938,7.119180860037814e-06,7.99758641513278,-1.5656420953897596
939,7.18104458855271e-06,7.997584312920553,-1.5656384099438208
940,7.126016348446741e-06,7.997582386147801,-1.5656346698926424
941,7.059907390165333e-06,7.997580342981944,-1.565630913446169
942,7.1484810908277494e-06,7.997577426251405,-1.5656253710444632
943,7.156323201072825e-06,7.997575378865388,-1.5656216611095637
944,7.167372449633876e-06,7.997573413480494,-1.565617944954654
945,7.121043296068401e-06,7.997571349128662,-1.565614206376274
946,7.0951978822300414e-06,7.997569408853632,-1.565610473127238
947,7.219009694342562e-06,7.997566431315936,-1.5656049544026163
948,7.29254971289777e-06,7.997564387537158,-1.5656012724702517
949,7.254459189856298e-06,7.99756143541043,-1.5655956832586344
950,7.225169895386698e-06,7.997559391677933,-1.5655919484005958
951,7.222553710725168e-06,7.997557467134337,-1.5655882273125683
952,7.207100470935415e-06,7.9975553766711185,-1.5655844951477047
953,7.218860904122318e-06,7.99755343760141,-1.5655807834867206
954,7.262596720247925e-06,7.997551408092132,-1.5655770833852771
955,7.322941471529856e-06,7.997548423200064,-1.5655715313467176
956,7.280321926341981e-06,7.997546416097527,-1.5655677972456068
957,7.263371289235333e-06,7.997543396572522,-1.5655622055940293
958,7.35083013604685e-06,7.997541490469013,-1.5655585280444413
959,7.390815645717757e-06,7.997539417133115,-1.5655548228822789
960,7.30163096206691e-06,7.99753746956381,-1.5655510712259226
961,7.269152487845242e-06,7.997535396421286,-1.5655473283362553
962,7.272302366329324e-06,7.997534455800679,-1.5655454765091457
963,7.386469319749666e-06,7.997532432552769,-1.5655418041528562
964,7.4800995952906865e-06,7.997530452251533,-1.5655381318098207
965,7.475951186130898e-06,7.9975284747108875,-1.5655344098285586
966,7.276937795869921e-06,7.9975263885366825,-1.5655305943148659
967,7.151446886575751e-06,7.997524426772743,-1.5655268136152924
968,7.309062330829128e-06,7.997522378523842,-1.5655231535432348
969,7.5018551900597535e-06,7.997520520505715,-1.5655195277081126
970,7.5201618451410284e-06,7.997518456425385,-1.5655158158222355
971,7.374926978564289e-06,7.9975164491685335,-1.565512038878682
972,7.286414936614131e-06,7.997514385195514,-1.565508270074465
973,7.2578116498255755e-06,7.997512474681106,-1.5655045286052993
974,7.397415308770645e-06,7.997510462369022,-1.5655008662940517
975,7.563586496553419e-06,7.99750851633728,-1.5654972250796526
976,7.565765639430821e-06,7.9975054500560505,-1.5654916594985535
977,7.5435550447053405e-06,7.997503524735367,-1.5654879361204495
978,7.489716757845146e-06,7.997500543943497,-1.5654823290861772
979,7.576287406085249e-06,7.997498516419458,-1.5654786503973876
980,7.651856698748175e-06,7.997495510872394,-1.5654731114434808
981,7.60240858082622e-06,7.997493446248031,-1.5654693730674234
982,7.593816930764462e-06,7.997491565110061,-1.5654656470517985
983,7.5685015197665815e-06,7.997489501793605,-1.565461913776978
984,7.65664513909595e-06,7.997487553563776,-1.5654582369465657
985,7.680417775854284e-06,7.997485500150609,-1.5654545358953298
986,7.612107710811527e-06,7.997482532729976,-1.5654489279142445
987,7.5943292589204685e-06,7.997480495384494,-1.5654451943703291
988,7.666379936066878e-06,7.997478611885626,-1.565441510040804
989,7.704890027309993e-06,7.9974764903765765,-1.5654378044574921
990,7.588628886282875e-06,7.997474517098814,-1.5654340350047848
991,7.544123403986594e-06,7.99747244754782,-1.5654302864419454
992,7.538732619186669e-06,7.997470500638818,-1.565426553445757
993,7.647399157117134e-06,7.997468526397793,-1.5654228789569313
994,7.786319395383684e-06,7.997465541688277,-1.5654173683054964
995,7.799980312609225e-06,7.997463589665974,-1.5654136581182851
996,7.7404150567206e-06,7.997460510788742,-1.5654080549088067
997,7.73279713925353e-06,7.997458597341569,-1.5654043332662269
998,7.751058874318134e-06,7.997455604042559,-1.5653987636239575
999,7.833778161092059e-06,7.997453580492508,-1.5653950835409287
1000,7.892126335136203e-06,7.99745157043986,-1.5653913936294184
1001,7.828807719989147e-06,7.99744851526035,-1.5653857891715444
1002,7.799853383833583e-06,7.997446629041882,-1.5653820569904318
1003,7.87726915522093e-06,7.997443592211431,-1.565376515225426
1004,7.889595350260178e-06,7.997441607567679,-1.565372800353288
1005,7.863512493757206e-06,7.997438624381261,-1.565367209902474
1006,7.897572575093355e-06,7.99743560849885,-1.5653616460715225
1007,7.88503375378184e-06,7.997433620116945,-1.565357918922239
1008,7.834868668413913e-06,7.997430637343221,-1.5653523118797075
1009,7.913739233781395e-06,7.997428576198148,-1.565348623595152
1010,7.98754866113634e-06,7.997425609172177,-1.5653430851371766
1011,7.986986485787536e-06,7.997422660976589,-1.5653375089811352
1012,7.945031456365993e-06,7.997419570694975,-1.5653319037080682
1013,7.956547840821781e-06,7.997417636528908,-1.5653281912155783
1014,8.003013355543936e-06,7.997415631064159,-1.565324493523383
1015,8.002094035404438e-06,7.997412639734491,-1.565318913555437
1016,7.962397276322673e-06,7.997410633007953,-1.5653151747234835
1017,8.02477593552083e-06,7.997407599246755,-1.5653096186710633
1018,8.088250173195292e-06,7.997405684327442,-1.5653059323010858
1019,8.089827083387314e-06,7.997402634613921,-1.5653003558907
1020,8.096290896065728e-06,7.997400651974931,-1.5652966352817033
1021,8.079235848356016e-06,7.9973977007271575,-1.565291051773614
1022,8.12832736258464e-06,7.997394653778919,-1.565285498005072
1023,8.149788595456625e-06,7.99739263255586,-1.5652817890729893
1024,8.147883223400282e-06,7.997389715530591,-1.5652762090844028
1025,8.14963262140595e-06,7.997386668050569,-1.5652706233012694
1026,8.127478999299633e-06,7.99738465793465,-1.5652668971677857
1027,8.150974940784303e-06,7.997382711034848,-1.5652631885243684
1028,8.26564571290959e-06,7.997380720829299,-1.5652595206550888
1029,8.207196746011128e-06,7.997377693082259,-1.5652539228132691
1030,8.170439819386275e-06,7.9973756060038514,-1.565250180073761
1031,8.210130061319124e-06,7.997372696477198,-1.56524461446736
1032,8.327793713934233e-06,7.997370719171238,-1.5652409482614897
1033,8.295681829890532e-06,7.997368683162453,-1.565237220314788
1034,8.27945344931036e-06,7.997365701780173,-1.5652316349102657
1035,8.294280404562587e-06,7.997363699010688,-1.5652279167156375
1036,8.292665265542148e-06,7.9973617710488645,-1.5652241953215658
1037,8.314660680466748e-06,7.997359665962252,-1.5652204877948315
1038,8.33016481724565e-06,7.997357715709309,-1.5652167781936372
1039,8.372054554973227e-06,7.997355700311948,-1.5652130799585546
1040,8.366699776578688e-06,7.997353759135413,-1.5652093536488072
1041,8.332540788602617e-06,7.997351732034487,-1.565205620532151
1042,8.3689449977705e-06,7.997349751091759,-1.5652019164548785
1043,8.419981907462252e-06,7.997347734962158,-1.5651982246085085
1044,8.481445242090437e-06,7.997345694904104,-1.5651945316021303
1045,8.468912456820077e-06,7.997343729487729,-1.5651908067150424
1046,8.397596819185402e-06,7.997341762455752,-1.5651870566891173
1047,8.35057633707657e-06,7.997338790757047,-1.5651814517772622
1048,8.431797922769791e-06,7.997336713300462,-1.5651777638211746
1049,8.475568224770504e-06,7.997334771127654,-1.5651740722051994
1050,8.534470641837178e-06,7.997331746343893,-1.5651685134951345
1051,8.475332012772707e-06,7.9973298052206445,-1.5651647745771027
1052,8.465286269731782e-06,7.997326776827857,-1.5651591898714963
1053,8.498813872895155e-06,7.9973247298674455,-1.565155481265793
1054,8.53524091898601e-06,7.9973228253312065,-1.5651517832760031
1055,8.542090540248446e-06,7.997319750970618,-1.5651461970369092
1056,8.495149831399885e-06,7.9973177987549535,-1.5651424608415296
1057,8.556430649655773e-06,7.997315758670671,-1.5651387679254876
1058,8.619697067353122e-06,7.997312783078728,-1.5651332230133457
1059,8.610692631447989e-06,7.9973107940601835,-1.5651295017513982
1060,8.589963129514187e-06,7.997307778042478,-1.5651239105293349
1061,8.597027060029902e-06,7.997305841657547,-1.5651201939497226
1062,8.617436458546973e-06,7.997303793305749,-1.5651164790885295
1063,8.638285692411757e-06,7.997300786083918,-1.5651109106655507
1064,8.647510382596888e-06,7.997298816384436,-1.5651071895048088
1065,8.634936060832188e-06,7.997295790625405,-1.5651016085222618
1066,8.707995921230411e-06,7.997293864463811,-1.565097926577416
1067,8.723331960736478e-06,7.997290789028404,-1.5650923544222994
1068,8.715294422775328e-06,7.997288828461087,-1.5650886325999749
1069,8.708510585778168e-06,7.997285880051223,-1.565083049006436
1070,8.768471939754098e-06,7.9972828198403665,-1.5650774909109075
1071,8.789110933050662e-06,7.997279778440773,-1.565071928447684
1072,8.797408542059651e-06,7.997276881503378,-1.5650663502517403
1073,8.793172982917462e-06,7.997274860800513,-1.5650626351551649
1074,8.864306147677471e-06,7.997271852649359,-1.5650570901446108
1075,8.846507367718812e-06,7.997269847934787,-1.565053365228124
1076,8.856049113312038e-06,7.997266851462512,-1.5650477897198531
1077,8.839360389647442e-06,7.997264924242483,-1.5650440592997692
1078,8.851149531872667e-06,7.9972628596100925,-1.5650403398171862
1079,8.864316461184479e-06,7.9972598294180965,-1.5650347681308554
1080,8.906467561034775e-06,7.997257923648892,-1.5650310719584963
1081,8.938028276345857e-06,7.9972548845191405,-1.565025504403948
1082,8.910301479034399e-06,7.997252931116853,-1.565021772095836
1083,8.892476300782437e-06,7.997249926214997,-1.5650161847673678
1084,9.02381265901803e-06,7.997246876055872,-1.5650106661939942
1085,9.00601211947619e-06,7.997243903940934,-1.5650050836601765
1086,8.993139236121947e-06,7.997240938959667,-1.5649994959834614
1087,8.940531646129216e-06,7.997238884321787,-1.5649957530602772
1088,9.030638525560425e-06,7.997235942208178,-1.5649902148035575
1089,9.075567296513898e-06,7.997232942596076,-1.5649846536774363
1090,9.013025611051272e-06,7.997229911526431,-1.564979046293866
1091,9.018265473264793e-06,7.997226897316026,-1.564973465894344
1092,9.149280064733965e-06,7.997223999416022,-1.5649679514290706
1093,9.006605414043572e-06,7.997220920312389,-1.5649623054252135
1094,8.931895658010025e-06,7.99721783094972,-1.5649566739684344
1095,9.295713927790429e-06,7.997215002500295,-1.5649512613567484
1096,9.158322356754894e-06,7.997212010900778,-1.56494562638032
1097,9.062418119935777e-06,7.997209969248754,-1.5649418607610124
1098,9.113753554125988e-06,7.997207905431246,-1.5649381628213384
1099,9.20848012676468e-06,7.997205933554519,-1.5649344897063604
1100,9.304090785997604e-06,7.99720393241181,-1.5649308219281735
1101,9.222825163761961e-06,7.997200930839056,-1.5649251995369118
1102,9.106432146547322e-06,7.997199008796129,-1.5649214262538773
1103,9.12164341056889e-06,7.9971969255484625,-1.5649177035178734
1104,9.200946730384972e-06,7.997194988675055,-1.564914021007282
1105,9.296099706797706e-06,7.9971929184572765,-1.5649103447197226
1106,9.374398832146034e-06,7.997191018263878,-1.5649066700406342
1107,9.404108884987464e-06,7.997188976898838,-1.5649029616904944
1108,9.3034422887692e-06,7.997187004385968,-1.564899192800416
1109,9.226528381811447e-06,7.997185024403866,-1.5648954395904846
1110,9.277930340880837e-06,7.997182936041342,-1.564891741552983
1111,9.336570054888107e-06,7.997180934331912,-1.5648880495567359
1112,9.408094755957863e-06,7.99717899701512,-1.5648843672472725
1113,9.456760528541667e-06,7.9971769905436645,-1.564880661534802
1114,9.19393729786417e-06,7.997174062665846,-1.5648749552270305
1115,9.452582152750765e-06,7.997170952249709,-1.564869488877308
1116,9.476859398392633e-06,7.997168021896074,-1.5648639265382684
1117,9.428745438070929e-06,7.997166076746872,-1.564860190272256
1118,9.430935282767976e-06,7.997164081332444,-1.5648564705475518
1119,9.432923071835872e-06,7.997161070854806,-1.5648508965128047
1120,9.474923988135788e-06,7.997159055647744,-1.564847194113622
1121,9.505427314208696e-06,7.99715711732961,-1.564843491917184
1122,9.505106039453686e-06,7.997155039054666,-1.5648397699536654
1123,9.469435817279323e-06,7.997153108949149,-1.5648360330301825
1124,9.557861092673069e-06,7.997150072011037,-1.5648304881131134
1125,9.597173041969152e-06,7.997147067180288,-1.564824935038209
1126,9.580837016023643e-06,7.997145121292632,-1.564821211090758
1127,9.52864591806336e-06,7.997142058564847,-1.5648156008358431
1128,9.534686348854735e-06,7.9971401205630315,-1.5648118842037524
1129,9.607053022917254e-06,7.997137094675108,-1.5648063390827474
1130,9.649026117176728e-06,7.997134081607936,-1.5648007703774292
1131,9.62896996829065e-06,7.997131144169055,-1.564795186073506
1132,9.622879900424312e-06,7.997129102338208,-1.5647914670095577
1133,9.647529640368173e-06,7.997127095774679,-1.5647877551502225
1134,9.684889110551414e-06,7.997125140499691,-1.5647840554061696
1135,9.695674105080673e-06,7.997122103437856,-1.5647784778527944
1136,9.69371280919997e-06,7.997119143858448,-1.564772895646497
1137,9.756588660518974e-06,7.997117101859278,-1.5647692067654606
1138,9.799871014978844e-06,7.99711410904069,-1.5647636511987137
1139,9.781608468487367e-06,7.997112172128235,-1.564759925335822
1140,9.770590815074028e-06,7.997110138054527,-1.5647561969455215
1141,9.775319974685606e-06,7.997107187244297,-1.564750624451862
1142,9.888456490082032e-06,7.997105126017922,-1.5647469561766008
1143,9.916240460970429e-06,7.997103169182774,-1.5647432539722215
1144,9.850676332151317e-06,7.997101086173273,-1.5647395059284341
1145,9.820952043839942e-06,7.997099198447834,-1.5647357731640665
1146,9.842134140249732e-06,7.997097155149927,-1.5647320541761913
1147,9.831593170016028e-06,7.997095235562164,-1.5647283405543468
1148,9.929295979054885e-06,7.997093157300878,-1.5647246617431358
1149,9.955310926323139e-06,7.9970911776730675,-1.564720952400253
1150,9.878198886149253e-06,7.997089151579923,-1.564717199698368
1151,9.86042595620463e-06,7.997087216181035,-1.564713476627821
1152,9.970123709777752e-06,7.9970851784244505,-1.564709801897399
1153,1.003068957392957e-05,7.997083163658529,-1.5647061080333802
1154,9.993354132432577e-06,7.997082213657567,-1.564704240003824
1155,9.974201172699643e-06,7.997081191443263,-1.5647023696921343
1156,9.95546401428811e-06,7.997079217796164,-1.564698638541632
1157,9.928801607050722e-06,7.9970772325697865,-1.5646949037292581
1158,1.002549694517434e-05,7.997075175884495,-1.5646912248193183
1159,1.0107058883923563e-05,7.997072164771795,-1.564685694380916
1160,1.0098473702707057e-05,7.997070214539208,-1.5646819730431765
1161,1.0032212025364688e-05,7.997068218319915,-1.5646782201223242
1162,9.957093817544116e-06,7.997065276362402,-1.5646726096094565
1163,1.0066028195650877e-05,7.99706219913817,-1.564667075568826
1164,1.0121849503218899e-05,7.997060206854779,-1.5646633835607051
1165,1.0151985052101663e-05,7.99705823944914,-1.5646596726444728
1166,1.0086564868624248e-05,7.997055225312256,-1.5646540654976884
1167,1.008650796036676e-05,7.997053275497273,-1.5646503485943242
1168,1.014479616982408e-05,7.997050283615861,-1.5646447952571478
1169,1.014974042956749e-05,7.997047252175624,-1.564639215867791
1170,1.0105875100066949e-05,7.997044266843977,-1.5646336116246677
1171,1.017379363752466e-05,7.997042252266813,-1.5646299211907342
1172,1.0240025579914696e-05,7.997040306017218,-1.564626234214495
1173,1.0243273794524401e-05,7.997037299644352,-1.5646206604449446
1174,1.0217289929197084e-05,7.997034258854349,-1.5646150588022611
1175,1.0222485889080406e-05,7.997031315122322,-1.5646094849478023
1176,1.0264002551425705e-05,7.997029275375677,-1.5646057850557487
1177,1.0318301542922736e-05,7.997027300346381,-1.5646020865804309
1178,1.0288197748092478e-05,7.9970243656231,-1.5645964925781404
1179,1.0249484863331728e-05,7.997022284973226,-1.5645927536452617
1180,1.0260661995084521e-05,7.997020349166892,-1.5645890398350508
1181,1.039842655022752e-05,7.997017302996626,-1.5645835246971531
1182,1.043383027081058e-05,7.997015358982435,-1.5645798242393663
1183,1.0377844305615965e-05,7.997013287259645,-1.564576079009714
1184,1.0391149518837066e-05,7.997011383286202,-1.5645723699431644
1185,1.0492420452002408e-05,7.997009307662111,-1.5645686970587547
1186,1.0470345849560794e-05,7.997006361860102,-1.5645631159568971
1187,1.0451061941596792e-05,7.9970043489828395,-1.5645593888858775
1188,1.0412202385623224e-05,7.997002403380213,-1.5645556454596832
1189,1.0440742667780892e-05,7.997000351963871,-1.5645519408687059
1190,1.052641516274213e-05,7.996998405055635,-1.5645482635622976
1191,1.05584432249098e-05,7.996996319203407,-1.5645445612996698
1192,1.0504047152960987e-05,7.9969943999463045,-1.564540819464101
1193,1.0498119738334699e-05,7.996992350355735,-1.5645370953716475
1194,1.0591061884970302e-05,7.996990420606756,-1.5645334228314274
1195,1.0627433994124165e-05,7.996988345744468,-1.5645297177398347
1196,1.059457772922425e-05,7.99698732525505,-1.5645278465002173
1197,1.057154609400434e-05,7.996986391397926,-1.5645259801327576
1198,1.0538474489294745e-05,7.996984375697058,-1.56452224074439
1199,1.0524152223633427e-05,7.996982427621881,-1.5645185119751872
1200,1.0600404477001492e-05,7.996980402735632,-1.5645148269739648
1201,1.0665728726906027e-05,7.996978413121894,-1.5645111433474381
1202,1.0670871852917018e-05,7.996976408977834,-1.5645074242112011
1203,1.0591963127185741e-05,7.996973451772134,-1.5645018170255391
1204,1.0696178293981054e-05,7.996971379011861,-1.5644981397326791
1205,1.0729785283808373e-05,7.996970389370391,-1.5644962954686503
1206,1.0714416820770991e-05,7.996968440431039,-1.5644925755926211
1207,1.0685228638143296e-05,7.996966384100645,-1.5644888411843143
1208,1.0645311308967498e-05,7.996964486600378,-1.5644851007716372
1209,1.0670628858600555e-05,7.9969623959830045,-1.5644813907877808
1210,1.0747650228020458e-05,7.996960449789726,-1.5644777114854609
1211,1.0815913666549767e-05,7.996958375539415,-1.5644740247085926
1212,1.0743249903542072e-05,7.996954406970493,-1.5644665526923491
1213,1.0735340264778748e-05,7.996953440879148,-1.5644646900850043
1214,1.0706700130327586e-05,7.996951482147656,-1.5644609534371494
1215,1.0787529178363172e-05,7.996949410065666,-1.5644572659348297
1216,1.0858870870661582e-05,7.996946415078936,-1.5644517250560679
1217,1.085308044144906e-05,7.99694541106913,-1.5644498659264627
1218,1.0835887033065307e-05,7.9969434906269,-1.564446139358478
1219,1.0833688412398717e-05,7.996941449966565,-1.5644424141506859
1220,1.0822466074761254e-05,7.996939517980914,-1.5644386903908278
1221,1.0873695246897748e-05,7.996937460045459,-1.5644349962886541
1222,1.0968753527248642e-05,7.9969355336903165,-1.5644313273708952
1223,1.0859046957578412e-05,7.996933414846279,-1.5644275543465942
1224,1.069486744072358e-05,7.996931479773774,-1.5644237490930644
1225,1.0684898457928784e-05,7.9969294048354715,-1.5644200122220038
1226,1.0989298795403966e-05,7.996927525108644,-1.5644164307898762
1227,1.1013822555839494e-05,7.996924502279157,-1.5644108751899108
1228,1.0929881600127491e-05,7.996922516944187,-1.5644071188977247
1229,1.101752592683535e-05,7.996919550609871,-1.5644015855132973
1230,1.1063644915654365e-05,7.996917472025345,-1.5643978890971089
1231,1.1003702230290538e-05,7.996914529018427,-1.5643922826005168
1232,1.100630387633861e-05,7.996912526666435,-1.56438856281825
1233,1.0999103206340334e-05,7.99691057612126,-1.5643848366387023
1234,1.109374736615022e-05,7.996908511753906,-1.5643811573281567
1235,1.1106903061082604e-05,7.996906557414714,-1.5643774558243488
1236,1.1064979721197815e-05,7.996904477320603,-1.5643737130483368
1237,1.1023334919139095e-05,7.996902573258344,-1.5643699727384779
1238,1.1080492086264839e-05,7.9969005371033095,-1.5643662747595153
1239,1.1184576971372817e-05,7.996898601906186,-1.5643626035429838
1240,1.112864568691895e-05,7.996895510982997,-1.5643570051967435
1241,1.1116448557489775e-05,7.996893513684248,-1.564353277215063
1242,1.1146951511313181e-05,7.996891604104472,-1.5643495763096866
1243,1.1234111000890472e-05,7.996889559912594,-1.5643458879416907
1244,1.1221647418750917e-05,7.996887544721395,-1.5643421628900092
1245,1.1152124965556894e-05,7.996885561471207,-1.5643384130932814
1246,1.1239763643766376e-05,7.996882627858899,-1.564332875164892
1247,1.1303260281371676e-05,7.996880547455939,-1.564329185922907
1248,1.1272541028875207e-05,7.996878594783499,-1.5643254563756552
1249,1.1229973241268084e-05,7.996875583511952,-1.5643198515849404
1250,1.1225624134279485e-05,7.996873637464998,-1.5643161263665386
1251,1.1349369104883535e-05,7.996870625594653,-1.5643106112681289
1252,1.1377767940747024e-05,7.996868614491955,-1.5643069067551387
1253,1.1323136242411599e-05,7.9968666033530456,-1.564303162628627
1254,1.132581137533993e-05,7.996864647092011,-1.5642994435513748
1255,1.142277228514059e-05,7.996862625259223,-1.564295772455392
1256,1.1445443601646952e-05,7.996860650075847,-1.5642920643105387
1257,1.1396774852892377e-05,7.996858593711537,-1.5642883245031536
1258,1.1349958503312354e-05,7.996855643293854,-1.564282718292071
1259,1.1403900690726357e-05,7.99685364454345,-1.5642790247425762
1260,1.1467740954254286e-05,7.996851624749207,-1.5642753373922076
1261,1.1522855843532146e-05,7.99684964649894,-1.5642716467194153
1262,1.1492829681098761e-05,7.996847670888777,-1.5642679146712288
1263,1.1430852301670335e-05,7.996845667497947,-1.5642641625301181
1264,1.137765852273509e-05,7.996843699003074,-1.5642604139006306
1265,1.145602161883456e-05,7.996841618688059,-1.5642567239776675
1266,1.1492426968115419e-05,7.996839670539641,-1.5642530285292902
1267,1.1556845454252745e-05,7.996837656526116,-1.5642493418849102
1268,1.1556672866110165e-05,7.99683573148534,-1.5642456200818882
1269,1.1536506292924327e-05,7.996833680857988,-1.5642418880102218
1270,1.151440641909162e-05,7.996831739901023,-1.5642381600376363
1271,1.1558668191022622e-05,7.996829673385518,-1.564234462556937
1272,1.1649639979096862e-05,7.996827738923375,-1.5642307908536368
1273,1.1628660352819216e-05,7.996824643711891,-1.5642252034853714
1274,1.1585334223374266e-05,7.996822697295248,-1.564221463063186
1275,1.1591319001735668e-05,7.996819780189527,-1.5642158835280995
1276,1.1685312390528238e-05,7.996816692597124,-1.5642103459185626
1277,1.1708523848065524e-05,7.996814741848103,-1.5642066439667386
1278,1.1643108094582537e-05,7.996811712753021,-1.5642010306506957
1279,1.1655204178061305e-05,7.996809738538854,-1.5641973130008824
1280,1.1760302099152371e-05,7.996807744613133,-1.5641936440941395
1281,1.1792233453997163e-05,7.996805758060117,-1.564189938446473
1282,1.1747786657368533e-05,7.996803720405171,-1.5641862013232046
1283,1.1748955586239095e-05,7.996801797407034,-1.5641824831528188
1284,1.1740405109312825e-05,7.99679974015216,-1.5641787573107544
1285,1.1792533857410244e-05,7.996797795611306,-1.5641750624464954
1286,1.1879512428535815e-05,7.996795754536952,-1.5641713855603578
1287,1.1715462134540085e-05,7.996793764152263,-1.564167584814121
1288,1.1547021607607857e-05,7.996791672259089,-1.5641637811615634
1289,1.1711421680617136e-05,7.996789727002552,-1.564160129651295
1290,1.1974746116587873e-05,7.996787741573855,-1.5641565227335972
1291,1.1903591073647415e-05,7.996785827718918,-1.564152781989905
1292,1.1829288725332435e-05,7.996783789353017,-1.5641490285786996
1293,1.176997750645043e-05,7.996781795832234,-1.5641452800134599
1294,1.1755809921112946e-05,7.996779741216782,-1.564141547527995
1295,1.1881048036178044e-05,7.996777797834807,-1.5641378818814649
1296,1.200477219030337e-05,7.996775795519859,-1.5641342177919488
1297,1.1859633109431848e-05,7.9967738215786275,-1.5641304343682845
1298,1.1724763384511452e-05,7.996771744434242,-1.5641266434404995
1299,1.1756216356760092e-05,7.996770755513528,-1.564124793607737
1300,1.1851913238918345e-05,7.996769802935385,-1.5641229752874932
1301,1.194556317908428e-05,7.996768849172066,-1.5641211581770256
1302,1.2099458785178283e-05,7.996766805580988,-1.5641175074525115
1303,1.1941357722324416e-05,7.99676482589769,-1.564113722530552
1304,1.1847885251221278e-05,7.996762804053223,-1.5641099547560922
1305,1.1900150492759396e-05,7.996760834812163,-1.564106251214374
1306,1.2056259172232057e-05,7.996758837326413,-1.5641026040169097
1307,1.2148160659015198e-05,7.996756898367401,-1.5640989317966998
1308,1.2162172465653773e-05,7.9967548390992,-1.564095222868504
1309,1.2100111132993124e-05,7.996752908640222,-1.5640914829926207
1310,1.2040862228086113e-05,7.9967508605092,-1.5640877316413253
1311,1.211336245098301e-05,7.996748939693741,-1.564084049692923
1312,1.216276271993602e-05,7.996746860461041,-1.5640803528233227
1313,1.2163046273602617e-05,7.996744896230237,-1.5640766380607587
1314,1.2190009304079117e-05,7.996742835800004,-1.5640729298489022
1315,1.2192565152950962e-05,7.996740936184871,-1.564069209136082
1316,1.2130428406056653e-05,7.996738899802224,-1.5640654588689606
1317,1.2103435966076475e-05,7.996735919041105,-1.5640598605024745
1318,1.2206737611174506e-05,7.996733846827124,-1.5640561834751043
1319,1.225959797558743e-05,7.996731906402966,-1.5640524973232546
1320,1.231984153297287e-05,7.99672987852401,-1.564048806817449
1321,1.2286409019598893e-05,7.996727957419182,-1.5640450713394192
1322,1.2157696821362805e-05,7.99672588837132,-1.5640412899010172
1323,1.2137742130300764e-05,7.996723932328984,-1.5640375594836249
1324,1.2278670064193735e-05,7.9967218934538975,-1.5640338979773427
1325,1.2394069695686487e-05,7.996719941997329,-1.5640302352694522
1326,1.240795359713341e-05,7.996717950281835,-1.564026521698289
1327,1.2219967092349246e-05,7.996715890174378,-1.564022713247592
1328,1.2100914023469378e-05,7.996713913647067,-1.5640189351316107
1329,1.2263142558836004e-05,7.9967118807942885,-1.5640152774813032
1330,1.2396390544145685e-05,7.996710003388906,-1.5640116221753022
1331,1.2427150597139947e-05,7.996707943528835,-1.564007915323617
1332,1.2379508702096485e-05,7.996706032224846,-1.5640041767353772
1333,1.2333545421938668e-05,7.996703940160098,-1.564000434289254
1334,1.2339280461490368e-05,7.996702014141716,-1.5639967238937267
1335,1.244402759906671e-05,7.9966999300429755,-1.5639930472060068
1336,1.2511873265655811e-05,7.9966980144272455,-1.563989364890159
1337,1.25499454725516e-05,7.996695969628962,-1.5639856645889936
1338,1.2535338015111866e-05,7.996694044724427,-1.5639819373937887
1339,1.2465501775422756e-05,7.996691994367602,-1.563978186873722
1340,1.2441852178097851e-05,7.996690035885893,-1.563974460246507
1341,1.251134944364695e-05,7.996688008725399,-1.5639707664582312
1342,1.2562469020263077e-05,7.996686053084988,-1.5639670732252884
1343,1.2564175591022688e-05,7.9966840587972,-1.5639633476331727
1344,1.2553162334458582e-05,7.996682038751185,-1.5639596270812293
1345,1.2542546177003241e-05,7.996680028077856,-1.5639559012545536
1346,1.2558285995118325e-05,7.9966780351524305,-1.5639521894641453
1347,1.2597431910985604e-05,7.996676043257918,-1.5639484842564113
1348,1.2632665876664568e-05,7.996674087391499,-1.5639447830790276
1349,1.26059839396363e-05,7.996672079847618,-1.5639410433612742
1350,1.257644676988286e-05,7.996670047101426,-1.5639373109042738
1351,1.2618158712634144e-05,7.996668060944901,-1.563933607319902
1352,1.2702130765811433e-05,7.996666066287668,-1.563929927438388
1353,1.2729340500612972e-05,7.996664114523116,-1.5639262207244862
1354,1.27173768541998e-05,7.996662063907942,-1.563922496579832
1355,1.2691763267312863e-05,7.996660133437297,-1.5639187640469572
1356,1.2704866710772032e-05,7.9966580522531725,-1.5639150486453723
1357,1.2736070735239699e-05,7.996656094035574,-1.5639113430323397
1358,1.2751018649934292e-05,7.9966541127056185,-1.5639076262927236
1359,1.2787098836526189e-05,7.996652147098197,-1.563903926437164
1360,1.2802720822739595e-05,7.996650048981204,-1.5639002171262961
1361,1.2834887365133143e-05,7.996648057640642,-1.5638965147096668
1362,1.2887282524305255e-05,7.9966461306643195,-1.563892823327945
1363,1.2745456776562108e-05,7.996644091285734,-1.5638890247490111
1364,1.2610685685045572e-05,7.996642125004249,-1.5638852394864189
1365,1.2731516609431873e-05,7.996640087999385,-1.5638815819478933
1366,1.2869790664923153e-05,7.996638145936605,-1.5638779233888402
1367,1.290322708668225e-05,7.9966361144517,-1.56387420987647
1368,1.2852931845642209e-05,7.996634163363923,-1.5638704678654556
1369,1.2855920950755377e-05,7.996632119717364,-1.5638667413763092
1370,1.2971284958994657e-05,7.99663020237288,-1.5638630786768795
1371,1.3049030797500714e-05,7.996628126242724,-1.5638593972804793
1372,1.2980558944816632e-05,7.996626141076195,-1.5638556446367515
1373,1.283464744589253e-05,7.996624158225255,-1.563851851768015
1374,1.282061243325628e-05,7.996622116402918,-1.5638481179666917
1375,1.299233336888932e-05,7.996620198970312,-1.5638444746290583
1376,1.312928686136151e-05,7.9966181368639315,-1.5638408244898832
1377,1.3108656171556888e-05,7.996616213187909,-1.563837095213749
1378,1.2945308405600383e-05,7.996614131943898,-1.5638333017374604
1379,1.288242667872065e-05,7.996612187521733,-1.563829553968256
1380,1.3021802102443175e-05,7.996610180619695,-1.5638258851583486
1381,1.3103232812117586e-05,7.996608238775704,-1.56382220955167
1382,1.3089827777295568e-05,7.996606225100312,-1.5638184800021517
1383,1.3046217697837918e-05,7.996604245261644,-1.5638147478034794
1384,1.3136724344912766e-05,7.996602209147437,-1.5638110659122137
1385,1.322361545727321e-05,7.996600237777052,-1.5638073943978539
1386,1.3249277628433783e-05,7.996598227733327,-1.5638036852127195
1387,1.3069394711836256e-05,7.996596178865729,-1.5637998788206362
1388,1.2923124536928887e-05,7.996594207772732,-1.563796077549558
1389,1.2993702106629642e-05,7.996592157068811,-1.5637923799810465
1390,1.325614547958231e-05,7.9965902903210395,-1.5637887833928479
1391,1.337683652531975e-05,7.996588238371568,-1.5637851204081488
1392,1.3254890572839936e-05,7.996586287795249,-1.56378135733387
1393,1.3204691733476349e-05,7.99658427051186,-1.5637776157989796
1394,1.328286558631898e-05,7.996582316576232,-1.5637739334733216
1395,1.3341370652403796e-05,7.996580230178482,-1.5637702432474594
1396,1.330618368840158e-05,7.996578305511325,-1.5637665110115047
1397,1.329178555234622e-05,7.996576265184135,-1.5637627809678634
1398,1.3251874492827016e-05,7.996574349264597,-1.5637590389316165
1399,1.3319071060496206e-05,7.996572262623726,-1.5637553477568409
1400,1.3380849882839974e-05,7.996570316037221,-1.5637516623446417
1401,1.3452932893356822e-05,7.996568257489785,-1.5637479772036909
1402,1.3447112593825624e-05,7.996566344107749,-1.5637442601453515
1403,1.3406449681427345e-05,7.996564292796801,-1.563740520103218
1404,1.3346981612055805e-05,7.996562319940486,-1.5637367715713055
1405,1.3330941925883843e-05,7.996560285605631,-1.563733039973233
1406,1.344558293560984e-05,7.996558349650336,-1.5637293736015618
1407,1.3530537759898173e-05,7.996556298766858,-1.5637256948625284
1408,1.3528596502611562e-05,7.996554333007881,-1.5637219802190045
1409,1.3477526900159769e-05,7.996552346587553,-1.5637182360751172
1410,1.3415017383747234e-05,7.9965503519855865,-1.5637144825791167
1411,1.3469550664813958e-05,7.996548364074459,-1.5637107871099563
1412,1.3549521832835954e-05,7.996546297318911,-1.5637071076568119
1413,1.3627270521078837e-05,7.996544310640669,-1.5637034278601605
1414,1.367108406459277e-05,7.996542348380633,-1.5636997262448928
1415,1.3565668568509146e-05,7.996540424761652,-1.5636959605358622
1416,1.3482497477539173e-05,7.996538346089737,-1.5636921997197115
1417,1.352905690516405e-05,7.9965363789472965,-1.5636884999878773
1418,1.3597603267240726e-05,7.996534288086768,-1.5636848077429293
1419,1.3664268257532234e-05,7.996532382211576,-1.5636811221342524
1420,1.367904745172478e-05,7.99652943544272,-1.5636755516372385
1421,1.3599127754287943e-05,7.996527399293211,-1.56367179124867
1422,1.3552088653897794e-05,7.996525409260044,-1.5636680463935018
1423,1.3607239635598532e-05,7.99652338528178,-1.5636643459785051
1424,1.3661199503237742e-05,7.996521396996992,-1.563660650271539
1425,1.3724762126864026e-05,7.9965193789413815,-1.5636569575868136
1426,1.372573189187645e-05,7.99651746831207,-1.5636532399479888
1427,1.3712436950864465e-05,7.996515400726091,-1.5636495101899945
1428,1.380039591074592e-05,7.9965134723414675,-1.5636458324288118
1429,1.3825832946360452e-05,7.9965114381264,-1.5636421296302505
1430,1.3817639439923119e-05,7.996509436390208,-1.563638409142223
1431,1.382069718946815e-05,7.996507410878873,-1.5636346904229848
1432,1.3814919890394894e-05,7.996505457735438,-1.5636309604069418
1433,1.3762845133586531e-05,7.996503466055051,-1.563627222397921
1434,1.3916477366261761e-05,7.996500494125042,-1.563621715105092
1435,1.395169089051502e-05,7.996498408225075,-1.56361800465823
1436,1.3692061983276187e-05,7.996496471558935,-1.5636141636094207
1437,1.360817329465031e-05,7.996494383132262,-1.563610389067634
1438,1.3859350811691747e-05,7.99649249107285,-1.563606779407032
1439,1.4014738302053296e-05,7.996490475537185,-1.563603135981648
1440,1.3979338289934342e-05,7.9964885133877,-1.5635994000400382
1441,1.3811236692121998e-05,7.996486430515558,-1.5635956040138186
1442,1.3741849825858462e-05,7.996484465878163,-1.5635918448238921
1443,1.3731089108626254e-05,7.996482429471568,-1.563588104845157
1444,1.3902483932159904e-05,7.996480539647769,-1.56358445990636
1445,1.4082291429352727e-05,7.99647851334264,-1.563580821922916
1446,1.4038433566061019e-05,7.996476568725259,-1.5635770934557494
1447,1.3987805058771576e-05,7.996474498378413,-1.5635733474127862
1448,1.404270880033221e-05,7.99647259165412,-1.5635696576629874
1449,1.4146711578841745e-05,7.9964705070294375,-1.563565985013717
1450,1.4164797848407704e-05,7.996468554099756,-1.5635622772179028
1451,1.411450074295352e-05,7.9964665199818805,-1.5635585372673155
1452,1.4072560292905156e-05,7.996464596165269,-1.5635547961521823
1453,1.4065683876363897e-05,7.996462547344599,-1.5635510723243187
1454,1.4166370491673518e-05,7.9964605719827775,-1.5635474002386538
1455,1.423291775709726e-05,7.996458544789941,-1.5635437095751215
1456,1.4224167417830938e-05,7.996456553995072,-1.5635399868016397
1457,1.4156807107883814e-05,7.996454594286753,-1.5635362380923463
1458,1.42252492800224e-05,7.9964526065938095,-1.563532551004121
1459,1.4278133597421655e-05,7.996450639248758,-1.563528857362179
1460,1.423928694515542e-05,7.996448558512486,-1.563525119377696
1461,1.4221824869257922e-05,7.9964466491698465,-1.5635213870519622
1462,1.4191759805317621e-05,7.996444589534023,-1.5635176504709736
1463,1.4272170945969709e-05,7.996442641664374,-1.5635139694223665
1464,1.4330461875216504e-05,7.996440544457603,-1.5635102794908429
1465,1.4395064541609096e-05,7.996438640090605,-1.5635065962997408
1466,1.4422315588328084e-05,7.996436597551783,-1.5635028854041055
1467,1.43143097180309e-05,7.9964346607609125,-1.5634991144858117
1468,1.4231633566205633e-05,7.9964326396535155,-1.5634953552009383
1469,1.4281007883464377e-05,7.9964305980174935,-1.5634916552356106
1470,1.4342705933359045e-05,7.996428549579577,-1.5634879608187975
1471,1.4414369388629384e-05,7.996426652340477,-1.5634842772719624
1472,1.4472483334121842e-05,7.9964246356377915,-1.5634805763821482
1473,1.4369667971864969e-05,7.99642270723412,-1.5634768144490157
1474,1.4388496434718029e-05,7.996420635552694,-1.5634730993825536
1475,1.4418749276997665e-05,7.996418713027145,-1.5634693938729292
1476,1.4471067337155531e-05,7.996416677009471,-1.563465695204896
1477,1.4476805406873119e-05,7.9964147645421475,-1.5634619779507766
1478,1.4483200702996217e-05,7.996412684089483,-1.5634582589327362
1479,1.4507639809195572e-05,7.996410719118755,-1.56345455377249
1480,1.4557882869656243e-05,7.996408654703579,-1.563450857548246
1481,1.4581068846614587e-05,7.996406750297006,-1.5634471526981186
1482,1.4576347776996363e-05,7.996404714006281,-1.5634434257045833
1483,1.4526551736396799e-05,7.99640278121822,-1.563439683724877
1484,1.4536559491812073e-05,7.996400701097619,-1.5634359644953906
1485,1.4635060944662346e-05,7.996398758594767,-1.563432296531147
1486,1.4707732086813404e-05,7.996396681689302,-1.5634286110863354
1487,1.4704309830624481e-05,7.9963947363696715,-1.5634248919791132
1488,1.463955395117834e-05,7.9963927097981236,-1.5634211429341454
1489,1.4588382844624277e-05,7.996390793485696,-1.5634173951823251
1490,1.4669089249797431e-05,7.996387710817931,-1.5634118474877203
1491,1.4772823673668903e-05,7.996385751655545,-1.5634081832023798
1492,1.4861309561729973e-05,7.996383706093084,-1.5634045100227518
1493,1.4664425158009527e-05,7.996381748065501,-1.56340069317608
1494,1.4469859017147518e-05,7.9963797287427445,-1.5633968719744766
1495,1.4543077989434353e-05,7.99637774639265,-1.5633931798810332
1496,1.4902355787420835e-05,7.996375776674395,-1.5633896254592339
1497,1.5004297549852191e-05,7.996374827623859,-1.563387812301749
1498,1.4897213037669572e-05,7.996372768498783,-1.5633840480136112
1499,1.4594448593782105e-05,7.996370791168992,-1.563380192649379
1500,1.4646533579013283e-05,7.996368786948972,-1.5633764828736472
1501,1.4852665587583168e-05,7.996366752930358,-1.5633728570194019
1502,1.5002604007924837e-05,7.996364833661377,-1.5633692106870074
1503,1.4832061263812955e-05,7.996362795154959,-1.563365415532731
1504,1.472222012665275e-05,7.996360831581356,-1.563361644772649
1505,1.4828734501505949e-05,7.996358799992418,-1.5633579649398903
1506,1.4921241929697158e-05,7.996356861809716,-1.5633542903335456
1507,1.4942680459563735e-05,7.996354844461291,-1.563350582843936
1508,1.4942170975543863e-05,7.996352849088273,-1.5633468649003313
1509,1.4940248374204805e-05,7.996350860112464,-1.5633431447547816
1510,1.4956279242571258e-05,7.996348856096668,-1.5633394296147602
1511,1.4987487791053208e-05,7.9963468907795745,-1.5633357225882116
1512,1.4958151264555441e-05,7.996344900635548,-1.5633319883817514
1513,1.500729291686161e-05,7.996342874750844,-1.563328289714943
1514,1.5109572464418224e-05,7.996340880399697,-1.5633246234956735
1515,1.5074369599445108e-05,7.9963388483695885,-1.5633208809263508
1516,1.488644162213411e-05,7.996336846736257,-1.563317070687598
1517,1.4819130553957002e-05,7.996334846592937,-1.5633133119574825
1518,1.5008145104823355e-05,7.996332933426003,-1.563309668470449
1519,1.5191905134880776e-05,7.996330914421611,-1.563306030246964
1520,1.505519199041407e-05,7.996328917739723,-1.563302255201914
1521,1.4987182590212712e-05,7.99632690020209,-1.5632985057294584
1522,1.5108579293564525e-05,7.996324951430039,-1.5632948340633228
1523,1.518668321089355e-05,7.996322936008531,-1.5632911547246438
1524,1.5191230778669526e-05,7.996321970971097,-1.5632892998023105
1525,1.519922226804982e-05,7.9963199523486,-1.5632855766289435
1526,1.5163743555153347e-05,7.996317958967814,-1.5632818452732862
1527,1.5177807665421251e-05,7.99631591559701,-1.5632781301741805
1528,1.5216899440461414e-05,7.996314023654106,-1.5632744305098292
1529,1.5258420445023688e-05,7.99631196515209,-1.5632707299054476
1530,1.5262129737594366e-05,7.9963109587001,-1.5632688676857567
1531,1.5220858856831315e-05,7.996309006348443,-1.563265131716328
1532,1.521677718419702e-05,7.996306935794956,-1.5632614036259598
1533,1.5272241554250024e-05,7.996305023276106,-1.5632577091072162
1534,1.5362728284827132e-05,7.996302979899469,-1.5632540293667667
1535,1.5358414170907407e-05,7.996301049385359,-1.5632503119777807
1536,1.5363064018343908e-05,7.996298979888495,-1.563246591548305
1537,1.5312442032614232e-05,7.996297047254073,-1.563242849382125
1538,1.531196598366958e-05,7.996294992960319,-1.5632391255097566
1539,1.537058463100694e-05,7.996293019998886,-1.5632354336851741
1540,1.542311962028435e-05,7.99629098115928,-1.5632317364558865
1541,1.5449227146399984e-05,7.996289052838403,-1.563228024369678
1542,1.5423772597963048e-05,7.996287050842339,-1.5632242963819507
1543,1.5423353313328448e-05,7.996285039882183,-1.5632205779620203
1544,1.5434327421653282e-05,7.996283004971725,-1.563216859870397
1545,1.5466375465879088e-05,7.99628110395697,-1.5632131502109505
1546,1.5471605596467608e-05,7.996279060889686,-1.5632094300791435
1547,1.558756105770461e-05,7.996277078787573,-1.5632057649359772
1548,1.5621862344589554e-05,7.996275068806548,-1.563202072127378
1549,1.5595047536535345e-05,7.996273012648604,-1.5631983359029271
1550,1.5491975644865585e-05,7.996271100389256,-1.5631945698744951
1551,1.5541822780554482e-05,7.996269068544524,-1.563190868464521
1552,1.5617964879617407e-05,7.996267138516836,-1.5631871808328774
1553,1.5618225209018828e-05,7.99626507115784,-1.563183465464289
1554,1.5594094155840636e-05,7.996263139601809,-1.5631797379277255
1555,1.5556290577762418e-05,7.996261058894178,-1.5631759917380879
1556,1.5583584063495718e-05,7.996259124460933,-1.5631722852662393
1557,1.5644727258188663e-05,7.996257057094454,-1.5631685899735865
1558,1.5701730245183246e-05,7.996255160150671,-1.5631649006025297
1559,1.5719957666091854e-05,7.996253122086854,-1.5631611814181323
1560,1.570686118488152e-05,7.996251179427925,-1.5631574634375724
1561,1.5705047662868233e-05,7.996249110547994,-1.5631537399737587
1562,1.574195348911848e-05,7.996246169295538,-1.5631481710369022
1563,1.5739457604863188e-05,7.996244155335698,-1.5631444504798298
1564,1.5773230153833887e-05,7.996242194302343,-1.563140746925547
1565,1.5808363884538436e-05,7.9962401372716,-1.5631370447183748
1566,1.5818545959490504e-05,7.996239188032074,-1.5631351928005561
1567,1.5869172153736135e-05,7.996237134712764,-1.5631314937019432
1568,1.5849899293665506e-05,7.996235226510871,-1.5631277660441096
1569,1.5818511705962887e-05,7.996233176478991,-1.5631240258532444
1570,1.580176727113015e-05,7.996231226745868,-1.5631202969611666
1571,1.589506678423901e-05,7.9962281845697145,-1.5631147562716987
1572,1.597394646225186e-05,7.996226234743182,-1.563111077152852
1573,1.600807805839937e-05,7.996224174704656,-1.56310736975675
1574,1.5902118938758153e-05,7.996222220990424,-1.5631036018130884
1575,1.5792789930687912e-05,7.996220143629856,-1.5630998256178128
1576,1.5802778560293515e-05,7.996218213880716,-1.5630961086385768
1577,1.601480183552635e-05,7.996216237941665,-1.563092497181956
1578,1.6061708204500985e-05,7.9962142296881025,-1.5630888069945745
1579,1.596462756164453e-05,7.996212211880933,-1.563085035944173
1580,1.5942426155319814e-05,7.996210281214402,-1.5630813034117625
1581,1.605082241995902e-05,7.996208248367355,-1.5630776222738723
1582,1.6116491221621738e-05,7.996206265501495,-1.5630739355889236
1583,1.6129590020351276e-05,7.9962042592670075,-1.5630702210052219
1584,1.6123330851693743e-05,7.996202256903939,-1.5630665010993752
1585,1.6086451016614784e-05,7.996200277841913,-1.5630627600603648
1586,1.608301817324208e-05,7.9961983161662324,-1.5630590377445526
1587,1.615088087037695e-05,7.996196296273153,-1.5630553499958142
1588,1.6203668129560612e-05,7.996194301912473,-1.5630516533930043
1589,1.6207812641399667e-05,7.996193317060663,-1.5630497952207316
1590,1.6142105358014765e-05,7.996191251328456,-1.5630460420720942
1591,1.615638439834863e-05,7.9961893427724,-1.5630423292788225
1592,1.6255316770450537e-05,7.996187271763219,-1.5630386533809633
1593,1.6309958913092e-05,7.996185327227785,-1.56303495996322
1594,1.6257311096681318e-05,7.996183296753172,-1.5630312189884221
1595,1.621245515710451e-05,7.996181365925914,-1.5630274787678125
1596,1.6199688317695015e-05,7.9961793357393445,-1.5630237499286204
1597,1.62960938150251e-05,7.996177330326535,-1.5630200737894877
1598,1.6355181621708336e-05,7.996175312180196,-1.5630163836473716
1599,1.639100331133482e-05,7.996173347384433,-1.5630126856445874
1600,1.6383374766411506e-05,7.996171358929118,-1.5630089607379178
1601,1.6357881550763837e-05,7.996169346583865,-1.5630052209823504
1602,1.6295588229848202e-05,7.996167385038369,-1.5630014746460972
1603,1.6373930488079732e-05,7.9961653491190585,-1.5629977896938834
1604,1.646962906894647e-05,7.996163370514365,-1.5629941189274439
1605,1.643084048318754e-05,7.996161357561644,-1.5629903728328258
1606,1.6240905954125372e-05,7.996159374264476,-1.5629865600808033
1607,1.6276016084108185e-05,7.996157343129117,-1.56298284571486
1608,1.644807797944629e-05,7.9961554336508325,-1.5629792059004577
1609,1.6520891982329803e-05,7.996153403783513,-1.5629755168192512
1610,1.6361717674410095e-05,7.996151402524026,-1.5629717256492306
1611,1.6350727240482313e-05,7.996149380812648,-1.562967997838729
1612,1.6531169529922203e-05,7.996147444034851,-1.5629643569259262
1613,1.665495999552328e-05,7.9961454024972465,-1.5629606926302695
1614,1.6454142067136896e-05,7.996143444723446,-1.5629568832443368
1615,1.6397791176005857e-05,7.996141403054319,-1.5629531316508642
1616,1.654183660677636e-05,7.99613948621787,-1.562949474014405
1617,1.6683608847824075e-05,7.996137446790453,-1.5629458209938334
1618,1.6669658059914163e-05,7.996135510113363,-1.5629421048544827
1619,1.6632676181255163e-05,7.9961334342217105,-1.5629383678613238
1620,1.6573297007260625e-05,7.996131506979338,-1.5629346182104966
1621,1.664182407278524e-05,7.996128476764107,-1.5629290649572423
1622,1.6745978798777343e-05,7.996126456012358,-1.5629253952268205
1623,1.681349057324038e-05,7.996124488343727,-1.562921714638775
1624,1.676137668877888e-05,7.996122535833513,-1.5629179644740605
1625,1.6568977235511586e-05,7.996120461682682,-1.5629141489468814
1626,1.65661624033588e-05,7.996118510928673,-1.5629104250030872
1627,1.6763030518457612e-05,7.996116454319991,-1.5629067868587945
1628,1.6916897155496234e-05,7.99611456219611,-1.5629031419757973
1629,1.6778810824749005e-05,7.9961124774434245,-1.5628993571193048
1630,1.6599553911986748e-05,7.996110546593212,-1.5628955574305736
1631,1.6714671542596074e-05,7.996108489198868,-1.5628918836322505
1632,1.6875064752292175e-05,7.996106606668862,-1.5628882474812076
1633,1.6888108112968056e-05,7.99610452453858,-1.562884529583465
1634,1.6866959550080696e-05,7.996102571896959,-1.5628807996589706
1635,1.6886548402902202e-05,7.996100592989355,-1.5628770869886854
1636,1.690775379404181e-05,7.996098613773318,-1.562873374943076
1637,1.6916118545379058e-05,7.996095626542863,-1.5628677950563272
1638,1.694088433854387e-05,7.996093538617378,-1.5628640825827627
1639,1.6980717943164165e-05,7.9960916416686985,-1.5628603785968562
1640,1.6956394089819814e-05,7.99608958637636,-1.5628566469998972
1641,1.699665512566849e-05,7.99608765046352,-1.5628529471530412
1642,1.710907177044947e-05,7.996085582362299,-1.5628492789212436
1643,1.6978342013507612e-05,7.996083596642205,-1.5628455009187232
1644,1.6840137505948815e-05,7.996081526137212,-1.5628417024642882
1645,1.6778600225723302e-05,7.996079611320883,-1.5628379485415649
1646,1.6980039780422297e-05,7.996077619773446,-1.5628343068396071
1647,1.718540910773628e-05,7.9960757011447186,-1.5628306798477276
1648,1.7069170160003003e-05,7.996073621403325,-1.56282691340283
1649,1.69900504509667e-05,7.9960716876621865,-1.5628231632243088
1650,1.7109516839741477e-05,7.996069616612651,-1.562819488613186
1651,1.7241468419765517e-05,7.996067688949639,-1.5628158393803733
1652,1.7295050367867252e-05,7.996065638207795,-1.5628121409661457
1653,1.7131651393369538e-05,7.996063724293194,-1.5628083518866012
1654,1.709193560032867e-05,7.99606167776845,-1.5628046045973738
1655,1.7167218575629737e-05,7.9960586926508705,-1.5627990534247593
1656,1.7285681481536568e-05,7.996056714469531,-1.5627953900170837
1657,1.735991274555216e-05,7.996054764659766,-1.5627917105725169
1658,1.7308133482727432e-05,7.99605265980463,-1.5627879685490664
1659,1.7278109909380228e-05,7.996050691851932,-1.5627842352861105
1660,1.729194787495769e-05,7.996048742532667,-1.5627805194761748
1661,1.732961814808745e-05,7.996046782090332,-1.5627768096774974
1662,1.7312858442249796e-05,7.996044751328639,-1.5627730808802878
1663,1.732157207732985e-05,7.99604275168084,-1.5627693619360317
1664,1.735888966092765e-05,7.996040767592843,-1.5627656605183504
1665,1.7374248717104868e-05,7.996038795883952,-1.5627619425532198
1666,1.7410518463593426e-05,7.996036795657667,-1.562758240627673
1667,1.7400299052386532e-05,7.996034802507816,-1.5627545092469786
1668,1.7383000329129508e-05,7.996032783714732,-1.562750782884203
1669,1.746134969060982e-05,7.996030820711367,-1.5627470986076317
1670,1.752799836688753e-05,7.9960288015674434,-1.5627434124242487
1671,1.7528972042191204e-05,7.996026852473767,-1.562739692584202
1672,1.7527112268007123e-05,7.9960247990098585,-1.5627359739100295
1673,1.748049325408863e-05,7.996022865985106,-1.5627322291032757
1674,1.7473053143161835e-05,7.996020786382575,-1.562728503126002
1675,1.7530505106163333e-05,7.996018851157082,-1.5627248105700138
1676,1.758857777740568e-05,7.996016787938033,-1.5627211138860104
1677,1.761040324346303e-05,7.996014888865841,-1.5627174030771211
1678,1.7567602977736406e-05,7.996012837127438,-1.5627136610563732
1679,1.7547506720609184e-05,7.99601087729077,-1.5627099312982606
1680,1.7570903270808434e-05,7.9960088048889135,-1.562706215846092
1681,1.7650508960037796e-05,7.996006908818131,-1.5627025357908808
1682,1.7772213391521638e-05,7.9960048383192275,-1.5626988744748813
1683,1.7795415127815954e-05,7.996002862649717,-1.562695170073945
1684,1.7570106968983963e-05,7.995999818681357,-1.5626894773468534
1685,1.7560276858125484e-05,7.995997883106253,-1.5626857519627915
1686,1.7716667978847865e-05,7.995995829108513,-1.5626820960109677
1687,1.7848681367902386e-05,7.995993918906997,-1.5626784458566862
1688,1.7912651717974367e-05,7.995991890971947,-1.5626747561019732
1689,1.7758966961012537e-05,7.995989907407248,-1.5626709639590526
1690,1.754337524209305e-05,7.995987872647777,-1.5626671409885986
1691,1.7673953545222998e-05,7.995985875807166,-1.5626634713731724
1692,1.790999652722814e-05,7.995983945865438,-1.5626598589588743
1693,1.8002129642557213e-05,7.995981899394456,-1.56265618391929
1694,1.777175983989035e-05,7.995979921778606,-1.5626523613207046
1695,1.777869034298292e-05,7.995976874149366,-1.5626467696495658
1696,1.7958268321155703e-05,7.995974983472961,-1.5626431361714408
1697,1.7999299413045587e-05,7.995972925096426,-1.5626394310354346
1698,1.7776044122589805e-05,7.995969902455562,-1.56263374588367
1699,1.7829989086348453e-05,7.995967965417916,-1.5626300454846864
1700,1.7967544429204846e-05,7.995965941237158,-1.5626263850271223
1701,1.805820156310241e-05,7.9959640054938985,-1.5626227142890983
1702,1.809411067609733e-05,7.995962005032949,-1.5626190078235749
1703,1.8032747502581056e-05,7.9959590453041995,-1.5626134089609942
1704,1.8035236577734934e-05,7.995957001552287,-1.5626096869611652
1705,1.8103521917323327e-05,7.995955066298418,-1.5626060048838755
1706,1.8169683214753206e-05,7.995952992514064,-1.562602315780684
1707,1.8164880312416137e-05,7.995951051826226,-1.5625985925509733
1708,1.810142519636145e-05,7.995949004135229,-1.5625948402596819
1709,1.8201127951812645e-05,7.995946081202671,-1.562589308451859
1710,1.812625475041199e-05,7.995944025162178,-1.562585552713275
1711,1.8026435575372293e-05,7.995942000388839,-1.5625817766048509
1712,1.7990990955549645e-05,7.995940037470398,-1.5625780308698083
1713,1.8083354443242486e-05,7.995938035975264,-1.5625743425296532
1714,1.8270628648487392e-05,7.995936096626799,-1.5625707108366949
1715,1.830584707709685e-05,7.9959340663707215,-1.5625670067248043
1716,1.8158321024652575e-05,7.9959321040192295,-1.5625632216327066
1717,1.811477018922451e-05,7.9959300409970915,-1.5625594756789698
1718,1.8264563909267118e-05,7.995928118731394,-1.5625558214095934
1719,1.8402921255118023e-05,7.995926079745318,-1.5625521642363764
1720,1.8393367044957902e-05,7.995924139730238,-1.562548450550217
1721,1.8371970972958084e-05,7.995922081955147,-1.5625447197173215
1722,1.8341398162422408e-05,7.995920171757832,-1.5625409848434972
1723,1.834949039135511e-05,7.99591809963407,-1.5625372629115883
1724,1.8422734971006277e-05,7.995916189443134,-1.5625335806714158
1725,1.85156675020864e-05,7.995914149667433,-1.5625299018089691
1726,1.8340043168393126e-05,7.995912166079486,-1.562526101651914
1727,1.8187767607098158e-05,7.995910068177821,-1.5625223038554061
1728,1.83775031945744e-05,7.995908118545296,-1.5625186582605757
1729,1.856943356903724e-05,7.995906204993458,-1.5625150276578639
1730,1.8586696015544154e-05,7.99590420806828,-1.5625113227889997
1731,1.8523638504073197e-05,7.9959022246249125,-1.5625075760588223
1732,1.8451520430943627e-05,7.995900144698432,-1.5625038204473847
1733,1.8427288461007147e-05,7.995898172239902,-1.5625000830134133
1734,1.8496359752520055e-05,7.9958962023355875,-1.5624963894039272
1735,1.8618594568494913e-05,7.9958942173677885,-1.5624927267249933
1736,1.8695107366329524e-05,7.995892204523409,-1.5624890396555295
1737,1.861337787892095e-05,7.995890259185097,-1.562485286840808
1738,1.8525221470761977e-05,7.995888165148898,-1.562481521532158
1739,1.8494976582118405e-05,7.995886260465621,-1.5624777886140435
1740,1.8615604026674924e-05,7.995884178181527,-1.5624741123917312
1741,1.8717175715572837e-05,7.995882262395724,-1.5624704429503466
1742,1.8784194044819897e-05,7.995880226939705,-1.5624667572891415
1743,1.879142105878438e-05,7.99587831930468,-1.5624630407260216
1744,1.8735381838467443e-05,7.99587624507164,-1.562459298685378
1745,1.8709664819210615e-05,7.9958743392354314,-1.5624555668013789
1746,1.8804971149975543e-05,7.995872268508952,-1.5624518903937443
1747,1.88778626501245e-05,7.995870300847638,-1.5624482128675503
1748,1.8853979963173536e-05,7.995868286144484,-1.562444478953745
1749,1.8781484274003184e-05,7.99586635566038,-1.5624407271372374
1750,1.8782256721821882e-05,7.995864303551143,-1.5624370029508508
1751,1.8815685568904725e-05,7.995862357533243,-1.5624332986721134
1752,1.892274008034631e-05,7.995859304473597,-1.5624277686748036
1753,1.8920533049827743e-05,7.995857357124331,-1.5624240509430232
1754,1.8898887888764754e-05,7.995855280302758,-1.562420314147918
1755,1.888961244082024e-05,7.995853357276134,-1.5624165887823562
1756,1.8971316292253803e-05,7.995851346056233,-1.5624129037886885
1757,1.90653211889079e-05,7.995849403581631,-1.5624092335071273
1758,1.900249046735549e-05,7.995847291921377,-1.5624054855227847
1759,1.894362313317665e-05,7.995845374640185,-1.5624017365836735
1760,1.895630796439377e-05,7.995843368346438,-1.5623980196822862
1761,1.9071381474854453e-05,7.995841437406356,-1.5623943498073973
1762,1.909773075799113e-05,7.995839346255899,-1.5623906384891995
1763,1.9044910888240374e-05,7.995837399105016,-1.562386899941051
1764,1.9048829182303847e-05,7.995835386901076,-1.5623831791566714
1765,1.908335734225746e-05,7.9958334670510816,-1.5623794715471948
1766,1.9103710811029292e-05,7.9958314107275,-1.5623757578005963
1767,1.9106536027843826e-05,7.995829428452767,-1.5623720395805227
1768,1.913632131058005e-05,7.995827377780848,-1.56236833312939
1769,1.9182023757459735e-05,7.9958254070313055,-1.5623646314736688
1770,1.9205517093650013e-05,7.995823462096908,-1.562360919038957
1771,1.921378027842187e-05,7.995821486413698,-1.5623572028084132
1772,1.923864621335558e-05,7.995819445780996,-1.5623534951949538
1773,1.928121711388432e-05,7.995817448827471,-1.562349792572885
1774,1.9257718517980234e-05,7.995815442737457,-1.5623460655815327
1775,1.9247452626068333e-05,7.995813469394565,-1.5623423387036066
1776,1.9286791894648137e-05,7.995811483366798,-1.5623386311152823
1777,1.9282064382119003e-05,7.995809492260632,-1.5623349122329497
1778,1.9333001599654202e-05,7.995807486689717,-1.5623312109017429
1779,1.9335783825326534e-05,7.9958054766263205,-1.562327497052453
1780,1.937645937226804e-05,7.99580352984791,-1.562323797880565
1781,1.937330986937957e-05,7.995801543958494,-1.562320067201899
1782,1.9360246766848584e-05,7.995799532145644,-1.562316342962172
1783,1.9349647867957284e-05,7.995797529491418,-1.5623126147414557
1784,1.936687088485712e-05,7.995795544435391,-1.562308901596264
1785,1.9466466343654407e-05,7.995793568608102,-1.5623052260185846
1786,1.953743803680487e-05,7.995791561208414,-1.5623015340673825
1787,1.9250579925607658e-05,7.995788455834582,-1.5622958116813086
1788,1.9239569129270743e-05,7.99578653362771,-1.5622920789506574
1789,1.9487438394571796e-05,7.995784524819274,-1.5622884585974988
1790,1.963947296505195e-05,7.995782639118668,-1.5622848126639672
1791,1.953627166700307e-05,7.995780570151143,-1.5622810551089257
1792,1.9412532623762908e-05,7.995778544065516,-1.562277273040983
1793,1.9341846302525736e-05,7.995776496993539,-1.5622735062066326
1794,1.9380924678569212e-05,7.995774566283318,-1.5622697979179418
1795,1.9632934767700915e-05,7.995772603379253,-1.5622661869072472
1796,1.969518818314694e-05,7.995769665344346,-1.5622606452619912
1797,1.9607838506990875e-05,7.995767598904919,-1.5622568867169675
1798,1.960904988110423e-05,7.99576566309473,-1.56225316516817
1799,1.9707645551738973e-05,7.995763618776937,-1.5622494904665325
1800,1.9769186608601218e-05,7.995761669041851,-1.5622458031436486
1801,1.9758884916305746e-05,7.99575963090303,-1.5622420770966812
1802,1.9690649299501568e-05,7.995757722467495,-1.5622383245721168
1803,1.967826688694263e-05,7.995755630325444,-1.5622345908366326
1804,1.976039362949938e-05,7.995753701007407,-1.5622309093249136
1805,1.9821859553897062e-05,7.995751621762634,-1.5622272183373247
1806,1.9856954872161956e-05,7.995749713345824,-1.5622235213981022
1807,1.9859932629897068e-05,7.995747654039624,-1.562219798226636
1808,1.983812660980035e-05,7.995745742733214,-1.5622160720742388
1809,1.984930092244308e-05,7.995743668362346,-1.5622123504304974
1810,1.9876407044236188e-05,7.995741768751649,-1.5622086401347905
1811,1.9878571943856803e-05,7.995739687515173,-1.5622049198948778
1812,1.9914660822549353e-05,7.9957377825361435,-1.5622012187595469
1813,1.993021279232506e-05,7.995735711540529,-1.5621975006880666
1814,1.996368478399287e-05,7.995733791254699,-1.5621938000224451
1815,1.997083049963235e-05,7.995731723597231,-1.562190075219768
1816,1.99443391538536e-05,7.995729805017424,-1.5621863480731575
1817,2.0019530141165724e-05,7.995727755020793,-1.562182661215047
1818,2.0135990551002994e-05,7.995725806509237,-1.5621789985393808
1819,2.0150949756657545e-05,7.995723742793355,-1.562175291298603
1820,1.9983214290604164e-05,7.995721753576273,-1.5621714894812149
1821,1.987303630808201e-05,7.995719784660182,-1.5621677132768408
1822,2.0000440692450094e-05,7.995717732054544,-1.5621640393590737
1823,2.0122373478282502e-05,7.995715786947935,-1.5621603792104328
1824,2.022816416093203e-05,7.995713792474069,-1.5621567118355333
1825,2.022880158518994e-05,7.9957118751516445,-1.5621529941386305
1826,2.0120837268631898e-05,7.995709806335927,-1.5621492267412882
1827,2.010527304615105e-05,7.9957078587290455,-1.5621454979161358
1828,2.017929386763814e-05,7.99570577538144,-1.5621418089737216
1829,2.0256953217298118e-05,7.995703861838402,-1.562138130120624
1830,2.030500863562539e-05,7.99570181866428,-1.5621344326897972
1831,2.0273711359511847e-05,7.995698903970865,-1.5621288376852398
1832,2.0222239447242352e-05,7.9956968358233365,-1.5621250901480248
1833,2.0276824373473233e-05,7.9956949066624174,-1.5621213954372906
1834,2.0323770917492178e-05,7.995692832832098,-1.5621176954256064
1835,2.0346853630920024e-05,7.995690925770298,-1.5621139910125397
1836,2.0331577965117405e-05,7.995687920598632,-1.5621083958108626
1837,2.03079741549465e-05,7.995685914175786,-1.5621046625671957
1838,2.0331564704328443e-05,7.995683927067413,-1.5621009529180219
1839,2.043519532688907e-05,7.995681949265901,-1.562097280407859
1840,2.0477701933537446e-05,7.9956809043298795,-1.5620954411321946
1841,2.0407724462744924e-05,7.995678954721327,-1.5620916874988895
1842,2.0161539718287768e-05,7.995675881778889,-1.5620859815752568
1843,2.0344284934831474e-05,7.9956739028716335,-1.562082329475152
1844,2.0616051743529258e-05,7.995671010072086,-1.5620768737370427
1845,2.0472435787440368e-05,7.995668929212624,-1.5620730916504675
1846,2.0408146425054134e-05,7.995666986961271,-1.5620693407355062
1847,2.0511318760797103e-05,7.995664914797969,-1.562065664170147
1848,2.0623797012640157e-05,7.99566300909617,-1.5620620017892581
1849,2.0678967669722083e-05,7.99566096213982,-1.5620583038819922
1850,2.059751853419796e-05,7.99565898386694,-1.562054543613659
1851,2.0499689306484502e-05,7.9956569911942905,-1.5620507779833368
1852,2.055324341822645e-05,7.995654972703613,-1.5620470783033271
1853,2.0637721583526864e-05,7.995652963889421,-1.5620433962245306
1854,2.0728478858649404e-05,7.995651020123125,-1.5620397231788665
1855,2.0769449729319622e-05,7.995649015468918,-1.5620360188279112
1856,2.0687609256773396e-05,7.995646095141854,-1.5620304042587008
1857,2.0665630408368817e-05,7.995643082918616,-1.5620248082376744
1858,2.0787002385667967e-05,7.995640002318605,-1.5620192798253183
1859,2.0849545211791804e-05,7.995638097878272,-1.5620155929826363
1860,2.0877898199334435e-05,7.995636055301716,-1.5620118799526745
1861,2.0827840326322614e-05,7.99563412529116,-1.5620081452933698
1862,2.0777665691362583e-05,7.995632061648195,-1.5620043932283372
1863,2.0831714836020232e-05,7.995630096225116,-1.5620006949118541
1864,2.0859506980561236e-05,7.995628048869351,-1.5619969892053682
1865,2.0889118852254118e-05,7.995627069709919,-1.5619951432714725
1866,2.0918654646594243e-05,7.995625149642466,-1.561991436801194
1867,2.091728116561713e-05,7.995623131534498,-1.561987711336669
1868,2.090335755920695e-05,7.995621171101808,-1.5619839884977988
1869,2.0916612139247587e-05,7.995619091945726,-1.5619802693763505
1870,2.0945339577920586e-05,7.995617171602902,-1.5619765669151515
1871,2.1075125300366332e-05,7.995615147875423,-1.5619729026518272
1872,2.1003475128842803e-05,7.99561213267205,-1.5619672913099656
1873,2.0978259353464084e-05,7.995610167502064,-1.5619635578353994
1874,2.1020508649786324e-05,7.995608159110889,-1.5619598508293633
1875,2.115659817512515e-05,7.995605203970551,-1.561954327602169
1876,2.0945427230831296e-05,7.995603110072257,-1.561950507994518
1877,2.0810718771469033e-05,7.995601169857092,-1.561946717375388
1878,2.101953830223902e-05,7.995599151696425,-1.5619430747792582
1879,2.1232117464462107e-05,7.9955972628054015,-1.5619394528999764
1880,2.124830295470773e-05,7.995595185329435,-1.561935747011244
1881,2.0959406936452567e-05,7.995592232887401,-1.5619300303855534
1882,2.125491993168458e-05,7.995589206687841,-1.561924577424489
1883,2.1348503116148907e-05,7.995587273325207,-1.5619209008949484
1884,2.1178347169658374e-05,7.99558523303453,-1.5619171081656744
1885,2.111249018390141e-05,7.995583239615665,-1.5619133557993763
1886,2.1251740857593644e-05,7.995581224149681,-1.5619096917773334
1887,2.1368526237522097e-05,7.995579255568764,-1.561906028721579
1888,2.1441438832149228e-05,7.9955772635137095,-1.5619023400731693
1889,2.1357079208433543e-05,7.99557533821155,-1.5618985857531391
1890,2.1264612035514207e-05,7.995573267471043,-1.5618948207906926
1891,2.132745225484226e-05,7.995571310705202,-1.5618911296635047
1892,2.1411465480804433e-05,7.9955692143634245,-1.5618874449881535
1893,2.1491336806994476e-05,7.995567318988477,-1.5618837665484244
1894,2.149354126649394e-05,7.995564356935544,-1.561878192577153
1895,2.1409530156408758e-05,7.995562363447963,-1.561874426582132
1896,2.1378360249545585e-05,7.995559368137691,-1.5618688220950647
1897,2.148028482323288e-05,7.99555730368397,-1.5618651410490543
1898,2.1536177552433664e-05,7.995555389018055,-1.5618614531689137
1899,2.157480826513729e-05,7.995552380452688,-1.5618558909482767
1900,2.155122256083664e-05,7.9955504132875665,-1.5618521580386593
1901,2.1553889886453898e-05,7.995548381143054,-1.5618484365837482
1902,2.1580175115422942e-05,7.995546388083453,-1.5618447267244389
1903,2.1674700751105135e-05,7.995544409393116,-1.5618410504911222
1904,2.1688775736904593e-05,7.995542407499151,-1.561837337088099
1905,2.1651104538101123e-05,7.99554039414091,-1.5618336018438916
1906,2.1632055457812542e-05,7.995538413995635,-1.5618298686730685
1907,2.170149675361071e-05,7.995536437000431,-1.5618261790636443
1908,2.1825332487099517e-05,7.995534448955515,-1.5618225149921656
1909,2.1805129432236276e-05,7.995532387497659,-1.561818789304465
1910,2.1713270939754638e-05,7.995530422096316,-1.5618150298035958
1911,2.173293674796313e-05,7.995527509442486,-1.5618094519104462
1912,2.185114872166137e-05,7.99552545894523,-1.5618057813657171
1913,2.1815598970851278e-05,7.995523506823658,-1.5618020488796232
1914,2.1793316250523927e-05,7.9955214220200945,-1.5617983131841449
1915,2.180238873178795e-05,7.9955195340508425,-1.5617946023749316
1916,2.1947293022398777e-05,7.995517467553246,-1.5617909428830123
1917,2.1915568239323955e-05,7.995515512233029,-1.5617872101611054
1918,2.1712700482258395e-05,7.995513403466221,-1.561783384849721
1919,2.1674556883681932e-05,7.995511489177539,-1.5617796394808354
1920,2.1913146548288124e-05,7.995509467031647,-1.5617760174288149
1921,2.2083854731415967e-05,7.995507553814796,-1.5617723823403196
1922,2.2036172196500894e-05,7.995505521701983,-1.561768642810055
1923,2.184190119680658e-05,7.995503511452666,-1.5617648311429013
1924,2.1774564096497105e-05,7.995501482225748,-1.561761072340545
1925,2.197453019789411e-05,7.995499507411119,-1.5617574332174127
1926,2.216658412185979e-05,7.995497630672181,-1.5617538016676675
1927,2.210261174722747e-05,7.995495557791665,-1.561750061811448
1928,2.198082910311351e-05,7.995493592917332,-1.5617462876709514
1929,2.1922774232114737e-05,7.995491503188616,-1.561742527340401
1930,2.2047823087769092e-05,7.995488597477939,-1.5617369947034239
1931,2.2220874420103444e-05,7.9954866199396815,-1.5617333590104534
1932,2.230311245132126e-05,7.995484647417165,-1.5617296797750997
1933,2.216134776462072e-05,7.995482594800555,-1.5617258961458818
1934,2.2044958212842993e-05,7.995480647988512,-1.5617221224052877
1935,2.2156846902811107e-05,7.995478580809845,-1.5617184388174237
1936,2.221417322259484e-05,7.995476667988969,-1.5617147503553397
1937,2.2276010504154924e-05,7.995474637555509,-1.5617110547977582
1938,2.231292578454658e-05,7.995472730076571,-1.5617073564772974
1939,2.2321124022009668e-05,7.99547066016521,-1.5617036346005932
1940,2.2299351775600244e-05,7.995468723709932,-1.5616999120450534
1941,2.2326994647292914e-05,7.995466675822305,-1.5616962028573371
1942,2.2336822877866196e-05,7.995464736897665,-1.5616924882837442
1943,2.237526664779068e-05,7.99546268601637,-1.5616887808048256
1944,2.237166794524756e-05,7.995460770411218,-1.561685058688564
1945,2.2391830721070695e-05,7.9954586956713225,-1.56168134244242
1946,2.2398824111731752e-05,7.99545770436305,-1.5616794785942798
1947,2.2362096745726238e-05,7.995455733806313,-1.5616757442488092
1948,2.2431524846860355e-05,7.995453718980276,-1.5616720538628421
1949,2.250043528233892e-05,7.995451772541897,-1.5616683671643925
1950,2.2530000392091886e-05,7.995449715919963,-1.561664654307341
1951,2.2510786723661934e-05,7.995447788973433,-1.5616609325886353
1952,2.2503536152471335e-05,7.995445743795029,-1.5616572060170881
1953,2.2517702611541808e-05,7.995443803934111,-1.561653490256508
1954,2.2546531281227732e-05,7.995441775801342,-1.5616497789687487
1955,2.255731720140718e-05,7.995439823554836,-1.5616460633234042
1956,2.2604536480832827e-05,7.9954378021136305,-1.5616423660150762
1957,2.261355787492321e-05,7.995435847591197,-1.561638646672031
1958,2.2658187804828586e-05,7.995433811088075,-1.5616349493949615
1959,2.264707310772672e-05,7.995431864680526,-1.561631220707829
1960,2.263909199969647e-05,7.995429814114292,-1.5616274953578342
1961,2.2721380276425307e-05,7.995427896766049,-1.561623815925252
1962,2.283120844593151e-05,7.995425809066085,-1.5616201478545166
1963,2.283745781016155e-05,7.995423861944872,-1.5616164379125512
1964,2.2659758225582212e-05,7.995421847697543,-1.5616126287391205
1965,2.2574271616265494e-05,7.9954198479875,-1.5616088644827721
1966,2.2704836820018273e-05,7.9954178464941,-1.5616051940147646
1967,2.2832823656120007e-05,7.995415854420998,-1.5616015371522955
1968,2.2922578061251845e-05,7.995413863964487,-1.5615978625004954
1969,2.288574158370879e-05,7.995411893027476,-1.5615941306294712
1970,2.2842427897710323e-05,7.995409888081053,-1.561590387492942
1971,2.2825981292962495e-05,7.99540790945583,-1.5615866564441505
1972,2.2841613700515682e-05,7.995405885407456,-1.5615829418818934
1973,2.2958043116782005e-05,7.9954039335102856,-1.5615792758265739
1974,2.2994525259945125e-05,7.995401948177844,-1.5615755726698173
1975,2.294661447285024e-05,7.995399917915064,-1.56157182951745
1976,2.295764690407175e-05,7.995397986509396,-1.5615681138045858
1977,2.306196756071189e-05,7.995395946247002,-1.5615644441842012
1978,2.3088494158854007e-05,7.99539398471661,-1.5615607373401077
1979,2.3046446317419247e-05,7.995391923030031,-1.5615569982283402
1980,2.300226773058991e-05,7.995390020720533,-1.561553256662508
1981,2.3007725964682685e-05,7.995387934161722,-1.5615495308160796
1982,2.3015218447862622e-05,7.995387010557842,-1.5615476765087037
1983,2.3129041896282757e-05,7.995385013206928,-1.561544005683262
1984,2.316908477215834e-05,7.995382976668979,-1.5615403090402171
1985,2.31647677720447e-05,7.995381008649435,-1.5615365880636232
1986,2.3185060950369222e-05,7.995379013172432,-1.5615328807530497
1987,2.3161418440759605e-05,7.995377067697336,-1.5615291423250761
1988,2.315713788426102e-05,7.99537502928202,-1.561525422230206
1989,2.3262554896477056e-05,7.995373068115364,-1.5615217511066894
1990,2.331743221178912e-05,7.995370966915944,-1.5615180539218654
1991,2.322595980285703e-05,7.995369060953982,-1.561514299288385
1992,2.320622650581548e-05,7.995367025971806,-1.5615105647890262
1993,2.3292241491699562e-05,7.995365110726866,-1.5615068850369367
1994,2.3327736907976645e-05,7.99536304978274,-1.5615031750111514
1995,2.332826426498709e-05,7.9953610907064085,-1.5614994631230592
1996,2.334260671974e-05,7.995359055062797,-1.5614957458207752
1997,2.3316577629929424e-05,7.995357131135413,-1.5614920128399756
1998,2.3371507272815798e-05,7.995355119587837,-1.5614883154687487
1999,2.3469942215677992e-05,7.995353105461664,-1.5614846429347164
2000,2.3491835896018404e-05,7.995352110929606,-1.5614827951894594
2001,2.3387735060033835e-05,7.995349096244302,-1.5614771674729844
2002,2.341907568805203e-05,7.995347175869159,-1.5614734589757386
2003,2.346504849604187e-05,7.995346101244963,-1.5614716191447902
2004,2.351681079616299e-05,7.995344140157657,-1.561467920034885
2005,2.3509500575205877e-05,7.995342094873092,-1.561464201403985
2006,2.353520941654548e-05,7.99534018047799,-1.5614604919967543
2007,2.3501702901096863e-05,7.99533815568627,-1.561456755072762
2008,2.3543508840847534e-05,7.99533618398242,-1.5614530532293809
2009,2.3650912622740307e-05,7.995334157514227,-1.5614493812856465
2010,2.367108976269168e-05,7.995332115593262,-1.5614456736932532
2011,2.3575394538438263e-05,7.995330187988375,-1.5614419121286647
2012,2.3595296664005594e-05,7.995328174503904,-1.5614381967152102
2013,2.3680203084938833e-05,7.995326234411209,-1.5614345126629106
2014,2.3686934929169947e-05,7.995324154516535,-1.5614308004479378
2015,2.3700586667304455e-05,7.9953222322716755,-1.5614270890567983
2016,2.370728614237429e-05,7.995320191962904,-1.5614233699988218
2017,2.3678167224135844e-05,7.995318289430608,-1.5614196333233317
2018,2.3765775024527276e-05,7.995316209006996,-1.561415953367302
2019,2.383427373219802e-05,7.995314246313157,-1.5614122738279534
2020,2.3812983516016287e-05,7.99531220309613,-1.561408539503529
2021,2.3738348218822333e-05,7.99531028670391,-1.5614047862358995
2022,2.3805341717456696e-05,7.995308259676017,-1.5614010934622973
2023,2.3861428533832623e-05,7.995306269484896,-1.5613974019855623
2024,2.3870057409241007e-05,7.995304256667789,-1.5613936842233722
2025,2.3895088583303853e-05,7.995302306844606,-1.561389979763447
2026,2.3882406399690782e-05,7.995300318215669,-1.5613862448652944
2027,2.3872626594685634e-05,7.995298323867233,-1.5613825259095042
2028,2.3984108996361025e-05,7.995296319404378,-1.5613788551786831
2029,2.404770843520808e-05,7.995294247754028,-1.5613751612046078
2030,2.401430097706173e-05,7.995293288331943,-1.5613732910178395
2031,2.3927369586131894e-05,7.995291285833758,-1.561369529628776
2032,2.3977582047731282e-05,7.9952893515458845,-1.5613658329508773
2033,2.4038152273e-05,7.995287341630311,-1.5613621400773234
2034,2.405368174607293e-05,7.995285323694049,-1.5613584280931965
2035,2.4072932616738955e-05,7.995283328380991,-1.5613547174481133
2036,2.4080322835435664e-05,7.995281358510905,-1.5613509923278475
2037,2.4038439286433034e-05,7.995279395024141,-1.561347260717946
2038,2.415661059771016e-05,7.995277364205655,-1.5613435924639198
2039,2.4218334475035133e-05,7.995275392372439,-1.5613399045478484
2040,2.4153784236944706e-05,7.995273319398249,-1.5613361546503104
2041,2.409606831777844e-05,7.9952714345869325,-1.5613324118663308
2042,2.4194988623942116e-05,7.995269371915191,-1.5613287283784272
2043,2.4244016295044633e-05,7.995267435798663,-1.5613250303552582
2044,2.4241477440377795e-05,7.99526535785966,-1.5613213115189046
2045,2.4267260074596045e-05,7.995263463999744,-1.5613176018653958
2046,2.4234186187166476e-05,7.995261411803076,-1.5613138655942003
2047,2.4269232995749553e-05,7.9952594791883,-1.5613101620304863
2048,2.4379495750633827e-05,7.995257414470497,-1.5613064910886887
2049,2.4402379798668523e-05,7.995255412897266,-1.5613027854314157
2050,2.4308085217651764e-05,7.995253438223183,-1.5612990231559705
2051,2.4283642464100872e-05,7.995251507348514,-1.5612952934107953
2052,2.4390162703578297e-05,7.995249521721645,-1.5612916100145329
2053,2.4406747084155644e-05,7.995247479216304,-1.5612879018475654
2054,2.4426303657607566e-05,7.995245518733615,-1.5612841874590853
2055,2.4373744163229514e-05,7.995242517542443,-1.5612785847121458
2056,2.440708987942486e-05,7.995240484768077,-1.561274875906767
2057,2.448989459190456e-05,7.995238531998466,-1.561271195101116
2058,2.4532876836109933e-05,7.9952365234728076,-1.561267494099145
2059,2.4533048376142966e-05,7.995234551274467,-1.5612637748409577
2060,2.450560229785845e-05,7.9952325787332486,-1.5612600377519377
2061,2.4515184420397636e-05,7.995230533600651,-1.5612563213677686
2062,2.4549560599438654e-05,7.995228524214801,-1.5612526133472453
2063,2.4618124627234216e-05,7.995226596865873,-1.561248921947618
2064,2.4640482253600177e-05,7.995224574692289,-1.5612452111601882
2065,2.4609844779635376e-05,7.995222586503419,-1.5612414793401137
2066,2.4593098462199216e-05,7.995220587612714,-1.5612377526015353
2067,2.469147738721869e-05,7.995218577223701,-1.561234074556069
2068,2.4753768663634196e-05,7.99521660464113,-1.5612303799105818
2069,2.4743559464336237e-05,7.995214576276315,-1.5612266592654065
2070,2.4742166957689747e-05,7.995212627484238,-1.561222938616047
2071,2.4735495037129957e-05,7.995210608675441,-1.5612192096395434
2072,2.473594522691053e-05,7.995209663489375,-1.5612173525162427
2073,2.47754584874783e-05,7.99520761434993,-1.5612136443402964
2074,2.477272683638717e-05,7.995205692966393,-1.5612099238778483
2075,2.481750708546727e-05,7.995203628935347,-1.561206218817448
2076,2.4818144415797993e-05,7.995201693228366,-1.561202501347528
2077,2.4863982458657162e-05,7.9951996133119945,-1.5611987991261642
2078,2.488525708982292e-05,7.995197712702902,-1.561195093452125
2079,2.488047765745609e-05,7.995195661098487,-1.5611913636335908
2080,2.4879675741494726e-05,7.995193717551773,-1.561187646564759
2081,2.4886651234348083e-05,7.9951916313450875,-1.5611839240636014
2082,2.4917342938454956e-05,7.995189745269277,-1.5611802169159064
2083,2.4982418140676935e-05,7.995187703381909,-1.5611765185676998
2084,2.4998899324964667e-05,7.995185786595704,-1.561172807232789
2085,2.499972846036702e-05,7.995183688687413,-1.5611690870290154
2086,2.5035017387215697e-05,7.995181767739655,-1.5611653858609051
2087,2.5078872242492903e-05,7.995179735145746,-1.5611616814916942
2088,2.5060610174184376e-05,7.995177833126772,-1.5611579552913746
2089,2.5025013647473564e-05,7.9951757504677206,-1.5611542095522453
2090,2.5026953860020037e-05,7.99517381545915,-1.5611504899738604
2091,2.513674799591988e-05,7.995171738076489,-1.561146815955619
2092,2.520129755706219e-05,7.995169795851171,-1.561143135343583
2093,2.5240777193402522e-05,7.9951687654937995,-1.561141293611802
2094,2.5282620756779143e-05,7.995166771008326,-1.5611375885098258
2095,2.5177467843004357e-05,7.995164843676666,-1.5611338211900325
2096,2.5071999965872334e-05,7.995162771290182,-1.5611300463259838
2097,2.5157442975573428e-05,7.9951608235375415,-1.5611263618142912
2098,2.5296574987208463e-05,7.995158749816394,-1.5611227042874714
2099,2.5380862521385803e-05,7.995156861234802,-1.5611190228431941
2100,2.5228862129985257e-05,7.99515478092212,-1.5611152328333464
2101,2.5165320988118583e-05,7.995152861329033,-1.5611114773195174
2102,2.5269859660110734e-05,7.995150811081407,-1.5611077978489485
2103,2.538082374538567e-05,7.995148912774404,-1.5611041275399256
2104,2.5404932740703247e-05,7.995146872131655,-1.5611004225020562
2105,2.53995958675424e-05,7.995144899578615,-1.561096694662659
2106,2.535111413149799e-05,7.99514288529219,-1.5610929548556638
2107,2.5434812307471214e-05,7.995140891675795,-1.5610892696873684
2108,2.544560594298908e-05,7.995139943111428,-1.5610874223233528
2109,2.54894225378261e-05,7.995137878485432,-1.561083719543433
2110,2.5478371345769322e-05,7.995135948678429,-1.5610799973866782
2111,2.5492527192015936e-05,7.995133900198698,-1.5610762772917117
2112,2.5471994100653728e-05,7.9951319797333555,-1.5610725475482126
2113,2.550419550565689e-05,7.995129914641215,-1.561068835897645
2114,2.5542035383051273e-05,7.995127992880125,-1.5610651370765363
2115,2.5576259511486082e-05,7.995125908202765,-1.5610614289739084
2116,2.5596401705993326e-05,7.995124980166133,-1.561059581730891
2117,2.5592058632568674e-05,7.9951230084238025,-1.561055850921235
2118,2.5594779536112055e-05,7.9951209862516714,-1.5610521364455328
2119,2.5673007456452444e-05,7.995119030699482,-1.5610484508781728
2120,2.570189926339e-05,7.995116960602645,-1.5610447442375726
2121,2.5686347466228185e-05,7.99511502937517,-1.561041017691407
2122,2.5704510718610513e-05,7.995112998838618,-1.561037304254304
2123,2.5691065433128298e-05,7.995111070011733,-1.5610335735197807
2124,2.572482260190475e-05,7.995109024441019,-1.5610298659100899
2125,2.572237289487739e-05,7.9951070810926455,-1.5610261412243716
2126,2.5763897936930716e-05,7.9951050214871495,-1.5610224384283258
2127,2.5787290499663345e-05,7.995103093518934,-1.5610187285766641
2128,2.582636393701791e-05,7.99510105573763,-1.5610150238971736
2129,2.583677926277455e-05,7.99509911476802,-1.5610113073372425
2130,2.5816750040719726e-05,7.995097045627918,-1.5610075748212269
2131,2.5864273899446142e-05,7.995095121863537,-1.561003878134554
2132,2.5950659707681597e-05,7.99509306790718,-1.5610001966558018
2133,2.594444489283414e-05,7.995091127153055,-1.5609964777100556
2134,2.594848799119908e-05,7.995089045974849,-1.5609927567546769
2135,2.597323119335626e-05,7.995087162873191,-1.5609890444105796
2136,2.597335617309403e-05,7.995085102135438,-1.5609853227959203
2137,2.596764174323751e-05,7.995083172750772,-1.5609815998728176
2138,2.5996515277105208e-05,7.995081062894897,-1.5609778890700317
2139,2.6040444837122946e-05,7.995079155575866,-1.5609741910022579
2140,2.6070118474390992e-05,7.995077129078092,-1.5609704820847963
2141,2.6054459157222756e-05,7.995075230498541,-1.5609667478791225
2142,2.602056530448184e-05,7.995073141825411,-1.5609630091187587
2143,2.607638191637764e-05,7.99507119245153,-1.5609593170833365
2144,2.6157286104478715e-05,7.995069110665207,-1.5609556333662173
2145,2.6193744416137634e-05,7.995068139253433,-1.560953794079175
2146,2.6270357202195215e-05,7.995066168112312,-1.5609501080352353
2147,2.6270613998214526e-05,7.995065159283852,-1.5609482533210315
2148,2.6269243154500568e-05,7.995064186550413,-1.5609463875631855
2149,2.6194170665444474e-05,7.995063214163787,-1.5609444977572575
2150,2.6090107088703488e-05,7.995061215860478,-1.5609407189889686
2151,2.6119969792218436e-05,7.995059191859837,-1.5609370062597032
2152,2.6190066056793053e-05,7.9950571779876665,-1.5609333146358388
2153,2.6272789041318403e-05,7.995055229612176,-1.560929634465447
2154,2.6327173750205366e-05,7.995052237158156,-1.5609240704847955
2155,2.6298068840634498e-05,7.995050316690147,-1.5609203432265788
2156,2.6381045067312238e-05,7.995048229759972,-1.5609166596488737
2157,2.6426230474706927e-05,7.995046296121114,-1.5609129684930618
2158,2.6405114346262282e-05,7.9950442318151715,-1.5609092350576763
2159,2.6375391394734088e-05,7.995042352171847,-1.560905500120077
2160,2.637536734399084e-05,7.995040283042098,-1.560901775759267
2161,2.6422764643972602e-05,7.995038345993799,-1.5608980775298127
2162,2.6496134384513695e-05,7.995036276209652,-1.5608943893182265
2163,2.652865529609449e-05,7.9950343316893315,-1.5608906901130168
2164,2.6491170578785977e-05,7.99503231245187,-1.560886947399651
2165,2.646869000857336e-05,7.995030385613925,-1.5608832199354317
2166,2.6576615445842182e-05,7.995028356878371,-1.5608795428886004
2167,2.6511476082154277e-05,7.995026347987618,-1.5608757922766407
2168,2.6395423744234814e-05,7.995023288520184,-1.5608701407833492
2169,2.6381158316301956e-05,7.995021338444736,-1.5608664064644362
2170,2.657671167540642e-05,7.99501934946688,-1.5608627646153248
2171,2.6749133547272864e-05,7.99501742475713,-1.560859124531917
2172,2.6632214833688083e-05,7.99501538467379,-1.560855356181177
2173,2.6526992428220932e-05,7.995013367741329,-1.5608515801895562
2174,2.6602626988041232e-05,7.99501139061828,-1.5608478892681088
2175,2.674631359431036e-05,7.995009409897348,-1.5608442348975333
2176,2.684383498798719e-05,7.995007428592831,-1.5608405665432519
2177,2.677619197878353e-05,7.995004474123067,-1.5608349529530183
2178,2.6706044178037345e-05,7.995002479959443,-1.5608312008847065
2179,2.677741002316659e-05,7.9950004631113725,-1.5608275100611835
2180,2.6870421396390088e-05,7.994998455144316,-1.5608238360258124
2181,2.696612107034769e-05,7.99499644340379,-1.5608201584445494
2182,2.6927348580659283e-05,7.994994497055871,-1.5608164278223855
2183,2.690068217638948e-05,7.994993518893583,-1.5608145523901176
2184,2.687119341036612e-05,7.994991503674281,-1.5608108113673607
2185,2.684325778920963e-05,7.99498956439925,-1.560807072464479
2186,2.6939126440678512e-05,7.994987481478917,-1.5608033899085252
2187,2.6990722581361767e-05,7.994985548955379,-1.56079970143908
2188,2.7051311190389327e-05,7.994983505096556,-1.5607960068858056
2189,2.7043774843902817e-05,7.994981592086243,-1.5607922881740135
2190,2.702162546233293e-05,7.994979531166682,-1.5607885533900216
2191,2.697421716022574e-05,7.994977608681394,-1.56078480794882
2192,2.7042141468090422e-05,7.994975551474095,-1.560781112505562
2193,2.708164372809019e-05,7.994973598054518,-1.5607774156357688
2194,2.7123092816256218e-05,7.994971567528724,-1.560773710340665
2195,2.71157698740577e-05,7.994969648237065,-1.560769987111101
2196,2.708002847467802e-05,7.9949676109172545,-1.5607662419338504
2197,2.708940760606889e-05,7.9949656256757695,-1.5607625252394737
2198,2.715695642358683e-05,7.994963597957551,-1.5607588330409208
2199,2.7262533786043362e-05,7.99496164980944,-1.5607551651380736
2200,2.7307386875832763e-05,7.994959655946702,-1.5607514668055804
2201,2.730725343089694e-05,7.994957650252674,-1.5607477503233689
2202,2.7266893070597705e-05,7.994955674988085,-1.560744006221336
2203,2.723080303327695e-05,7.994952698718414,-1.560738406402961
2204,2.7312155566418422e-05,7.994950668577108,-1.5607347184714866
2205,2.7405565806725053e-05,7.994948707844219,-1.560731046856576
2206,2.7408402727811944e-05,7.994946671824059,-1.5607273276957154
2207,2.7371508523957914e-05,7.9949446932747,-1.5607235918975584
2208,2.731724507259894e-05,7.994942692561507,-1.560719838059592
2209,2.7352620102613536e-05,7.994940693679733,-1.560716130052492
2210,2.7404027575087613e-05,7.994938718959439,-1.5607124302925912
2211,2.7465788830471692e-05,7.994936760825925,-1.5607087400266546
2212,2.748991495810885e-05,7.994934780483696,-1.5607050259757638
2213,2.750794430592687e-05,7.99493274662624,-1.5607013144605928
2214,2.7488069314158585e-05,7.994930781248438,-1.5606975828386496
2215,2.7515869593408237e-05,7.994928764616666,-1.5606938791005978
2216,2.760909822817127e-05,7.9949268138070515,-1.5606902006497099
2217,2.7648120323224068e-05,7.994924748157014,-1.5606864995364027
2218,2.7639060347205078e-05,7.9949228210823735,-1.5606827772667267
2219,2.764458939086256e-05,7.9949207742293185,-1.5606790552575607
2220,2.7601174631793444e-05,7.994918858877908,-1.5606753152428012
2221,2.7647159720636793e-05,7.994916793120255,-1.5606716113203825
2222,2.7748198619644026e-05,7.994914843657872,-1.5606679430786687
2223,2.7788336721658232e-05,7.994912757802236,-1.5606642329385665
2224,2.7579685705899374e-05,7.994910843082264,-1.5606604144447975
2225,2.7556330210704834e-05,7.994908766237475,-1.5606566723811384
2226,2.7744558266756693e-05,7.994906880039052,-1.5606530372234493
2227,2.788735404752076e-05,7.994904830281249,-1.5606493769792886
2228,2.772742608629957e-05,7.994902898686502,-1.5606455912282289
2229,2.7664980584913112e-05,7.994900815666167,-1.5606418347863598
2230,2.7796916287985048e-05,7.994898897277504,-1.5606381735354056
2231,2.793071267597219e-05,7.994896833544027,-1.5606345139217352
2232,2.8004517721267016e-05,7.99489493318395,-1.560630833011372
2233,2.789469696309322e-05,7.994892891822162,-1.560627056865655
2234,2.773561250716807e-05,7.994890938575821,-1.560623258908232
2235,2.7797426705231616e-05,7.994888924465515,-1.5606195571475596
2236,2.798931350877698e-05,7.994886932535162,-1.5606159266306943
2237,2.8109925551455896e-05,7.994884973043838,-1.56061226677554
2238,2.805954856302276e-05,7.994882929934461,-1.5606085170769357
2239,2.7963744490395164e-05,7.994881962390235,-1.5606066190122838
2240,2.790281366317176e-05,7.994880986976582,-1.5606047273892798
2241,2.7917154875470444e-05,7.994878910043576,-1.5606010058595507
2242,2.8017924040889124e-05,7.994877003062681,-1.5605973304595184
2243,2.806104327545537e-05,7.99487597381673,-1.5605954873401597
2244,2.8109174014484677e-05,7.994874967188466,-1.5605936481154126
2245,2.814105183442185e-05,7.994873065587683,-1.56058994646151
2246,2.8166429628958753e-05,7.994871000393205,-1.5605862380180917
2247,2.8152524720562476e-05,7.994869049955788,-1.5605825143561995
2248,2.8174310434837902e-05,7.9948670054518844,-1.5605787989762478
2249,2.8160018810666778e-05,7.994865088776472,-1.5605750722730427
2250,2.8173482813303277e-05,7.994864065361151,-1.5605732145884734
2251,2.823237422369906e-05,7.994862032353516,-1.5605695160466873
2252,2.8241308447941602e-05,7.994860041875486,-1.5605658060323402
2253,2.8289002875309216e-05,7.9948580691108235,-1.560562109433882
2254,2.8311654357295644e-05,7.9948561082406595,-1.5605583950659891
2255,2.8261765430521177e-05,7.994853149012508,-1.5605527853874905
2256,2.8290749169917747e-05,7.994851069441361,-1.5605490758168157
2257,2.8351107896550154e-05,7.994848111800856,-1.560543523267173
2258,2.8388117477135428e-05,7.9948460865848725,-1.5605398179335939
2259,2.8398114787551526e-05,7.994844196248914,-1.560536098712468
2260,2.8421147931895098e-05,7.9948421333239015,-1.5605323824360144
2261,2.8429057160268077e-05,7.994840180472522,-1.5605286682683082
2262,2.8476555728949332e-05,7.99483812529835,-1.5605249697867212
2263,2.8522203538479296e-05,7.994835157144133,-1.5605194076033968
2264,2.8532965507882412e-05,7.994833185184052,-1.5605156960594124
2265,2.8518022627047873e-05,7.99483013844836,-1.5605101019407066
2266,2.8534884457288056e-05,7.994828219918101,-1.5605063935719277
2267,2.8658051478928737e-05,7.9948261983565985,-1.5605027248446781
2268,2.8626625885679174e-05,7.9948242466126604,-1.5604989908201234
2269,2.8504445857098834e-05,7.99482215447895,-1.5604952069728613
2270,2.8447552896568847e-05,7.994820210106263,-1.5604914544663115
2271,2.86156356748501e-05,7.994818184363754,-1.5604877965432413
2272,2.876544877238939e-05,7.994816264918651,-1.5604841491550783
2273,2.8824592788122683e-05,7.994814221983357,-1.5604804554052618
2274,2.8789241312716952e-05,7.99481228817797,-1.56047672304852
2275,2.8719837376095416e-05,7.994810217156652,-1.5604729711078125
2276,2.868375110985825e-05,7.994808304491482,-1.5604692282845023
2277,2.8769254745300516e-05,7.9948062518089955,-1.5604655384394703
2278,2.881479931874135e-05,7.994804348616479,-1.5604618436609095
2279,2.884406975598098e-05,7.994802279293805,-1.5604581312946453
2280,2.888768488601922e-05,7.9948003605629525,-1.5604544354588743
2281,2.8902862954910806e-05,7.994798294326936,-1.5604507145442041
2282,2.8882340784913986e-05,7.9947963771017845,-1.5604469904848528
2283,2.8913979779565245e-05,7.994794331292755,-1.5604432816161762
2284,2.892675365416837e-05,7.994792407876157,-1.560439567061753
2285,2.8969240514769403e-05,7.9947903423946265,-1.560435864014673
2286,2.898940197102989e-05,7.994788399907322,-1.5604321542645363
2287,2.9035161322358367e-05,7.994786344562016,-1.5604284518881806
2288,2.9050554283685307e-05,7.994784443180352,-1.560424735279935
2289,2.9031243776482125e-05,7.994782396682382,-1.5604210022408864
2290,2.904826364806966e-05,7.9947814070586505,-1.5604191453081724
2291,2.902986585451521e-05,7.994779397285362,-1.560415418510976
2292,2.9058822310471508e-05,7.994777451218387,-1.5604117097448253
2293,2.9180964607197458e-05,7.994775462479863,-1.560408042227767
2294,2.9061689331416138e-05,7.99477245952302,-1.560402405239528
2295,2.8912968092408823e-05,7.99477035039542,-1.5603986000970045
2296,2.900019045333625e-05,7.994768436534231,-1.5603949142637727
2297,2.923222798696352e-05,7.994766423732876,-1.560391291835638
2298,2.932863107046215e-05,7.994764542768327,-1.5603876151510576
2299,2.9172649011249373e-05,7.994762457181921,-1.5603838236025924
2300,2.9155415378492996e-05,7.994760525841131,-1.5603800950646625
2301,2.921515028360775e-05,7.994758416340612,-1.5603763939976938
2302,2.9281771489885976e-05,7.994756509177088,-1.5603727038447712
2303,2.936470203483368e-05,7.994754534919719,-1.560369021856199
2304,2.9295191217972103e-05,7.994752557425712,-1.5603652648531139
2305,2.9302246311635196e-05,7.99475051639964,-1.5603615423213717
2306,2.9380562215373896e-05,7.994748508153383,-1.5603578578474637
2307,2.9469466479201436e-05,7.994746515613116,-1.560354182551681
2308,2.95624355418785e-05,7.994744518536908,-1.560350502937678
2309,2.9570808063067387e-05,7.994742597072141,-1.5603467937623743
2310,2.9487343940500186e-05,7.994740578974361,-1.5603430306215251
2311,2.9369352586003623e-05,7.994738562289595,-1.5603392527489568
2312,2.9328049556034174e-05,7.994736502431729,-1.5603354961867315
2313,2.9433611967463145e-05,7.994734593425378,-1.5603318173802612
2314,2.961307733029056e-05,7.994732565818204,-1.5603281762150174
2315,2.970086298366581e-05,7.994730671732843,-1.5603244973824222
2316,2.9540166536794048e-05,7.994728573195776,-1.5603207033157713
2317,2.9452821163656186e-05,7.994726661890219,-1.560316942741159
2318,2.9598011198184124e-05,7.994724612597007,-1.5603132757892932
2319,2.9730276313981483e-05,7.994722709395289,-1.5603096158449221
2320,2.9770287788320218e-05,7.994720647450166,-1.560305920745594
2321,2.9773718409710923e-05,7.994718682920366,-1.5603022007127416
2322,2.971977037383487e-05,7.994717724629938,-1.5603003201425034
2323,2.9666816782621017e-05,7.9947156793151635,-1.5602965681080112
2324,2.9744276347718436e-05,7.9947137557116,-1.5602928847757453
2325,2.9792834179936798e-05,7.994712694898471,-1.560291044988569
2326,2.985441922973235e-05,7.99471072273385,-1.5602873573271192
2327,2.9867084592338136e-05,7.994708726900379,-1.560283641410236
2328,2.9862683023270548e-05,7.994706734734198,-1.5602799207223292
2329,2.982939838047706e-05,7.9947047655007255,-1.5602761794370192
2330,2.9881928018676435e-05,7.994702751804458,-1.560272481452154
2331,2.9990266403930755e-05,7.994700769214854,-1.5602688153087525
2332,3.0056970879347517e-05,7.994698714986297,-1.5602651228561946
2333,2.996783597276414e-05,7.994696819484957,-1.5602613699946317
2334,2.9885441061746224e-05,7.994694791765847,-1.5602576060491238
2335,3.0008344134859913e-05,7.994692806848131,-1.5602539357801308
2336,3.007667666919284e-05,7.994690757613887,-1.5602502525149515
2337,3.0125688917291622e-05,7.994688803887757,-1.5602465616187307
2338,3.0095411175149676e-05,7.994686814546865,-1.5602428247111106
2339,3.0039249278798515e-05,7.994684836948317,-1.560239074494003
2340,3.002042293821663e-05,7.994682844707083,-1.5602353373073419
2341,3.011772775004951e-05,7.9946808228505315,-1.5602316553730322
2342,3.0133264719968078e-05,7.994679875411852,-1.560229810704983
2343,3.0208300734777673e-05,7.994677818186722,-1.560226121681347
2344,3.0209038647510354e-05,7.994676841193959,-1.560224264450363
2345,3.020575647506801e-05,7.994675896381589,-1.5602224038213386
2346,3.0204133511670365e-05,7.994674896480481,-1.560220540220471
2347,3.0214920169194685e-05,7.994673852802932,-1.5602186816858423
2348,3.0192040255569753e-05,7.994672866235321,-1.5602168113403982
2349,3.0201961849213915e-05,7.994670908623003,-1.5602130932245684
2350,3.0242717201182872e-05,7.994668922071954,-1.5602093917568443
2351,3.0250899226971605e-05,7.994666959144643,-1.5602056687254025
2352,3.029875641049977e-05,7.994664913262402,-1.560201971181943
2353,3.0324920027480208e-05,7.994662920849486,-1.560198264360411
2354,3.0368990294001493e-05,7.994660901316047,-1.5601945671650683
2355,3.04297378562179e-05,7.994658920743836,-1.5601908693573678
2356,3.041853868259149e-05,7.994656976091899,-1.5601871466244661
2357,3.0379069042760138e-05,7.99465503654957,-1.5601834022849783
2358,3.0381516625609557e-05,7.994652981501093,-1.5601796807950612
2359,3.0478879435083355e-05,7.9946510142622165,-1.5601760071308852
2360,3.054977309894629e-05,7.994648945098515,-1.5601723238043377
2361,3.0527659228218476e-05,7.99464699017538,-1.5601685907128189
2362,3.0418931204162058e-05,7.9946449632566345,-1.5601648124227323
2363,3.0420870491826245e-05,7.994643049942053,-1.5601610886948314
2364,3.0498179998452993e-05,7.994640965216209,-1.560157396913117
2365,3.0574115677978524e-05,7.994639038101827,-1.5601537118557398
2366,3.062278525753433e-05,7.994637039062288,-1.5601500106029813
2367,3.064443020787939e-05,7.994635097578729,-1.5601463054651865
2368,3.064268842538677e-05,7.994633026255552,-1.5601425803863904
2369,3.064769307879358e-05,7.99463110839875,-1.5601388641565919
2370,3.06772129509019e-05,7.994629051686671,-1.5601351564422008
2371,3.069786263259538e-05,7.994627114283693,-1.5601314453365696
2372,3.0713360554101395e-05,7.994625092358578,-1.5601277278448669
2373,3.074149497099805e-05,7.994623142540949,-1.5601240185672878
2374,3.075034596713099e-05,7.994621081935517,-1.5601202920149182
2375,3.071906709166768e-05,7.994619151472526,-1.5601165599996767
2376,3.0793853263167e-05,7.9946171003287905,-1.5601128710601604
2377,3.086368816471583e-05,7.994615188237073,-1.5601091858752774
2378,3.0890189101699296e-05,7.99461311895518,-1.5601054711230473
2379,3.087721935624833e-05,7.994611198632661,-1.560101752085028
2380,3.087166444587731e-05,7.994609150122064,-1.5600980241435887
2381,3.088991911415713e-05,7.9946072162398565,-1.5600943110848708
2382,3.093880405618053e-05,7.994605181950946,-1.5600906094197862
2383,3.097475928790081e-05,7.994603247520074,-1.560086910052323
2384,3.100159194802078e-05,7.994601176427132,-1.5600831970182318
2385,3.097551234095279e-05,7.994599248333087,-1.5600794659643682
2386,3.098278380843839e-05,7.994597192696981,-1.5600757405189625
2387,3.10741905918372e-05,7.994595303029405,-1.5600720665487868
2388,3.116571908468095e-05,7.994593217007847,-1.5600683894731506
2389,3.115543561857543e-05,7.994591258941932,-1.5600646702378658
2390,3.113158771118622e-05,7.9945892249449795,-1.5600609368563743
2391,3.112493280404261e-05,7.994588216056598,-1.5600590645774215
2392,3.1069386056307667e-05,7.9945862990565875,-1.5600553193780504
2393,3.114919116914089e-05,7.994584241872524,-1.560051627929718
2394,3.119039461248811e-05,7.994582334355417,-1.5600479318095473
2395,3.1209180986311894e-05,7.994580278533282,-1.5600442104801375
2396,3.1191621343923924e-05,7.994578371247314,-1.56004048649363
2397,3.130152375249627e-05,7.994576299361261,-1.5600368171002166
2398,3.1385196657122334e-05,7.994574330440055,-1.5600331453104237
2399,3.13726523599409e-05,7.99457231796991,-1.560029411957915
2400,3.119739059568718e-05,7.994570293506994,-1.5600256051035706
2401,3.1145824255358134e-05,7.994568333967281,-1.5600218571177942
2402,3.133250698717511e-05,7.994566298424246,-1.5600182267039784
2403,3.143443393589555e-05,7.994565347929487,-1.56001643313921
2404,3.1508947665107124e-05,7.994563405742878,-1.5600127444213134
2405,3.141853055586241e-05,7.9945613500556645,-1.5600089698615396
2406,3.1328224097698896e-05,7.994559428159358,-1.5600052044253767
2407,3.1390448090000735e-05,7.994557343203354,-1.5600015031828809
2408,3.1477086056389164e-05,7.994555407502433,-1.559997822748259
2409,3.1574659510548346e-05,7.994553371672325,-1.559994146110183
2410,3.1590385777989985e-05,7.994551471845126,-1.559990435136178
2411,3.156576639686131e-05,7.994549418184085,-1.5599867012951543
2412,3.1518961093006184e-05,7.99454747964545,-1.559982957879426
2413,3.1570626403579876e-05,7.994545445426067,-1.5599792579993943
2414,3.162332745972843e-05,7.994543489582396,-1.5599755635975263
2415,3.164851797059724e-05,7.994541480580355,-1.559971851848207
2416,3.163667106224629e-05,7.994539505288882,-1.559968125181626
2417,3.161672358041418e-05,7.994537522113269,-1.5599643890429309
2418,3.163202458173677e-05,7.994535511451486,-1.5599606732706324
2419,3.1702601565640796e-05,7.994533502011005,-1.559956983392481
2420,3.1808987667448834e-05,7.99453152962517,-1.5599533159776864
2421,3.182828004230694e-05,7.994529548027176,-1.5599496030131095
2422,3.1777803814473794e-05,7.994527515415991,-1.5599458602064737
2423,3.177753027841718e-05,7.994525597859171,-1.5599421379995366
2424,3.1771765298870145e-05,7.994523546064243,-1.5599384095522748
2425,3.185666943801554e-05,7.994521608903329,-1.559934727760927
2426,3.1927427761044327e-05,7.994519544507851,-1.559931040331399
2427,3.193014789754554e-05,7.994517599662401,-1.5599273197028987
2428,3.187425988238028e-05,7.99451554797789,-1.5599235699211318
2429,3.193188632883059e-05,7.994513651371263,-1.5599198789674942
2430,3.2014388186937505e-05,7.994511574252256,-1.5599161946513636
2431,3.1994256539462104e-05,7.994508639411365,-1.5599106061677352
2432,3.196559201455566e-05,7.9945056732698765,-1.5599050061506219
2433,3.2006129599543904e-05,7.994503637498241,-1.5599013007328018
2434,3.209353211134358e-05,7.994501640525071,-1.5598976231834445
2435,3.2167930576838845e-05,7.994499623957464,-1.5598939351047982
2436,3.2167428113787075e-05,7.994497643035781,-1.5598902143070408
2437,3.210790663954339e-05,7.994495692795252,-1.5598864674378046
2438,3.209780774769569e-05,7.994493695178752,-1.5598827397945398
2439,3.212922466146327e-05,7.9944917308237216,-1.5598790300651892
2440,3.2205534913595264e-05,7.994489671551298,-1.559875343059632
2441,3.226894862476836e-05,7.994487728951326,-1.5598716492176772
2442,3.226302935747338e-05,7.994485685745409,-1.559867928265596
2443,3.22660493747071e-05,7.9944837658495205,-1.5598642092527804
2444,3.2263548264357524e-05,7.994481730799066,-1.5598604802521139
2445,3.2282153695335105e-05,7.99447979588061,-1.5598567685782716
2446,3.232219686995341e-05,7.994477723048701,-1.5598530661558943
2447,3.23319377668209e-05,7.9944767728073005,-1.5598512135481508
2448,3.235029977594053e-05,7.994475770015985,-1.5598493594335072
2449,3.240436808115791e-05,7.994473790472332,-1.5598456647418442
2450,3.240083433831457e-05,7.994472828968011,-1.5598438029158443
2451,3.242056967384616e-05,7.994471834157206,-1.5598419467145246
2452,3.2445891972497625e-05,7.994470778559424,-1.5598400948474809
2453,3.2434565380978744e-05,7.994469780594999,-1.55983823119309
2454,3.242024626530328e-05,7.9944688244062,-1.559836365875136
2455,3.241075466472242e-05,7.994467836752362,-1.5598344979316259
2456,3.242282201910093e-05,7.994465824178856,-1.5598307810550418
2457,3.247951842769585e-05,7.99446485780559,-1.5598289487994677
2458,3.261395564133853e-05,7.994462808368057,-1.5598252890920317
2459,3.2584585827933356e-05,7.994461799760664,-1.5598234130999424
2460,3.23673397626676e-05,7.994459787453915,-1.5598195909338635
2461,3.235910193263499e-05,7.994457734884839,-1.559815853856933
2462,3.2477966412581776e-05,7.994456801284949,-1.5598140506213705
2463,3.270977064712591e-05,7.994454909060874,-1.5598104280914016
2464,3.262840383620686e-05,7.994452893936075,-1.5598066759068372
2465,3.258312032562651e-05,7.994451928260151,-1.5598047982200554
2466,3.251249125928198e-05,7.99444987030269,-1.5598010385013406
2467,3.2599832618438135e-05,7.994447848896557,-1.559797356138779
2468,3.265729803867613e-05,7.994446888643714,-1.5597955193613895
2469,3.2665459999669527e-05,7.994445895398558,-1.5597936639219292
2470,3.2717071596112514e-05,7.994443920943795,-1.5597899683728227
2471,3.273155243019126e-05,7.994441969619166,-1.5597862502471183
2472,3.275647589724633e-05,7.994440916426193,-1.5597843983051096
2473,3.274501021332466e-05,7.994439920850857,-1.5597825345976517
2474,3.272141734978952e-05,7.994437981610176,-1.559778801313239
2475,3.275204729029984e-05,7.9944359500053075,-1.5597750963410022
2476,3.282169367213804e-05,7.994434984097246,-1.5597732632809933
2477,3.284235734878155e-05,7.994434022414624,-1.5597714177720736
2478,3.285265421086741e-05,7.994432977350632,-1.5597695613627944
2479,3.285465143022001e-05,7.994430958710942,-1.5597658417963214
2480,3.2853701752844316e-05,7.9944300089613005,-1.5597639822616651
2481,3.286608686435019e-05,7.994428963025864,-1.5597621253259184
2482,3.287378833708645e-05,7.994427020155937,-1.5597584072225543
2483,3.2903623437002205e-05,7.994425020445241,-1.5597546898456138
2484,3.289828015780781e-05,7.994422998512597,-1.5597509689692337
2485,3.293355806415081e-05,7.994420974668164,-1.559747263032661
2486,3.298992318491001e-05,7.994419061210037,-1.5597435707867497
2487,3.302615017999701e-05,7.9944180752452905,-1.5597417192927912
2488,3.301408973751779e-05,7.9944170466780005,-1.5597398526164232
2489,3.2986812366260895e-05,7.994415116211013,-1.559736123066075
2490,3.307849886613186e-05,7.994413067157858,-1.5597324405425432
2491,3.310637669375467e-05,7.994412051468304,-1.5597305963447168
2492,3.31261112915278e-05,7.994411101746567,-1.5597287453480402
2493,3.3112443331252586e-05,7.994409067857609,-1.5597250204302469
2494,3.3120158552920604e-05,7.994407106080978,-1.5597213044588905
2495,3.313427926250819e-05,7.994406126079735,-1.55971944762013
2496,3.3131122697653495e-05,7.994405103357609,-1.5597175831931496
2497,3.3148687391501956e-05,7.994403167789447,-1.5597138691525885
2498,3.317709841495485e-05,7.9944021653992685,-1.5597120203858739
2499,3.319283746393291e-05,7.9944000499294825,-1.5597083061893764
2500,3.322816510462413e-05,7.9943981104989055,-1.559704603558535
2501,3.3288279887768e-05,7.9943961438364335,-1.5597009115617435
2502,3.324963179594734e-05,7.994394194411913,-1.559697166001238
2503,3.321027529210353e-05,7.99439314647814,-1.5596952880636377
2504,3.327289143802059e-05,7.994391194871291,-1.5596915949473253
2505,3.3310461379846686e-05,7.994390183210552,-1.5596897494156599
2506,3.335270943834151e-05,7.994389123591142,-1.5596879083105502
2507,3.338035118255889e-05,7.994388164373024,-1.5596860602692773
2508,3.339592101337265e-05,7.99438719422475,-1.5596842058766238
2509,3.333849339123641e-05,7.99438517838108,-1.559680458060022
2510,3.3399002055915886e-05,7.994383235526634,-1.559676767827978
2511,3.3467124299583826e-05,7.994381217339728,-1.559673080232947
2512,3.349278187234919e-05,7.994380177270356,-1.559671226802257
2513,3.344020613893778e-05,7.994378261408042,-1.5596674894209686
2514,3.343518897675195e-05,7.994377236585793,-1.5596656236605635
2515,3.344447902367634e-05,7.994376218431359,-1.5596637673778146
2516,3.344226957492975e-05,7.994375230342245,-1.5596619051075316
2517,3.3449135795462614e-05,7.994373250311932,-1.5596581827831009
2518,3.356515816670617e-05,7.994371245366071,-1.5596545105553314
2519,3.358704250767792e-05,7.994370306050426,-1.5596526697405746
2520,3.360890470998044e-05,7.994368259762941,-1.559648953779142
2521,3.3549571610656615e-05,7.99436629312807,-1.559645208803312
2522,3.357104867908275e-05,7.99436430597095,-1.5596414942622312
2523,3.361750504384304e-05,7.9943623283489496,-1.5596377958575367
2524,3.365292086838667e-05,7.994360289638083,-1.5596340878743808
2525,3.36687868482104e-05,7.994359278184487,-1.5596322264385016
2526,3.364689056691608e-05,7.994357355806416,-1.5596284997307854
2527,3.3680330387375874e-05,7.994355325442589,-1.5596247916156178
2528,3.368640395363397e-05,7.994354372318976,-1.5596229360678688
2529,3.369505217935471e-05,7.994353387314021,-1.559621076121198
2530,3.371177843752163e-05,7.994352327184445,-1.5596192217281524
2531,3.374907914342918e-05,7.994350374596008,-1.5596155212618876
2532,3.378016275669549e-05,7.994348310743847,-1.559611811237811
2533,3.380466847615622e-05,7.994347353895916,-1.5596099635587728
2534,3.3824899451440866e-05,7.994346414836718,-1.5596081082771134
2535,3.3805566540652694e-05,7.994344377255437,-1.5596043769344392
2536,3.3822958695246984e-05,7.9943424188001035,-1.559600658573268
2537,3.3802947904803166e-05,7.994341439073684,-1.5595987925590034
2538,3.380801365801755e-05,7.994340362603593,-1.559596930699516
2539,3.383580142745489e-05,7.994338455061392,-1.5595932215558952
2540,3.393816356933787e-05,7.994336413732737,-1.5595895401999431
2541,3.397012997451332e-05,7.994335431261161,-1.5595877021342093
2542,3.400322236144822e-05,7.994334467257951,-1.559585855161906
2543,3.399277385339951e-05,7.9943324065270325,-1.5595821296509726
2544,3.3949221809214614e-05,7.994330469190782,-1.559578391268918
2545,3.3947476176462795e-05,7.994329469718533,-1.5595765253568312
2546,3.398175885835882e-05,7.994328452616969,-1.5595746809010527
2547,3.4096986285543105e-05,7.994326515410009,-1.5595710115471482
2548,3.410147616203714e-05,7.994325508274048,-1.559569154450348
2549,3.405951389229902e-05,7.99432340890949,-1.5595654161374877
2550,3.40568998113119e-05,7.994321455366173,-1.5595616926371891
2551,3.40909743240227e-05,7.994319519932349,-1.559557985016693
2552,3.408209087165339e-05,7.994318563601414,-1.5595561180039383
2553,3.4096829536725566e-05,7.994317561781548,-1.5595542574533607
2554,3.411565790215225e-05,7.994316530298261,-1.5595524040367827
2555,3.415100926668208e-05,7.994315530332003,-1.559550554962453
2556,3.414252227547784e-05,7.994314573311928,-1.559548699649768
2557,3.41822251957041e-05,7.994312495368426,-1.5595449933131202
2558,3.419413265480532e-05,7.994311548724797,-1.5595431371755126
2559,3.417138032650988e-05,7.994309577083888,-1.5595394038754933
2560,3.417230396971587e-05,7.99430852055599,-1.559537539671891
2561,3.426075510255275e-05,7.9943065951354715,-1.5595338589066745
2562,3.4281086492570856e-05,7.994305614339101,-1.5595320111641682
2563,3.4318189238197126e-05,7.994303551107655,-1.5595283072669832
2564,3.430905009545951e-05,7.994301626395455,-1.559524583167115
2565,3.4315850897508756e-05,7.994300567943682,-1.5595227244498944
2566,3.431610367479684e-05,7.994299581919926,-1.5595208600850468
2567,3.431400732542907e-05,7.994297646578363,-1.5595171382976427
2568,3.4355501384557596e-05,7.994295608506251,-1.5595134339817553
2569,3.43796909057976e-05,7.99429465792556,-1.5595115879363717
2570,3.441781580332293e-05,7.994292607081637,-1.5595078814226424
2571,3.4428935797870526e-05,7.994290648403181,-1.5595041683361197
2572,3.4411321071752416e-05,7.99428862231436,-1.5595004320633836
2573,3.441855485014573e-05,7.994286703160223,-1.5594967135367772
2574,3.447187871197336e-05,7.994285713050353,-1.5594948765319898
2575,3.454027327345647e-05,7.994284672729285,-1.5594930476193325
2576,3.460953983227946e-05,7.994283661565726,-1.5594912208704057
2577,3.45965719880418e-05,7.994282696648374,-1.5594893505874132
2578,3.449587620902024e-05,7.994281671505475,-1.559487444960442
2579,3.4382992269742125e-05,7.994280595708058,-1.5594855287993403
2580,3.4307716188499275e-05,7.99427959905045,-1.5594836304714952
2581,3.435086689193521e-05,7.994278635636322,-1.5594817848469866
2582,3.446191204296659e-05,7.994277674384632,-1.559479969352738
2583,3.45757392261373e-05,7.9942767241561405,-1.559478158112393
2584,3.468677924147429e-05,7.994275688776298,-1.5594763467393373
2585,3.473011030617629e-05,7.994273733033215,-1.5594726553806273
2586,3.456466117305956e-05,7.994271735053069,-1.5594688541986776
2587,3.4489678797838184e-05,7.994270662304895,-1.5594669561096683
2588,3.4452894274906705e-05,7.99426968946291,-1.5594650793360592
2589,3.450888619200477e-05,7.9942687362402935,-1.5594632440576743
2590,3.4706250777736985e-05,7.994266711603239,-1.5594596060482102
2591,3.4793978136873984e-05,7.994265741503159,-1.5594577898333888
2592,3.4837615630242096e-05,7.994264781322781,-1.5594559515742927
2593,3.4759357437307885e-05,7.994262771985015,-1.559452194330027
2594,3.461983870476911e-05,7.994260753730611,-1.5594484037810425
2595,3.4586963224448916e-05,7.994259793569527,-1.559446531178385
2596,3.465458838649514e-05,7.994258793512731,-1.5594446932745714
2597,3.4729818532477637e-05,7.994257802611297,-1.5594428713121258
2598,3.4949979818375836e-05,7.994255811248908,-1.5594392735442526
2599,3.4834431354732985e-05,7.9942537994910365,-1.5594354978436267
2600,3.479715982731967e-05,7.994252764954768,-1.5594336122710468
2601,3.475052032090445e-05,7.994250859020199,-1.5594298662312298
2602,3.4863493719150966e-05,7.994248801939,-1.5594261825895261
2603,3.495972923180767e-05,7.994246880604315,-1.5594225070444747
2604,3.50173522618609e-05,7.994244849060042,-1.559418805691011
2605,3.4984592267748736e-05,7.994242924469962,-1.5594150796681971
2606,3.497294401698111e-05,7.9942419199647965,-1.5594132065887811
2607,3.494045010196563e-05,7.994239903517493,-1.5594094712041415
2608,3.502084432404678e-05,7.9942379353081945,-1.5594057844080849
2609,3.507814138654913e-05,7.994235900022773,-1.5594020930896004
2610,3.510432983280727e-05,7.994234956762493,-1.5594002417450339
2611,3.5093833952149265e-05,7.994232910912336,-1.5593965168986483
2612,3.506989565889608e-05,7.994230960131248,-1.559392784313349
2613,3.506870262986847e-05,7.994229984573318,-1.5593909191398008
2614,3.507594317234255e-05,7.994228906342384,-1.5593890588674515
2615,3.5093046579343204e-05,7.994227921416116,-1.55938720574093
2616,3.51326208899715e-05,7.99422598333535,-1.5593835067520432
2617,3.52478687076915e-05,7.99422396699263,-1.5593798381650992
2618,3.52908403063726e-05,7.99422198853503,-1.5593761391055407
2619,3.527315983527473e-05,7.994220937740964,-1.5593742681652685
2620,3.523053754059167e-05,7.994218997547259,-1.5593705308188777
2621,3.5229108535201074e-05,7.994217996693469,-1.55936866527504
2622,3.52664860340153e-05,7.994216007714697,-1.559364951757522
2623,3.526008922871649e-05,7.994214061192863,-1.5593612359997047
2624,3.5374576395805546e-05,7.99421201160773,-1.5593575628696175
2625,3.53987483103318e-05,7.994211054089407,-1.5593557138173457
2626,3.5375446660855254e-05,7.9942090560431325,-1.559351982304379
2627,3.533433840528385e-05,7.994207053104286,-1.5593482417442415
2628,3.539652727715644e-05,7.9942051060430925,-1.5593445461054527
2629,3.5498290257402645e-05,7.994203064809561,-1.5593408712994088
2630,3.5500460335666317e-05,7.994201112078065,-1.5593371555773294
2631,3.5483316875106435e-05,7.994199075317907,-1.5593334263121361
2632,3.545680307134423e-05,7.99419717472895,-1.5593296887231907
2633,3.5492803414407625e-05,7.994195100257967,-1.5593259819778464
2634,3.558119606547033e-05,7.994193159131204,-1.5593223055311045
2635,3.564025070081686e-05,7.994191082039894,-1.5593186110129607
2636,3.561354013929164e-05,7.994189157747366,-1.5593148822728966
2637,3.558228450245542e-05,7.994187114824907,-1.5593111395228527
2638,3.5577260628077485e-05,7.9941852154649276,-1.559307416142479
2639,3.560804390616359e-05,7.994183150284821,-1.5593037044299485
2640,3.567370301764285e-05,7.994182146367594,-1.559301866665763
2641,3.569034244333776e-05,7.9941811988728,-1.5593000229953098
2642,3.576541959539009e-05,7.994179152244695,-1.5592963330297924
2643,3.5762941645354906e-05,7.994177216931282,-1.55929261549367
2644,3.576179387899076e-05,7.9941762383811,-1.5592907520582282
2645,3.574968430464188e-05,7.994174191033668,-1.559287022837064
2646,3.575207975709824e-05,7.994173234315775,-1.5592851643691157
2647,3.578088948921686e-05,7.994171188815673,-1.5592814521669527
2648,3.5805085514582374e-05,7.994170240767588,-1.5592796038935743
2649,3.5813042929030215e-05,7.994168298806806,-1.559275881214871
2650,3.583351854169419e-05,7.994167230294306,-1.5592740285991797
2651,3.584549729390021e-05,7.994165284892863,-1.559270312996979
2652,3.585888292673109e-05,7.994164284736524,-1.5592684571405317
2653,3.590980101902645e-05,7.99416224779182,-1.55926476138898
2654,3.594294210060232e-05,7.994160302964263,-1.5592610553538528
2655,3.595485819230908e-05,7.994159283518356,-1.55925919321938
2656,3.594367576280836e-05,7.994158302905512,-1.559257331160048
2657,3.590414383870679e-05,7.994156352500368,-1.5592535876984754
2658,3.592254001594316e-05,7.994154286552807,-1.559249870872772
2659,3.5936131173319544e-05,7.994153359315837,-1.5592480171783263
2660,3.60627610233349e-05,7.994151325905863,-1.5592443504272273
2661,3.610893409937938e-05,7.994149338062541,-1.559240658946735
2662,3.611398373725741e-05,7.994148378861746,-1.5592388007520914
2663,3.611542708645782e-05,7.994147327726873,-1.5592369405098365
2664,3.61394692106868e-05,7.994145380527249,-1.5592332354634457
2665,3.612715387543128e-05,7.994143394441739,-1.5592295001239591
2666,3.6109749846537086e-05,7.994141382810973,-1.5592257721794587
2667,3.610258988580615e-05,7.994140419599776,-1.5592239079835855
2668,3.609848180095857e-05,7.994139380578922,-1.559222041267106
2669,3.6107352040487986e-05,7.994138327649453,-1.5592201811623048
2670,3.613671949496366e-05,7.994136437744577,-1.5592164700037077
2671,3.619273828321595e-05,7.994135411777328,-1.5592146355597873
2672,3.627434639215004e-05,7.994134393634197,-1.559212811423566
2673,3.6347161365280346e-05,7.99413243585448,-1.5592091280299119
2674,3.630633530264497e-05,7.994131417678257,-1.559207250231258
2675,3.62722329503869e-05,7.994130346389786,-1.5592053740022918
2676,3.625027406790583e-05,7.994129398296519,-1.5592035051148412
2677,3.6239524676886075e-05,7.99412845298272,-1.5592016367157222
2678,3.6243111108295814e-05,7.994127414354907,-1.559199772769735
2679,3.627701799323231e-05,7.994126445594226,-1.559197927713426
2680,3.634431571815437e-05,7.994125501342277,-1.5591960981262145
2681,3.640563239228107e-05,7.99412454092507,-1.5591942593975916
2682,3.6317690297909964e-05,7.99412240118395,-1.5591905007345574
2683,3.6254419316981225e-05,7.994120454285902,-1.55918674477077
2684,3.6247229549799694e-05,7.994119392667516,-1.5591848744535073
2685,3.6250866301345235e-05,7.994118443709768,-1.5591830110899796
2686,3.6262496825590636e-05,7.994117510695196,-1.5591811578240955
2687,3.640997574627124e-05,7.994115459780506,-1.559177491784922
2688,3.6530420626984684e-05,7.99411356139503,-1.5591738271372724
2689,3.655595921933148e-05,7.994112572839133,-1.5591719821662013
2690,3.656585766725235e-05,7.994110523238034,-1.5591682659038812
2691,3.652508919850974e-05,7.994108589226441,-1.5591645322275456
2692,3.65231486440312e-05,7.99410653679717,-1.5591608057145416
2693,3.6530561906720925e-05,7.994105585335686,-1.5591589515828608
2694,3.654230133530767e-05,7.994103553539779,-1.55915523014605
2695,3.657147687512186e-05,7.994101628238343,-1.5591515221696153
2696,3.669665168226678e-05,7.994099618524643,-1.5591478556430587
2697,3.6702270453774e-05,7.994097630385449,-1.559144135545805
2698,3.649496153140787e-05,7.994095531128668,-1.559140313474831
2699,3.643437091325057e-05,7.994094529408122,-1.559138417640202
2700,3.651873067599777e-05,7.994092602467517,-1.559134728577873
2701,3.675514433054665e-05,7.99409058752317,-1.5591311077758159
2702,3.682752900832892e-05,7.994089642225689,-1.5591292809035444
2703,3.68307595978507e-05,7.994087679174963,-1.5591255699372677
2704,3.680804779450599e-05,7.994086631466118,-1.5591236993574915
2705,3.6797868478997926e-05,7.994085613405471,-1.5591218270484744
2706,3.675441096493089e-05,7.994084659324945,-1.5591199541806036
2707,3.673742971857284e-05,7.994083678624177,-1.5591180816718928
2708,3.6735051857028925e-05,7.994082622581671,-1.5591162161754466
2709,3.675993809951079e-05,7.994081655571945,-1.5591143688419404
2710,3.6826921146420096e-05,7.994080693920057,-1.5591125325847852
2711,3.684582628926241e-05,7.994079736395686,-1.5591106844053118
2712,3.688236283532625e-05,7.99407868164254,-1.5591088385400391
2713,3.690604221452643e-05,7.994077699215733,-1.5591069860409768
2714,3.6918762584804746e-05,7.994076740230598,-1.5591051345946856
2715,3.6938715934153214e-05,7.994075770369547,-1.5591032844093595
2716,3.695056134253369e-05,7.994073681696011,-1.559099562319704
2717,3.693283824511863e-05,7.994072696042169,-1.55909769969162
2718,3.692849248846619e-05,7.9940717429409895,-1.5590958378604314
2719,3.693851432570795e-05,7.9940706937894825,-1.559093978895562
2720,3.6975583979791225e-05,7.994068801549496,-1.5590902745007902
2721,3.701744979359001e-05,7.994066776739678,-1.5590865702843124
2722,3.702029349865672e-05,7.994065760224496,-1.5590847060852313
2723,3.7019672516438465e-05,7.994064780129306,-1.5590828457933057
2724,3.704347152691986e-05,7.994062742402656,-1.5590791346122006
2725,3.7093553526457755e-05,7.994060816204266,-1.5590754390566883
2726,3.712769339590723e-05,7.994059824094365,-1.5590735862119869
2727,3.714780315379119e-05,7.994057801012015,-1.5590698761641992
2728,3.715844516449978e-05,7.994055867217498,-1.5590661588584613
2729,3.713857764100084e-05,7.994053787488913,-1.5590624255899022
2730,3.7138270193186675e-05,7.994052861933313,-1.5590605680212917
2731,3.7228026995129456e-05,7.99405086779343,-1.5590568865070453
2732,3.7327578132569524e-05,7.994048832671372,-1.55905321658131
2733,3.731033891883698e-05,7.99404687951144,-1.559049488143965
2734,3.72593994376283e-05,7.99404487651009,-1.55904574383347
2735,3.734011220691554e-05,7.994042937498338,-1.5590420610503954
2736,3.736349242579046e-05,7.99404188227686,-1.5590402115501067
2737,3.735736370430552e-05,7.994039880054125,-1.559036489329871
2738,3.73343510771161e-05,7.99403788966517,-1.5590327544936242
2739,3.7365831957011236e-05,7.9940359354659325,-1.5590290413937589
2740,3.735693480372361e-05,7.994033932357769,-1.5590253218873096
2741,3.7469246112638146e-05,7.99403191497247,-1.5590216499751868
2742,3.754200552900928e-05,7.99402993546131,-1.5590179604624168
2743,3.7538298552549685e-05,7.994027902258758,-1.5590142368415878
2744,3.748023062534843e-05,7.994025987859479,-1.559010491769267
2745,3.749559199855604e-05,7.994023968065157,-1.5590067672702748
2746,3.7473489984102796e-05,7.994023027700263,-1.5590049032378768
2747,3.755980007919996e-05,7.994020996998362,-1.5590012164942133
2748,3.7615975882893766e-05,7.99401898744308,-1.55899752718443
2749,3.7649527137887965e-05,7.994018016726954,-1.55899568129425
2750,3.7691591445418854e-05,7.9940159833072615,-1.5589919797370102
2751,3.768389870626081e-05,7.994014077956734,-1.5589882510676332
2752,3.762141897052116e-05,7.994012006165191,-1.5589845002602385
2753,3.763864213323778e-05,7.9940100553100475,-1.5589807857424338
2754,3.7688784566060945e-05,7.994008000732366,-1.5589770834085779
2755,3.7743367298528365e-05,7.994006091228986,-1.5589733900370841
2756,3.7777423530034795e-05,7.99400407218952,-1.5589696803102742
2757,3.7819096049954006e-05,7.994002128825521,-1.5589659760111185
2758,3.7796255510690475e-05,7.99400007585659,-1.5589622458100378
2759,3.7798065617011126e-05,7.9939981367154,-1.5589585256314
2760,3.788739429427053e-05,7.993996121155022,-1.5589548440119654
2761,3.795944614860796e-05,7.993994165892584,-1.5589511518858958
2762,3.786055733482694e-05,7.9939931568735965,-1.5589492477989448
2763,3.767520842679944e-05,7.993991061282635,-1.5589454285732425
2764,3.773443407075421e-05,7.993989120666479,-1.558941728350213
2765,3.7867868739444926e-05,7.993988122911577,-1.558939920719985
2766,3.810260054415501e-05,7.993986179200341,-1.5589363118490658
2767,3.806669618683462e-05,7.993984211959991,-1.5589325767261457
2768,3.7972159785861065e-05,7.99398222528573,-1.5589288169069384
2769,3.79889079977287e-05,7.993981242264876,-1.5589269647311943
2770,3.8069591644346055e-05,7.993979154952613,-1.5589232779859519
2771,3.8147882523579896e-05,7.993977245740666,-1.558919593585627
2772,3.815180071550944e-05,7.993975177856168,-1.5589158783673405
2773,3.816327940257864e-05,7.993973273331019,-1.558912160420488
2774,3.812056053595147e-05,7.99397121129489,-1.558908418714729
2775,3.811009234606167e-05,7.9939693018946505,-1.558904696653124
2776,3.823607394506501e-05,7.9939672251230265,-1.5589010262408587
2777,3.831128996913523e-05,7.993965270599689,-1.558897348205975
2778,3.8291523551152345e-05,7.993963267918851,-1.5588936136759581
2779,3.82349510440675e-05,7.993961325952097,-1.558889872194817
2780,3.831963690247363e-05,7.993959327166757,-1.5588861841671975
2781,3.8343669159969076e-05,7.993958296955466,-1.5588843333380562
2782,3.8349351726223086e-05,7.993956357245488,-1.5588806195133798
2783,3.8376164031445355e-05,7.993954299103618,-1.5588769060969407
2784,3.835935687314836e-05,7.993953321837275,-1.5588750388209058
2785,3.832984184364674e-05,7.993951376987262,-1.5588712980172543
2786,3.841280157656548e-05,7.993949319746205,-1.558867608784126
2787,3.842648192438762e-05,7.993948370388537,-1.5588657625672746
2788,3.849255557214787e-05,7.9939463462952975,-1.558862067012887
2789,3.849067631013915e-05,7.993945349155096,-1.558860208012336
2790,3.848205505896853e-05,7.993943442206366,-1.5588564821274078
2791,3.848943323547087e-05,7.993942403838927,-1.5588546245491766
2792,3.8504369371976937e-05,7.99394040327697,-1.5588509109771762
2793,3.8510931754244895e-05,7.9939394374711545,-1.5588490521275593
2794,3.855427576682708e-05,7.993937412457768,-1.558845347503752
2795,3.854450243613422e-05,7.993936452544961,-1.5588434822346968
2796,3.855914145683048e-05,7.993935488731472,-1.5588416240383285
2797,3.857935405177645e-05,7.9939344219023605,-1.5588397700218175
2798,3.859044491077652e-05,7.993933427798896,-1.5588379107611754
2799,3.860545544848131e-05,7.9939314765346365,-1.5588341981869651
2800,3.862878755860305e-05,7.993930403343726,-1.558832346872216
2801,3.868502637900959e-05,7.993928501693741,-1.5588286551606163
2802,3.869125301386648e-05,7.993927500857775,-1.5588267950624823
2803,3.8694321218093275e-05,7.993925480889214,-1.5588230701259627
2804,3.869583008265724e-05,7.993924523977665,-1.5588212136863475
2805,3.8698938641764616e-05,7.993923553398651,-1.5588193525638192
2806,3.869885035419668e-05,7.993922481525663,-1.5588174897512592
2807,3.872220419010278e-05,7.9939205459911875,-1.5588137796730572
2808,3.882839470462348e-05,7.993918533397677,-1.5588101055970465
2809,3.888649517833215e-05,7.993916540451675,-1.558806409894159
2810,3.881349419000846e-05,7.993914504084036,-1.5588026575578695
2811,3.879397059787101e-05,7.993912537137494,-1.5587989250377055
2812,3.881368406830919e-05,7.99391052906916,-1.558795205352011
2813,3.888911933998651e-05,7.9939095549851045,-1.5587933746442377
2814,3.898917628796911e-05,7.993907619740442,-1.5587897052232278
2815,3.8983961281646944e-05,7.993905551474282,-1.5587859758125413
2816,3.88074073698664e-05,7.993903567814604,-1.5587821695384043
2817,3.879476598671591e-05,7.993901509886109,-1.5587784322962066
2818,3.892145342768116e-05,7.993900509249548,-1.5587766258936984
2819,3.9113658968657056e-05,7.993898639713939,-1.5587729982535685
2820,3.917253730558941e-05,7.993897654067976,-1.5587711606484274
2821,3.9012778722310476e-05,7.9938956386767135,-1.5587673700652016
2822,3.893306170005095e-05,7.99389469002765,-1.5587654696592728
2823,3.8914174371182444e-05,7.993893656597338,-1.558763595401921
2824,3.8935665833378334e-05,7.993892623046813,-1.5587617439871364
2825,3.900322779813217e-05,7.993891625564567,-1.5587599085577475
2826,3.9054909999411466e-05,7.993890687218901,-1.5587580726050492
2827,3.9111288839574056e-05,7.993889659770264,-1.5587562356943798
2828,3.917114454011846e-05,7.99388865477979,-1.558754401691001
2829,3.91875832019671e-05,7.993887698069553,-1.5587525517813094
2830,3.9221404892437045e-05,7.993886756136267,-1.55875070881085
2831,3.9230269393095026e-05,7.993885729592029,-1.5587488521882866
2832,3.9242999765994867e-05,7.993884686391743,-1.558746993759295
2833,3.923633916008923e-05,7.993883659773629,-1.5587451346292025
2834,3.923499055310408e-05,7.993882719187671,-1.5587432784150363
2835,3.9247754478645445e-05,7.993881705150889,-1.5587414219192386
2836,3.927064024140425e-05,7.993880676309844,-1.5587395703316906
2837,3.92785175311988e-05,7.993878798848536,-1.5587358530121935
2838,3.929272323062543e-05,7.993877776006954,-1.5587339964039693
2839,3.9292861993339476e-05,7.993876738739694,-1.558732133601451
2840,3.930220112689792e-05,7.993875735233656,-1.558730275315104
2841,3.93291548151877e-05,7.993873750645259,-1.5587265688954692
2842,3.938445892650361e-05,7.993871785378736,-1.5587228762885188
2843,3.938339742680411e-05,7.99387081444762,-1.5587210153178315
2844,3.939003523338557e-05,7.993869825284238,-1.5587191501655444
2845,3.938968376275055e-05,7.9938677948940775,-1.5587154300210662
2846,3.938669902496477e-05,7.993865818156466,-1.5587117055847615
2847,3.939798248928746e-05,7.993864754934643,-1.5587098478516577
2848,3.9413207358673936e-05,7.9938638141880105,-1.5587079954150869
2849,3.952100621260488e-05,7.993861865118322,-1.558704323304228
2850,3.9595880482424014e-05,7.9938598377046235,-1.5587006316401648
2851,3.9495473061699555e-05,7.9938588616750215,-1.558698727820437
2852,3.938723482629604e-05,7.9938578134920455,-1.558696813642981
2853,3.925949734456541e-05,7.993855792512469,-1.5586930237803727
2854,3.931864589293284e-05,7.9938548286594235,-1.5586911833211428
2855,3.9451804784353625e-05,7.993853840572155,-1.5586893746028951
2856,3.957153135484924e-05,7.993852839163125,-1.5586875644846272
2857,3.965763333524193e-05,7.9938518534154,-1.5586857477740481
2858,3.9691340681399944e-05,7.993849939437756,-1.558682049874478
2859,3.9656400634665066e-05,7.993847863183927,-1.5586783138817477
2860,3.9601801951841166e-05,7.99384592653763,-1.5586745667520479
2861,3.959786464693626e-05,7.993843881681177,-1.558670835563528
2862,3.971274624168817e-05,7.993841964193193,-1.5586671696869028
2863,3.983764448780828e-05,7.99383990032976,-1.5586635060602223
2864,3.9873334015718576e-05,7.993837975837118,-1.558659804896195
2865,3.9696544523150325e-05,7.99383594753887,-1.5586559984036081
2866,3.9578820088699545e-05,7.993833955654038,-1.5586522105425433
2867,3.9688562740695666e-05,7.993831940963026,-1.5586485288775844
2868,3.989425020219467e-05,7.993829975796295,-1.5586449032963905
2869,4.002433232779083e-05,7.993828024172443,-1.5586412484988539
2870,3.998150511326601e-05,7.993825988028599,-1.5586375031526005
2871,3.976904843338512e-05,7.993824018915374,-1.5586336854296834
2872,3.970431571348618e-05,7.993822951312781,-1.5586317917642665
2873,3.982953216322594e-05,7.993820992658837,-1.558628116301256
2874,4.0068036977971205e-05,7.99381904028949,-1.558624505382879
2875,4.010989532936223e-05,7.993817056858997,-1.558620806056704
2876,3.995869564895602e-05,7.993815044950054,-1.5586170148115541
2877,3.995966554347842e-05,7.993813061451895,-1.5586132952335323
2878,4.0093627494449234e-05,7.993811081040512,-1.5586096291791651
2879,4.01788137834509e-05,7.99380910217511,-1.5586059512746455
2880,4.02084177239417e-05,7.993807147244284,-1.55860223939517
2881,4.016749957832813e-05,7.993805090824219,-1.5585985032650076
2882,4.0148493951320556e-05,7.993803158602646,-1.558594772444773
2883,4.022466244190881e-05,7.993801139622159,-1.558591083761599
2884,4.0348423784338887e-05,7.9937991941845326,-1.5585874202517163
2885,4.0375932396843584e-05,7.993797121224564,-1.558583716795376
2886,4.0346572086133785e-05,7.993795219078265,-1.558579990531686
2887,4.0315236719312415e-05,7.9937931690819735,-1.5585762445572848
2888,4.026825348145481e-05,7.993791252403166,-1.5585725098190568
2889,4.037690692629294e-05,7.993789169009813,-1.5585688298787734
2890,4.047320438886609e-05,7.993787253525781,-1.5585651597745283
2891,4.051961958051948e-05,7.993785197115485,-1.5585614561060575
2892,4.04632790945512e-05,7.993783273842975,-1.5585577110130715
2893,4.042759496199549e-05,7.993782298401861,-1.5585558320592134
2894,4.037945611661021e-05,7.993780227346288,-1.5585520841946947
2895,4.0452533869447976e-05,7.993778267991164,-1.5585483954862778
2896,4.0494618467880725e-05,7.993777214768773,-1.558546552000401
2897,4.0581558620995324e-05,7.993775262128313,-1.5585428750409176
2898,4.064781719024146e-05,7.993773267153209,-1.5585391839437361
2899,4.066081979293659e-05,7.993771349603286,-1.5585354723608833
2900,4.061345554047864e-05,7.9937703587224584,-1.5585335885915852
2901,4.055934643903843e-05,7.993768269757452,-1.5585298341621685
2902,4.054534493298527e-05,7.993766342943409,-1.5585261022092602
2903,4.058445904055381e-05,7.993765308397383,-1.558524258485101
2904,4.067383549089745e-05,7.9937633639634385,-1.5585205773541202
2905,4.072393838026326e-05,7.993761363450144,-1.558516876780473
2906,4.073110697238551e-05,7.993759398945561,-1.5585131584986724
2907,4.074808987648021e-05,7.99375741142995,-1.5585094421640795
2908,4.075639260104467e-05,7.993755369432571,-1.5585057275795886
2909,4.079460925661624e-05,7.993753363128642,-1.558502019513608
2910,4.081989323150913e-05,7.993751454635173,-1.558498309171416
2911,4.083800682313057e-05,7.993750499314292,-1.5584964528724525
2912,4.089733314123522e-05,7.993748411933602,-1.5584927535625488
2913,4.0898655073459385e-05,7.9937474348668704,-1.5584909019636723
2914,4.0913296123658864e-05,7.993746460652407,-1.5584890488547911
2915,4.0968238252102446e-05,7.993744419360114,-1.5584853530733542
2916,4.099116184330492e-05,7.993742511093659,-1.5584816403272774
2917,4.0979964693022034e-05,7.993740473297506,-1.5584779106030229
2918,4.094659220267211e-05,7.993738547042762,-1.5584741713366403
2919,4.097178224772602e-05,7.993736482273529,-1.5584704557997224
2920,4.108184982764993e-05,7.993734552083112,-1.5584667905958929
2921,4.114339773981536e-05,7.993732474359952,-1.5584630979033114
2922,4.1122797221477754e-05,7.993730539600228,-1.5584593716747404
2923,4.109455043478328e-05,7.993728503745431,-1.5584556309992115
2924,4.114247433765446e-05,7.993726603983375,-1.558451935159797
2925,4.120037636230453e-05,7.993724527055544,-1.5584482354220046
2926,4.118770665787651e-05,7.99372258679882,-1.558444509907164
2927,4.119013145771532e-05,7.993720521953839,-1.5584407835689151
2928,4.1220135244912256e-05,7.993718645983753,-1.5584370826176506
2929,4.128848778087493e-05,7.993717625636759,-1.558435244546583
2930,4.134913576395306e-05,7.993715601764699,-1.5584315542312708
2931,4.132916984902187e-05,7.9937136263130775,-1.558427823984461
2932,4.130501061895369e-05,7.993712557949102,-1.5584259505615812
2933,4.1288680976764766e-05,7.993710679534371,-1.5584222198503
2934,4.139577315899698e-05,7.993708635546478,-1.5584185443170113
2935,4.14759789059146e-05,7.993706669015174,-1.558414858298327
2936,4.1451840768535156e-05,7.993705709321599,-1.5584129924667007
2937,4.142337781924034e-05,7.993703644224956,-1.5584092537417547
2938,4.1361807386192373e-05,7.9937017228254925,-1.5584055026500085
2939,4.13977130511219e-05,7.993699658953892,-1.5584017902589187
2940,4.1442048420969315e-05,7.993697711491998,-1.558398088291764
2941,4.1470524718598345e-05,7.993696696867502,-1.5583962373408924
2942,4.153956871104949e-05,7.9936947588577025,-1.558392548390964
2943,4.158745296018062e-05,7.993693791423331,-1.558390708285918
2944,4.160419718911926e-05,7.993691733003614,-1.5583869951483296
2945,4.158502864460179e-05,7.993689778793472,-1.5583832670253326
2946,4.159197392322348e-05,7.993687726516917,-1.5583795428993128
2947,4.169583754533008e-05,7.99368581323176,-1.55837586938319
2948,4.172749568963951e-05,7.993683767594477,-1.5583721620590978
2949,4.165939707438241e-05,7.99368178529783,-1.5583684129622568
2950,4.1635694376610725e-05,7.993679739323749,-1.5583646715293702
2951,4.169450765162213e-05,7.993677827194723,-1.558360974258314
2952,4.182345619591049e-05,7.993675777425955,-1.5583573098786292
2953,4.1903377278966154e-05,7.993673825949216,-1.5583536258404012
2954,4.1867901432238354e-05,7.993671825643903,-1.5583498933349336
2955,4.1835281094762906e-05,7.99366985319022,-1.5583461482137657
2956,4.176902648167258e-05,7.9936678876301475,-1.5583424013355234
2957,4.1874241625933237e-05,7.993665855835688,-1.5583387216138234
2958,4.196882920113112e-05,7.9936638711190895,-1.5583350462065502
2959,4.203425422047798e-05,7.993661891231159,-1.558331359860312
2960,4.2049655099979766e-05,7.993659935553526,-1.558327640829169
2961,4.1998884443497966e-05,7.993657878601551,-1.5583238990117116
2962,4.1973253033918484e-05,7.993655946010701,-1.5583201637974324
2963,4.204524765917034e-05,7.99365392680063,-1.558316471847938
2964,4.216659905364767e-05,7.993651981215629,-1.5583128059670113
2965,4.2193053518853785e-05,7.993649908139829,-1.5583091008353944
2966,4.216351976303549e-05,7.99364800591499,-1.558305373456377
2967,4.214659654559336e-05,7.993645970172464,-1.5583016400169116
2968,4.215625434810541e-05,7.993644053892643,-1.5582979207897918
2969,4.215506046995824e-05,7.993641971614425,-1.5582941908458134
2970,4.218033289997773e-05,7.9936400409639266,-1.5582904816887961
2971,4.223858659627737e-05,7.993638020105129,-1.5582867843058916
2972,4.229919353873817e-05,7.993636111220245,-1.5582830913792305
2973,4.230661266618418e-05,7.993634026135372,-1.5582793724685633
2974,4.228168704687599e-05,7.993632089883842,-1.5582756386453362
2975,4.22986123666779e-05,7.993630041654852,-1.5582719186602705
2976,4.239802515220151e-05,7.993628148462356,-1.5582682457157264
2977,4.251946255801357e-05,7.993626059215616,-1.5582645746749038
2978,4.2324318055890026e-05,7.993624089712831,-1.5582607657042107
2979,4.2232565222022776e-05,7.993622007047567,-1.5582569886017998
2980,4.2433600932679653e-05,7.9936201045759345,-1.5582533568613957
2981,4.25480479287033e-05,7.993619162070379,-1.558251546943965
2982,4.266186973862707e-05,7.993617122046358,-1.5582478788088385
2983,4.251740505949626e-05,7.993615163855636,-1.5582440956761328
2984,4.2371553016543696e-05,7.993613090455084,-1.5582402985261423
2985,4.24110856651181e-05,7.993611163972303,-1.5582365887073308
2986,4.260526597554058e-05,7.993609154108844,-1.5582329521241642
2987,4.2717263265268456e-05,7.993607245910399,-1.5582292816868328
2988,4.257559936128517e-05,7.993605150781946,-1.558225495718762
2989,4.2506792821827235e-05,7.993603240394613,-1.5582217440501784
2990,4.2664243021393316e-05,7.9936011930811715,-1.5582180827795848
2991,4.280799327137838e-05,7.993599296128489,-1.5582144338800106
2992,4.275454601107255e-05,7.993597210437692,-1.5582106801999793
2993,4.260845158571057e-05,7.993595266633249,-1.5582068885785698
2994,4.2623868643900416e-05,7.993593219349628,-1.5582031635409854
2995,4.281665790481873e-05,7.9935913278665796,-1.558199527931134
2996,4.299268992059299e-05,7.993589287474007,-1.558195884460076
2997,4.285383916346547e-05,7.993587341464031,-1.5581921066660722
2998,4.277972303672656e-05,7.993585311444315,-1.5581883453001928
2999,4.286768815726731e-05,7.993583372023756,-1.5581846616322892
3000,4.3028389062007846e-05,7.993581325048579,-1.558181014190724
3001,4.310181765244065e-05,7.9935793898291605,-1.5581773302386224
3002,4.296461292214299e-05,7.993577335057363,-1.5581735413844875
3003,4.283990008193261e-05,7.993575408461456,-1.558169753332773
3004,4.292137007540801e-05,7.993573355141469,-1.5581660593609183
3005,4.312785917226825e-05,7.993571409512711,-1.5581624367403217
3006,4.327696577215756e-05,7.993569370171331,-1.5581587818912985
3007,4.3102540073143266e-05,7.993567441596349,-1.5581549894206908
3008,4.299595446659239e-05,7.993565383673143,-1.5581512109042273
3009,4.310443197593275e-05,7.993563468417484,-1.5581475326007495
3010,4.321741896758407e-05,7.993561432749316,-1.558143858591787
3011,4.3254039950276244e-05,7.993559534397975,-1.5581401575396463
3012,4.3269976239592476e-05,7.9935574548135415,-1.5581364412050078
3013,4.328693607688278e-05,7.993554536120351,-1.5581308648285277
3014,4.3325546388938254e-05,7.993552549206798,-1.5581271627849318
3015,4.33449818462726e-05,7.993550575129711,-1.558123445844101
3016,4.3386860861837484e-05,7.993548573031383,-1.5581197450017394
3017,4.340689076315586e-05,7.993546584480069,-1.5581160296824206
3018,4.3394034509403925e-05,7.993544584299878,-1.5581123003029915
3019,4.3472693959091146e-05,7.993542619325898,-1.5581086149355923
3020,4.3542640712222966e-05,7.993540598404442,-1.5581049284119899
3021,4.354864431943027e-05,7.993538647522121,-1.558101208570833
3022,4.3553639029353706e-05,7.993536592708625,-1.5580974903268496
3023,4.3545373919721904e-05,7.993534672378627,-1.5580937610811236
3024,4.3514777692785546e-05,7.9935326233651764,-1.5580900185981867
3025,4.361018359451393e-05,7.993530683203183,-1.5580863445098336
3026,4.3723674828315225e-05,7.993528606309361,-1.5580826767525036
3027,4.372488365854145e-05,7.993526674073553,-1.558078949704626
3028,4.3483058001744714e-05,7.9935246241044,-1.5580751104700117
3029,4.3433734488254596e-05,7.993522675948988,-1.5580713556802146
3030,4.3767012137634176e-05,7.993520654397402,-1.5580677811187231
3031,4.380759897624766e-05,7.993517702514806,-1.5580622197678158
3032,4.367836553982273e-05,7.993515762306034,-1.5580584407453892
3033,4.371250315758557e-05,7.9935137138997305,-1.5580547283307051
3034,4.375124478944253e-05,7.993512694426807,-1.5580528824317585
3035,4.382424520645417e-05,7.993510753001182,-1.558049193924086
3036,4.390165942722906e-05,7.993508806516307,-1.5580455054778257
3037,4.388507603227505e-05,7.9935068089463215,-1.5580417758487703
3038,4.3980606684505384e-05,7.993504784037505,-1.558038095844079
3039,4.4029260031695315e-05,7.99350281135965,-1.5580344062179143
3040,4.406389939472584e-05,7.993500769717539,-1.5580306942486815
3041,4.399393729489565e-05,7.993498859113486,-1.5580269448189654
3042,4.40370298856501e-05,7.9934968260316905,-1.558023239659886
3043,4.413775973014425e-05,7.993494895484224,-1.5580195635106475
3044,4.414964309980509e-05,7.9934928229020255,-1.5580158487641196
3045,4.411500423677482e-05,7.993490921259218,-1.55801211622239
3046,4.413782337231981e-05,7.9934888695995046,-1.5580083967864888
3047,4.413302057010987e-05,7.993486948699462,-1.558004676275819
3048,4.4225922476511943e-05,7.99348489671969,-1.5580009948447788
3049,4.427031674799729e-05,7.993483918948503,-1.5579991566512466
3050,4.4310481069419625e-05,7.993481970900655,-1.5579954542429948
3051,4.426564718473455e-05,7.993479908618731,-1.557991709093507
3052,4.42841866856615e-05,7.9934780071696085,-1.557987998622881
3053,4.4338372135323846e-05,7.993476974480963,-1.5579861619367545
3054,4.44114967951601e-05,7.993474953162586,-1.5579824782911091
3055,4.43940139954406e-05,7.993472987614624,-1.5579787490289938
3056,4.438713395630953e-05,7.993471933569689,-1.5579768834053753
3057,4.4359520501333556e-05,7.993470038069317,-1.5579731499217249
3058,4.437048191503953e-05,7.993467979502388,-1.5579694226295457
3059,4.447499989994729e-05,7.993466044801572,-1.557965749440742
3060,4.454608525543567e-05,7.9934639978999416,-1.557962062107541
3061,4.454969152237022e-05,7.9934620207534,-1.5579583431135862
3062,4.449407295545149e-05,7.9934600324142195,-1.5579545967005612
3063,4.454577217518084e-05,7.993458095028139,-1.5579508932965485
3064,4.46156280135386e-05,7.993455072462313,-1.5579453467799735
3065,4.461271768924921e-05,7.993454101090573,-1.557943486091966
3066,4.4609297624427435e-05,7.993452084077458,-1.5579397562449646
3067,4.462992673154903e-05,7.9934501329297305,-1.5579360456380844
3068,4.464805625974309e-05,7.993448097258234,-1.5579323273581889
3069,4.470946188775591e-05,7.993445176725966,-1.5579267716189191
3070,4.4742918202846025e-05,7.993444142791162,-1.5579249216045996
3071,4.4770378512214376e-05,7.993442193028184,-1.557921218401762
3072,4.47697054481231e-05,7.9934401635726084,-1.557917486672682
3073,4.4752713550955974e-05,7.9934381968542505,-1.5579137589415561
3074,4.483577863927004e-05,7.993436196131794,-1.5579100726384116
3075,4.4914185892701443e-05,7.993433248217142,-1.557904530992935
3076,4.492229870585591e-05,7.993431182846701,-1.5579008082844177
3077,4.4903091815305454e-05,7.993429244035966,-1.557897073403051
3078,4.485534536508629e-05,7.993427187906556,-1.5578933259801477
3079,4.490443719079336e-05,7.993425261424019,-1.5578896253241477
3080,4.497919602158608e-05,7.9934232297210706,-1.5578859333900983
3081,4.504607672135368e-05,7.993421324752973,-1.5578822414904818
3082,4.507861209236458e-05,7.993419277649641,-1.5578785358400027
3083,4.510319486540153e-05,7.993417295384653,-1.5578748215843006
3084,4.50783836739731e-05,7.993415271287442,-1.5578710924687984
3085,4.510194793340765e-05,7.993413355791617,-1.557867382355315
3086,4.5155898366804596e-05,7.993411343579332,-1.557863678183359
3087,4.517239989097447e-05,7.993409386954434,-1.557859963903332
3088,4.517637716876772e-05,7.993407329517427,-1.5578562421270117
3089,4.519995669993532e-05,7.9934063122300785,-1.557854390882906
3090,4.524844277597645e-05,7.993404374494808,-1.5578506922267648
3091,4.52862240010536e-05,7.993402394455255,-1.5578469815152407
3092,4.5255799251041306e-05,7.9934014429939655,-1.55784511212477
3093,4.528376916292516e-05,7.993399371385303,-1.557841399961693
3094,4.536395226193057e-05,7.993397435868824,-1.557837717992663
3095,4.539801147622723e-05,7.9933964149418495,-1.5578358715086518
3096,4.544032048051553e-05,7.993394405783032,-1.5578321710388814
3097,4.543653517588741e-05,7.993392463727131,-1.5578284465745595
3098,4.541617661814518e-05,7.993390412202905,-1.557824705252955
3099,4.536638895620967e-05,7.9933884908146,-1.5578209617736456
3100,4.545228045672864e-05,7.993386429809607,-1.5578172718884358
3101,4.549913807704446e-05,7.993384518626409,-1.5578135772861679
3102,4.553777353703449e-05,7.993382473628354,-1.5578098705338475
3103,4.553271006574009e-05,7.9933805753064435,-1.557806145631727
3104,4.563103388843408e-05,7.993378520570042,-1.557802466772848
3105,4.565692853668828e-05,7.993376547689497,-1.5577987666019084
3106,4.5653680337523085e-05,7.9933745081736305,-1.557795040753033
3107,4.566999476018928e-05,7.993372576005909,-1.5577913297613104
3108,4.567741178774045e-05,7.993370569774743,-1.5577876053214736
3109,4.5708213588062435e-05,7.993368622045225,-1.5577838975000273
3110,4.57238994138745e-05,7.993366600770193,-1.5577801781716791
3111,4.576063925840024e-05,7.993364638455171,-1.5577764746191043
3112,4.579679455267204e-05,7.9933625993128405,-1.5577727658801614
3113,4.582777897351926e-05,7.993360659496772,-1.5577690606287748
3114,4.586238587487303e-05,7.993358605999447,-1.5577653523164685
3115,4.5852087045221556e-05,7.993356664819288,-1.5577616271134838
3116,4.5865647134645616e-05,7.993354625213499,-1.5577579054167903
3117,4.5943025822611394e-05,7.993352721181235,-1.5577542245312044
3118,4.6021044700920305e-05,7.993350639886288,-1.5577505366159834
3119,4.602465814329601e-05,7.993348690262896,-1.5577468164582164
3120,4.5969741773535404e-05,7.9933466596416665,-1.5577430675024821
3121,4.6011358973969274e-05,7.993344757601718,-1.557739364837299
3122,4.610121145418892e-05,7.993342728528542,-1.5577356832387868
3123,4.610900250468213e-05,7.993340729878811,-1.557731967276382
3124,4.609614367001268e-05,7.993338742809327,-1.5577282375910892
3125,4.6111542890179344e-05,7.993336760233146,-1.557724523600799
3126,4.6126362202652906e-05,7.993334754412848,-1.5577208039900787
3127,4.61726723084028e-05,7.9933328181690335,-1.557717104075891
3128,4.620781022692837e-05,7.9933307965711675,-1.5577133940272816
3129,4.62166622068144e-05,7.993328796886283,-1.5577096669642907
3130,4.618212906046e-05,7.993326801808643,-1.5577059297067
3131,4.6213573153180135e-05,7.9933248474694585,-1.5577022242824217
3132,4.635789629499859e-05,7.993322835848906,-1.5576985638595426
3133,4.645195291877554e-05,7.99332082888961,-1.5576948924002614
3134,4.6447953049888815e-05,7.993318876507019,-1.5576911719724067
3135,4.641480743221396e-05,7.993316846041489,-1.5576874338967754
3136,4.6358997261641084e-05,7.993314924908482,-1.5576836816751358
3137,4.642468115548774e-05,7.993312860574847,-1.557679982956937
3138,4.6489390222789616e-05,7.993309897314193,-1.5576744331629055
3139,4.651969864850428e-05,7.993307966941021,-1.5576707239372696
3140,4.6539060860667406e-05,7.993305959216307,-1.5576670101401056
3141,4.653032362827263e-05,7.993303943987393,-1.557663282471692
3142,4.653709914083117e-05,7.993301951932901,-1.5576595601535586
3143,4.665358527454363e-05,7.993299982453068,-1.5576558882811031
3144,4.668979124224165e-05,7.993298027207403,-1.5576521904377933
3145,4.670166160023253e-05,7.993295973606025,-1.5576484728741287
3146,4.6719557190940994e-05,7.993294037136606,-1.5576447560895634
3147,4.6684905250989934e-05,7.993292000256633,-1.5576410174303543
3148,4.6709141149939836e-05,7.993290076975033,-1.5576373067983358
3149,4.682514695853475e-05,7.993287988472229,-1.5576336371392498
3150,4.6927285870072494e-05,7.993286061216505,-1.5576299656314334
3151,4.678269050163221e-05,7.993284012636042,-1.557626170108955
3152,4.657057648404166e-05,7.993282047288753,-1.5576223461750667
3153,4.6719220397995194e-05,7.993280036277603,-1.5576186837120636
3154,4.70200276209039e-05,7.99327813256451,-1.557615098825071
3155,4.705608388998398e-05,7.993276075092983,-1.557611395829106
3156,4.690646607434194e-05,7.9932741314120594,-1.5576076097105336
3157,4.6892629582568856e-05,7.993272103900045,-1.5576038749670127
3158,4.6957477762048176e-05,7.9932701506575015,-1.557600181165855
3159,4.70407132174295e-05,7.993268168134214,-1.5575964986847948
3160,4.7073079121203257e-05,7.993266214719631,-1.5575927863995318
3161,4.7065752471761445e-05,7.993264220326437,-1.557589064631236
3162,4.7153747305760284e-05,7.993262236894954,-1.5575853834750717
3163,4.721791268215665e-05,7.993260220865337,-1.557581691223412
3164,4.7212512555639765e-05,7.993258249784593,-1.5575779712411848
3165,4.723055570933633e-05,7.9932562176543795,-1.557574259194732
3166,4.723030502100072e-05,7.993254286630219,-1.5575705333594057
3167,4.720508712665832e-05,7.993252256542591,-1.5575667944018314
3168,4.7283004208436206e-05,7.993250326656456,-1.5575631099751084
3169,4.732615771457491e-05,7.993248253747482,-1.5575594048659842
3170,4.731423258452271e-05,7.993246324167156,-1.557555680572291
3171,4.733275503768767e-05,7.993244267147605,-1.5575519606232935
3172,4.7344770695414205e-05,7.993243357718308,-1.5575501081751737
3173,4.7379444637682435e-05,7.9932413409014,-1.557546399743311
3174,4.7421402171996184e-05,7.993239350945926,-1.5575426977406543
3175,4.744918981789892e-05,7.993237323025086,-1.5575389866398557
3176,4.7472565031204024e-05,7.993236286842307,-1.5575371347985072
3177,4.752006452123253e-05,7.993234376902747,-1.5575334363146334
3178,4.7546075633002094e-05,7.993232357093678,-1.5575297158434622
3179,4.752494314546221e-05,7.993231424968796,-1.5575278525206477
3180,4.7490685728642354e-05,7.993229418530776,-1.5575241061386191
3181,4.7505286805409134e-05,7.993227419399434,-1.557520389283014
3182,4.752319382166706e-05,7.993226448803228,-1.5575185406315342
3183,4.7607112949915046e-05,7.9932254310893605,-1.5575167124680278
3184,4.7693929656610786e-05,7.993223432107842,-1.5575130343380559
3185,4.771573719040026e-05,7.9932214620295525,-1.5575093203410502
3186,4.76809085193407e-05,7.993220413232238,-1.557507444485043
3187,4.766589044771969e-05,7.993218507861737,-1.5575037215735528
3188,4.7785087767059277e-05,7.993216461638177,-1.5575000486258477
3189,4.7854934974238994e-05,7.993214480183026,-1.5574963579975638
3190,4.78241124264591e-05,7.993213530389944,-1.5574944905039823
3191,4.7787895385845446e-05,7.993211471208013,-1.557490747242966
3192,4.7725427854068514e-05,7.993209547822131,-1.5574869939010756
3193,4.7761048378705006e-05,7.993207505102887,-1.5574832804239154
3194,4.785931045944296e-05,7.99320552378869,-1.5574796054034274
3195,4.7964180931450774e-05,7.99320346617232,-1.5574759308338413
3196,4.802616626051694e-05,7.993201586411171,-1.5574722462890656
3197,4.805173178136322e-05,7.993199558233332,-1.557468531751496
3198,4.783243901636743e-05,7.993197609423006,-1.5574647049838677
3199,4.772294091654354e-05,7.993196551106157,-1.5574627897017528
3200,4.780758847095953e-05,7.993194525028363,-1.5574590899104381
3201,4.8080218351964047e-05,7.993192659057234,-1.557455491384638
3202,4.821767028416795e-05,7.993190629833334,-1.5574518327199083
3203,4.810696464987737e-05,7.99318866790847,-1.557448070392054
3204,4.808352228583078e-05,7.993186658007324,-1.5574443423155695
3205,4.818124355209688e-05,7.993184683550161,-1.5574406629232247
3206,4.823295877593442e-05,7.993183621928628,-1.5574388265675916
3207,4.8290569001895656e-05,7.993181688485179,-1.5574351325716091
3208,4.824379144244821e-05,7.993179668447482,-1.5574313913209374
3209,4.822323365639498e-05,7.993178684796294,-1.5574295165406826
3210,4.820019218723396e-05,7.9931777249417975,-1.557427645597529
3211,4.8194444702120715e-05,7.993175696551119,-1.5574239200683135
3212,4.826595442304984e-05,7.99317467680807,-1.5574220872814155
3213,4.8336476634301654e-05,7.993172748369229,-1.5574184017214678
3214,4.841945630968259e-05,7.993170706699828,-1.5574147187094645
3215,4.842686827566655e-05,7.9931688014221685,-1.5574110026379964
3216,4.842772671158794e-05,7.993167766587438,-1.5574091405737984
3217,4.8414285950368616e-05,7.993165765010132,-1.557405403593182
3218,4.836208708758002e-05,7.993163815229098,-1.5574016660168817
3219,4.8420565901970176e-05,7.993162787185062,-1.5573998262558535
3220,4.8448220462071566e-05,7.993161763693036,-1.557397976218376
3221,4.8471084586112966e-05,7.9931608264816925,-1.5573961290725034
3222,4.851162625621175e-05,7.9931588039246835,-1.5573924226640328
3223,4.85102695470127e-05,7.993156860298795,-1.5573886996160942
3224,4.851310111150245e-05,7.993155893263017,-1.5573868366501467
3225,4.853398361376743e-05,7.993153812979764,-1.5573831227999735
3226,4.8553837492039695e-05,7.99315188725487,-1.557379408293885
3227,4.857728383158169e-05,7.993150835530953,-1.5573775555718958
3228,4.870728623534164e-05,7.993148915056417,-1.5573738932458268
3229,4.873319119623082e-05,7.9931469069849275,-1.5573701861921039
3230,4.867077207039725e-05,7.993144872283992,-1.5573664387630615
3231,4.8660457775775476e-05,7.993142853456445,-1.557362704967431
3232,4.869267131143605e-05,7.993140966892593,-1.5573590000987128
3233,4.8848713156063036e-05,7.993138943016043,-1.5573553386244487
3234,4.884830966508045e-05,7.993136937281378,-1.557351625074391
3235,4.8836819574072784e-05,7.993134887709463,-1.557347896698333
3236,4.888196490012483e-05,7.993131982884612,-1.5573423316305428
3237,4.881777104069654e-05,7.9931300146606254,-1.5573385745500903
3238,4.8804984313162535e-05,7.99312801086925,-1.5573348384263743
3239,4.894309405978524e-05,7.993125956144063,-1.5573311790595499
3240,4.9065723648214036e-05,7.9931239579974545,-1.5573275165651994
3241,4.913878260620293e-05,7.993122037500614,-1.5573238266465963
3242,4.890642466995311e-05,7.993120011060834,-1.5573199927547021
3243,4.893791943300066e-05,7.99311707284214,-1.557314425904345
3244,4.917315990649175e-05,7.993115068281819,-1.5573108055245413
3245,4.925258760413377e-05,7.9931131033510665,-1.5573071190395702
3246,4.9050465430153016e-05,7.993111091670004,-1.5573033047573515
3247,4.898470278674818e-05,7.993109089725468,-1.5572995458076528
3248,4.913565019598683e-05,7.993107130414104,-1.557295882092888
3249,4.9299339789240686e-05,7.99310514693057,-1.5572922408896375
3250,4.933393116086842e-05,7.993103180160394,-1.5572885363915407
3251,4.9324027644347624e-05,7.993101179915365,-1.5572848159629453
3252,4.928332658063284e-05,7.993099230581077,-1.5572810678103888
3253,4.927113212834579e-05,7.993097189188962,-1.5572773403489528
3254,4.937481030424491e-05,7.993095225949763,-1.5572736639943663
3255,4.948085265381665e-05,7.993093193950816,-1.557269996280056
3256,4.951344208959478e-05,7.993091248587296,-1.5572662894129448
3257,4.947606158478123e-05,7.993089220877204,-1.5572625507752704
3258,4.942685168869482e-05,7.993087304639452,-1.5572588035191819
3259,4.944215381590415e-05,7.993085249805922,-1.5572550815939283
3260,4.954651410654226e-05,7.993083329444033,-1.5572514118358336
3261,4.9605731505561443e-05,7.993081261195014,-1.557247715875261
3262,4.960781528925681e-05,7.993079328077616,-1.5572439997320726
3263,4.963219485147447e-05,7.993077274406583,-1.55724028525215
3264,4.9632824022392864e-05,7.993075386726175,-1.5572365637496917
3265,4.966996310412964e-05,7.993073319473084,-1.5572328526755497
3266,4.9667945067107326e-05,7.9930713812810215,-1.5572291318080407
3267,4.974096009732823e-05,7.993068372690267,-1.557223582140598
3268,4.97706519700219e-05,7.993066409857197,-1.5572198698713176
3269,4.976437901113478e-05,7.99306443423174,-1.5572161429595686
3270,4.9769924732005776e-05,7.993062438701726,-1.5572124223992534
3271,4.979308827950371e-05,7.993060424151665,-1.5572087091649094
3272,4.989841952478555e-05,7.9930584652867385,-1.5572050352044604
3273,4.997238299478814e-05,7.993056428754935,-1.5572013466585857
3274,4.995482504879907e-05,7.993054493655861,-1.5571976214202654
3275,4.993011348878091e-05,7.993052451201398,-1.5571938835377097
3276,4.993152759577126e-05,7.993050544795206,-1.5571901611429597
3277,4.99637053329914e-05,7.993048464208671,-1.5571864509485294
3278,5.005035865118852e-05,7.993046528067553,-1.5571827710523678
3279,5.013131651930428e-05,7.993044463906166,-1.5571790847137927
3280,5.017004299016161e-05,7.993042563821941,-1.5571753820758867
3281,5.0167577131613336e-05,7.993040513337839,-1.5571716579660688
3282,5.0118291972157304e-05,7.9930385905614,-1.5571679144652597
3283,5.012279883154731e-05,7.993036546452422,-1.5571641901400262
3284,5.0214551661699616e-05,7.993033607336113,-1.557158648075931
3285,5.024899484453626e-05,7.9930315629285476,-1.5571549399085647
3286,5.024086464244981e-05,7.993029656282675,-1.5571512124318638
3287,5.031832282005424e-05,7.9930276048656355,-1.5571475253613971
3288,5.038652393059587e-05,7.993025687699647,-1.5571438356592369
3289,5.0385871181126546e-05,7.993022625493159,-1.5571382562917888
3290,5.0410929898501225e-05,7.993020677178294,-1.557134540891721
3291,5.040880869851481e-05,7.993018665040671,-1.5571308187905444
3292,5.0448041593088086e-05,7.993016702287159,-1.5571271085336003
3293,5.045573364340652e-05,7.9930146760403575,-1.5571233916430716
3294,5.04991357848236e-05,7.9930126959200205,-1.557119689425409
3295,5.052763306774811e-05,7.993009782799398,-1.5571141182598054
3296,5.0535843587923233e-05,7.993007735525243,-1.557110396759282
3297,5.053672168155113e-05,7.9930057715493215,-1.5571066750369766
3298,5.057224503950617e-05,7.993003711716184,-1.5571029619640504
3299,5.072750606394501e-05,7.993000844105055,-1.5570974502767716
3300,5.0696444013891854e-05,7.992997816977673,-1.557091858814753
3301,5.067697671705443e-05,7.9929957542388115,-1.5570881204585119
3302,5.077325643048794e-05,7.992992888724401,-1.557082576950943
3303,5.089691275981138e-05,7.992989859879122,-1.5570770503238287
3304,5.0875522905940665e-05,7.992987845581548,-1.5570733188087282
3305,5.081650390951841e-05,7.992985865606091,-1.557069570529135
3306,5.078402681969073e-05,7.99298387545794,-1.5570658310684917
3307,5.0901634369683485e-05,7.992980935169472,-1.5570602953804276
3308,5.09767445805676e-05,7.992978902039823,-1.5570566033795523
3309,5.1000223257775656e-05,7.992977003211668,-1.5570528940601756
3310,5.102318454546761e-05,7.992974941012424,-1.5570491801427753
3311,5.101025134211356e-05,7.992972993623091,-1.5570454529426574
3312,5.105832243526334e-05,7.992970947797545,-1.5570417515609252
3313,5.115262927579363e-05,7.992969014796391,-1.5570380770952985
3314,5.119390915968254e-05,7.992966996781764,-1.5570343739875723
3315,5.1192974979106815e-05,7.992965012789637,-1.5570306543332433
3316,5.119415810173161e-05,7.992963010773179,-1.5570269305114908
3317,5.1169306455554615e-05,7.992961045488753,-1.5570231933756118
3318,5.125211141553181e-05,7.992958019107376,-1.5570176451289304
3319,5.130908928053673e-05,7.992956106010431,-1.5570139474553877
3320,5.129887813938798e-05,7.992954052021999,-1.5570102210425532
3321,5.130885794101836e-05,7.992952146036274,-1.5570065035955785
3322,5.133437334092389e-05,7.9929500749241535,-1.557002790612755
3323,5.1363078812771646e-05,7.992948150232683,-1.5569990815494936
3324,5.1422442527869895e-05,7.9929461134594915,-1.5569953835129422
3325,5.145605758644912e-05,7.992944185030896,-1.5569916784869196
3326,5.147160828297466e-05,7.992942131926899,-1.556987959319743
3327,5.145412596729926e-05,7.992940193332431,-1.5569842270380072
3328,5.1499382861756976e-05,7.992938156054073,-1.5569805221840858
3329,5.1592165851407284e-05,7.992936231234359,-1.5569768454101107
3330,5.161163037710903e-05,7.992934215068235,-1.556973126233396
3331,5.161204262554469e-05,7.992932218157659,-1.5569694095848985
3332,5.1621860213483736e-05,7.992930224693283,-1.5569656878378888
3333,5.164442874631456e-05,7.992928257087932,-1.5569619740734817
3334,5.1691873150432453e-05,7.9929262480523615,-1.5569582717446513
3335,5.1736962520310465e-05,7.992924276046067,-1.5569545737062795
3336,5.1784756834286794e-05,7.992922237865708,-1.5569508715589238
3337,5.181021877705642e-05,7.992920310351866,-1.5569471560682024
3338,5.180786356923251e-05,7.992917272939205,-1.5569415672122748
3339,5.1799096411194434e-05,7.992915329669933,-1.5569378454127363
3340,5.184021305078489e-05,7.9929132965829695,-1.556934137193331
3341,5.193053662485793e-05,7.992911392263482,-1.5569304556770274
3342,5.202580888993338e-05,7.992908353228396,-1.5569249159436374
3343,5.1972084095769915e-05,7.992906329139552,-1.5569211716001328
3344,5.197763132795055e-05,7.992903435719893,-1.556915586802833
3345,5.200247810619418e-05,7.992901401849236,-1.5569118698751565
3346,5.2127674769367054e-05,7.99289843484971,-1.5569063473366558
3347,5.2170828758262114e-05,7.992896397480234,-1.556902638741359
3348,5.2106187864720395e-05,7.99289444895275,-1.5568988908757324
3349,5.2100480605213984e-05,7.992892476006937,-1.55689516254983
3350,5.221432562374471e-05,7.992890523506826,-1.5568914909487002
3351,5.225485933242019e-05,7.992888488259835,-1.5568877814472926
3352,5.2075353528017684e-05,7.9928864358116885,-1.5568839732227453
3353,5.203675895909143e-05,7.992884439655959,-1.5568802242294575
3354,5.2288376648637536e-05,7.992882517043467,-1.556876609581239
3355,5.2432365131594565e-05,7.992880539167005,-1.5568729558607295
3356,5.238310392771667e-05,7.9928786049141465,-1.5568692163647253
3357,5.236017829532842e-05,7.992876582685561,-1.5568654846769836
3358,5.246006710508954e-05,7.992874625053657,-1.5568618114141417
3359,5.2537986515006155e-05,7.992872535075735,-1.5568581287209384
3360,5.2497968767943994e-05,7.9928706193340435,-1.5568543916576825
3361,5.2446972715334636e-05,7.9928685896173315,-1.5568506390710504
3362,5.252925937993219e-05,7.992866687826222,-1.5568469574173258
3363,5.259129341563432e-05,7.992864626829638,-1.556843261791268
3364,5.2604187509697575e-05,7.99286268007671,-1.5568395488739741
3365,5.262926381836106e-05,7.9928596430290435,-1.556833965401057
3366,5.2595603452142775e-05,7.992857714592505,-1.5568302307843949
3367,5.269927840754264e-05,7.992855667961753,-1.556826555019416
3368,5.279726046506028e-05,7.992852658772997,-1.556821013559394
3369,5.2606286709161855e-05,7.992850717587579,-1.5568172034770662
3370,5.254943356404687e-05,7.992848672164641,-1.556813444522304
3371,5.282840784055296e-05,7.992845799149708,-1.5568079824242351
3372,5.2919989549674846e-05,7.992843762487222,-1.5568042989460438
3373,5.2742803694420474e-05,7.992840742154796,-1.5567986367961375
3374,5.286516118107953e-05,7.99283880813413,-1.556794968484059
3375,5.3007471310399815e-05,7.992836763746712,-1.5567913118480543
3376,5.309704215725443e-05,7.9928348297281016,-1.5567876334188109
3377,5.2979109658204164e-05,7.9928328409664005,-1.5567838562784218
3378,5.284179413790326e-05,7.992830814474066,-1.5567800629510198
3379,5.287104776739606e-05,7.992828843022489,-1.5567763485274548
3380,5.309939029442771e-05,7.9928268403069325,-1.5567727242521403
3381,5.324783695053662e-05,7.99282493485498,-1.5567690803439218
3382,5.320852616244341e-05,7.992822868632463,-1.556765341320963
3383,5.300405036363982e-05,7.99282093143132,-1.5567615206802425
3384,5.298186102157007e-05,7.992818838781822,-1.5567577772090317
3385,5.323377393875735e-05,7.992816944655481,-1.5567541630007715
3386,5.331041732356273e-05,7.992816013145135,-1.556752344189078
3387,5.329110063318113e-05,7.992813956184114,-1.55674860725339
3388,5.316004194473566e-05,7.992812013894626,-1.5567448331049305
3389,5.325980339676109e-05,7.992809937917593,-1.5567411450328443
3390,5.338119494936487e-05,7.9928080157397705,-1.5567374839617758
3391,5.349206184510242e-05,7.992805042520291,-1.5567319556557027
3392,5.345623121805154e-05,7.992804064730865,-1.5567300821455115
3393,5.341128205092553e-05,7.992801081131368,-1.556724473975552
3394,5.343606779930911e-05,7.992798074234934,-1.5567188943059713
3395,5.355373696160464e-05,7.992796143505546,-1.5567152265737432
3396,5.360478752273704e-05,7.992793093717858,-1.5567096701476273
3397,5.361857767243512e-05,7.992791087934604,-1.5567059542831194
3398,5.362776636547764e-05,7.99278913581432,-1.5567022371862203
3399,5.360819273567437e-05,7.992787160008084,-1.556698498339216
3400,5.3696053795776104e-05,7.992785157294492,-1.5566948175441675
3401,5.3807988724289245e-05,7.992783167169507,-1.5566911467417561
3402,5.3833496507272394e-05,7.9927811233531685,-1.556687438986261
3403,5.374474485916104e-05,7.992779234542234,-1.5566836793229466
3404,5.384055098424822e-05,7.992776250831414,-1.5566781422965514
3405,5.386760933344079e-05,7.992774255627401,-1.5566744280475833
3406,5.3878054293886466e-05,7.992772234778509,-1.5566707157233513
3407,5.3890837085593517e-05,7.992770262777273,-1.5566669970502023
3408,5.391883937278232e-05,7.992768271102696,-1.5566632858716525
3409,5.394018949204226e-05,7.992766284623735,-1.5566595713622444
3410,5.3929918725116706e-05,7.992763351272705,-1.55665397841168
3411,5.404150168144432e-05,7.992761278726812,-1.5566503063007113
3412,5.4157639704413414e-05,7.992759340753011,-1.5566466416579219
3413,5.401568002723488e-05,7.992757269516408,-1.5566428500646599
3414,5.3897982853469424e-05,7.992755346137537,-1.5566390630704423
3415,5.40006109105447e-05,7.992753302093909,-1.5566353791062622
3416,5.4208721308385965e-05,7.992751415400364,-1.556631755696294
3417,5.4287720648656937e-05,7.992749376949117,-1.5566280720502055
3418,5.427162519022185e-05,7.992746432705511,-1.5566224904350494
3419,5.4234053517573886e-05,7.992744356147373,-1.5566187480030094
3420,5.423544013538211e-05,7.992742455437357,-1.556615024626306
3421,5.4356288298886384e-05,7.992740435734184,-1.556611356272916
3422,5.444469046621123e-05,7.992738496429568,-1.5566076782089364
3423,5.43105224633862e-05,7.992735419080865,-1.556602021836926
3424,5.4204598835562875e-05,7.992733491731108,-1.5565982541010472
3425,5.446918791785079e-05,7.992730471095573,-1.5565927805245994
3426,5.463804540316158e-05,7.992727491252229,-1.5565872835407086
3427,5.438338448868622e-05,7.9927245497732295,-1.5565815789646908
3428,5.438459728093217e-05,7.992721507120242,-1.5565759798681824
3429,5.4644502852676545e-05,7.9927196262418505,-1.5565723701859364
3430,5.473008980200466e-05,7.992716657811545,-1.5565668413203577
3431,5.468427342780896e-05,7.992714593063288,-1.5565630937774941
3432,5.458248847094205e-05,7.992712609522163,-1.5565593238634314
3433,5.463462998973547e-05,7.992710613486443,-1.556555617499539
3434,5.47960486912682e-05,7.992708636516971,-1.556551970250894
3435,5.4952485955147025e-05,7.9927056447806955,-1.5565464610925026
3436,5.481349522401662e-05,7.992703700071074,-1.5565426806027836
3437,5.4688827878198126e-05,7.992701666731498,-1.5565388931196993
3438,5.4799437158578856e-05,7.992699681516776,-1.5565352177751912
3439,5.500240223634858e-05,7.992697709542749,-1.5565315867553537
3440,5.497735752421104e-05,7.9926947716807435,-1.5565259974533296
3441,5.489485298648651e-05,7.992692723415269,-1.5565222292631284
3442,5.4957241978287765e-05,7.992690804375358,-1.5565185352425484
3443,5.509022619444048e-05,7.992687826318405,-1.556513012348559
3444,5.5124872043961926e-05,7.992685851908909,-1.5565092993476903
3445,5.510313421490589e-05,7.992682882169489,-1.55650370805285
3446,5.5135392017803866e-05,7.992680806073155,-1.5564999954585532
3447,5.5253334526800223e-05,7.992678888751194,-1.5564963308945436
3448,5.533660843610262e-05,7.992675814584704,-1.5564907857135928
3449,5.5278081550499896e-05,7.992673905139067,-1.556487044291141
3450,5.5301728013823316e-05,7.992670931188335,-1.5564814637851367
3451,5.529495762783115e-05,7.992668912850454,-1.5564777419351374
3452,5.540813562485971e-05,7.9926669252847224,-1.556474070387231
3453,5.548546077247471e-05,7.9926649287818385,-1.556470380990505
3454,5.548742418782055e-05,7.992662923063049,-1.5564666590363383
3455,5.5432840268920484e-05,7.992660993022791,-1.5564629134886512
3456,5.5429254997756384e-05,7.992658968472398,-1.5564591858945496
3457,5.5467595253789364e-05,7.99265701949708,-1.5564554790924672
3458,5.5551007997594487e-05,7.992654942113595,-1.5564517914601737
3459,5.566394136011317e-05,7.9926519845587825,-1.5564462616011483
3460,5.566828779835499e-05,7.992650072795559,-1.556442545973534
3461,5.564679045476859e-05,7.992647016014859,-1.5564369456737093
3462,5.566850018376272e-05,7.99264509691394,-1.5564332340245761
3463,5.5708368973010696e-05,7.992643090661871,-1.5564295246187887
3464,5.5729444875735407e-05,7.992640113957467,-1.556423948104611
3465,5.575840058181251e-05,7.992638114306066,-1.5564202390211428
3466,5.581190649106318e-05,7.992636064649555,-1.5564165390692895
3467,5.5874594074249044e-05,7.99263418217078,-1.5564128441827025
3468,5.5870119377659754e-05,7.992632157303461,-1.55640911950846
3469,5.584673685293774e-05,7.992630203576158,-1.5564053818568928
3470,5.5853981687287316e-05,7.992628165509692,-1.5564016637030544
3471,5.597396088525942e-05,7.992626161510071,-1.5563979898607527
3472,5.5987898257486694e-05,7.992624190555771,-1.556394278165177
3473,5.602989764313206e-05,7.992622260753611,-1.5563905726543799
3474,5.607828267746792e-05,7.992619239785546,-1.5563850118082947
3475,5.6104742649744927e-05,7.992617277801176,-1.556381306511664
3476,5.61580525573557e-05,7.992615205026111,-1.556377606218748
3477,5.620495721432088e-05,7.992612285347759,-1.556372041886414
3478,5.612735781263636e-05,7.992610348263918,-1.5563682836443453
3479,5.6194504961804654e-05,7.992608322805983,-1.5563645875574215
3480,5.6334839881562626e-05,7.992605365853854,-1.5563590657668716
3481,5.634817908758308e-05,7.992603310577973,-1.556355354260384
3482,5.633533965016156e-05,7.992601390822623,-1.556351630091696
3483,5.6309495133451396e-05,7.992599321674443,-1.5563478870513232
3484,5.63070247820657e-05,7.992597425806046,-1.5563441689300506
3485,5.645074124756627e-05,7.992594412668335,-1.5563386444225826
3486,5.645909293078137e-05,7.9925924716145325,-1.5563349229919718
3487,5.646785725829856e-05,7.992590426343054,-1.5563312040870905
3488,5.6505804111758037e-05,7.992587416280821,-1.5563256365510731
3489,5.654215694765198e-05,7.992585505024717,-1.5563219326093447
3490,5.65891369958358e-05,7.992582491356256,-1.5563163627643792
3491,5.660916860063518e-05,7.9925805441085975,-1.5563126488016616
3492,5.666984472829575e-05,7.992577547534449,-1.556307093861427
3493,5.671729450430893e-05,7.992575502282119,-1.5563033895362208
3494,5.671197155110625e-05,7.992573591093877,-1.5562996664140594
3495,5.674014742589522e-05,7.9925705450179905,-1.5562940910743448
3496,5.675958568287313e-05,7.99256858241855,-1.556290375416303
3497,5.6884455226597154e-05,7.992565647299593,-1.5562848482489477
3498,5.691364180295369e-05,7.9925635907150685,-1.5562811384320077
3499,5.688693133551767e-05,7.992561661618923,-1.5562774049348234
3500,5.687835749611898e-05,7.992559612932707,-1.5562736747851456
3501,5.697671631640976e-05,7.992557671100669,-1.556269998446445
3502,5.7050340124109085e-05,7.992555640136311,-1.5562663056345047
3503,5.7047928599626044e-05,7.992552726500625,-1.5562607245906515
3504,5.703943883792446e-05,7.9925506713846435,-1.556256994239448
3505,5.70373872070157e-05,7.992547734143507,-1.5562514030112808
3506,5.715037605323908e-05,7.99254569632106,-1.5562477338079603
3507,5.72561085949218e-05,7.99254369735424,-1.5562440642884432
3508,5.7098736594935737e-05,7.992540783693579,-1.5562384002534133
3509,5.6993620704507725e-05,7.992538706241971,-1.5562346164178564
3510,5.740990314011427e-05,7.992535796543223,-1.5562292184196769
3511,5.736096383998065e-05,7.992533801210301,-1.556225478520864
3512,5.72116852664252e-05,7.9925317949525025,-1.5562216860408993
3513,5.7327502795144476e-05,7.992528888376856,-1.5562161525558296
3514,5.743946317655773e-05,7.9925268365208435,-1.5562124791054917
3515,5.750075439817015e-05,7.992523908091039,-1.5562069249167818
3516,5.747427077752713e-05,7.992521858978714,-1.5562031937086018
3517,5.750663707972526e-05,7.992518900551971,-1.5561976255383494
3518,5.7597765814943846e-05,7.99251695832657,-1.5561939481821159
3519,5.761311825614171e-05,7.992514963911414,-1.5561902279175084
3520,5.762803532489667e-05,7.992511998452146,-1.5561846547544336
3521,5.764285780281952e-05,7.992509970551637,-1.5561809339022132
3522,5.770138065418769e-05,7.992507016669245,-1.5561753741955051
3523,5.772908969449723e-05,7.992504963906612,-1.5561716691430956
3524,5.7781538031402445e-05,7.992502947238136,-1.5561679684001994
3525,5.784380474423851e-05,7.992501063955374,-1.5561642725313716
3526,5.783848023139117e-05,7.992499068624888,-1.5561605470922584
3527,5.778103880710461e-05,7.992497068031701,-1.5561567962174891
3528,5.787878795292286e-05,7.992494010576785,-1.5561512546373686
3529,5.7908072652964294e-05,7.992492070149831,-1.5561475468766386
3530,5.798586296570689e-05,7.992489135392028,-1.5561419911964949
3531,5.795362986527221e-05,7.992487150476754,-1.5561382507992791
3532,5.803963068256231e-05,7.992485138218644,-1.5561345689005417
3533,5.818653640931494e-05,7.992482099716211,-1.5561290561698848
3534,5.79457528662842e-05,7.9924791365080665,-1.5561233502583132
3535,5.800247311361377e-05,7.992476205855919,-1.5561177833514426
3536,5.83012984329533e-05,7.992473240271522,-1.5561123279255924
3537,5.812638699266548e-05,7.992470196952649,-1.5561066635764225
3538,5.8248022780358073e-05,7.992467264722762,-1.556101132969069
3539,5.842023305844542e-05,7.992464313845763,-1.5560956383679017
3540,5.8407931577089935e-05,7.992462293597051,-1.5560919102291986
3541,5.8308214520052267e-05,7.992459345034643,-1.5560862755955256
3542,5.835603412699505e-05,7.9924572886544505,-1.5560825679691963
3543,5.8576506944694695e-05,7.992453326869712,-1.5560752285699
3544,5.855330695316274e-05,7.992450409924656,-1.5560696362168747
3545,5.845039171862292e-05,7.992447414222117,-1.5560640016691873
3546,5.858139869208837e-05,7.9924453860960805,-1.5560603284722037
3547,5.879517391028446e-05,7.992442445179229,-1.5560548473246665
3548,5.8673544875354145e-05,7.992440415890283,-1.55605106365201
3549,5.855059652458801e-05,7.992437458385939,-1.556045419971679
3550,5.87865175720218e-05,7.992434523814721,-1.556039948328917
3551,5.88137361045737e-05,7.9924315508583215,-1.5560343732700483
3552,5.8815735719241814e-05,7.992429550712639,-1.5560306444354322
3553,5.882575547239135e-05,7.99242657112085,-1.5560250607172141
3554,5.897647755872273e-05,7.992423591943825,-1.5560195462060449
3555,5.902700073018975e-05,7.9924216191317425,-1.5560158462516256
3556,5.9040805624522826e-05,7.992418639377869,-1.556010268142691
3557,5.9003254973825444e-05,7.992416580671513,-1.5560065270502672
3558,5.9043805335083685e-05,7.992413663944893,-1.556000956430513
3559,5.9226657596282324e-05,7.992410673075327,-1.5559954591566867
3560,5.923605710115191e-05,7.992407620601305,-1.5559898841984257
3561,5.920285153709459e-05,7.992405724326597,-1.5559861503798318
3562,5.9205802998955307e-05,7.992402696545152,-1.555980557197733
3563,5.934821096021579e-05,7.992399655957583,-1.5559750409137725
3564,5.944020902709065e-05,7.992397769693043,-1.5559713633841947
3565,5.937974112165499e-05,7.992394764357889,-1.555965758148757
3566,5.9373065595348417e-05,7.992392774384564,-1.555962027411206
3567,5.9389654783894047e-05,7.992389844514968,-1.555956452098391
3568,5.950135073458784e-05,7.992387764773578,-1.55595277423187
3569,5.95784323245198e-05,7.99238483680697,-1.5559472287516134
3570,5.9537146809922566e-05,7.992382817870225,-1.555943484354048
3571,5.961174257734379e-05,7.992379856581945,-1.5559379322223326
3572,5.9706513998277765e-05,7.992376919506937,-1.5559323942017218
3573,5.9663606172164236e-05,7.992373935844202,-1.555926788749737
3574,5.968067630574519e-05,7.992370889804781,-1.555921208826731
3575,5.9808916191160665e-05,7.992367912219337,-1.5559156866265291
3576,5.9900316110835085e-05,7.992364978388372,-1.5559101529476833
3577,5.981926631817133e-05,7.992361948989928,-1.5559045166961425
3578,5.977069907303516e-05,7.992359012703759,-1.5558989048064689
3579,5.99939800833216e-05,7.992356041969503,-1.5558934256642922
3580,6.011097364945472e-05,7.99235302789432,-1.5558878955900062
3581,5.9873701902109854e-05,7.992350037703052,-1.5558821950873114
3582,6.000903270064834e-05,7.992347102266136,-1.5558766659658856
3583,6.02496763211517e-05,7.992344076756618,-1.5558711987572853
3584,6.014284388595662e-05,7.992341128849817,-1.555865568123912
3585,6.0027541785120205e-05,7.992338147079161,-1.555859924938128
3586,6.0269571492665706e-05,7.992335143775103,-1.555854443213334
3587,6.043030807252455e-05,7.992332149077779,-1.5558489348360833
3588,6.0294067802428666e-05,7.992330202374077,-1.5558451549304317
3589,6.021820598774231e-05,7.99232714975933,-1.5558395208025362
3590,6.050281317442479e-05,7.992324264545904,-1.5558340916192848
3591,6.056478748424707e-05,7.992321258858365,-1.5558285315058544
3592,6.040681902983987e-05,7.992318247966426,-1.5558228702727754
3593,6.0480332667434625e-05,7.992316294420397,-1.5558191751789212
3594,6.061706375199808e-05,7.992313283576023,-1.5558136500694675
3595,6.0683915024555e-05,7.992311331724955,-1.5558099577562614
3596,6.068421954913132e-05,7.9923084061939775,-1.5558043713564618
3597,6.062214808707976e-05,7.992306308141543,-1.555800615711556
3598,6.065791476895478e-05,7.9923033736694,-1.555795041457012
3599,6.078562539833505e-05,7.992300448343562,-1.555789514726878
3600,6.083901369768452e-05,7.99229744604296,-1.5557839524616124
3601,6.0818654218561316e-05,7.992294431353609,-1.5557783531375204
3602,6.087241117185963e-05,7.992291487345422,-1.5557727977175149
3603,6.105005466829506e-05,7.992288528798515,-1.555767293541317
3604,6.102775923897981e-05,7.992285481742496,-1.5557617012217295
3605,6.0977663451322576e-05,7.992283577948016,-1.555757954054267
3606,6.100640623488344e-05,7.992280542566067,-1.5557523797385016
3607,6.115803336365274e-05,7.992277504930682,-1.5557468600531812
3608,6.124771389994372e-05,7.9922746277917796,-1.555741321984062
3609,6.122873688488708e-05,7.99227163871664,-1.5557357236694382
3610,6.117501242754734e-05,7.992269616264223,-1.555731980706508
3611,6.128172421684475e-05,7.9922666719224145,-1.5557264426426702
3612,6.135272834003438e-05,7.992264633173053,-1.5557227503485058
3613,6.135388582047511e-05,7.99226165657341,-1.555717164280306
3614,6.141865134163083e-05,7.992258742661094,-1.5557116089617542
3615,6.14795713026977e-05,7.992254764439824,-1.5557041942789607
3616,6.144048275956853e-05,7.992252681770488,-1.5557004472386007
3617,6.148372195899447e-05,7.992249742202355,-1.5556948746194854
3618,6.162222943655882e-05,7.992247826934086,-1.5556912167982586
3619,6.165543095331103e-05,7.992244761180998,-1.5556856433304223
3620,6.152289142127635e-05,7.992241813675332,-1.5556799890429376
3621,6.168532281037914e-05,7.992238831611565,-1.5556744703123393
3622,6.183640583099237e-05,7.992235854705555,-1.5556689553050198
3623,6.17841323159975e-05,7.992233930413442,-1.555665218387555
3624,6.186304689250445e-05,7.992230930386465,-1.5556596713006106
3625,6.195066783164932e-05,7.992228910527662,-1.5556559920132187
3626,6.194550465528562e-05,7.992225951889065,-1.5556504110020581
3627,6.194035977130321e-05,7.992222969185168,-1.5556448196916035
3628,6.203408048256492e-05,7.992219971004865,-1.5556392749229968
3629,6.21141658739891e-05,7.9922180276573105,-1.555635596164911
3630,6.210795388838246e-05,7.992214952174694,-1.5556300075201523
3631,6.208122996360173e-05,7.992213061911957,-1.5556262708364264
3632,6.223708261299618e-05,7.992210078809495,-1.5556207622082232
3633,6.20602531815735e-05,7.9922069669713265,-1.5556150849254844
3634,6.216841812307881e-05,7.992203988907643,-1.5556095431473114
3635,6.248716822975086e-05,7.992201138653292,-1.5556041046864106
3636,6.222603751358761e-05,7.992198144512555,-1.555598401945851
3637,6.239384992684678e-05,7.992195174008622,-1.5555928944112507
3638,6.252653090855833e-05,7.992192143340384,-1.5555873768586612
3639,6.242150066684867e-05,7.9921891376015575,-1.5555817354985486
3640,6.250839233255215e-05,7.9921862173060445,-1.5555761906351715
3641,6.259594117792312e-05,7.992184230925813,-1.5555725086287202
3642,6.26097493314807e-05,7.992182264762543,-1.5555687956240025
3643,6.262654132227466e-05,7.992179293542972,-1.5555632145030018
3644,6.259037863620377e-05,7.9921772632075605,-1.5555594774746337
3645,6.276205474676595e-05,7.992174306964286,-1.5555539733275223
3646,6.280925527441287e-05,7.992171328768048,-1.5555484081849753
3647,6.251246169021477e-05,7.992168275612278,-1.5555426757440058
3648,6.271748943493551e-05,7.992166318811804,-1.5555390374485238
3649,6.304375069512209e-05,7.992163405099186,-1.55553360733946
3650,6.285294286818827e-05,7.992160370813895,-1.5555279421664154
3651,6.28949659952166e-05,7.992157359060372,-1.5555223690952946
3652,6.297401537346864e-05,7.9921554581013305,-1.5555186840282758
3653,6.304990674092734e-05,7.992153438745427,-1.5555149916301805
3654,6.304565819504848e-05,7.992150455942641,-1.5555094052155374
3655,6.31823197485553e-05,7.9921475536430995,-1.5555038910615588
3656,6.320817894122506e-05,7.992144479539912,-1.5554983188018021
3657,6.322624207719883e-05,7.992142510432733,-1.555494605710787
3658,6.324175910375881e-05,7.99214054673085,-1.5554908893434058
3659,6.32623394283147e-05,7.992137541188454,-1.555485309214214
3660,6.324091826047808e-05,7.992135593255297,-1.5554815748208972
3661,6.333043345221128e-05,7.992132580324107,-1.5554760244012642
3662,6.341403648776549e-05,7.992130649658851,-1.5554723415065088
3663,6.337801498021066e-05,7.9921276489047095,-1.5554667417761
3664,6.33546530734059e-05,7.992125607953345,-1.5554630023623328
3665,6.352681693973837e-05,7.992122661232364,-1.555457494131116
3666,6.365737791130627e-05,7.9921196872867055,-1.5554519727647782
3667,6.362359233815465e-05,7.992117685227194,-1.5554482335284232
3668,6.35217110087265e-05,7.992114764427769,-1.5554426064383857
3669,6.36120534398896e-05,7.992112668766904,-1.5554389148979535
3670,6.374795071086204e-05,7.992109698000259,-1.555433396552615
3671,6.383910264239358e-05,7.992107800545994,-1.5554297138095061
3672,6.359784368006999e-05,7.992104752110934,-1.5554240126912282
3673,6.378170345611683e-05,7.992101780432513,-1.5554185016343731
3674,6.39410101004736e-05,7.992098876458021,-1.555412993595601
3675,6.391880748907744e-05,7.9920968256340945,-1.5554092629414011
3676,6.389180883363387e-05,7.992094920514998,-1.555405526724771
3677,6.392709295942035e-05,7.9920919198511715,-1.5553999546442325
3678,6.404075081710049e-05,7.992089912180004,-1.5553962825046124
3679,6.40774248107315e-05,7.992086952210474,-1.5553907178161488
3680,6.393699407114366e-05,7.992083924060903,-1.5553850608083712
3681,6.405682677320716e-05,7.992080916757424,-1.5553795121510638
3682,6.423400933561392e-05,7.992079001400152,-1.5553758731795673
3683,6.429388142545338e-05,7.992076019042588,-1.5553703278039948
3684,6.428246094861624e-05,7.992072982340146,-1.5553647294993531
3685,6.423766293958597e-05,7.992071069373332,-1.5553609883687844
3686,6.436682178459906e-05,7.992068086765603,-1.5553554635235998
3687,6.444919513747435e-05,7.992066076477345,-1.5553517791430662
3688,6.443055493874209e-05,7.992063130222076,-1.5553461896801837
3689,6.441922184444298e-05,7.992061099500003,-1.5553424554547222
3690,6.443644879197617e-05,7.992059183245369,-1.5553387379505934
3691,6.459492718029439e-05,7.992056131602399,-1.555333229211855
3692,6.463878416103319e-05,7.992054188694751,-1.5553295293897256
3693,6.458419664728437e-05,7.9920512143408,-1.555323920488165
3694,6.459847553135452e-05,7.992049218612042,-1.5553201956426959
3695,6.46853174650948e-05,7.992046254918559,-1.5553146502270727
3696,6.479202115122195e-05,7.9920432464845375,-1.5553091206581033
3697,6.481450630184896e-05,7.992040209362146,-1.555303542771344
3698,6.48217382224517e-05,7.992037327888692,-1.555297960783343
3699,6.48532313347359e-05,7.992035311998421,-1.555294252032618
3700,6.488620967307697e-05,7.992032278364119,-1.5552886761873175
3701,6.493343756901593e-05,7.992030374448935,-1.5552849774591515
3702,6.499098864206356e-05,7.992027376301755,-1.555279417770119
3703,6.502022777921072e-05,7.992025379916999,-1.5552757074724635
3704,6.501751387497066e-05,7.992022432351069,-1.5552701200263908
3705,6.510554229434564e-05,7.992020383873926,-1.5552664356690502
3706,6.51799974731955e-05,7.992018456737543,-1.555262747506534
3707,6.519054918647904e-05,7.992015390939613,-1.555257170206519
3708,6.521768600521948e-05,7.992013463428555,-1.5552534611583442
3709,6.524657670660996e-05,7.992010529525857,-1.555247887783933
3710,6.524327688452595e-05,7.992008494791312,-1.5552441535218866
3711,6.523628706505766e-05,7.992005537966734,-1.555238569795557
3712,6.539139532832303e-05,7.992002548116127,-1.555233053349419
3713,6.543488849175328e-05,7.991999522877795,-1.5552274869694351
3714,6.543452234723095e-05,7.991996624297884,-1.5552219000635972
3715,6.548317020733268e-05,7.991993648997916,-1.555216336542826
3716,6.556339034943085e-05,7.991990632162945,-1.5552107901776822
3717,6.56109132895347e-05,7.991987619563938,-1.5552052244798653
3718,6.560407561835526e-05,7.991984677219795,-1.5551996376184654
3719,6.580008683186722e-05,7.991981714349788,-1.5551941419823
3720,6.582510206906974e-05,7.991979650438057,-1.555190434901889
3721,6.57387062215688e-05,7.9919767567248154,-1.5551848097734693
3722,6.578615939015977e-05,7.99197378339469,-1.5551792454720235
3723,6.587847141384564e-05,7.991971744257311,-1.55517556417776
3724,6.59613044507236e-05,7.991968780468514,-1.5551700220877236
3725,6.598231952693543e-05,7.991966748617121,-1.5551663000758653
3726,6.596870297283519e-05,7.991963768414116,-1.5551607117661774
3727,6.601783956861273e-05,7.991961881726298,-1.5551570094548226
3728,6.607178094269041e-05,7.991958820724518,-1.5551514429395168
3729,6.610583852360448e-05,7.991955783590002,-1.555145878623652
3730,6.616143971436769e-05,7.991953907132042,-1.5551421823977214
3731,6.617500188920747e-05,7.9919509370072195,-1.5551366009918184
3732,6.621091558577586e-05,7.991948924822602,-1.5551328917671667
3733,6.632629217570416e-05,7.991945988398898,-1.5551273592075034
3734,6.632683264034074e-05,7.991942943383973,-1.5551217781688345
3735,6.63407401447622e-05,7.991939970834895,-1.5551161953950252
3736,6.63704138694582e-05,7.991938049973198,-1.5551124850690743
3737,6.641008920408269e-05,7.991935016745789,-1.5551069134985644
3738,6.64958566626446e-05,7.991932030083823,-1.5551013665688849
3739,6.651548913137654e-05,7.991930118530666,-1.5550976529615044
3740,6.65711509601091e-05,7.991927073679691,-1.5550920860272464
3741,6.655033184238424e-05,7.991925088696473,-1.5550883569846448
3742,6.663069325833411e-05,7.991923106093841,-1.555084671435446
3743,6.671600464318753e-05,7.991921149270425,-1.5550809845715123
3744,6.671902732234752e-05,7.99191814935695,-1.555075410232176
3745,6.675242511523039e-05,7.991916114169029,-1.5550716994746792
3746,6.676371746920683e-05,7.991914225180192,-1.5550679811723025
3747,6.677941220688784e-05,7.991912179282004,-1.555064260678633
3748,6.676187511506016e-05,7.991909236651039,-1.5550586625132627
3749,6.688332429374566e-05,7.991906237670482,-1.55505313370203
3750,6.697067275498755e-05,7.99190322772503,-1.5550475887137896
3751,6.69908796292944e-05,7.991900287931702,-1.555042008599723
3752,6.699462839200185e-05,7.991897344325639,-1.5550364277538513
3753,6.709372454736715e-05,7.991894338015406,-1.5550308829284014
3754,6.715207302122798e-05,7.991891329222196,-1.5550253290870173
3755,6.713978372528433e-05,7.991888375585449,-1.5550197341856271
3756,6.727081492291551e-05,7.991885438802866,-1.5550142146204486
3757,6.737629056172022e-05,7.9918823421822385,-1.555008677725256
3758,6.728284707973677e-05,7.991879404117106,-1.555003052055216
3759,6.732418608738166e-05,7.991876482853105,-1.5549974831729154
3760,6.741640065128204e-05,7.991873498839438,-1.5549919435241204
3761,6.749822050849463e-05,7.991870484471342,-1.554986397503389
3762,6.753072256836517e-05,7.991868541546353,-1.5549826867078884
3763,6.752777577132002e-05,7.991866540581073,-1.5549789606107116
3764,6.751629228011477e-05,7.99186351408014,-1.5549733621876622
3765,6.755801346487072e-05,7.991861609278706,-1.5549696659711865
3766,6.772309583396635e-05,7.99185856417597,-1.5549641510167358
3767,6.770936244228084e-05,7.99185663802364,-1.5549604282138696
3768,6.76940592720953e-05,7.9918536453820535,-1.554954833869493
3769,6.773517447693128e-05,7.9918506171092805,-1.5549492627067665
3770,6.78261895474675e-05,7.991848677707204,-1.5549455842934303
3771,6.793871378955222e-05,7.991845679147422,-1.5549400513477485
3772,6.794198475891895e-05,7.991843723549118,-1.5549363327696855
3773,6.788455518955908e-05,7.991840717362768,-1.5549307184235375
3774,6.78722497625202e-05,7.991838694846067,-1.5549269856706407
3775,6.800683951099285e-05,7.991835789125377,-1.5549214586450424
3776,6.805664421321527e-05,7.991832801473491,-1.5549158972194137
3777,6.807072145110578e-05,7.991829788751386,-1.554910314902899
3778,6.817636860485271e-05,7.991827866031889,-1.5549066407272873
3779,6.824875070111632e-05,7.991825822183056,-1.55490294482046
3780,6.797426719564733e-05,7.991822745330011,-1.5548972229393776
3781,6.806872542663364e-05,7.9918208254858385,-1.5548935394105865
3782,6.83292677208465e-05,7.9918188880208705,-1.5548899287112725
3783,6.842652579351978e-05,7.991815920241537,-1.5548843943402642
3784,6.817155292631515e-05,7.9918138637248015,-1.5548805487667594
3785,6.82958502657695e-05,7.991810937803394,-1.5548750148061283
3786,6.86032569378651e-05,7.991808961315349,-1.5548714286527678
3787,6.840667000754827e-05,7.991804956361562,-1.5548639062537086
3788,6.843950064074124e-05,7.991803961015462,-1.5548620555668944
3789,6.859998055767373e-05,7.99179999629272,-1.554854686400666
3790,6.86647162618747e-05,7.991798046259274,-1.554850993462458
3791,6.863541384860581e-05,7.991795108665967,-1.5548453963305504
3792,6.858450971065836e-05,7.991792071833191,-1.5548397776431444
3793,6.866446727011371e-05,7.9917901026467515,-1.5548360858398727
3794,6.886668821558897e-05,7.991787160700184,-1.5548305939008982
3795,6.890708407386072e-05,7.991785138120744,-1.5548268964242495
3796,6.88819095020899e-05,7.991782193830057,-1.5548213055937308
3797,6.888907894546563e-05,7.991780137227081,-1.554817580455794
3798,6.892712119577724e-05,7.991778251204634,-1.554813875420195
3799,6.89750203810153e-05,7.991775243238697,-1.5548083172324196
3800,6.909335323356204e-05,7.9917732502329555,-1.5548046468159649
3801,6.910306327753814e-05,7.991770250489082,-1.5547990711523942
3802,6.907976152609371e-05,7.99176822430233,-1.5547953321071493
3803,6.909651726932926e-05,7.9917653402879605,-1.5547897515523035
3804,6.917909029335406e-05,7.9917632768534315,-1.5547860628447525
3805,6.925557214701827e-05,7.991761353022532,-1.5547823792853295
3806,6.930680707556043e-05,7.9917583166748445,-1.554776814402347
3807,6.925562280723398e-05,7.991756364517288,-1.5547730686637373
3808,6.932812519329502e-05,7.991753421260326,-1.5547675185295393
3809,6.93957069688193e-05,7.991751374924752,-1.5547638237533397
3810,6.939487853621617e-05,7.9917484284059315,-1.5547582339969217
3811,6.951492514632343e-05,7.991745479463451,-1.5547527113584765
3812,6.953428204706289e-05,7.991743430300827,-1.5547489913115862
3813,6.946866880868273e-05,7.991740500072331,-1.5547433738307759
3814,6.956864385858709e-05,7.991738452411066,-1.554739693147715
3815,6.968150636039188e-05,7.991736537385496,-1.5547360221561948
3816,6.970452428741858e-05,7.991734481329201,-1.5547323115831249
3817,6.967516930262598e-05,7.9917325817479865,-1.554728575938394
3818,6.965717004196494e-05,7.991729549692353,-1.5547229791118686
3819,6.975523411072088e-05,7.991727605098008,-1.554719301189976
3820,6.984015471446392e-05,7.991725562871383,-1.5547156192141347
3821,6.988601703999287e-05,7.99172363742469,-1.5547119191933123
3822,6.989275337964788e-05,7.991721583021195,-1.5547081997111185
3823,6.98854883527543e-05,7.9917196703096645,-1.5547044717818659
3824,6.986567300602802e-05,7.9917166729801234,-1.554698879168942
3825,6.999415901380201e-05,7.991714655261315,-1.5546952101447211
3826,7.013074230977147e-05,7.991711704718873,-1.55468969465065
3827,7.010342867577768e-05,7.991709655863011,-1.5546859611979396
3828,7.006773192147805e-05,7.991707744872053,-1.5546822170929602
3829,7.000691677944337e-05,7.991705720978248,-1.5546784656394548
3830,7.01071691069131e-05,7.991703761066487,-1.5546747860339336
3831,7.021190038696802e-05,7.991701713102544,-1.5546711101317385
3832,7.024858211273693e-05,7.991698829717134,-1.554665546502269
3833,7.023759982624592e-05,7.9916967803249275,-1.5546618158665693
3834,7.02327166413942e-05,7.991693805062537,-1.5546562240113018
3835,7.03478516654796e-05,7.991691825484551,-1.5546525491456753
3836,7.041728720350788e-05,7.99168985440897,-1.5546488593223209
3837,7.042516285513508e-05,7.991686887175617,-1.554643285383106
3838,7.046244481500153e-05,7.991684850027023,-1.5546395754298283
3839,7.043194230118142e-05,7.9916819201705,-1.554633971632381
3840,7.051277524063318e-05,7.991679891016868,-1.5546302790553959
3841,7.05548457338273e-05,7.991677914515777,-1.5546265804378179
3842,7.06281486878556e-05,7.991675955704223,-1.5546228936846411
3843,7.066638626372522e-05,7.991675005908709,-1.554621043859298
3844,7.061782038111581e-05,7.991672953274643,-1.554617297924888
3845,7.066758908340766e-05,7.99167002792429,-1.55461173278957
3846,7.076663648830633e-05,7.991668038076099,-1.554608059112272
3847,7.080450907247659e-05,7.991666053970699,-1.5546043495766453
3848,7.082286423593837e-05,7.991664043898175,-1.5546006407793134
3849,7.082997189793053e-05,7.991662092665525,-1.5545969179876782
3850,7.08108093921577e-05,7.991660084099345,-1.5545931824215293
3851,7.089564787157092e-05,7.991658143330285,-1.5545894988304114
3852,7.094628703982462e-05,7.991656079419911,-1.5545857968156334
3853,7.093774279209587e-05,7.9916541477151695,-1.554582073723502
3854,7.096115123083393e-05,7.9916520976695935,-1.5545783563689337
3855,7.103954057227021e-05,7.991650207913558,-1.5545746704124144
3856,7.107867777658049e-05,7.991648163361878,-1.5545709651901276
3857,7.104684552127833e-05,7.991646233997367,-1.5545672258477647
3858,7.103752848280875e-05,7.9916441678011125,-1.5545634913585997
3859,7.112878757451748e-05,7.991642240613525,-1.5545598126932152
3860,7.120378634492765e-05,7.99164017666723,-1.5545561208947813
3861,7.124391407873661e-05,7.991638273749848,-1.554552415004599
3862,7.124094207161816e-05,7.991636228118875,-1.5545486899030996
3863,7.123330378166673e-05,7.991634323198911,-1.5545449624036691
3864,7.126387469800841e-05,7.99163225662816,-1.5545412475439697
3865,7.142133120105918e-05,7.991629349004291,-1.554535742396959
3866,7.146947132568863e-05,7.991627265880501,-1.5545320374601899
3867,7.141525250753389e-05,7.991625359304834,-1.554528297079723
3868,7.142198772415142e-05,7.991623341286912,-1.5545245711306659
3869,7.154162311162794e-05,7.991621443945035,-1.554520907884104
3870,7.155795050818824e-05,7.991618350876142,-1.5545153323967653
3871,7.155435869494348e-05,7.991616339645693,-1.554511605948666
3872,7.15869061888399e-05,7.991614439505953,-1.554507896889914
3873,7.160778375536107e-05,7.991612464046078,-1.554504174717651
3874,7.161804437994058e-05,7.99161048904711,-1.5545004528294113
3875,7.164957049649915e-05,7.991608454332004,-1.5544967390603373
3876,7.17035726264935e-05,7.991606523847631,-1.5544930433195043
3877,7.173970789626339e-05,7.991604518905208,-1.5544893316147668
3878,7.179215334647878e-05,7.991602572398187,-1.5544856343345475
3879,7.181713650995642e-05,7.991600519049761,-1.5544819180947567
3880,7.186777670486753e-05,7.991598559147123,-1.5544782232579109
3881,7.194367610570387e-05,7.991596525046737,-1.5544745320491316
3882,7.194469886451282e-05,7.99159462528423,-1.5544708127209503
3883,7.194726168939461e-05,7.991593636771412,-1.5544689437195662
3884,7.192963800166197e-05,7.991590621603768,-1.55446335314017
3885,7.197533648551485e-05,7.991588584174347,-1.5544596446586572
3886,7.20196943189036e-05,7.991587639678269,-1.5544578090658425
3887,7.214491245626783e-05,7.99158466157254,-1.5544522790845274
3888,7.208748493562654e-05,7.991582655507818,-1.5544485337136393
3889,7.208537205409887e-05,7.991580622490036,-1.5544448015816725
3890,7.216044918900241e-05,7.991578723216522,-1.5544411114923364
3891,7.230538583968002e-05,7.991576690733215,-1.5544374510825476
3892,7.23554811299661e-05,7.9915747194833076,-1.5544337551249607
3893,7.223238001219263e-05,7.9915727665850165,-1.5544299723108874
3894,7.21547821474625e-05,7.991569756842261,-1.5544243428738298
3895,7.230504997298421e-05,7.991567759131052,-1.5544206799086062
3896,7.247425641401683e-05,7.991564850130554,-1.5544151813486977
3897,7.252564200967284e-05,7.9915628123779285,-1.5544114801674835
3898,7.243247374868011e-05,7.9915608689016215,-1.5544077178668272
3899,7.242965496797919e-05,7.9915578295374505,-1.5544021251275926
3900,7.256181768511139e-05,7.991555903883953,-1.554398459449876
3901,7.26437058861704e-05,7.991552914149223,-1.5543929153054181
3902,7.264616015888272e-05,7.9915498977815,-1.5543873235385328
3903,7.265713168780139e-05,7.991546961229029,-1.5543817460621767
3904,7.274134020116363e-05,7.99154494368797,-1.5543780610497835
3905,7.278360905998377e-05,7.991543004768718,-1.5543743588314287
3906,7.279686276783542e-05,7.991540968868332,-1.5543706376911732
3907,7.284398764825203e-05,7.991538016194091,-1.5543650713946493
3908,7.288720660351951e-05,7.991535056573088,-1.55435950792175
3909,7.291282721303559e-05,7.99153304549875,-1.554355789890586
3910,7.295414626388205e-05,7.99153108975013,-1.5543520859745892
3911,7.298993246336167e-05,7.991529093307636,-1.5543483775842009
3912,7.303612930951595e-05,7.991527126604752,-1.554344674349654
3913,7.306383020958579e-05,7.991525088340872,-1.5543409546877924
3914,7.304425571246561e-05,7.991523144957751,-1.554337227285024
3915,7.309488186229928e-05,7.991521151142038,-1.5543335293683822
3916,7.32073008708127e-05,7.991519222643299,-1.5543298563479748
3917,7.325231195766107e-05,7.991517159563567,-1.5543261476187413
3918,7.324146060333114e-05,7.991514209480396,-1.554320565181471
3919,7.321997635557987e-05,7.991512210176345,-1.5543168274619852
3920,7.325472305452698e-05,7.991510244665232,-1.5543131164945527
3921,7.333951104251044e-05,7.991508226162253,-1.5543094307708665
3922,7.341413915502832e-05,7.9915062803212376,-1.5543057379962897
3923,7.341909055390371e-05,7.991504277194002,-1.554302019679626
3924,7.344129493874915e-05,7.991502352871177,-1.5542983075251888
3925,7.345242616590793e-05,7.991500266748073,-1.5542945872851934
3926,7.348763544726642e-05,7.991498325798582,-1.554290879290706
3927,7.355551707334555e-05,7.991496358595045,-1.5542871870389812
3928,7.360320138394621e-05,7.991494400249946,-1.5542834787859008
3929,7.359017983570783e-05,7.991493368281013,-1.5542816149215615
3930,7.357173170065736e-05,7.991491398332017,-1.5542778814857272
3931,7.35906202087086e-05,7.991489367340656,-1.5542741626697885
3932,7.366687628669896e-05,7.991488382567652,-1.5542723324508823
3933,7.375126317113971e-05,7.9914864700465476,-1.5542686507266497
3934,7.378435680699691e-05,7.991483460820945,-1.5542630834356124
3935,7.377144206664938e-05,7.991481488145659,-1.5542593506281321
3936,7.374037623494268e-05,7.991478508112143,-1.5542537518374757
3937,7.383878952609224e-05,7.991476449578815,-1.55425006444505
3938,7.391077866908578e-05,7.991474539044071,-1.5542463764697696
3939,7.396743505311115e-05,7.991471553082792,-1.5542408157595582
3940,7.400843734814759e-05,7.991468548320992,-1.5542352490764828
3941,7.411773711440952e-05,7.991465617448652,-1.5542297180667126
3942,7.413133077809666e-05,7.99146355853805,-1.5542259997789873
3943,7.4177635051947e-05,7.99146059340864,-1.5542204351857671
3944,7.418047275422007e-05,7.9914586906627845,-1.5542167145808694
3945,7.419120021681929e-05,7.991456646433788,-1.5542129909493612
3946,7.417257611470772e-05,7.991454680014333,-1.5542092568795556
3947,7.4191688910987e-05,7.991452652474445,-1.55420553772077
3948,7.431125395792954e-05,7.991450730680416,-1.5542018695411786
3949,7.43715745907785e-05,7.991448724805294,-1.5541981729415937
3950,7.438737864555517e-05,7.9914467554886786,-1.5541944584399021
3951,7.437530566474232e-05,7.991444785736536,-1.5541907258157008
3952,7.440018288989742e-05,7.991442743970011,-1.5541870135865725
3953,7.444962067405934e-05,7.9914407382559025,-1.5541833095318067
3954,7.450825568020457e-05,7.991437875541821,-1.5541777483444201
3955,7.453329162754483e-05,7.991435810010614,-1.5541740330886713
3956,7.457457757684287e-05,7.991433865085978,-1.5541703304992824
3957,7.466959148634276e-05,7.991430899265506,-1.5541647883778693
3958,7.466755533385821e-05,7.991428886439081,-1.5541610643641313
3959,7.46583458162793e-05,7.991427876776677,-1.5541591931820307
3960,7.464718504843288e-05,7.991425939500165,-1.5541554647441536
3961,7.466215061053851e-05,7.991424880052373,-1.5541536063567487
3962,7.47178887553922e-05,7.991422946446194,-1.5541499142685915
3963,7.484985657016217e-05,7.991420943435537,-1.554146247822192
3964,7.491705698979978e-05,7.99141895311578,-1.5541425551948849
3965,7.485515659575707e-05,7.991416939561309,-1.554138806199236
3966,7.484537565950657e-05,7.991414995028509,-1.5541350769134419
3967,7.493243913046011e-05,7.991413015813894,-1.5541313885642973
3968,7.505776083540081e-05,7.991411033190162,-1.5541277233365043
3969,7.508160813148368e-05,7.991409052475407,-1.554124014506857
3970,7.506196126983877e-05,7.9914070439341796,-1.5541202819700075
3971,7.500545076483532e-05,7.9914051016006935,-1.554116530294708
3972,7.504563957300549e-05,7.991403043400702,-1.5541128192071192
3973,7.514766586815389e-05,7.991401092916168,-1.5541091449386333
3974,7.530203017141984e-05,7.991398140594499,-1.554103635483642
3975,7.525517035818174e-05,7.991395122946133,-1.554098031278638
3976,7.516842677057127e-05,7.991393204574999,-1.5540942639468363
3977,7.527292233054596e-05,7.991390124847318,-1.5540887191975017
3978,7.536262462887594e-05,7.991388149033674,-1.5540850374559754
3979,7.546041400004116e-05,7.9913862370182365,-1.5540813643176106
3980,7.526829485773642e-05,7.99138322083146,-1.5540756760423091
3981,7.540192143590931e-05,7.991380234106182,-1.5540701624213211
3982,7.556300067870767e-05,7.991378306499729,-1.5540665129936644
3983,7.560544007073776e-05,7.991376307235292,-1.5540628006786532
3984,7.556107635071667e-05,7.9913743055540865,-1.5540590554145852
3985,7.552478492653457e-05,7.991371285871448,-1.5540534413090545
3986,7.567643595228923e-05,7.991369330112439,-1.5540498125371085
3987,7.584970879298445e-05,7.9913663183969055,-1.5540443032352582
3988,7.567734201829373e-05,7.991364377186517,-1.554040494996257
3989,7.553058987239457e-05,7.991362318248605,-1.554036684778956
3990,7.56672314511544e-05,7.991360375894074,-1.554033013744282
3991,7.595823126874751e-05,7.991357419672684,-1.554027548648228
3992,7.581109052788587e-05,7.9913555080873495,-1.554023764548995
3993,7.579261233732909e-05,7.991353433225069,-1.5540200243237656
3994,7.592237417751538e-05,7.9913515015988255,-1.5540163619825138
3995,7.61093629690104e-05,7.991348527553019,-1.5540108645301374
3996,7.614369532071219e-05,7.991346561712263,-1.5540071632911687
3997,7.601937441293005e-05,7.991344531924864,-1.5540033747812414
3998,7.589341789839453e-05,7.991343559045291,-1.5540014539300264
3999,7.580588518940357e-05,7.991342488380121,-1.5539995499224875
4000,7.605905061461474e-05,7.99134051726746,-1.5539959303058566
4001,7.632420048115705e-05,7.99133863055489,-1.5539923283319899
4002,7.622414230238177e-05,7.991336585328289,-1.5539885566119718
4003,7.609479101368245e-05,7.99133466000036,-1.5539847763372256
4004,7.616898756466014e-05,7.9913325902847685,-1.5539810785682275
4005,7.626686893867417e-05,7.991330700071732,-1.5539774003173723
4006,7.637991299914492e-05,7.99132867952279,-1.5539737292264224
4007,7.644840752704272e-05,7.991326766310112,-1.5539700386694055
4008,7.64425681170827e-05,7.991324685663078,-1.5539663170278493
4009,7.645466960752142e-05,7.991322773938547,-1.5539626020154225
4010,7.646395802041218e-05,7.991320733946756,-1.5539588773844057
4011,7.652334580370686e-05,7.991317765729443,-1.553953315905441
4012,7.663719766988413e-05,7.991314839018437,-1.5539477904233687
4013,7.665182406938963e-05,7.991312769277921,-1.5539440713576544
4014,7.663260778151549e-05,7.991310838399012,-1.5539403380671857
4015,7.668311074114788e-05,7.991307871986004,-1.5539347755588329
4016,7.68409912235151e-05,7.991305883901853,-1.5539311161857476
4017,7.68937063375501e-05,7.991303840057699,-1.5539274203565328
4018,7.677480017705199e-05,7.991301892908988,-1.5539236403636032
4019,7.667106218399009e-05,7.991299827615165,-1.5539198597536439
4020,7.684377870265536e-05,7.991296961586377,-1.553914348335312
4021,7.704840722780027e-05,7.991294927207476,-1.553910719320547
4022,7.705597312359748e-05,7.9912929972906595,-1.5539070065483258
4023,7.681084321415126e-05,7.991289929864088,-1.5539012982986204
4024,7.678050449922769e-05,7.991287945132043,-1.55389755130953
4025,7.716316986038978e-05,7.991285061116086,-1.5538921365184852
4026,7.73084584120959e-05,7.991283058445866,-1.5538884815040717
4027,7.712069692057436e-05,7.991281011328179,-1.5538846794495693
4028,7.697793452825095e-05,7.991277986159192,-1.5538790115075365
4029,7.721885412420705e-05,7.991276086276339,-1.5538753908881116
4030,7.737983052604376e-05,7.991274124427709,-1.5538717452285362
4031,7.727084633108259e-05,7.991272182660909,-1.5538679773290178
4032,7.728853249524424e-05,7.9912690969306714,-1.5538623907301576
4033,7.739873555889506e-05,7.991267168317026,-1.5538587221067512
4034,7.751669849213733e-05,7.991265173793287,-1.5538550577164303
4035,7.755812825198286e-05,7.9912632666169925,-1.553851354418852
4036,7.753200154100691e-05,7.991260248469643,-1.5538457601113544
4037,7.75136465038898e-05,7.991258267868597,-1.553842030544784
4038,7.764223559430615e-05,7.991256270234879,-1.553838365220503
4039,7.771808272439766e-05,7.991254292149472,-1.5538346797891796
4040,7.767204248133657e-05,7.991252236485657,-1.5538309341207435
4041,7.762581601423045e-05,7.991250347844432,-1.5538271858868677
4042,7.771518014119109e-05,7.991248341063031,-1.5538234994800284
4043,7.775807788315537e-05,7.991247393220164,-1.5538216572033774
4044,7.782112930334788e-05,7.991245354576395,-1.553817966385158
4045,7.79049316730435e-05,7.991243380851796,-1.553814291023361
4046,7.791728024007009e-05,7.991242397320547,-1.5538124285722732
4047,7.772420404659583e-05,7.991240330848097,-1.5538086056438511
4048,7.764548845852466e-05,7.991238408554481,-1.553804841374883
4049,7.795495480494796e-05,7.991236380774182,-1.5538012524264577
4050,7.813035576972477e-05,7.991234512953974,-1.5537976149334558
4051,7.801036100085174e-05,7.991232422081146,-1.5537938431769658
4052,7.795111084695255e-05,7.9912305188326425,-1.5537901000346288
4053,7.805672326931931e-05,7.991228440021467,-1.5537864157023782
4054,7.81511819383929e-05,7.991226528072091,-1.5537827398850035
4055,7.821920546114387e-05,7.99122449665135,-1.5537790497401145
4056,7.823154973780567e-05,7.991222592936073,-1.553775330524245
4057,7.818623688163457e-05,7.991220522591298,-1.5537715874476705
4058,7.817240434644718e-05,7.991218621364263,-1.5537678558988273
4059,7.827435013372075e-05,7.991216577771759,-1.5537641727610776
4060,7.833266244060787e-05,7.991214650911505,-1.553760478562289
4061,7.833168160766073e-05,7.9912126140507045,-1.553756755449523
4062,7.835064263975178e-05,7.9912106906929035,-1.553753041457391
4063,7.838296457376901e-05,7.991208636712753,-1.5537493308673769
4064,7.841947666396352e-05,7.991206694968418,-1.5537456244965504
4065,7.847870767355329e-05,7.991203692015545,-1.5537400565910273
4066,7.852603777741234e-05,7.991201748267432,-1.553736350155269
4067,7.854539350773669e-05,7.991199696020494,-1.5537326373643243
4068,7.85969928695856e-05,7.991197737099331,-1.5537289395501945
4069,7.866054056888398e-05,7.991195774354785,-1.5537252441328364
4070,7.865928029282418e-05,7.991193831338607,-1.5537215203477968
4071,7.864369339780681e-05,7.991191780804926,-1.5537177812933665
4072,7.865661377915657e-05,7.99118983181345,-1.5537140635003825
4073,7.876130159690771e-05,7.991187797295258,-1.5537103864675685
4074,7.887735242906237e-05,7.991184829371637,-1.5537048611775612
4075,7.890521193843377e-05,7.991183805828832,-1.5537030066503597
4076,7.885381275791221e-05,7.991181915013548,-1.5536992664702505
4077,7.891373817985209e-05,7.991179881479599,-1.5536955681870122
4078,7.902454688720086e-05,7.991177949611094,-1.5536918975679166
4079,7.904284852881078e-05,7.991175901573442,-1.5536881851344082
4080,7.90210690279086e-05,7.991173976333042,-1.5536844575783952
4081,7.899936440956575e-05,7.9911719445373715,-1.5536807156080605
4082,7.901927589275856e-05,7.991170006018386,-1.5536770006481515
4083,7.91273799808877e-05,7.991167991717253,-1.5536733247872456
4084,7.921238900884924e-05,7.9911660334779135,-1.5536696411421653
4085,7.916406718646265e-05,7.99116399122057,-1.5536658977817133
4086,7.914003489133257e-05,7.991162021155475,-1.5536621614623491
4087,7.91592118717927e-05,7.9911600108047285,-1.5536584394907043
4088,7.93729548138206e-05,7.991157107890392,-1.5536529461018018
4089,7.941614352778125e-05,7.991155054860274,-1.5536492438076712
4090,7.922303295687346e-05,7.991152142276412,-1.5536435656070997
4091,7.935654513349832e-05,7.991149101757334,-1.5536380329658395
4092,7.954977587450911e-05,7.991146128728389,-1.5536325392045236
4093,7.961038326523051e-05,7.991143213050206,-1.5536269825449427
4094,7.956282382943293e-05,7.991140261193683,-1.5536213827367031
4095,7.963133106916786e-05,7.991138235373595,-1.5536176899426135
4096,7.969814631196707e-05,7.991136287715727,-1.5536140014792552
4097,7.971544552950678e-05,7.9911342804573975,-1.5536102801952911
4098,7.971678633615698e-05,7.991132292408951,-1.5536065617929373
4099,7.976014617186574e-05,7.991130308929151,-1.5536028565703772
4100,7.97865787160635e-05,7.991128323603406,-1.55359914534213
4101,7.983967454143433e-05,7.99112631385054,-1.5535954390065252
4102,7.985248284666464e-05,7.9911243751325705,-1.5535917233771535
4103,7.989550773156014e-05,7.991121334095368,-1.5535861457731144
4104,7.987841397737238e-05,7.991119418771867,-1.5535824181404192
4105,8.001148228127044e-05,7.991116408656465,-1.5535768935622312
4106,8.008715518950313e-05,7.9911134106662685,-1.553571338156162
4107,8.008902294124466e-05,7.991111487806578,-1.5535676233120679
4108,8.00959340451788e-05,7.991109457045003,-1.553563897897057
4109,8.012783534467647e-05,7.991107520578828,-1.5535601890620951
4110,8.016760795113928e-05,7.991105479592326,-1.5535564779332443
4111,8.019917562399993e-05,7.99110355823453,-1.5535527700677896
4112,8.02664104151821e-05,7.9911015117383135,-1.5535490736224598
4113,8.028617173366758e-05,7.991099600207783,-1.5535453612388064
4114,8.034985473805415e-05,7.991096568158117,-1.5535398049356328
4115,8.034773026168991e-05,7.99109460105443,-1.5535360764100545
4116,8.046301745295907e-05,7.991091672973865,-1.5535305481665753
4117,8.057947703694256e-05,7.991089577853661,-1.553526872201158
4118,8.04300938423423e-05,7.991087630266113,-1.5535230853627804
4119,8.034557120672307e-05,7.991085553801663,-1.5535193084732233
4120,8.03601737938458e-05,7.99108366835728,-1.5535155876130704
4121,8.059261323258983e-05,7.991081658441303,-1.5535119581949546
4122,8.074522472345382e-05,7.991079775176522,-1.5535083074416232
4123,8.068322581889429e-05,7.991078743528983,-1.5535064205552147
4124,8.060180379099243e-05,7.991076750110772,-1.5535026623037484
4125,8.065461936568747e-05,7.99107476232316,-1.553498957339261
4126,8.069613704927894e-05,7.991072751038844,-1.5534952530989887
4127,8.076088944008692e-05,7.991070774467414,-1.5534915545298107
4128,8.083175872414971e-05,7.99106884839,-1.5534878666881569
4129,8.08489545485276e-05,7.991066873117695,-1.5534841474730385
4130,8.089301930616153e-05,7.991064825912452,-1.553480446358455
4131,8.09549927385155e-05,7.9910628147170115,-1.5534767508808052
4132,8.100099659864367e-05,7.991060905522417,-1.5534730475884106
4133,8.093189598737245e-05,7.991058877602473,-1.5534692878532668
4134,8.098713647483294e-05,7.991056924540754,-1.5534655892051363
4135,8.108524804751913e-05,7.99105488340401,-1.5534619088098627
4136,8.115317038894728e-05,7.991052941302232,-1.5534582220680464
4137,8.11682738988264e-05,7.991051986666004,-1.55345636517156
4138,8.119690771511722e-05,7.991049936080663,-1.5534526547913083
4139,8.117103946293658e-05,7.9910480231879655,-1.5534489187232885
4140,8.122336024318945e-05,7.991045002533522,-1.5534433524935762
4141,8.134570670411987e-05,7.991043006324653,-1.5534396884664412
4142,8.133458961898947e-05,7.991041017269659,-1.5534359522857932
4143,8.11652465032025e-05,7.991039008446357,-1.5534321451675956
4144,8.116124940672242e-05,7.991037031711824,-1.5534284121022122
4145,8.142859174088786e-05,7.991035079519025,-1.5534248080100146
4146,8.161646699305798e-05,7.991033092353884,-1.553421172641595
4147,8.144911555993579e-05,7.991031119784663,-1.5534173752406673
4148,8.136250357312866e-05,7.9910300855081795,-1.5534154727346479
4149,8.142213639594121e-05,7.9910281576744495,-1.5534117787971493
4150,8.154936301887272e-05,7.991027166767,-1.5534099815221496
4151,8.166241128832689e-05,7.991026161521832,-1.5534081707024148
4152,8.166704917976183e-05,7.991024132832253,-1.5534044421836335
4153,8.151538667854661e-05,7.991022225364608,-1.5534006514007177
4154,8.152277725539493e-05,7.991020177452348,-1.5533969195300938
4155,8.171824711052653e-05,7.9910182747809095,-1.5533933047042359
4156,8.181118578039681e-05,7.99101623802122,-1.5533896179370863
4157,8.182007793293356e-05,7.991014280913939,-1.5533858985506022
4158,8.178379330867381e-05,7.991012255581659,-1.553382155477693
4159,8.179372019014059e-05,7.991009327879825,-1.553376564761733
4160,8.192351667060742e-05,7.991007311925596,-1.5533728976165473
4161,8.201517699368087e-05,7.991004370839978,-1.5533673585826266
4162,8.200340036884238e-05,7.991002354487827,-1.5533636298120401
4163,8.195295641176872e-05,7.991000404583488,-1.5533598810544715
4164,8.202765271970417e-05,7.990997404369276,-1.55335431983403
4165,8.20817734910028e-05,7.990995382843684,-1.5533506212871837
4166,8.21636799414898e-05,7.99099252555553,-1.5533450731285006
4167,8.221281209245684e-05,7.990990462235024,-1.5533413681584147
4168,8.220274020278173e-05,7.990988531175211,-1.5533376444566493
4169,8.22899359604413e-05,7.990985513592446,-1.553332097813732
4170,8.238146353199559e-05,7.990983532429677,-1.5533284129122815
4171,8.234934148192608e-05,7.990980561895964,-1.5533228193047874
4172,8.236807538129271e-05,7.990978545341058,-1.5533191004542732
4173,8.254258725624095e-05,7.990975604969035,-1.5533135931784028
4174,8.254393802966996e-05,7.990972599734321,-1.553308017357135
4175,8.25256236406211e-05,7.990969634222227,-1.553302416922672
4176,8.262390735626025e-05,7.990966708909098,-1.553296874832558
4177,8.278776335622694e-05,7.9909636931260435,-1.5532913684591132
4178,8.261029114697439e-05,7.990961611155275,-1.5532875529559376
4179,8.250972353053096e-05,7.990958691999922,-1.553281911166127
4180,8.296230254150073e-05,7.990955799590505,-1.5532765281134846
4181,8.290473285975318e-05,7.99095374206606,-1.5532727858412905
4182,8.281170039165395e-05,7.990951832488239,-1.5532690256531474
4183,8.287329821916569e-05,7.99094978014079,-1.5532653269775218
4184,8.29213560935892e-05,7.9909487887682005,-1.5532634878424787
4185,8.301490294031234e-05,7.990946839486593,-1.5532598048498811
4186,8.303295597522952e-05,7.990944832717081,-1.5532560941261528
4187,8.302505131553293e-05,7.99094290819092,-1.5532523687019626
4188,8.306564970322178e-05,7.99093990731945,-1.5532468004410402
4189,8.313035776094801e-05,7.990937880883716,-1.5532431005643916
4190,8.314843478356595e-05,7.99093598129464,-1.5532393869942593
4191,8.317073039038315e-05,7.990933939966626,-1.5532356691544345
4192,8.316066987757021e-05,7.990931976223836,-1.5532319397212868
4193,8.321518640390911e-05,7.99092994981612,-1.55322823796191
4194,8.331658709531977e-05,7.990928003731158,-1.5532245634593906
4195,8.337777829974935e-05,7.990926001512302,-1.5532208681409325
4196,8.339469103609988e-05,7.990924035486966,-1.5532171540719513
4197,8.336049463856387e-05,7.99092101096878,-1.5532115465877474
4198,8.335531841428077e-05,7.990919097723659,-1.5532078238802178
4199,8.345562434084297e-05,7.990917044921022,-1.5532041371267162
4200,8.352929932478014e-05,7.990915139901915,-1.5532004497453404
4201,8.356185930355832e-05,7.990913117895898,-1.553196732155264
4202,8.35740069101545e-05,7.990911175263458,-1.55319302492027
4203,8.368057361116491e-05,7.990909164479318,-1.5531893476975935
4204,8.372414914200545e-05,7.990907138144744,-1.5531856384685683
4205,8.371221367669877e-05,7.990905162910555,-1.5531819171300871
4206,8.374990582653311e-05,7.990903206137901,-1.5531782126616405
4207,8.377074484884377e-05,7.99090126104297,-1.5531744928487967
4208,8.380537694038554e-05,7.990898299606268,-1.553168920793122
4209,8.38518492164946e-05,7.990896205564969,-1.5531652147851998
4210,8.392407672579086e-05,7.9908932892275315,-1.553159664488638
4211,8.397038457220889e-05,7.990890341608356,-1.5531541023645363
4212,8.397200226550888e-05,7.990888262828448,-1.5531503725153106
4213,8.398750284665001e-05,7.990886368342254,-1.5531466564127967
4214,8.404548167243361e-05,7.990884344848794,-1.5531429550208142
4215,8.413804669083143e-05,7.990881400852608,-1.5531374126343065
4216,8.424926421113425e-05,7.990879398724652,-1.5531337452294338
4217,8.424058071090943e-05,7.990876375399576,-1.5531281578117089
4218,8.42350552625541e-05,7.990873463607364,-1.553122565367466
4219,8.431988081305597e-05,7.99087147314376,-1.5531188815786536
4220,8.436455947545732e-05,7.990869515229324,-1.5531151781904435
4221,8.437820945908996e-05,7.990867461453044,-1.5531114569341997
4222,8.4380809336251e-05,7.990866528823579,-1.5531095995838442
4223,8.439841186638006e-05,7.990865522691915,-1.5531077424972934
4224,8.4419566157447e-05,7.990863542584995,-1.5531040245402157
4225,8.445771781915784e-05,7.990861596260622,-1.5531003160286592
4226,8.450152743370424e-05,7.99085950977077,-1.5530966113629567
4227,8.454410917669437e-05,7.990857538553044,-1.5530929085704743
4228,8.461271525801273e-05,7.990855586235811,-1.5530892179995057
4229,8.465208099515369e-05,7.99085261711329,-1.5530836442508866
4230,8.466078624978767e-05,7.990850690981658,-1.5530799272905595
4231,8.467820900472002e-05,7.990848622324128,-1.5530762062114496
4232,8.482136078882821e-05,7.990845740413069,-1.5530706877270748
4233,8.487608132728897e-05,7.990843666593523,-1.553066986940281
4234,8.479884029108497e-05,7.9908406379191295,-1.5530613679468956
4235,8.480833448482798e-05,7.9908387579971105,-1.5530576446148279
4236,8.491036124829052e-05,7.990836746230729,-1.5530539609952816
4237,8.505782697737293e-05,7.990833826544107,-1.5530484452155482
4238,8.485579117190291e-05,7.990830748839724,-1.5530427576384112
4239,8.491030436377612e-05,7.990827734906295,-1.553037181776347
4240,8.51833810800014e-05,7.990825853289878,-1.5530335799071602
4241,8.524142588023824e-05,7.99082393606188,-1.5530298888632985
4242,8.514273170157908e-05,7.990820897904625,-1.5530242649689454
4243,8.509560512713259e-05,7.990818864406016,-1.5530205144334883
4244,8.525773188929766e-05,7.990816926154981,-1.5530168613453041
4245,8.542575015380481e-05,7.990814918269688,-1.5530132138577641
4246,8.543591011495948e-05,7.9908119914026186,-1.5530076382405211
4247,8.518576583120044e-05,7.990808942270177,-1.5530019247733164
4248,8.527118933093564e-05,7.990807018024003,-1.5529982402914468
4249,8.555790310228082e-05,7.9908040656921315,-1.5529927962393533
4250,8.555688206075631e-05,7.9908020640796895,-1.5529890640288995
4251,8.556572900094822e-05,7.990799129475485,-1.552983481304912
4252,8.56709924041129e-05,7.990797039738284,-1.552979801479682
4253,8.576732681553593e-05,7.990795136114338,-1.5529761225994136
4254,8.57221396010417e-05,7.990792116851272,-1.5529705185748575
4255,8.563452703385024e-05,7.99079018380235,-1.5529667475163633
4256,8.578422056700336e-05,7.99078714481688,-1.5529612513024504
4257,8.592138055692733e-05,7.990785220832425,-1.55295759256563
4258,8.594238413191147e-05,7.990783202661444,-1.5529538696763074
4259,8.58788449541563e-05,7.9907812790331025,-1.5529501132431947
4260,8.591434018551083e-05,7.99077923721948,-1.552946398004639
4261,8.593882646533108e-05,7.99077821276919,-1.552944543934675
4262,8.598900310212237e-05,7.990776284074904,-1.5529408416390338
4263,8.605100471709151e-05,7.99077430650149,-1.552937141646932
4264,8.608745936572697e-05,7.990772361828795,-1.552933434154329
4265,8.609294220609349e-05,7.990769359485396,-1.5529278499900452
4266,8.610830406455799e-05,7.990767338776539,-1.5529241322656977
4267,8.62667201957392e-05,7.990764426447742,-1.5529186158565529
4268,8.627171183035616e-05,7.990762345421569,-1.552914897681932
4269,8.631503335418399e-05,7.990759397266447,-1.5529093321060239
4270,8.633614724218377e-05,7.990757447957455,-1.5529056143565088
4271,8.638125512802512e-05,7.990755460542733,-1.5529019049324138
4272,8.641512514849677e-05,7.990752503652172,-1.5528963385949288
4273,8.648529670777666e-05,7.990750463529452,-1.552892645091308
4274,8.654578954726605e-05,7.990747521470863,-1.552887086605869
4275,8.655049213649474e-05,7.990744576402749,-1.5528815046830013
4276,8.657353352117074e-05,7.99074251907623,-1.5528777847721194
4277,8.665234272005413e-05,7.990740636999503,-1.552874100465925
4278,8.678610205345058e-05,7.9907385787565515,-1.5528704388347179
4279,8.675431411195883e-05,7.9907366191123,-1.552866708020496
4280,8.67108687330754e-05,7.990733632386985,-1.5528610973102637
4281,8.676605144198967e-05,7.9907316727192645,-1.5528573922999258
4282,8.690971570665581e-05,7.990728733451931,-1.5528518706077212
4283,8.688451489061496e-05,7.990726643408943,-1.5528481358174435
4284,8.689982590717494e-05,7.990724747679419,-1.5528444184747063
4285,8.702754526096655e-05,7.9907217779266055,-1.5528388945611633
4286,8.707769521118957e-05,7.990719744469432,-1.552835192223335
4287,8.704464360980117e-05,7.990717756129191,-1.5528314521616882
4288,8.703656629786527e-05,7.990715766325682,-1.552827717690718
4289,8.714040463792275e-05,7.9907138488582,-1.5528240424091233
4290,8.724579522108594e-05,7.990710798926708,-1.5528185061955717
4291,8.729052599333239e-05,7.990708883706161,-1.552814810006752
4292,8.726494124885954e-05,7.990705845068779,-1.5528092080070357
4293,8.726572626285201e-05,7.990703936651871,-1.5528054823717896
4294,8.737001105637168e-05,7.99070188571743,-1.5528018043871747
4295,8.742990588252541e-05,7.990699958336698,-1.5527981096038177
4296,8.74014956997348e-05,7.990697901716413,-1.5527943699319866
4297,8.743957523913272e-05,7.990696013849715,-1.5527906667249398
4298,8.750139333733785e-05,7.99069500097679,-1.5527888324199857
4299,8.758949868335064e-05,7.990692967101162,-1.552785152903798
4300,8.758242501360365e-05,7.99069103177362,-1.5527814280960555
4301,8.757398400664069e-05,7.990689012631897,-1.5527776961861175
4302,8.756358350761567e-05,7.990687070140676,-1.5527739651476304
4303,8.758028011334182e-05,7.990686008420431,-1.552772107869516
4304,8.767148210043043e-05,7.990684094248037,-1.552768428501072
4305,8.777988463702736e-05,7.990682079046391,-1.55276475089622
4306,8.779443520847769e-05,7.990680093600473,-1.552761041464228
4307,8.78160722252397e-05,7.990678093381267,-1.5527573284275982
4308,8.78284235257795e-05,7.990676119539698,-1.5527536026236803
4309,8.779824803495408e-05,7.990674149535408,-1.5527498660775416
4310,8.790179550814126e-05,7.990672154028639,-1.5527461841436014
4311,8.796286685492439e-05,7.990669188355987,-1.5527406325049737
4312,8.796501929577761e-05,7.990667234439625,-1.5527369105274724
4313,8.799970212915726e-05,7.99066522239242,-1.5527331994370808
4314,8.80361201896588e-05,7.990663281289253,-1.5527294947472035
4315,8.80558017679725e-05,7.990662285177555,-1.552727638655139
4316,8.808126330525767e-05,7.990660261385927,-1.5527239224653582
4317,8.812078463953185e-05,7.990658310254055,-1.5527202151051063
4318,8.817411973192475e-05,7.990656308392873,-1.552716512794717
4319,8.816792106325672e-05,7.990654371263286,-1.5527127850381244
4320,8.824272359205993e-05,7.990652317642709,-1.552709093177324
4321,8.831511257722658e-05,7.990650403507019,-1.5527054073155109
4322,8.834921271623546e-05,7.990648332382127,-1.55270169255368
4323,8.834529176598764e-05,7.990646410587972,-1.552697974253589
4324,8.839214853717714e-05,7.99064438969995,-1.5526942677042745
4325,8.839964654759714e-05,7.990642492087414,-1.5526905450496122
4326,8.84582235161387e-05,7.990640426697014,-1.5526868457435417
4327,8.849321226658546e-05,7.990638484502973,-1.552683141143907
4328,8.855497526095388e-05,7.990636429990407,-1.552679443465458
4329,8.860705025353994e-05,7.990633527580463,-1.5526738761204109
4330,8.857654752451528e-05,7.990631539262537,-1.5526701384320651
4331,8.857464170377034e-05,7.990630585341352,-1.5526682740152342
4332,8.860674378569221e-05,7.990628515526539,-1.5526645583255654
4333,8.867794870794055e-05,7.99062753543923,-1.5526627311010874
4334,8.872662965354425e-05,7.990626584306829,-1.5526608945915568
4335,8.882203036672739e-05,7.990624516241068,-1.5526572145975712
4336,8.887963484058355e-05,7.990622626990942,-1.5526535264226617
4337,8.884324226899637e-05,7.990620620053778,-1.552649782085171
4338,8.876798061742713e-05,7.990617654237762,-1.5526441539213054
4339,8.898621155964333e-05,7.99061462715224,-1.5526386928000833
4340,8.904570285673883e-05,7.990611675295541,-1.5526331275449077
4341,8.90166642975709e-05,7.990609706109743,-1.552629385484488
4342,8.896956790173311e-05,7.990606699534693,-1.5526237598860255
4343,8.907504137733504e-05,7.9906047723899585,-1.5526200840484605
4344,8.925108923880831e-05,7.9906017824309306,-1.5526145825958124
4345,8.925917971323822e-05,7.990598775481453,-1.5526089945723445
4346,8.90779932675095e-05,7.990596830153939,-1.5526051811171357
4347,8.923830446631318e-05,7.990593795627072,-1.5525996541230558
4348,8.950333669498363e-05,7.990591925210637,-1.5525960575194797
4349,8.95425630243695e-05,7.990589862349169,-1.5525923601567286
4350,8.923667869839092e-05,7.990586883500406,-1.552586634341283
4351,8.95714154603252e-05,7.990583869912578,-1.5525811851745681
4352,8.951929918731161e-05,7.990580960243906,-1.5525755829359418
4353,8.954087391730656e-05,7.9905780020394594,-1.5525700066024073
4354,8.967234326712424e-05,7.990574998950861,-1.552564482241104
4355,8.975277465254651e-05,7.990572030345715,-1.5525589297790994
4356,8.968226830883634e-05,7.99056902090164,-1.5525533058633347
4357,8.975921148048101e-05,7.99056712997558,-1.5525496182191152
4358,8.993768083399277e-05,7.9905641170071755,-1.5525441132238715
4359,8.995528968195795e-05,7.990562153636812,-1.5525403997151903
4360,8.991302725805639e-05,7.990559210737495,-1.5525347937492233
4361,8.995339983836092e-05,7.990557156283117,-1.5525310856956291
4362,9.008374346843376e-05,7.990554202538143,-1.5525255635571447
4363,9.018085183497867e-05,7.990551242697003,-1.5525200303700977
4364,9.017382084717675e-05,7.990548227274547,-1.5525144368344428
4365,9.013286230590673e-05,7.990546315017477,-1.5525106920606977
4366,9.025474432098388e-05,7.990543274925626,-1.5525051600671407
4367,9.041306370010914e-05,7.99054026336461,-1.5524996492277539
4368,9.012631745266014e-05,7.990537280584274,-1.5524939165222178
4369,9.012042406457379e-05,7.990535346129903,-1.5524901859474134
4370,9.029837088859376e-05,7.9905343727087885,-1.5524883967865224
4371,9.063253587455049e-05,7.9905323602874985,-1.5524848329920222
4372,9.061861639104863e-05,7.990530404423847,-1.5524811106416292
4373,9.04143196797449e-05,7.990528379967213,-1.5524772908989368
4374,9.038389205758688e-05,7.990526460893559,-1.5524735449631741
4375,9.07146813041927e-05,7.99052343729877,-1.5524681146629589
4376,9.058874056604838e-05,7.990520450713777,-1.5524624680865402
4377,9.044518991811596e-05,7.990517485931055,-1.5524568039841726
4378,9.068877594978154e-05,7.9905154808707435,-1.5524531779927515
4379,9.080170070216017e-05,7.990511551051438,-1.5524457882442013
4380,9.076147960460135e-05,7.9905096196772005,-1.552442047538039
4381,9.097651008692312e-05,7.990506622336531,-1.5524365905924506
4382,9.10110403543546e-05,7.990504680509554,-1.5524328747808698
4383,9.098623204719842e-05,7.990501698111136,-1.5524272714644471
4384,9.102494653175776e-05,7.990498685269375,-1.552421690711377
4385,9.111336928440243e-05,7.990496746318871,-1.5524180051672598
4386,9.121179181414475e-05,7.990493748317788,-1.552412463389981
4387,9.115705030042154e-05,7.990491692665926,-1.5524087148893655
4388,9.122874690983865e-05,7.990487774881598,-1.5524012899908433
4389,9.139344283205592e-05,7.9904848516643785,-1.5523957790196243
4390,9.137639886133875e-05,7.990481840951757,-1.5523901913758895
4391,9.1420843758186e-05,7.990479810282727,-1.5523864811358274
4392,9.137003452369598e-05,7.990476876504819,-1.55238086414191
4393,9.138882744518289e-05,7.990474885377469,-1.5523771489585445
4394,9.161571647986828e-05,7.9904718484576644,-1.5523716611149536
4395,9.174188886426777e-05,7.990469935823362,-1.5523679974917035
4396,9.149880913336286e-05,7.990467006172681,-1.5523622952165455
4397,9.160784304505796e-05,7.990463940528727,-1.5523567550532265
4398,9.189051513423308e-05,7.9904600256763825,-1.5523494329762242
4399,9.16941802529932e-05,7.990458069121592,-1.5523456221037264
4400,9.173633398615051e-05,7.990455024311391,-1.5523400423327234
4401,9.201217319697907e-05,7.990452094155301,-1.5523345781227673
4402,9.202845554118422e-05,7.99044917967692,-1.5523290115030697
4403,9.201785044943094e-05,7.990447133164495,-1.5523252804652585
4404,9.201660456016504e-05,7.990444208949148,-1.5523196882966646
4405,9.218503451369817e-05,7.990441233261825,-1.5523141845762902
4406,9.226264675519739e-05,7.990439178341497,-1.5523104983395413
4407,9.227592601951432e-05,7.990438198372504,-1.5523086384419291
4408,9.224403231049748e-05,7.9904362796873425,-1.55230489940847
4409,9.221350813931197e-05,7.9904342509991,-1.5523011602185381
4410,9.223091894707774e-05,7.99043231677175,-1.5522974478746105
4411,9.236064344281656e-05,7.990430281359085,-1.552293778066969
4412,9.241299645538188e-05,7.990428361471123,-1.5522900845354854
4413,9.246305483399773e-05,7.990424401483966,-1.5522826582131546
4414,9.248162619462393e-05,7.990422360176042,-1.5522789366004957
4415,9.251390407564726e-05,7.990419432688545,-1.5522733646602123
4416,9.25587348596071e-05,7.990417418288375,-1.5522696623236374
4417,9.262500598059636e-05,7.990415397013973,-1.5522659663367746
4418,9.264923970218104e-05,7.990412535730161,-1.5522603904723167
4419,9.268512606162794e-05,7.990410471682761,-1.5522566745188706
4420,9.271107106550945e-05,7.99040748776104,-1.55225110212566
4421,9.287790176494527e-05,7.990404593705922,-1.5522455989816648
4422,9.289693271051371e-05,7.9904015338946115,-1.5522400205732876
4423,9.287843716209777e-05,7.9903996103351655,-1.5522362863460928
4424,9.289656345963603e-05,7.990397593543878,-1.5522325675654778
4425,9.295190739407248e-05,7.990395652351181,-1.5522288679990308
4426,9.304948888598124e-05,7.990393582603005,-1.5522251864563832
4427,9.315037038603375e-05,7.990390637745023,-1.5522196527251477
4428,9.316666385464027e-05,7.990388703262356,-1.55221593931921
4429,9.313636329187436e-05,7.990385677223443,-1.5522103327784986
4430,9.320854773104197e-05,7.990382769150489,-1.552204776202488
4431,9.327180830979205e-05,7.990380738924105,-1.552201083699002
4432,9.330207190523073e-05,7.9903777572019665,-1.5521955078532126
4433,9.332780535862808e-05,7.990375844926122,-1.5521918021971604
4434,9.347032490962194e-05,7.9903728089903465,-1.5521862756046259
4435,9.347407856077456e-05,7.990370879823273,-1.5521825597016592
4436,9.350609447803195e-05,7.990368823436243,-1.5521788465819197
4437,9.352902663801627e-05,7.990365888782082,-1.552173268524365
4438,9.357326967453084e-05,7.990363927702658,-1.5521695619102756
4439,9.362928433731855e-05,7.990360878748209,-1.5521639983283642
4440,9.369398428205794e-05,7.990357969628652,-1.5521584430838133
4441,9.371829069591916e-05,7.990355031839878,-1.552152864404499
4442,9.372783242044204e-05,7.990352940930132,-1.5521491414359723
4443,9.37968610394159e-05,7.990350011511482,-1.5521435875310141
4444,9.396449771233591e-05,7.990347114995714,-1.5521380791494168
4445,9.390704976070937e-05,7.99034406384205,-1.552132466828211
4446,9.392054671649417e-05,7.990342072065559,-1.552128740887381
4447,9.396367288134741e-05,7.990341099962427,-1.5521268988311612
4448,9.410736919421887e-05,7.99033918528693,-1.5521232372601912
4449,9.415068178849388e-05,7.9903371207512395,-1.5521195353061934
4450,9.413879356463169e-05,7.9903351932234905,-1.5521158085872468
4451,9.408959962831223e-05,7.9903331565499185,-1.5521120594466413
4452,9.415503873200246e-05,7.99033023732179,-1.552106496111476
4453,9.422204569610053e-05,7.990328177074656,-1.5521027985305016
4454,9.430339121600669e-05,7.9903252871469,-1.5520972501778307
4455,9.436653924810565e-05,7.990322331454077,-1.5520916911653073
4456,9.437084952261961e-05,7.990319330391826,-1.5520861084665043
4457,9.448888427722089e-05,7.990317358768553,-1.5520824372701596
4458,9.457990476808256e-05,7.990314370477118,-1.5520768958683886
4459,9.458061980395635e-05,7.990312323519477,-1.5520731754314525
4460,9.45855055247728e-05,7.990310408147656,-1.5520694570810043
4461,9.457137598484227e-05,7.990308386491372,-1.5520657170461458
4462,9.467579660065057e-05,7.99030547859124,-1.5520601817144273
4463,9.475540829496656e-05,7.990302453353978,-1.5520546234495793
4464,9.474590530693303e-05,7.990300480661632,-1.5520508986825143
4465,9.479390070975821e-05,7.990297543993201,-1.5520453361655995
4466,9.486733103169327e-05,7.990294575445883,-1.5520397804562631
4467,9.492388278261098e-05,7.990292557290362,-1.5520360809596963
4468,9.49760100506361e-05,7.9902896153129515,-1.5520305140253268
4469,9.496660968599026e-05,7.990287549729263,-1.5520267810725727
4470,9.503265401377175e-05,7.990285653960268,-1.5520230898110905
4471,9.513401660689376e-05,7.990283612142815,-1.5520194077290952
4472,9.514215134945321e-05,7.990281664958776,-1.5520156928328617
4473,9.518465586145323e-05,7.990278675352143,-1.5520101250338254
4474,9.51930934166097e-05,7.9902767366176946,-1.5520063993803075
4475,9.527466224557458e-05,7.990273763692616,-1.552000853324945
4476,9.532913802706574e-05,7.990271697991417,-1.551997151038601
4477,9.538392661391151e-05,7.990269802988259,-1.5519934567548477
4478,9.540142941916734e-05,7.990266785332746,-1.5519878725684946
4479,9.541627985170496e-05,7.990264844376094,-1.5519841544052728
4480,9.545292454334305e-05,7.990261841403664,-1.5519785833278434
4481,9.551880710756969e-05,7.990259828163194,-1.5519748827795914
4482,9.565935289477105e-05,7.990256882537632,-1.5519693672764723
4483,9.564190386806571e-05,7.990253906748365,-1.5519637743649355
4484,9.56418612722209e-05,7.990252900931365,-1.5519619083628806
4485,9.568318381345043e-05,7.990250957282446,-1.551958205344861
4486,9.577324979490294e-05,7.990248963827531,-1.5519545175464027
4487,9.58189553929837e-05,7.990246945695491,-1.5519508069456305
4488,9.581136689245347e-05,7.990244978077075,-1.5519470849085215
4489,9.585321538732472e-05,7.990243028718516,-1.5519433805383438
4490,9.586953711726443e-05,7.990241057320979,-1.5519396560554988
4491,9.602229087847571e-05,7.990238079435959,-1.5519341471288022
4492,9.609694468699722e-05,7.9902360196565825,-1.551930455743454
4493,9.584358767705623e-05,7.990233068705405,-1.551924740245012
4494,9.591007784301534e-05,7.990231034689089,-1.551921036666713
4495,9.615154870133756e-05,7.990229168539507,-1.551917424299768
4496,9.622074211561078e-05,7.990226171970742,-1.5519118793373083
4497,9.615904491598381e-05,7.990224127014905,-1.5519081238492076
4498,9.61940962656687e-05,7.990222217645097,-1.551904416048504
4499,9.631192331721636e-05,7.99022017156566,-1.5519007434412757
4500,9.639122405058405e-05,7.99021824842741,-1.5518970634675122
4501,9.64265176123821e-05,7.990216218210877,-1.5518933537392658
4502,9.643374700977671e-05,7.990214253815526,-1.5518896292266153
4503,9.640184623584671e-05,7.990212247302671,-1.5518858921704803
4504,9.64324508973871e-05,7.9902103280075,-1.5518821869646071
4505,9.657470436384271e-05,7.9902073170862495,-1.5518766579013539
4506,9.658341628842273e-05,7.99020539364033,-1.5518729423095594
4507,9.659179365190283e-05,7.990203349127866,-1.5518692170381527
4508,9.660704917452318e-05,7.990201405028945,-1.5518654999425416
4509,9.66912311015797e-05,7.990198434221662,-1.5518599499176458
4510,9.675356171862668e-05,7.9901954181686,-1.5518543834512701
4511,9.681084853288633e-05,7.990193489279599,-1.5518506926334834
4512,9.686531922666369e-05,7.990191398017121,-1.5518469919317102
4513,9.692924613383505e-05,7.990189508754395,-1.5518433009399462
4514,9.695388172636971e-05,7.9901865392478415,-1.5518377249303998
4515,9.69391189656185e-05,7.990184592048241,-1.5518339883503096
4516,9.696361318104085e-05,7.990182572138769,-1.5518302738601215
4517,9.712682105826449e-05,7.990179525523977,-1.551824765414522
4518,9.721055636075429e-05,7.9901776182285085,-1.5518210840898672
4519,9.709402124132367e-05,7.990175554188189,-1.5518172981493654
4520,9.695646353948937e-05,7.990173637992532,-1.5518135103059203
4521,9.701056791049132e-05,7.990172640891151,-1.5518116601823984
4522,9.720599573610082e-05,7.990170615972575,-1.5518080380379269
4523,9.72921149645938e-05,7.990169708633367,-1.551806219050515
4524,9.736196207944727e-05,7.990167694947532,-1.5518025195748049
4525,9.733168141861772e-05,7.990165721958202,-1.5517987837415237
4526,9.729127103567428e-05,7.99016372705903,-1.5517950317323281
4527,9.736925374595247e-05,7.9901617073541615,-1.5517913351081463
4528,9.741186171998422e-05,7.9901597400294,-1.5517876338683503
4529,9.748793541936795e-05,7.990157790334889,-1.5517839458062561
4530,9.752311151745423e-05,7.990155823842924,-1.551780230241409
4531,9.75166628963345e-05,7.990153861704428,-1.5517765058807735
4532,9.766224889084287e-05,7.990150807779475,-1.5517709851585637
4533,9.7703738091068e-05,7.9901488810099845,-1.5517672807366596
4534,9.765590516672696e-05,7.990146840601126,-1.5517635323245815
4535,9.775209421815228e-05,7.990143955655892,-1.5517579893460165
4536,9.78581581024654e-05,7.9901419145619,-1.5517543138037042
4537,9.786644586531513e-05,7.990139993651832,-1.5517505991760494
4538,9.784271272065294e-05,7.990137947944942,-1.5517468582758078
4539,9.782737823063449e-05,7.990136027858824,-1.5517431259795236
4540,9.788695559147452e-05,7.990133968049671,-1.551739425809777
4541,9.799411084457058e-05,7.990132051794454,-1.5517357540106016
4542,9.806973961226932e-05,7.990129997802148,-1.5517320629150833
4543,9.806159331358036e-05,7.990128085365094,-1.551728338784343
4544,9.8072872142446e-05,7.990126074955132,-1.5517246166758318
4545,9.818389519938456e-05,7.9901241342167735,-1.5517209481163712
4546,9.82353725980377e-05,7.990122112936303,-1.5517172448024044
4547,9.820476230387604e-05,7.9901201266195425,-1.5517135108852245
4548,9.821929655039823e-05,7.9901181659712845,-1.5517097905173645
4549,9.826178389732262e-05,7.9901152388033365,-1.5517042277380135
4550,9.838509790385652e-05,7.990113169315534,-1.5517005549162284
4551,9.843824460999511e-05,7.990111222289812,-1.5516968616093385
4552,9.841217055293039e-05,7.990108204314404,-1.551691256353838
4553,9.845220177324977e-05,7.990106310276166,-1.5516875504668561
4554,9.857142709217231e-05,7.990103313729876,-1.5516820136149931
4555,9.83986963705806e-05,7.990101197439531,-1.5516782045649538
4556,9.854841782061962e-05,7.990098286774572,-1.5516726816115531
4557,9.884310335174498e-05,7.990096318212453,-1.5516690867786505
4558,9.87594280940206e-05,7.9900944305696004,-1.551665331105261
4559,9.860935882674855e-05,7.99009241510897,-1.5516615352731478
4560,9.867131840551728e-05,7.99009044901601,-1.5516578382900936
4561,9.874983973154995e-05,7.990089425161963,-1.551656011788277
4562,9.884802862265469e-05,7.990087346096907,-1.5516523279986025
4563,9.884846342032005e-05,7.990085455662367,-1.5516486093192032
4564,9.893759152625702e-05,7.990082519272654,-1.5516430582308733
4565,9.895152768385314e-05,7.990079489193464,-1.551637474830085
4566,9.902009825653794e-05,7.990076507833846,-1.551631920083203
4567,9.90853029174512e-05,7.990073630152187,-1.5516263616520913
4568,9.91368523987747e-05,7.990071577258621,-1.5516226563441993
4569,9.92013173199276e-05,7.990068564745378,-1.5516171023534044
4570,9.927211895747933e-05,7.990066671200462,-1.551613416236016
4571,9.930304853413237e-05,7.9900636618933145,-1.5516078385105385
4572,9.927648202219411e-05,7.9900617309042925,-1.5516041006369437
4573,9.93318943587551e-05,7.990058744069656,-1.551598536563144
4574,9.952218167740214e-05,7.990055713219828,-1.5515930375622906
4575,9.954743925722006e-05,7.990053780063568,-1.5515893271452572
4576,9.951217775185188e-05,7.990051745239032,-1.551585586386247
4577,9.951525482901843e-05,7.990049828594928,-1.551581865830135
4578,9.953255322847161e-05,7.990047769081164,-1.551578141132585
4579,9.968049921367799e-05,7.990044872232677,-1.551572624742553
4580,9.974068752635131e-05,7.990042814867786,-1.5515689280731118
4581,9.976813658718683e-05,7.990039840154585,-1.5515633549291612
4582,9.978481694806729e-05,7.9900379207464916,-1.5515596400116374
4583,9.982511234686306e-05,7.990035897146729,-1.5515559280922058
4584,9.987226706706036e-05,7.990032995386604,-1.5515503624033713
4585,9.995777534829507e-05,7.990030012229619,-1.55154481276899
4586,9.996595082338828e-05,7.990026990802069,-1.5515392261365875
4587,0.00010013074837115329,7.990024024324576,-1.551533720664898
4588,0.00010020509874760327,7.990021060570023,-1.5515281747451042
4589,0.000100144957310716,7.990019039614418,-1.551524421407438
4590,0.00010012664295087597,7.990016137268222,-1.5515188215792488
4591,0.00010022678210865789,7.990014081800208,-1.5515151355720322
4592,0.00010032861677057456,7.990011106164257,-1.5515096011824745
4593,0.00010037940766955628,7.990009189329443,-1.5515058961640753
4594,0.00010036261952334866,7.9900061877022495,-1.5515003010544461
4595,0.00010041069233863108,7.99000320348626,-1.5514947323232753
4596,0.00010058451348283199,7.990000308314583,-1.5514892336216732
4597,0.00010063532388059743,7.98999823837916,-1.5514855282293434
4598,0.00010060841079099696,7.98999724731459,-1.5514836582578124
4599,0.00010059206146086158,7.989996321761796,-1.5514817911192935
4600,0.00010060743063291745,7.989994305183791,-1.5514780699578516
4601,0.00010061603375581282,7.989992370607092,-1.5514743476135637
4602,0.00010063081451469877,7.989991363857918,-1.551472494370197
4603,0.00010076062204208564,7.989989321616649,-1.5514688237676997
4604,0.00010083322813892525,7.989986377090385,-1.5514632706826266
4605,0.00010079089106547694,7.989984400385486,-1.551459528161054
4606,0.0001009220359614706,7.989981391643744,-1.5514539990180598
4607,0.00010100371015431832,7.9899794689073484,-1.5514503209667807
4608,0.00010100703334341915,7.989976468173814,-1.5514447342447428
4609,0.00010097240490373658,7.989974538916475,-1.5514409901779702
4610,0.00010102341853106095,7.9899715585446796,-1.5514354291789387
4611,0.00010118647737815017,7.989968523341231,-1.5514299099550743
4612,0.00010121370213000998,7.989965554653378,-1.5514243403248202
4613,0.00010125777263525109,7.989962659096831,-1.5514187763440914
4614,0.00010129857971304667,7.989959636372369,-1.5514132032220687
4615,0.00010129856919934764,7.989956619261922,-1.5514076079563703
4616,0.00010140282992887195,7.9899547127902935,-1.5514039316925778
4617,0.00010149276882852005,7.989951678515679,-1.551398387928933
4618,0.00010150220659388484,7.989949749426045,-1.5513946681758808
4619,0.0001015339475961983,7.9899467947813,-1.5513890970829505
4620,0.00010162366092445431,7.989943783550599,-1.5513835492771855
4621,0.00010176923124735168,7.989940804268997,-1.5513780358138312
4622,0.00010174974624610569,7.989937852263262,-1.5513724444637689
4623,0.00010177895461282626,7.989934893021442,-1.5513668674324264
4624,0.00010180127299720192,7.989932920175638,-1.5513631538898416
4625,0.00010195878522027841,7.989929948418486,-1.551357641482511
4626,0.00010195903902613229,7.989926872776866,-1.5513520512128744
4627,0.0001019446979430029,7.989923954107004,-1.5513464559707675
4628,0.00010211577289312005,7.989921045818207,-1.5513409485717315
4629,0.00010219171906844293,7.989918018080629,-1.551335400969725
4630,0.00010219576791417256,7.989915021216769,-1.5513298111601708
4631,0.00010220922340261524,7.989912143807291,-1.5513242304075767
4632,0.00010231840027499742,7.989910090286994,-1.5513205559392855
4633,0.00010236251429887032,7.989907094265135,-1.5513149901494678
4634,0.00010240368953566547,7.989904193273177,-1.5513094256507631
4635,0.00010240974363254251,7.989901205165823,-1.5513038363296188
4636,0.00010241777356171011,7.9898991904242065,-1.5513001100583095
4637,0.00010243621264604081,7.989898161069457,-1.551298252446439
4638,0.00010245205739876592,7.989897239469579,-1.5512963996710345
4639,0.00010257184078641241,7.989895253855966,-1.5512927270324515
4640,0.00010266467729351594,7.989893280168197,-1.5512890447493486
4641,0.00010268214862682962,7.989891305684764,-1.5512853325350513
4642,0.00010270673184431814,7.9898892907783114,-1.5512816177015394
4643,0.00010268011154016351,7.989887341698528,-1.5512778803190908
4644,0.00010269031075107702,7.98988533187082,-1.551274155764896
4645,0.0001028168538090098,7.989883386925862,-1.55127048986948
4646,0.00010293926026563352,7.989881340197883,-1.5512668234019666
4647,0.00010296069234405531,7.989879409683019,-1.551263114378011
4648,0.00010284403962061955,7.989877377803519,-1.551259327087862
4649,0.00010276126501974015,7.989875417506431,-1.5512555652101403
4650,0.00010292507021104739,7.989873442849856,-1.551251906286428
4651,0.00010317723492503998,7.989870511475961,-1.551246435181823
4652,0.00010302104778647957,7.989868438839344,-1.5512426403365753
4653,0.00010301756454721248,7.989865532027689,-1.551237048051483
4654,0.00010322900055534793,7.989863549285822,-1.5512334335717375
4655,0.00010333472861782379,7.989861620053297,-1.5512297532372235
4656,0.00010319376516707953,7.989858601741203,-1.551224099499572
4657,0.00010304724971652885,7.9898565057695,-1.5512202902261156
4658,0.00010349130876540454,7.989853653302612,-1.551214903735257
4659,0.00010360023874054632,7.98985162664666,-1.5512112323803111
4660,0.0001034325867295654,7.989849723426305,-1.5512074414090267
4661,0.0001034226824401703,7.9898466975775335,-1.5512018414191533
4662,0.00010348783030269091,7.989844705043787,-1.5511981414791602
4663,0.00010368561439073857,7.989841826321502,-1.5511926508298728
4664,0.00010369976256435142,7.989839744929831,-1.5511889268022305
4665,0.0001034756241189226,7.989836709733886,-1.5511832266303842
4666,0.00010368769232745815,7.989833844429884,-1.5511777236460949
4667,0.00010399799629530803,7.989830893364146,-1.5511722829427599
4668,0.00010377544239710123,7.989827882738784,-1.5511666037757041
4669,0.00010382283780976668,7.989824941698828,-1.5511610440363182
4670,0.00010400715433139546,7.9898219616121615,-1.55115552799436
4671,0.00010410426605586708,7.989818954879512,-1.5511499813629133
4672,0.00010412874344591329,7.9898160198052395,-1.5511444086482715
4673,0.00010417424289995263,7.989813064871163,-1.5511388429722535
4674,0.00010426768739012039,7.9898100961551926,-1.5511332978207026
4675,0.00010428480051194547,7.989809144787379,-1.5511314387143134
4676,0.00010429802779103818,7.9898070573824835,-1.551127719616495
4677,0.00010434792698693141,7.98980513875019,-1.5511240216642153
4678,0.00010442645064548078,7.989803120108659,-1.5511203309643866
4679,0.00010440976690452642,7.989801201264147,-1.5511165988213291
4680,0.00010442632856542066,7.98979916136757,-1.551112876993195
4681,0.00010456885507297852,7.989796211295277,-1.5511073571076677
4682,0.00010460826923318903,7.9897932750612854,-1.5511017917675807
4683,0.00010464470716333297,7.989791223145764,-1.5510980800247816
4684,0.0001046157430299601,7.989788299851117,-1.5510924740093912
4685,0.00010471404765433333,7.989786269482737,-1.5510887937651001
4686,0.00010489626188707093,7.989783261021068,-1.5510832966737802
4687,0.0001047871771526827,7.989781341081377,-1.5510795218066067
4688,0.00010469238200859768,7.989778339294425,-1.5510738754039612
4689,0.00010497434554419248,7.989775388590325,-1.5510684094818343
4690,0.00010501857027205812,7.989773442535259,-1.5510647166108222
4691,0.00010503084421155128,7.9897704176522035,-1.5510591355602605
4692,0.00010500644508739475,7.9897685094821105,-1.5510553972305123
4693,0.0001051168768139755,7.989765497413122,-1.5510498596760895
4694,0.00010519658573144857,7.989763520900648,-1.551046166533977
4695,0.0001052079962986385,7.989760601468076,-1.551040589216925
4696,0.0001053488533009219,7.989757574886433,-1.5510350688601704
4697,0.00010538699130889376,7.989754598485186,-1.5510295038448916
4698,0.00010541270586924475,7.989752641943144,-1.5510257945082475
4699,0.00010542737988137921,7.989750653473526,-1.5510220718736067
4700,0.00010545997585580084,7.989747720689804,-1.551016496864959
4701,0.00010558958624404843,7.9897456434187495,-1.5510128311133962
4702,0.00010565345587176544,7.98974272095849,-1.551007280224231
4703,0.000105590184768606,7.98974072335167,-1.5510035238774587
4704,0.00010569957421755287,7.989737786194573,-1.5509979809508887
4705,0.00010579281161202725,7.989734817871521,-1.5509924458119653
4706,0.00010588751930470565,7.989731831335997,-1.5509869024437155
4707,0.0001057437216457378,7.9897288149691095,-1.5509812423396396
4708,0.00010585344129628175,7.9897258334805015,-1.550975700113597
4709,0.00010600297204266524,7.989722935244503,-1.5509701773107594
4710,0.00010608375621334797,7.989719982069578,-1.550964631939929
4711,0.00010609907816014954,7.989716934095844,-1.550959053064415
4712,0.0001061625700375009,7.989714012305612,-1.5509534953911164
4713,0.00010622111797710031,7.989711062501219,-1.5509479377631497
4714,0.0001062546721344036,7.989709034798121,-1.5509442219548402
4715,0.00010630347491828305,7.989707107797228,-1.5509405167059283
4716,0.00010629578010514803,7.989705043775683,-1.5509367889999581
4717,0.00010630659789737149,7.9897031380506185,-1.550933066831634
4718,0.0001064304419454175,7.989701093242463,-1.550929393962988
4719,0.00010650341021952424,7.9896991881104,-1.550925707451675
4720,0.0001065279699137969,7.989696160811393,-1.5509201359403733
4721,0.00010653884985763562,7.989694213948065,-1.5509164152189325
4722,0.00010657335638771365,7.989692201850021,-1.5509127033663412
4723,0.00010666990702049662,7.989689225607602,-1.550907160407488
4724,0.00010671650314370228,7.989687309758182,-1.550903460585519
4725,0.00010674299862655218,7.989684270804236,-1.5508978822835244
4726,0.00010675129606129829,7.989682305409993,-1.550894157784974
4727,0.0001069166209236514,7.9896794032388,-1.550888651069967
4728,0.00010699538183298862,7.989676317689935,-1.5508831026655172
4729,0.00010698211678989297,7.98967338633827,-1.5508775124541898
4730,0.00010695203947963152,7.98967045557059,-1.5508719113301017
4731,0.00010705759498789488,7.989668400680099,-1.5508682263339502
4732,0.00010713595794080654,7.989665508634157,-1.5508626746030334
4733,0.00010714339131516803,7.989663501457738,-1.55085895155106
4734,0.00010728715420015699,7.989660494558528,-1.5508534347877205
4735,0.00010733432953155139,7.989658525566691,-1.5508497299738044
4736,0.00010728029157486797,7.989656551068707,-1.550845982596594
4737,0.00010738522120263623,7.989653640040485,-1.5508404455610458
4738,0.00010748389704694503,7.989650568473897,-1.5508348980910733
4739,0.00010746926762103943,7.989647615500012,-1.5508293073396506
4740,0.000107499487420426,7.989645718759576,-1.550825598658454
4741,0.00010763674907174757,7.989642672013569,-1.5508200666023284
4742,0.00010770908916911321,7.989640748796857,-1.5508163812649727
4743,0.00010768815899003006,7.989637722130321,-1.5508107887596336
4744,0.0001076786655602831,7.989635769455115,-1.5508070608626268
4745,0.00010781643986044985,7.989633798855424,-1.550803396699448
4746,0.00010785453242712072,7.98963078570893,-1.5507978281331793
4747,0.0001078604905679068,7.989628871077069,-1.5507941085424504
4748,0.00010794071502037265,7.989624861403552,-1.5507866877637795
4749,0.00010803407321586833,7.9896228524559145,-1.5507830081965142
4750,0.00010814108602951505,7.989619925770134,-1.5507774806690535
4751,0.00010813472031104923,7.989617893881787,-1.550773749569476
4752,0.00010807269987600251,7.989614987001392,-1.5507681268057645
4753,0.00010814738096739853,7.989612942225496,-1.5507644321988865
4754,0.00010818517650815829,7.989611990749594,-1.550762591084728
4755,0.00010822374911230089,7.989611007837235,-1.550760744489343
4756,0.00010831224042898872,7.989609004083285,-1.5507570635520576
4757,0.00010833661671455224,7.989607088430614,-1.5507533477926814
4758,0.00010834311168769405,7.989605047367008,-1.5507496219273524
4759,0.00010839849335297391,7.989601083272505,-1.550742196892436
4760,0.00010850698392338989,7.989599160134201,-1.5507385237363145
4761,0.00010853891003521842,7.989596155107716,-1.550732956369145
4762,0.00010853180352900243,7.989594137548977,-1.5507292211909225
4763,0.00010861087574747254,7.98959124235993,-1.5507236686562687
4764,0.00010876389043895058,7.989589201065158,-1.5507200157875753
4765,0.00010856249064001674,7.989586146561025,-1.550714328821338
4766,0.00010866710952349693,7.989583251708276,-1.5507087805590616
4767,0.0001090109841921022,7.989580296455252,-1.5507033472477134
4768,0.00010881855005970499,7.989577290423005,-1.5506976799447945
4769,0.00010869996283070537,7.9895752889724045,-1.550693895438877
4770,0.00010902904148494793,7.989572316327392,-1.5506884419729505
4771,0.0001091433526030429,7.98957045316148,-1.550684772250283
4772,0.00010907071646301658,7.989567421663244,-1.5506791606905916
4773,0.00010911608885084651,7.989565478046303,-1.5506754557745481
4774,0.00010930953949673618,7.989561507223688,-1.5506680996592435
4775,0.00010929446155157185,7.989559462570925,-1.550664370041944
4776,0.000109316178878596,7.989557564778466,-1.5506606503803724
4777,0.00010933758582080354,7.9895545951207225,-1.5506550746167556
4778,0.00010939611338358482,7.989551528788149,-1.550649509889866
4779,0.00010949501001870914,7.989548578587118,-1.5506439650699335
4780,0.00010950535283033244,7.989545671224242,-1.5506383786928375
4781,0.00010962386310083194,7.989542712571963,-1.5506328506210816
4782,0.0001097085346157065,7.989539662051878,-1.5506272927914149
4783,0.00010972375741600807,7.9895366817095415,-1.550621717175923
4784,0.00010974247652854066,7.989534806928318,-1.5506180024742917
4785,0.00010983262152209791,7.98953176241657,-1.5506124438261277
4786,0.00010985504928925171,7.989529791635398,-1.5506087372552393
4787,0.00010995448300114059,7.989526860223135,-1.5506031968921963
4788,0.00011000441294611575,7.989524840350399,-1.5505994861713512
4789,0.00011003062001399811,7.989521889002967,-1.550593916096022
4790,0.00011013013385714541,7.989518933496247,-1.5505883798882687
4791,0.00011010891636244369,7.9895168872874835,-1.5505846393848903
4792,0.00011009163223102076,7.9895149935126355,-1.5505809042250411
4793,0.0001102031916989551,7.989512955974006,-1.550577226139963
4794,0.00011027016525012192,7.989511971646832,-1.5505753959352306
4795,0.00011035175114996097,7.989510043745273,-1.5505717115751865
4796,0.0001103000543110025,7.989507987174919,-1.550567961857649
4797,0.00011022884602346499,7.9895060317612,-1.5505642004414693
4798,0.00011029220463191542,7.989503030728581,-1.5505586306718162
4799,0.0001104924092642674,7.989501098516054,-1.5505549956087556
4800,0.00011062336702403578,7.989498122898818,-1.5505494778256446
4801,0.00011047258636039003,7.989496146686545,-1.5505456791133043
4802,0.00011043869517199328,7.9894931569144525,-1.5505400697421752
4803,0.00011076184863346324,7.989490157342161,-1.5505346535041016
4804,0.00011070433861647282,7.9894862161047975,-1.5505271706583292
4805,0.0001106752500705293,7.989483272270373,-1.5505215540893984
4806,0.00011096990846502451,7.989480312825697,-1.5505161016908247
4807,0.00011093327579239286,7.989478279149408,-1.5505123545207404
4808,0.00011077610074323056,7.989476334321128,-1.5505085532111358
4809,0.00011094833646952326,7.989473322152785,-1.550503028906679
4810,0.00011112637405259517,7.989471455145984,-1.5504993868085413
4811,0.00011106037138741907,7.989468424074762,-1.5504937770113558
4812,0.00011108881606702635,7.989466429395237,-1.550490060764333
4813,0.00011127468680385412,7.989463490965076,-1.5504845607176827
4814,0.00011137900979317547,7.9894605068975295,-1.5504790235939923
4815,0.00011128460192995958,7.989458562509106,-1.5504752554003745
4816,0.00011127136823507343,7.989455540645164,-1.5504696542821406
4817,0.0001115250070791145,7.989452529153834,-1.5504641834319317
4818,0.00011146483833063153,7.989449568110052,-1.5504585636642343
4819,0.00011135117656541498,7.989446647041024,-1.5504529122030255
4820,0.00011161817854263285,7.989443693506941,-1.5504474604143692
4821,0.00011168070044376332,7.989440679622686,-1.5504418952050172
4822,0.00011171267434811887,7.989437713322638,-1.5504363162048487
4823,0.0001118570166405072,7.989435812881619,-1.5504326633301322
4824,0.00011193425839400258,7.989432735935545,-1.5504271073482432
4825,0.00011177514528253164,7.989430816656904,-1.5504233076404812
4826,0.0001118238067053533,7.989427759851528,-1.5504177267835166
4827,0.00011203914318563788,7.989425863683896,-1.55041410631335
4828,0.00011208946392894729,7.989422881217953,-1.5504085442502806
4829,0.00011196114983871543,7.989419857800334,-1.5504028904462257
4830,0.00011207764668707033,7.989417946738612,-1.550399216047501
4831,0.00011220404632026227,7.9894159324995995,-1.5503955493311539
4832,0.00011226123179241949,7.989414028808513,-1.5503918509383658
4833,0.00011228425242440547,7.989411996294042,-1.550388141278369
4834,0.00011229522387347943,7.989410065705763,-1.550384418992537
4835,0.0001123660567149604,7.989407085286957,-1.550378865333661
4836,0.0001124342290289203,7.989404081739887,-1.55037330531664
4837,0.00011246955359428112,7.989402113837158,-1.5503695961817605
4838,0.00011247838592217074,7.989400092030335,-1.5503658716691906
4839,0.00011258022127372766,7.989397128255963,-1.5503603299735251
4840,0.00011268641172733668,7.989394213686753,-1.5503547972406027
4841,0.00011272112031823612,7.989391235607929,-1.5503492277452686
4842,0.00011271149992586343,7.989389241438991,-1.550345489227767
4843,0.00011277871957109486,7.989386271665673,-1.5503399306743115
4844,0.00011284193562390741,7.989384210188233,-1.5503362343673188
4845,0.00011293953291721505,7.98938132816632,-1.5503306949304638
4846,0.00011293391249829609,7.98937934443433,-1.5503269673867985
4847,0.00011304288726607061,7.989376339749041,-1.5503214208052165
4848,0.00011310797996189017,7.98937438063028,-1.5503177364543437
4849,0.00011318885683014849,7.989372372913651,-1.5503140497968522
4850,0.00011316586322190013,7.989369402438031,-1.5503084515357306
4851,0.00011312799818785943,7.9893674733442746,-1.5503047039074394
4852,0.0001132592820861851,7.989363453348745,-1.5502973100010495
4853,0.00011334028102245842,7.989361462821216,-1.5502936230533904
4854,0.00011341009335264904,7.989358589382178,-1.5502880700333301
4855,0.00011340755661606018,7.98935554086237,-1.5502824764085925
4856,0.00011347619025043312,7.9893525530551575,-1.5502769164935404
4857,0.00011355243724373784,7.989350679665289,-1.5502732286996666
4858,0.00011359795024097381,7.989347653151762,-1.55026766256546
4859,0.00011364284523530236,7.989345645654046,-1.5502639562536618
4860,0.00011370899042025884,7.989343698922969,-1.5502602661695715
4861,0.00011375458230958482,7.98934069569877,-1.5502546943317297
4862,0.00011373343246983996,7.98933878707966,-1.5502509579692434
4863,0.00011376006132942901,7.9893366988304555,-1.5502472381558587
4864,0.00011387491104506117,7.989333789976192,-1.5502417037106124
4865,0.0001140344081298719,7.989331814598597,-1.5502380544012468
4866,0.00011402705890632692,7.989328809314763,-1.5502324668085603
4867,0.0001139034992986068,7.989326824285275,-1.5502286807071934
4868,0.00011399072112667668,7.989323837059009,-1.5502231217649731
4869,0.000114237154489989,7.9893208928682515,-1.5502176534917849
4870,0.00011425538084277154,7.989317956990602,-1.5502120799416372
4871,0.00011415611281096586,7.9893169787613125,-1.5502101704706377
4872,0.00011406758218762762,7.989314923612352,-1.5502063886647004
4873,0.00011410340554403733,7.989313959680166,-1.5502045439317926
4874,0.00011430630286354345,7.989312011840075,-1.5502009050598666
4875,0.00011449688596969638,7.989310017080064,-1.5501972739255434
4876,0.00011450737204404224,7.989308070328569,-1.5501935577367911
4877,0.00011429761251764655,7.989305057637087,-1.550187866034734
4878,0.00011437894330547217,7.989303120494006,-1.550184179488274
4879,0.00011459167987309749,7.989301078004353,-1.5501805647983933
4880,0.00011469038271105016,7.989298132875093,-1.5501750222400879
4881,0.000114662560317949,7.9892952192168165,-1.5501694175676488
4882,0.00011470676280867574,7.989292194294081,-1.5501638415135932
4883,0.0001148226575899904,7.989289200408379,-1.5501583035555526
4884,0.00011485850733081883,7.989286320176872,-1.5501527321112107
4885,0.00011489408002689227,7.989283325390779,-1.5501471620803353
4886,0.00011496348899759195,7.989280337796075,-1.5501416020127994
4887,0.00011507960744762942,7.989278382647775,-1.5501379280550083
4888,0.00011510845594324652,7.989276381313305,-1.5501342168644632
4889,0.00011508848154019835,7.989274424945174,-1.5501304825331959
4890,0.00011510364816712671,7.989272408085888,-1.5501267606042808
4891,0.00011528447509685605,7.989269417317676,-1.5501212554759136
4892,0.00011538518728162107,7.989267458778253,-1.5501175789269912
4893,0.00011535782765587339,7.989263498909078,-1.5501101258859642
4894,0.00011532880666387727,7.989261523699709,-1.5501063793462884
4895,0.00011542862551432809,7.989258585854349,-1.5501008386847441
4896,0.00011550785828281307,7.989256549531658,-1.5500971444930547
4897,0.00011556973623622835,7.9892536207588964,-1.55009158678817
4898,0.0001156074345177331,7.98925158727567,-1.5500878708978043
4899,0.00011559668201618407,7.989249648474111,-1.5500841468682676
4900,0.00011574667423162939,7.989245706074627,-1.550076767068021
4901,0.00011582042679820332,7.989242708929382,-1.5500712118340447
4902,0.00011578694386557319,7.989239734864259,-1.5500656069417824
4903,0.00011587986227412558,7.989237834895457,-1.5500619225282577
4904,0.00011600841990570013,7.989234804839934,-1.5500563985500269
4905,0.0001160583718021219,7.989232775182619,-1.5500526991898922
4906,0.00011604660756557763,7.989229880750179,-1.5500471086588445
4907,0.00011604222416880456,7.989227844258296,-1.5500433764611017
4908,0.00011620253002464075,7.9892249018745005,-1.5500378583428165
4909,0.00011620127176930099,7.989221949722752,-1.5500322770449557
4910,0.00011623502808565098,7.989219944961392,-1.5500285647912961
4911,0.00011636311447595774,7.989218009328772,-1.5500249035504954
4912,0.00011639329332858295,7.989217013329327,-1.5500230572889189
4913,0.00011642722587856222,7.989215992759513,-1.5500212062448266
4914,0.00011640571987518698,7.9892140107725,-1.5500174772449715
4915,0.00011638812046336653,7.989212066790162,-1.5500137392051756
4916,0.00011641230858847424,7.989210050403359,-1.5500100227236344
4917,0.00011649552504455345,7.989208081230471,-1.5500063343875015
4918,0.0001166153996550726,7.989206103567881,-1.550002667977861
4919,0.00011664639435271968,7.989204156572045,-1.5499989579679736
4920,0.00011667351352523372,7.989202105828295,-1.5499952486103719
4921,0.00011666628845214796,7.989199143268689,-1.549989655062299
4922,0.00011668312144227596,7.989197209876641,-1.5499859416149784
4923,0.00011678996406855518,7.989195208191206,-1.5499822599068969
4924,0.00011684571464228556,7.98919227236778,-1.5499766992747053
4925,0.00011686925427342126,7.989190215373676,-1.5499729805393565
4926,0.00011689100729494728,7.989187296561719,-1.5499673987035225
4927,0.00011694695490624033,7.9891853331816645,-1.5499636997724866
4928,0.00011709217140173385,7.989183372596289,-1.5499600417794324
4929,0.0001171126976948901,7.9891813409995365,-1.549956324469175
4930,0.00011692637094850574,7.989179291892364,-1.549952509807757
4931,0.00011709042845308862,7.989176353795148,-1.5499469912326376
4932,0.00011736981994193016,7.989174427741451,-1.5499433872491564
4933,0.00011728234343656352,7.989171511459592,-1.549937768196614
4934,0.00011720897604169658,7.989168455080022,-1.5499321424395593
4935,0.00011736503629590713,7.989166503277356,-1.5499284892884468
4936,0.0001174810722316866,7.989163561551575,-1.5499229600429636
4937,0.00011747777716227151,7.989161540938624,-1.5499192314726469
4938,0.0001175030353408297,7.9891586126948315,-1.5499136595180623
4939,0.00011766568788526792,7.989156583881465,-1.5499100062122282
4940,0.00011770178972140577,7.989152594574272,-1.549902576746443
4941,0.00011756356017771252,7.989150659304304,-1.5498987827499777
4942,0.00011769216596014155,7.989147640083592,-1.5498932456353798
4943,0.00011791423804418515,7.9891457488829065,-1.5498896274115
4944,0.00011781973247469104,7.989142713619726,-1.549883998383927
4945,0.00011776156410450203,7.989139717156274,-1.5498783679933086
4946,0.00011806853210712062,7.989136821450319,-1.5498729314757025
4947,0.00011801074800355485,7.989133826027529,-1.5498673178734208
4948,0.00011790029782066425,7.989130775165248,-1.5498616573919426
4949,0.00011789751798791866,7.9891288324624385,-1.5498579207214787
4950,0.00011799502840850756,7.989127818875789,-1.549856095031669
4951,0.00011827673949224784,7.98912596498635,-1.549852500670049
4952,0.00011841221126504478,7.989123965607299,-1.549848837344407
4953,0.00011822105137654059,7.989121920585187,-1.5498450301487372
4954,0.00011814012212223274,7.989119952959693,-1.5498412608642598
4955,0.00011835462173447319,7.9891179426330705,-1.5498376276072283
4956,0.00011855834784553533,7.989116068763979,-1.549834000875984
4957,0.00011846311462239589,7.989113006207275,-1.5498283691043222
4958,0.00011830255348381646,7.989111084856341,-1.5498245724114643
4959,0.00011865263200956307,7.989108078355494,-1.54981913606822
4960,0.00011879208437276798,7.989105126781431,-1.5498136212988718
4961,0.00011866579821712891,7.989103097816045,-1.5498098337936361
4962,0.0001186172033354922,7.989100143737294,-1.5498042195023876
4963,0.00011881825105613579,7.9890982052585615,-1.5498005873591565
4964,0.00011891793583505512,7.989095204163809,-1.5497950447957802
4965,0.0001188059229634432,7.989093256403885,-1.5497912705322014
4966,0.0001189326072951055,7.9890902999895825,-1.5497857364427026
4967,0.00011915968074595062,7.989087315285615,-1.5497802554494249
4968,0.00011915392259562528,7.989085373328386,-1.5497765362945626
4969,0.00011916633720093566,7.989083368777138,-1.549772819715391
4970,0.00011915730971072352,7.989081431447826,-1.5497690857352147
4971,0.000119197879735665,7.989079413108569,-1.5497653780907343
4972,0.00011927550118937476,7.989076397950485,-1.5497598240607373
4973,0.00011933952477519382,7.989073490903336,-1.5497542663888815
4974,0.00011935981777345114,7.989070551511047,-1.5497486901930126
4975,0.00011951496009274154,7.9890675224931895,-1.549743168613901
4976,0.00011953121056384176,7.989064554081017,-1.5497375887902438
4977,0.00011956078722327273,7.989061648119851,-1.5497320154907668
4978,0.0001196298579436893,7.9890586753487955,-1.5497264548515184
4979,0.00011968609118874712,7.989056638665171,-1.5497227552503194
4980,0.0001197780741213328,7.989053691051892,-1.5497172101058263
4981,0.00011982841747331524,7.989051694699273,-1.5497135058996894
4982,0.00011988412012505924,7.989048745834964,-1.549707944173497
4983,0.00011988179902116497,7.989046765820549,-1.5497042184595446
4984,0.00011991174081099122,7.989044762850769,-1.5497005068861058
4985,0.00012010865402162837,7.989041831466102,-1.549695016111567
4986,0.00012014989175770196,7.98904081735443,-1.5496931695704659
4987,0.00012012939830875433,7.9890397818202725,-1.54969129760058
4988,0.00012008331293092165,7.989037893970335,-1.5496875566878265
4989,0.00012008076553264845,7.989035841529705,-1.5496838258770969
4990,0.00012010083164658446,7.9890339166591575,-1.5496801132293792
4991,0.00012026419106914821,7.989030880328737,-1.5496745919348125
4992,0.00012031974892257823,7.989028973951139,-1.549670896939418
4993,0.00012034776920606833,7.9890269361144055,-1.5496671795098864
4994,0.00012035079015446326,7.989023981103816,-1.5496615914027212
4995,0.00012043063563197315,7.989021053430516,-1.5496560387055154
4996,0.00012052416662902244,7.989018083672456,-1.5496504972549165
4997,0.00012055153145179013,7.989015043127266,-1.5496449154586716
4998,0.00012061624622128445,7.98901211694699,-1.5496393560853743
4999,0.00012080063507676408,7.989009161559446,-1.549633862455954
5000,0.0001207858558401269,7.9890061512634665,-1.5496282677534692
5001,0.0001207744267203993,7.989004252147454,-1.5496245359746086
5002,0.00012085199051152396,7.989001218322854,-1.5496189757771013
5003,0.00012090742266424269,7.988999198971578,-1.5496152794531695
5004,0.00012103697263259858,7.988996303212862,-1.5496097482757938
5005,0.00012097704982621222,7.988993366713841,-1.5496041348382685
5006,0.00012112013760301323,7.988990316607578,-1.5495986084503006
5007,0.00012119393608708921,7.988988389382414,-1.5495949230821089
5008,0.00012120199515587159,7.988986343458473,-1.5495911979215398
5009,0.0001212106974484254,7.988983447019378,-1.5495856100481518
5010,0.0001212363303851007,7.988981439111259,-1.5495819017536523
5011,0.00012139088768590054,7.988978392098367,-1.5495763804690719
5012,0.00012147796082370748,7.988976514129495,-1.5495727016296144
5013,0.00012152617079621528,7.988973530237046,-1.5495671370768447
5014,0.00012149206857172167,7.988971595618646,-1.5495633920993577
5015,0.00012155743834437748,7.988968563569089,-1.5495578282791458
5016,0.00012165082185557497,7.988965564621402,-1.5495522861374502
5017,0.00012169365035885016,7.988963673405619,-1.5495485793779824
5018,0.0001217307531834055,7.988960652350209,-1.5495430025558277
5019,0.00012173691069375145,7.9889586524809,-1.5495392835791943
5020,0.00012182191029009256,7.988955748924171,-1.549533738170925
5021,0.00012192656071228976,7.988953709525315,-1.5495300558813823
5022,0.00012191970779895764,7.988950766577595,-1.5495244637922332
5023,0.0001219904034892127,7.988947820528187,-1.5495189062823491
5024,0.0001220907560757601,7.988945771433469,-1.5495152242346248
5025,0.00012214160037080579,7.9889438474880805,-1.5495115214783781
5026,0.000122146440430492,7.988941805012072,-1.549507800172516
5027,0.00012218470535674812,7.98893992581806,-1.549504090500411
5028,0.00012220460480821674,7.988937878012172,-1.5495003716744569
5029,0.0001222801445025285,7.9889349409744685,-1.549494821698245
5030,0.00012233826217785917,7.988932898540843,-1.549491123917384
5031,0.00012243582354690307,7.9889299503570355,-1.5494855770482943
5032,0.00012244254588325215,7.988928075553115,-1.5494818575677678
5033,0.00012247294687657613,7.988925010130286,-1.5494762800434083
5034,0.0001225111960335691,7.988923055226654,-1.5494725700122427
5035,0.00012269052963819033,7.98892014837745,-1.549467071503484
5036,0.00012259804523062593,7.9889180562235005,-1.5494632922695475
5037,0.000122419109867006,7.988915078191616,-1.5494576134884666
5038,0.00012267174501230774,7.988913092034612,-1.5494539860617422
5039,0.00012287052156721153,7.988911226188702,-1.5494503524434857
5040,0.000122901004414344,7.988908219293762,-1.549444788883784
5041,0.00012285604661790912,7.988906240197282,-1.5494410445414168
5042,0.00012286593158953584,7.98890329938706,-1.5494354620609319
5043,0.00012302272144371827,7.988901237458566,-1.5494317999886769
5044,0.00012318229699911402,7.988898339197483,-1.5494262947232396
5045,0.00012302310588987957,7.988895334866251,-1.5494206276687434
5046,0.00012295927791036672,7.988893303699723,-1.5494168656930116
5047,0.00012316866655852525,7.988891331583165,-1.5494132261110425
5048,0.0001233738448656376,7.988889457598544,-1.549409595641177
5049,0.00012328370877194803,7.9888874173249755,-1.5494058347420132
5050,0.00012324932000600466,7.988884428296378,-1.5494002246975869
5051,0.0001234074593265221,7.988882499319438,-1.5493965753159626
5052,0.00012359890867278794,7.9888795067535,-1.549391077229811
5053,0.0001235699598329727,7.988877544902484,-1.5493873462956362
5054,0.0001235326314011869,7.988874606607479,-1.5493817389054279
5055,0.0001236096448435663,7.988871564282196,-1.5493761760270455
5056,0.00012372123878310074,7.988869617822834,-1.5493725059412775
5057,0.00012385901273596987,7.9888666638632335,-1.5493669843124
5058,0.0001237915283854599,7.9888646933491465,-1.5493632289671206
5059,0.00012370806198863977,7.988861719024948,-1.5493575997569564
5060,0.00012388845368007919,7.988859686885695,-1.5493539466699977
5061,0.00012409201908075636,7.9888567850879975,-1.549348460970749
5062,0.00012403326792111716,7.988854720239097,-1.5493447026573772
5063,0.00012380150194878854,7.988851788454019,-1.5493390020425428
5064,0.00012400025167957177,7.988849796829383,-1.5493353621387296
5065,0.00012420657486711425,7.98884886070086,-1.5493335887229231
5066,0.00012438857791123958,7.98884686716913,-1.5493299503433953
5067,0.00012421151905710914,7.988844900243819,-1.549326146098325
5068,0.00012403230344360173,7.988842911612645,-1.5493223402672387
5069,0.00012425421996560725,7.9888408612738475,-1.5493187054657376
5070,0.00012451471793207248,7.9888379533248255,-1.5493132438070318
5071,0.00012440432706476597,7.9888359685198695,-1.5493094689684634
5072,0.00012427166749197688,7.98883296731939,-1.5493038073926495
5073,0.0001244881692981976,7.988831075172386,-1.549300180189907
5074,0.0001246435445274677,7.988828077062383,-1.5492946671722703
5075,0.00012447888018786893,7.988825050552779,-1.5492889968337333
5076,0.000124675137302115,7.988822103606975,-1.5492834921493126
5077,0.00012483188558325394,7.988819232738851,-1.549277979591126
5078,0.00012485526098788706,7.9888162118664265,-1.5492724041838983
5079,0.00012489161182485336,7.988814221244362,-1.5492686986255497
5080,0.0001249558465038677,7.988811318884371,-1.549263142282785
5081,0.00012505247993572794,7.988807342627938,-1.549255732970657
5082,0.00012515755283751045,7.9888033792490205,-1.5492483304860551
5083,0.00012523971814714185,7.9888013359211,-1.5492446438140772
5084,0.00012527678275118444,7.988797362244885,-1.5492372145494857
5085,0.00012529318842050883,7.988795463511471,-1.5492334995539436
5086,0.00012535398069796243,7.988792455404401,-1.5492279298942973
5087,0.00012538069501974222,7.988790498476786,-1.5492242173027841
5088,0.0001254813904879976,7.988787549282655,-1.5492186783300383
5089,0.0001255150834922723,7.9887845627721825,-1.5492131032052747
5090,0.00012556554570234985,7.9887825722509085,-1.5492093995335634
5091,0.00012571944935131987,7.988778611345792,-1.5492020242994733
5092,0.00012569510760602099,7.988775683936464,-1.5491964235070157
5093,0.00012584979715958087,7.988772647486032,-1.5491909054249928
5094,0.00012586595962560908,7.9887696857218655,-1.5491853276000196
5095,0.00012588577639499157,7.98876678236149,-1.5491797529865612
5096,0.00012608133071599365,7.988763755556842,-1.5491742475249133
5097,0.00012599898714825777,7.988760725543234,-1.5491686230556683
5098,0.0001260689214713496,7.988757860627336,-1.5491630617069203
5099,0.00012623013357128556,7.988754882831311,-1.5491575525926384
5100,0.00012621892594301764,7.988750934720063,-1.5491500940532426
5101,0.00012622893899600217,7.988748911781627,-1.5491463701752715
5102,0.00012643503244313148,7.988744906090377,-1.5491390149868804
5103,0.00012652850927019347,7.988743007162802,-1.5491353399961152
5104,0.0001265337595090394,7.9887409927103645,-1.5491316122967305
5105,0.00012649314509524724,7.988739076859783,-1.5491278706909346
5106,0.00012659187894814165,7.988737052531974,-1.5491241882971507
5107,0.0001266758507785465,7.988735065121036,-1.5491205061650073
5108,0.0001266771997163412,7.988732050071884,-1.549114914794073
5109,0.00012672161099603672,7.988729172992889,-1.549109343521464
5110,0.0001268445124379277,7.988726206479985,-1.5491038130118395
5111,0.00012694228987062434,7.988723153525485,-1.54909827467272
5112,0.00012691058356754145,7.98872018836329,-1.549092669778013
5113,0.0001270359618002696,7.988717319983003,-1.5490871405503397
5114,0.00012715347795242776,7.988714280316923,-1.549081605334054
5115,0.00012700170305446018,7.9887112742290505,-1.5490759396434246
5116,0.0001270368073859028,7.98870834876441,-1.549070360658478
5117,0.00012740064706399096,7.988704432722702,-1.549063073883687
5118,0.00012730302697458942,7.9887023657661365,-1.549059306951254
5119,0.00012728027097401874,7.988699451287087,-1.5490537024734639
5120,0.00012737703011405765,7.988697481276107,-1.5490500209100633
5121,0.00012748545693778981,7.988695464807371,-1.5490463421241794
5122,0.00012752856398910373,7.988692561069124,-1.549040774881369
5123,0.0001276177109452878,7.98869054624772,-1.5490370926703183
5124,0.00012772852865849558,7.988687557107802,-1.549031562348427
5125,0.00012772159802777616,7.988685599051553,-1.5490278367968904
5126,0.0001277055644049579,7.988683607152675,-1.5490240985864177
5127,0.0001278651016279555,7.988680722053628,-1.549018582555517
5128,0.00012790014498577202,7.988678658807716,-1.5490148745616237
5129,0.00012788191820264339,7.988674700650928,-1.5490074128836124
5130,0.00012793909223010708,7.988671762469947,-1.549001853278278
5131,0.00012813510146757412,7.988668831180257,-1.5489963572552772
5132,0.00012818353685415074,7.988666813020746,-1.5489926507917708
5133,0.00012819755472294678,7.988662863242116,-1.5489852082492637
5134,0.00012818672018880846,7.988660888877408,-1.5489814793250698
5135,0.00012835470548199355,7.988657870724525,-1.5489759654733215
5136,0.00012844808619401457,7.988655936362539,-1.548972286836928
5137,0.00012844947856915142,7.988652005835016,-1.5489648393519397
5138,0.0001284526542365851,7.988649955921602,-1.5489611121522533
5139,0.00012853748730569058,7.988647065866172,-1.5489555634505323
5140,0.0001285822125079184,7.988645039162261,-1.548951858326898
5141,0.00012863228187127274,7.988642061925229,-1.5489462836730001
5142,0.00012863554202539773,7.988640133598539,-1.5489425696493004
5143,0.00012874570439875164,7.98863809737701,-1.5489388889412472
5144,0.0001288292221104696,7.988636174171056,-1.5489352071192826
5145,0.0001288669157028246,7.988634169693756,-1.5489314927711375
5146,0.00012887144433822335,7.9886322058351045,-1.5489277706230535
5147,0.00012883773588338694,7.988630218099373,-1.5489240271433105
5148,0.00012889414196680786,7.988628197085429,-1.548920322847674
5149,0.00012896170352273353,7.988626245643849,-1.5489166278086999
5150,0.00012904401475493225,7.98862426662376,-1.5489129421897738
5151,0.00012913270183356797,7.988621284374409,-1.548907390784552
5152,0.0001291702282644998,7.988619355990089,-1.5489036812061376
5153,0.0001291837020322018,7.98861635901903,-1.5488981017877892
5154,0.00012929664214779107,7.988614444298014,-1.5488944300956244
5155,0.00012944569662640145,7.988611389701039,-1.5488889147058835
5156,0.00012926126260268236,7.988608400870584,-1.548883234454828
5157,0.00012940867073825917,7.988604471678584,-1.548875839766223
5158,0.00012968731522488953,7.9886015439979134,-1.5488703826108632
5159,0.00012948023114245263,7.988598546061697,-1.548864702980389
5160,0.0001295055924477059,7.988596550294837,-1.5488609789535437
5161,0.000129788169090614,7.988593653488615,-1.5488555353170392
5162,0.00012982001578218017,7.988591591440774,-1.548851822851123
5163,0.0001297988108378595,7.988588686370532,-1.5488462227692505
5164,0.00012980997813854313,7.988586677580453,-1.5488424973455708
5165,0.00012996131580746077,7.988583697111927,-1.5488369768634023
5166,0.00013000043412775852,7.988580796591068,-1.5488314091431632
5167,0.0001300764983912855,7.988577788944561,-1.548825849846212
5168,0.00013012992175855234,7.988574780086868,-1.5488202879071429
5169,0.00013019176383372884,7.9885718560864705,-1.5488147238961139
5170,0.00013022048410260887,7.98856892286853,-1.5488091473808367
5171,0.00013025025814965803,7.988565939677069,-1.5488035683113068
5172,0.000130476530551881,7.988562904259896,-1.548798083677758
5173,0.00013057520460688264,7.988560984903031,-1.5487944113320253
5174,0.00013047263764977824,7.98855795205003,-1.5487887700760719
5175,0.0001304535340780702,7.988555023290862,-1.548783168443739
5176,0.0001306809154243781,7.988552089894113,-1.5487776876129369
5177,0.00013075967486763984,7.988549082144729,-1.548772142035078
5178,0.00013075424102948984,7.9885461085843374,-1.5487665467086043
5179,0.0001307594745552122,7.988544201666273,-1.548762822774288
5180,0.00013077878374117316,7.988543161315455,-1.5487609708724652
5181,0.000130915795311018,7.988541161767546,-1.5487573068845042
5182,0.00013101197471952216,7.988539199321967,-1.5487536248129812
5183,0.00013103101806306695,7.988537182075296,-1.5487499083169443
5184,0.00013099394341045694,7.988535283021734,-1.5487461699814764
5185,0.00013100740644595135,7.988533245352692,-1.5487424472449212
5186,0.00013111965509129278,7.988530299674761,-1.5487369073682022
5187,0.000131243444241603,7.988527345314053,-1.5487313821180162
5188,0.00013131425154517154,7.988524392014998,-1.5487258299613842
5189,0.00013131372847965112,7.988521359587386,-1.5487202361788683
5190,0.00013138566739320516,7.988518419884157,-1.5487146771453693
5191,0.0001314324245400371,7.988515506636431,-1.5487091114458542
5192,0.00013153358820868388,7.988511559668647,-1.5487017047336815
5193,0.00013159463272295784,7.988509517104776,-1.5486980036600115
5194,0.00013160734840251287,7.988506559865608,-1.5486924208151842
5195,0.0001317273652312089,7.98850458903387,-1.5486887484538399
5196,0.00013179373355325541,7.988501596466865,-1.54868319346213
5197,0.00013180307108638943,7.988499644265109,-1.5486794800541277
5198,0.000131877612407292,7.988496694556759,-1.548673919989222
5199,0.0001319457642157302,7.988493705010325,-1.5486683628835913
5200,0.0001320154860233015,7.98849071564596,-1.548662809673882
5201,0.00013208762407296618,7.988488761091055,-1.5486591207159035
5202,0.00013212139226938905,7.98848679002082,-1.5486554042647398
5203,0.0001320740027633131,7.988484815999731,-1.5486516609500693
5204,0.00013222112278718365,7.988481760626149,-1.5486461329543861
5205,0.00013234682512009232,7.988478847788746,-1.5486406088725224
5206,0.0001323590634770177,7.9884759267033525,-1.5486350304864371
5207,0.00013233770571714423,7.988472921566717,-1.5486294246126602
5208,0.0001324969625336793,7.988469922594356,-1.548623907685121
5209,0.000132624815733075,7.9884670091182555,-1.5486183841509078
5210,0.00013261554221002367,7.98846406797425,-1.5486127977939614
5211,0.0001326149087152058,7.988462059540545,-1.5486090637930197
5212,0.00013275034998312657,7.988459132751682,-1.5486035427140539
5213,0.00013285283644404975,7.988456068182595,-1.548597998246251
5214,0.00013280494732185525,7.988453095634189,-1.548592390155126
5215,0.00013289752925796944,7.988450209619466,-1.5485868446496007
5216,0.00013295114176037944,7.988447230267237,-1.5485812790128772
5217,0.0001329968039225366,7.988444237913619,-1.5485757071875035
5218,0.00013308793118083586,7.988441257914717,-1.548570156043408
5219,0.00013311416613714038,7.98844031561084,-1.548568306567533
5220,0.00013313294001072497,7.988438333373826,-1.5485645841256825
5221,0.00013319146466968186,7.98843631358192,-1.5485608865802243
5222,0.00013322522608467277,7.988435367798247,-1.548559039141708
5223,0.00013329853228822322,7.9884333615078775,-1.5485553422015037
5224,0.00013334643977729624,7.988431462684158,-1.5485516422836183
5225,0.0001333846137329687,7.988429385659235,-1.5485479307352668
5226,0.00013343984489531114,7.9884274603902,-1.548544237106084
5227,0.00013352703389455577,7.9884244634592205,-1.548538684888436
5228,0.00013352415064547403,7.988422477113246,-1.5485349614219983
5229,0.00013353976985526215,7.988419562381127,-1.5485293768419375
5230,0.00013367830661010252,7.988416562877774,-1.5485238513268833
5231,0.00013380784600533165,7.988413566559174,-1.5485183277438395
5232,0.00013378665243905764,7.988410656896557,-1.5485127251841102
5233,0.00013376651888053848,7.988407664249442,-1.5485071260566163
5234,0.00013384232623372716,7.988405645837363,-1.5485034305694176
5235,0.0001339609447309412,7.988403707628046,-1.548499761914141
5236,0.00013407017447641018,7.988400702056966,-1.5484942181655337
5237,0.00013407912753870074,7.988398799508207,-1.5484905012318608
5238,0.00013404948809434754,7.988395777752807,-1.5484848970213618
5239,0.00013413162059190128,7.988393841935346,-1.5484812077636008
5240,0.00013426769133509324,7.988389889882201,-1.5484738198874604
5241,0.0001342945459613057,7.9883878734256735,-1.5484701026724343
5242,0.00013432109257888368,7.98838594970021,-1.5484663923622197
5243,0.00013435654068791908,7.9883838717317275,-1.548462679887663
5244,0.0001344107911147777,7.988381952248502,-1.5484589782954048
5245,0.00013451384130946974,7.988379039144421,-1.5484534401406103
5246,0.0001345208651996766,7.988375966792817,-1.5484478448085337
5247,0.0001345921008763598,7.988373025426032,-1.5484422880263142
5248,0.00013474684484364945,7.988371083803474,-1.5484386384829096
5249,0.00013471085001179927,7.988368040981025,-1.548433024340631
5250,0.00013450988107413186,7.98836502975921,-1.5484273299540567
5251,0.00013492322149841172,7.9883621882260005,-1.5484219244285027
5252,0.00013505888499404638,7.988359214453351,-1.5484164111076488
5253,0.00013495681231638987,7.9883571752520375,-1.548412640587655
5254,0.0001350922946875629,7.988353217982253,-1.5484052515804525
5255,0.0001351802851753,7.988350351958327,-1.5483997046651845
5256,0.00013519496706275517,7.9883483256790395,-1.5483959846717747
5257,0.00013526149797005467,7.988344359703818,-1.5483885650016767
5258,0.0001353394937740292,7.988342435820262,-1.548384876034927
5259,0.00013539103315922174,7.988339441583823,-1.5483793140202151
5260,0.00013540630933960837,7.988336418677493,-1.5483737242943743
5261,0.0001354193372067069,7.98833549916415,-1.5483718681498424
5262,0.00013544429904278394,7.9883344936103935,-1.5483700184427565
5263,0.0001356187637237991,7.988332503374692,-1.548366370454455
5264,0.0001356587183753534,7.988331522727376,-1.5483645306308988
5265,0.00013568737209156104,7.988329518697181,-1.5483608203080412
5266,0.00013570090534677337,7.98832756467491,-1.5483571017230413
5267,0.00013566951431668832,7.988324549478784,-1.5483514921679913
5268,0.00013575403470670317,7.988322656293692,-1.5483478091539011
5269,0.00013593896004761738,7.98831963915624,-1.5483423073594293
5270,0.00013596029542330162,7.988317696743941,-1.548338595857979
5271,0.00013593191231315926,7.988313747710669,-1.5483311285801171
5272,0.00013599087655953698,7.988311720523153,-1.5483274312839344
5273,0.00013617105721046318,7.98830773537735,-1.5483200653628553
5274,0.0001361470277990416,7.988305837754668,-1.5483163311080186
5275,0.00013624103474542854,7.988302843807932,-1.5483107826608065
5276,0.00013632043068079685,7.98830085605195,-1.5483070879642329
5277,0.0001361714355829045,7.988297861545616,-1.5483014281910987
5278,0.0001361849550526471,7.988294909123309,-1.5482958281737902
5279,0.00013648728219796248,7.988291934424982,-1.5482903701566455
5280,0.00013657131883012917,7.9882900165390565,-1.548286690695191
5281,0.00013653185734935092,7.988287033246125,-1.5482810897597286
5282,0.00013667327934711922,7.988284049324714,-1.5482755618728208
5283,0.00013677396911196488,7.988282113288787,-1.548271885888693
5284,0.00013677583704354326,7.988280047995094,-1.548268162690047
5285,0.00013676296294826238,7.988278153504782,-1.5482644361991216
5286,0.00013681242668612268,7.988275156871354,-1.5482588649812572
5287,0.0001369583286580072,7.988272155412814,-1.548253338581158
5288,0.00013699016423523145,7.9882692344485875,-1.5482477695337948
5289,0.00013699157957140664,7.9882662958744195,-1.5482421771506574
5290,0.00013719327072046216,7.988263284304024,-1.5482366851765728
5291,0.00013724037073091096,7.988260274655294,-1.54823111888908
5292,0.0001372911144098683,7.9882563719515725,-1.5482236921825
5293,0.00013737018838499607,7.988254375007888,-1.5482199982385516
5294,0.00013738772892218804,7.988252381997778,-1.5482162888170967
5295,0.00013745069216167683,7.9882494812717555,-1.5482107336862614
5296,0.00013743772159743143,7.988246474782156,-1.5482051297515436
5297,0.00013747292162119248,7.988243459678952,-1.548199550863657
5298,0.0001376519404220331,7.988240521057675,-1.548194046447578
5299,0.0001378024102428752,7.988237602764142,-1.5481885311705232
5300,0.00013775871211231183,7.988234608740603,-1.5481829263545108
5301,0.000137823753698426,7.988232667244272,-1.5481792292699321
5302,0.00013788816107405903,7.988231599189067,-1.5481773954299816
5303,0.0001379678002512987,7.988229654386462,-1.5481737074432398
5304,0.00013794313500130272,7.9882276227293145,-1.5481699728091873
5305,0.00013795635864925592,7.988225744470128,-1.548166255211831
5306,0.00013796364376163865,7.988223723669449,-1.5481625222012176
5307,0.0001381260929502273,7.9882208015970235,-1.5481570124521893
5308,0.0001382605492726943,7.9882187211254845,-1.5481533519317032
5309,0.00013803037429428408,7.98821573712417,-1.548147648827918
5310,0.00013810371196661548,7.988212842040573,-1.5481420841343454
5311,0.0001384532500850524,7.988208934018849,-1.5481347980439444
5312,0.0001382643418853982,7.988206888323097,-1.5481309808669563
5313,0.00013843790196088615,7.988202976793793,-1.5481235991173665
5314,0.00013862763496228433,7.988200980431737,-1.548119967824322
5315,0.0001385108738628535,7.988197941206458,-1.548114322540615
5316,0.00013844673172311656,7.988196036163099,-1.5481105685035252
5317,0.0001387515311461033,7.988193065856875,-1.5481051114996653
5318,0.00013890149096021395,7.988191123029592,-1.5481014603330547
5319,0.00013872285422550314,7.988188115191471,-1.5480957902570305
5320,0.00013868084709508423,7.988185070631882,-1.5480901643984772
5321,0.00013907264160734805,7.988182252835879,-1.548084781921225
5322,0.00013905776153142404,7.98818020796899,-1.5480810512864709
5323,0.00013903100734383424,7.988178282779029,-1.548077301694179
5324,0.0001390026015692122,7.98817624999091,-1.548073555606508
5325,0.0001390925558184057,7.9881743064385,-1.5480698677141291
5326,0.0001391751113943941,7.988172218976157,-1.548066176331283
5327,0.00013931563254308596,7.988169276010022,-1.5480606548831526
5328,0.00013935650352516672,7.988167428899692,-1.548056944123883
5329,0.0001391681562633475,7.988164421685824,-1.5480512675504852
5330,0.00013950273334668642,7.988161379674764,-1.5480458505108283
5331,0.0001394824020029305,7.9881584629833196,-1.5480402370430841
5332,0.00013941016063854817,7.988155524948733,-1.5480345998863314
5333,0.00013960888380270175,7.988153479175883,-1.5480309757684239
5334,0.00013965102043028585,7.988150566543671,-1.5480253959986827
5335,0.00013962718643796535,7.98814760868709,-1.5480197860215656
5336,0.00013984316969733624,7.988144619504403,-1.5480142941439536
5337,0.00013999653741446791,7.988141643616136,-1.548008773247551
5338,0.0001399918858404464,7.988138754567533,-1.5480031904270735
5339,0.00013999695469453188,7.988135785028873,-1.5479976085898104
5340,0.00014004433060601772,7.988132761598577,-1.5479920353443788
5341,0.00014006616011649452,7.988131832131349,-1.54799018202513
5342,0.00014021143727822484,7.988129798539435,-1.5479865184637898
5343,0.00014027424240500516,7.988127845333318,-1.5479828316152262
5344,0.00014029342401771427,7.988126881550734,-1.5479809738337484
5345,0.0001402669383295777,7.98812484347312,-1.547977234175461
5346,0.00014027380124133487,7.988122942329123,-1.5479735139135156
5347,0.00014029771460185943,7.988120877966355,-1.54796979203015
5348,0.00014041487402966077,7.988118953023257,-1.5479661239020805
5349,0.0001405572075054485,7.988115974264181,-1.547960605126687
5350,0.0001405969417732869,7.988114023486698,-1.547956893846818
5351,0.00014056785653627964,7.988111040940778,-1.5479512940044582
5352,0.00014062517123639048,7.988108014759721,-1.5479457238725682
5353,0.00014074121933371775,7.988105056037049,-1.547940189095624
5354,0.00014080151073951489,7.988103150174888,-1.5479364905145907
5355,0.0001408109345976388,7.988100138564487,-1.5479309056686992
5356,0.00014089449154695006,7.988098206179074,-1.5479272173616085
5357,0.00014103074629535282,7.988095229483666,-1.5479216924600465
5358,0.00014102251505584184,7.988092193635549,-1.5479161010947309
5359,0.00014106608198651612,7.988089266521643,-1.5479105285279025
5360,0.00014116018254199688,7.988086326154855,-1.5479049817501356
5361,0.0001411884150811343,7.988083361662628,-1.5478994039583203
5362,0.0001413248526650668,7.9880803827270475,-1.547893874399059
5363,0.0001414048441712047,7.988077379990359,-1.5478883224825786
5364,0.00014127485658489732,7.988074398321377,-1.5478826668882832
5365,0.00014133150713023835,7.988072437463807,-1.5478789611425465
5366,0.0001416208343804234,7.988069456218124,-1.5478734982359041
5367,0.000141663730438634,7.988066580406495,-1.547867932733849
5368,0.0001415110963435481,7.988062574167123,-1.547860404883875
5369,0.0001418387935527366,7.9880595851541365,-1.5478549616205073
5370,0.000141855195756308,7.9880566051850215,-1.5478493781938165
5371,0.00014176446394302398,7.988053689951209,-1.5478437437081367
5372,0.0001420420334082124,7.988050762813455,-1.5478382976197602
5373,0.00014207184488005406,7.988048719852024,-1.547834585851022
5374,0.00014208406598016694,7.98804583506962,-1.5478289995976624
5375,0.00014212563808546524,7.9880437764534085,-1.5478252887244726
5376,0.00014218786698274663,7.98804184458748,-1.547821584789192
5377,0.00014221785108547302,7.988039848253299,-1.5478178734214862
5378,0.00014225332499873944,7.988037906944367,-1.5478141632586508
5379,0.0001423102915158502,7.98803585748258,-1.5478104609382541
5380,0.00014233881387989907,7.988034920045792,-1.5478086145428598
5381,0.00014242729903682103,7.98803289058323,-1.5478049264463294
5382,0.00014245057250782814,7.988031015242909,-1.5478012134908423
5383,0.00014246341942485241,7.9880289569408705,-1.5477974901392435
5384,0.0001425679434948207,7.988027052198311,-1.5477938151968853
5385,0.00014263505320165617,7.988024992576127,-1.5477901202948912
5386,0.00014262658315328946,7.988023064394391,-1.5477863945783883
5387,0.00014261201940475186,7.988021040546563,-1.5477826582535674
5388,0.0001427972847043579,7.988018120774869,-1.5477771554626951
5389,0.00014287919315026924,7.988016069489685,-1.5477734633938485
5390,0.0001428597105923292,7.988013144119569,-1.5477678685538545
5391,0.00014285757776332043,7.9880102389490055,-1.5477622766530406
5392,0.0001430277408532241,7.9880072073304405,-1.5477567689169915
5393,0.00014312269043957154,7.9880042170517385,-1.5477512219948981
5394,0.00014308253934071323,7.988002318513763,-1.5477474833019504
5395,0.00014324927678133534,7.987998335105944,-1.5477401098573855
5396,0.00014325639576191618,7.987996353896372,-1.5477363867284444
5397,0.0001433266589976578,7.98799343131583,-1.5477308330176534
5398,0.00014340287285486927,7.987990401764552,-1.5477252803977228
5399,0.0001433554420778732,7.987987385432149,-1.547719659932008
5400,0.00014347115628346753,7.9879845145751585,-1.5477141170424897
5401,0.00014355813376914418,7.9879825078239275,-1.5477104320447979
5402,0.0001436142541461673,7.987980601172424,-1.5477067299701264
5403,0.00014367728900784263,7.987978556142596,-1.5477030311630555
5404,0.00014367936276187711,7.987976615440759,-1.547699310378684
5405,0.00014371368720280536,7.987974579416253,-1.5476955975576323
5406,0.00014384883656311107,7.987971610944769,-1.5476900732748924
5407,0.00014395970513184574,7.987968690042254,-1.5476845399892658
5408,0.000143935956310195,7.987964751414187,-1.5476770794783354
5409,0.000144085374720795,7.9879627409991905,-1.54767341730238
5410,0.00014412678571758928,7.9879597836317116,-1.5476678515578108
5411,0.00014413207361651473,7.987957809445764,-1.5476641254345977
5412,0.0001441323323605786,7.98795582480038,-1.5476603965557947
5413,0.0001442522780944444,7.987952887783666,-1.5476548633443312
5414,0.00014437645662600227,7.987950847722141,-1.5476511920680114
5415,0.00014437524012752588,7.987947945249211,-1.5476456095826623
5416,0.00014440283682684127,7.987945918436815,-1.547641895556497
5417,0.0001445679766103828,7.987942959330852,-1.5476363872223864
5418,0.00014458243559526627,7.987940019765999,-1.5476308104699226
5419,0.0001446126150865033,7.987938004177693,-1.5476270933904581
5420,0.00014461000649731946,7.987936123100575,-1.5476233650702649
5421,0.00014466648073968412,7.987934057835904,-1.547619656790294
5422,0.0001446942142255073,7.987932104291167,-1.5476159497530628
5423,0.00014476646133126638,7.987930056897526,-1.547612250599807
5424,0.00014484375358505788,7.987928192056655,-1.5476085638182715
5425,0.00014491848826057418,7.987925180329479,-1.54760300929085
5426,0.00014493208496255304,7.987922165570857,-1.5475974203620095
5427,0.00014501292814931484,7.987920279328996,-1.5475937351706845
5428,0.00014517359219167405,7.987918222282058,-1.5475900829204623
5429,0.0001452383507159382,7.987916274919154,-1.5475863933042275
5430,0.00014505775288057709,7.9879132631984575,-1.5475807119897809
5431,0.00014505025445904864,7.987911335815712,-1.5475769816998273
5432,0.00014522097932850406,7.987909293273459,-1.5475733246492327
5433,0.00014537073173087262,7.9879073944496195,-1.5475696755509887
5434,0.0001454709539779957,7.987905362959485,-1.5475659947390934
5435,0.0001454413344731396,7.987903460882581,-1.5475622656641013
5436,0.00014542638078595085,7.987901435529747,-1.5475585280381265
5437,0.0001454469563146381,7.987899505226353,-1.5475548102147172
5438,0.00014552864500933562,7.987897469227007,-1.5475511193043174
5439,0.00014567330965391262,7.987894566954149,-1.5475456026323275
5440,0.00014570964133929753,7.987892504845059,-1.5475418910514167
5441,0.000145753918027467,7.987889572646478,-1.5475363261576982
5442,0.0001457518982204517,7.987887647106401,-1.547532598397243
5443,0.00014583194702353107,7.987885674749365,-1.5475289075381495
5444,0.00014595469284570364,7.987883654459949,-1.547525240359842
5445,0.00014594084003022008,7.987880640359058,-1.5475196492473173
5446,0.00014604282725695433,7.9878767247495555,-1.5475122404387995
5447,0.00014611882397688836,7.987873807128329,-1.5475066911760642
5448,0.00014617360066536327,7.987871762976418,-1.5475029889952652
5449,0.00014619823742983388,7.98786987672896,-1.547499275648605
5450,0.00014628270735485456,7.987866883490932,-1.5474937226611443
5451,0.00014628222445119796,7.987864880584281,-1.5474899960589856
5452,0.00014631809755653153,7.987862926793954,-1.5474862910777434
5453,0.0001465251960023574,7.987859877865402,-1.5474807932155408
5454,0.00014637861727398156,7.987857951340151,-1.5474769980481022
5455,0.0001462881017379302,7.987854933727734,-1.5474713536448097
5456,0.00014650934482716892,7.987853013356119,-1.5474677182000647
5457,0.0001467389002164124,7.987851051517813,-1.5474641051428448
5458,0.00014671494233999455,7.987849060933503,-1.5474603684682589
5459,0.0001466289630718377,7.987847097267519,-1.547456606559103
5460,0.00014667201080850286,7.9878451022604855,-1.5474528941971406
5461,0.00014683931862541542,7.98784214052453,-1.5474473813221714
5462,0.00014694475147461892,7.987840170470006,-1.5474437042960272
5463,0.00014696335996701045,7.987837206412998,-1.547438122439757
5464,0.00014691332499450354,7.987835241240103,-1.5474343761159652
5465,0.00014700298830076672,7.987832205256288,-1.5474288175143138
5466,0.00014715283323071978,7.9878303141762865,-1.5474251639174839
5467,0.00014729353764915174,7.987827318660836,-1.5474196416571038
5468,0.00014718762995508908,7.987824329044961,-1.547414004535984
5469,0.0001472577004189351,7.9878214114250525,-1.547408444600267
5470,0.00014736792349203835,7.987818443732553,-1.5474029033713046
5471,0.00014746658140740094,7.987816474455478,-1.547399221520242
5472,0.00014750757414539825,7.9878135419425105,-1.547393652453765
5473,0.00014750737620169684,7.987811436217199,-1.5473899227016095
5474,0.00014753900086079134,7.98780949087992,-1.5473862081123142
5475,0.0001476441539999587,7.987806628753603,-1.547380668553266
5476,0.00014780826892670822,7.987803618922601,-1.5473751482748734
5477,0.00014776358635277306,7.987800566214871,-1.5473695373930407
5478,0.00014778431025456738,7.987798668996677,-1.5473658170292257
5479,0.00014797447505113565,7.987795756851364,-1.5473603154191875
5480,0.00014802914619153852,7.987793715067887,-1.547356611803287
5481,0.0001480288893746526,7.987791731353428,-1.5473528925814606
5482,0.0001480735992594154,7.987789703240599,-1.5473491818662548
5483,0.00014813621063451988,7.987787851404539,-1.5473454880417814
5484,0.00014819568645243745,7.987784830752073,-1.5473399157109924
5485,0.0001481598416249122,7.987782829033067,-1.5473361746235779
5486,0.00014821036221021762,7.987779891288482,-1.5473305994265163
5487,0.00014833627713823963,7.987777884291354,-1.5473269261578813
5488,0.00014849936283081218,7.987775978877589,-1.54732327676489
5489,0.00014850348717752534,7.9877729353112725,-1.5473176895473988
5490,0.00014835948375862204,7.987770970200082,-1.5473138967976294
5491,0.00014832176486138216,7.987768943829529,-1.5473101404740468
5492,0.00014857126235407007,7.987766034542978,-1.547304653154126
5493,0.0001488153604799189,7.987764137060642,-1.5473010406544876
5494,0.00014870675631207736,7.987761105905322,-1.547295411900586
5495,0.00014868602467921354,7.987760171570599,-1.5472935396110885
5496,0.0001487196276294247,7.987759152192828,-1.5472916901686646
5497,0.00014883703543137794,7.9877571354684545,-1.5472880184874862
5498,0.00014895216453899624,7.987755157235687,-1.547284348281792
5499,0.00014899525226686166,7.987754163109908,-1.5472825047067105
5500,0.00014902739503017037,7.987752272213262,-1.547278801594315
5501,0.00014902258552016058,7.987750232213665,-1.5472750656634289
5502,0.00014901352005105352,7.987747297154711,-1.5472694792151904
5503,0.00014917768904337613,7.987744349574964,-1.5472639635715948
5504,0.00014921879625175066,7.987741306724508,-1.5472583878301993
5505,0.00014930897332984455,7.987737373309215,-1.5472509784220116
5506,0.0001493564394810359,7.9877354699447265,-1.5472472702146625
5507,0.00014940779869792732,7.987732447614433,-1.5472417066229152
5508,0.00014948350131136252,7.987730432880539,-1.5472380122716576
5509,0.0001495258695926236,7.987727555227249,-1.5472324421825485
5510,0.0001495638995093733,7.9877255414730595,-1.5472287356899304
5511,0.00014967104098064952,7.987723594896179,-1.547225057571684
5512,0.00014977401372635887,7.987720599449477,-1.5472195139417402
5513,0.0001497797306004806,7.98771857977452,-1.5472157937844095
5514,0.00014982115873186572,7.987715727272786,-1.5472102227368254
5515,0.00014987572730506751,7.987713688590168,-1.547206519071512
5516,0.00014992503158314007,7.9877117289381685,-1.5472028199279517
5517,0.00015001978084655656,7.987708750981002,-1.547197276540769
5518,0.00015008786344393715,7.987706741870536,-1.5471935771490182
5519,0.00015006008712783504,7.987703833274065,-1.5471879718053378
5520,0.00015015906090157715,7.987701785097761,-1.547184289980183
5521,0.0001502591567494822,7.987699822440926,-1.5471806126304133
5522,0.0001503030004996656,7.987696917959265,-1.547175048364726
5523,0.0001502888415033261,7.987694872938277,-1.5471713082557743
5524,0.0001503720269942764,7.9876929962257535,-1.5471676242325791
5525,0.00015053257137629566,7.987689938615898,-1.5471621029542533
5526,0.00015050720869068694,7.987688009312199,-1.5471583728076792
5527,0.00015050022785856643,7.987685997736133,-1.5471546396418094
5528,0.00015052159852180563,7.98768405936447,-1.5471509195283077
5529,0.00015069016932043434,7.987681062327313,-1.5471454134165354
5530,0.00015079397752151935,7.987679044281011,-1.5471417337227542
5531,0.00015081977175146423,7.98767709936197,-1.547138021311379
5532,0.00015075689597160265,7.987674145805079,-1.5471324008182368
5533,0.000150768888563263,7.987672221421389,-1.5471286834229503
5534,0.00015098882129473484,7.987669154715997,-1.5471231932403355
5535,0.0001511179349869584,7.987667168164735,-1.5471195335572594
5536,0.00015111658984862884,7.987665240253658,-1.5471158024379288
5537,0.00015098936292855643,7.987664269796563,-1.5471138815276309
5538,0.0001508529350581703,7.987662215317512,-1.547110079664024
5539,0.0001510807661693341,7.987660321935958,-1.5471064542945772
5540,0.0001514034420494158,7.9876583019469125,-1.5471028762867847
5541,0.00015129587895190415,7.987656362416384,-1.5470991108478935
5542,0.0001511263620225709,7.987653391142911,-1.5470934409018517
5543,0.00015140034155658198,7.987650399489258,-1.5470879784966645
5544,0.00015145632047702912,7.98764850610936,-1.5470842799911386
5545,0.0001514754230678973,7.9876455243825255,-1.547078698620548
5546,0.00015153884542360173,7.9876435070991345,-1.547074996639588
5547,0.00015158062575217204,7.987641597790689,-1.5470712898878192
5548,0.00015166906800917203,7.987638540256157,-1.547065739142251
5549,0.0001517687890831224,7.9876355591113875,-1.547060193800554
5550,0.00015180398609419357,7.987632680883906,-1.5470546195761774
5551,0.00015179865465881652,7.98763066217881,-1.5470508826854055
5552,0.00015187884493498852,7.987627666437632,-1.5470453297103102
5553,0.00015204998107019627,7.98762473460847,-1.5470398232927027
5554,0.00015214791122781542,7.987620841230652,-1.54703241812362
5555,0.00015205378108723762,7.987618780793451,-1.5470286465035363
5556,0.00015212384148521063,7.987615877922593,-1.5470230831677614
5557,0.0001522981473908347,7.987613829799317,-1.547019436681878
5558,0.000152416587550366,7.987611911721333,-1.547015772471902
5559,0.00015233566666858638,7.987608919943015,-1.5470101459244154
5560,0.00015222892981158788,7.987606938216333,-1.5470063645689935
5561,0.0001524826746897317,7.987603993590633,-1.5470008841868916
5562,0.00015265546900006298,7.987601979853745,-1.546997241721949
5563,0.00015262545810579005,7.987599057421724,-1.5469916473973544
5564,0.00015253618582838585,7.987596990847865,-1.5469878696641848
5565,0.00015251005709024149,7.987595100552453,-1.5469841313920543
5566,0.00015279856021537883,7.9875921214522405,-1.546978665161964
5567,0.00015292577797602544,7.9875902009144095,-1.5469750030303564
5568,0.00015285998205084937,7.98758624002807,-1.5469675251402655
5569,0.00015291962929816374,7.987584193591646,-1.5469638225518394
5570,0.0001530261154537503,7.987581257260327,-1.5469582813471021
5571,0.0001531060671508206,7.987579314458154,-1.5469545901104866
5572,0.00015311326880902113,7.987576303102899,-1.5469490015847407
5573,0.000153224799807689,7.987574382228488,-1.546945332311336
5574,0.00015331967024931453,7.987572326552546,-1.5469416478443079
5575,0.0001533305110699028,7.987571350166913,-1.546939793202937
5576,0.00015330958769984408,7.987569437626511,-1.5469360560105643
5577,0.00015332926678297593,7.9875674396414285,-1.5469323382086342
5578,0.00015348779314337018,7.987564452135849,-1.5469268176583413
5579,0.00015346315430577658,7.987561494725268,-1.5469212197882565
5580,0.00015352189526483286,7.9875585812824585,-1.546915652170483
5581,0.00015374810627904976,7.987555584781167,-1.5469101648757244
5582,0.0001537620049389007,7.987552540858774,-1.5469045899701044
5583,0.00015379459398876959,7.987550653436892,-1.546900882794932
5584,0.00015382630128958342,7.987547696966551,-1.5468953029338104
5585,0.00015391416136491644,7.987544670428878,-1.5468897442837042
5586,0.00015397529765350182,7.987542753243447,-1.5468860535570188
5587,0.0001540757861146291,7.987539758413753,-1.5468805020179957
5588,0.00015408123030812736,7.987537808569946,-1.5468767772363443
5589,0.0001540954265639744,7.98753485455244,-1.546871196120684
5590,0.00015416281436188127,7.987532823616745,-1.5468674958206936
5591,0.00015436732927280957,7.987529923773164,-1.5468620026836502
5592,0.00015421509170024508,7.987527865835584,-1.5468582066904293
5593,0.0001541071601374283,7.9875258671077,-1.5468544256203562
5594,0.00015448183184400984,7.987522950552382,-1.5468489900379827
5595,0.0001546099553161152,7.987521032458041,-1.5468453315562716
5596,0.0001545885262567463,7.987519038300099,-1.5468416025826774
5597,0.00015452743650486966,7.987515979740395,-1.546835983858149
5598,0.00015453638362507868,7.987514097111262,-1.5468322587034038
5599,0.00015470307502810904,7.987511106832142,-1.5468267420037864
5600,0.00015477152305930735,7.9875091709170825,-1.546823047242176
5601,0.00015484741563859714,7.987507168842711,-1.5468193570393982
5602,0.00015489089196282695,7.987504166518345,-1.5468137890616724
5603,0.00015491908307504527,7.987502260695472,-1.5468100783349967
5604,0.00015498549854190606,7.987500243210513,-1.5468063801337961
5605,0.00015503182267533159,7.98749732090353,-1.546800811270488
5606,0.00015510551937760248,7.987494327459433,-1.5467952547967125
5607,0.00015522871263228124,7.987491396118325,-1.5467897227244092
5608,0.00015516394834805356,7.987488368160194,-1.5467840927939631
5609,0.00015524870954856278,7.987486433653067,-1.546780404370481
5610,0.0001553751510878217,7.987484372237945,-1.5467767311093263
5611,0.0001555115240863358,7.987481495689747,-1.546771211055727
5612,0.00015552764333702035,7.987480479234867,-1.5467693552514488
5613,0.00015553705156155407,7.987479543319698,-1.546767491398596
5614,0.00015546912955983921,7.987477510116111,-1.546763737296867
5615,0.00015547782783218494,7.9874755504746755,-1.5467600126996117
5616,0.0001555547586742475,7.987473548991866,-1.5467563151501735
5617,0.00015571581694983114,7.987471616559211,-1.546752666107568
5618,0.0001558269305196071,7.98746960891083,-1.5467489940893873
5619,0.00015583804382524556,7.987467644172693,-1.5467452784730364
5620,0.0001558231262267933,7.987465700702068,-1.5467415434817657
5621,0.0001557945051502779,7.987463700292724,-1.5467377995366707
5622,0.00015589738858430075,7.987461746949589,-1.5467341203709717
5623,0.00015607766374027698,7.987458785620656,-1.5467286223689567
5624,0.00015614739122043645,7.987456754957562,-1.5467249248817043
5625,0.00015602757057979277,7.987453847257112,-1.5467192832373855
5626,0.00015605807454887571,7.987451789071255,-1.5467155623241817
5627,0.00015623298108166205,7.987449857256492,-1.5467119489369179
5628,0.00015639811565595712,7.987446887307203,-1.546706421515834
5629,0.00015633226190546524,7.9874449379153525,-1.5467026675582722
5630,0.00015642888211475934,7.987440965226344,-1.5466952507288791
5631,0.00015655007140919373,7.9874389458236665,-1.5466915804068475
5632,0.000156608438229636,7.987436063577226,-1.546686024447397
5633,0.00015658921635185175,7.987434035723529,-1.546682283457315
5634,0.00015658302558110526,7.987432128657045,-1.5466785538497418
5635,0.00015668094483162204,7.987430082622824,-1.5466748698160686
5636,0.00015677208577272061,7.987428152011433,-1.5466711909728443
5637,0.0001568338837910493,7.987426127346463,-1.5466674928341773
5638,0.00015680704320907655,7.987423231871425,-1.546661895669075
5639,0.00015693930833133235,7.987421172012786,-1.546658223348395
5640,0.00015703397510333052,7.987417212261642,-1.54665082143003
5641,0.00015703292471610868,7.987415329910882,-1.5466470918252804
5642,0.0001571435590673839,7.98741132650112,-1.5466396839671168
5643,0.00015722364948969947,7.987409289978249,-1.5466359994508911
5644,0.0001573438976210659,7.987406407003051,-1.5466304729240092
5645,0.00015735802141991382,7.9874034320129415,-1.5466248917697174
5646,0.0001573385665728518,7.987400434411749,-1.5466192850029994
5647,0.00015745819586636774,7.987398513970778,-1.5466156183277637
5648,0.00015764454027945371,7.987395512571509,-1.5466101184721652
5649,0.00015754368730725918,7.987393508201583,-1.5466063408677195
5650,0.0001575066225348879,7.987390578362748,-1.5466007259650192
5651,0.00015757819614978984,7.987389574000781,-1.5465988908308617
5652,0.00015765303169445262,7.9873885344524655,-1.5465970589403746
5653,0.00015778328284228458,7.987386666943733,-1.546593393089139
5654,0.00015783288154166814,7.987384638245119,-1.5465896947588833
5655,0.00015784514840425017,7.987382728587017,-1.5465859774070185
5656,0.00015789290158178397,7.987380658214179,-1.5465822719989817
5657,0.00015795533940411323,7.987378779136684,-1.5465785748667698
5658,0.00015802533667083062,7.9873757745019764,-1.5465730216756288
5659,0.0001580401241580362,7.987373814743996,-1.5465692970547391
5660,0.00015807172694231136,7.987370861901618,-1.5465637224398805
5661,0.00015821065007104652,7.987368837024118,-1.5465600553125516
5662,0.0001582865027373906,7.987365936589567,-1.5465545085283072
5663,0.0001583212920964176,7.987363884393788,-1.546550798301946
5664,0.00015830013597849558,7.9873609312543135,-1.5465451937861843
5665,0.00015841709781738887,7.987358007393499,-1.5465396584783344
5666,0.00015850910043510027,7.987355958668681,-1.5465359712923115
5667,0.00015855974857859265,7.987353081826082,-1.5465304070184662
5668,0.0001586139086394245,7.987351041137097,-1.5465266988487427
5669,0.00015865743180568833,7.987348035584499,-1.54652113383149
5670,0.00015872307249294873,7.987346180093187,-1.5465174389107919
5671,0.00015882862728963608,7.987342199492814,-1.5465100293837584
5672,0.00015881971168941973,7.987340147431697,-1.5465062975420856
5673,0.00015885913878035658,7.987338258010961,-1.5465025957987444
5674,0.00015899573153340375,7.987336228239546,-1.5464989253609496
5675,0.0001590642777774597,7.987334292265674,-1.5464952354743435
5676,0.00015909254735656825,7.987332287889662,-1.5464915193967401
5677,0.00015911935656406182,7.987329377382748,-1.5464859430323186
5678,0.00015920728447696723,7.987326407946259,-1.546480394203281
5679,0.0001593218279509551,7.9873233921787925,-1.5464748560493793
5680,0.00015934930915762038,7.987321469357412,-1.546471142130937
5681,0.00015936044434324508,7.987318480706069,-1.5464655569857761
5682,0.00015944432519966002,7.987316490577749,-1.5464618658531684
5683,0.00015962342006846708,7.987313554109017,-1.5464563626766725
5684,0.00015957169340839974,7.9873114729090435,-1.5464526127412606
5685,0.00015955813189304617,7.987309585998601,-1.5464488786874748
5686,0.00015971854527053485,7.987306643211603,-1.5464433616780833
5687,0.00015982097185495496,7.987304658406377,-1.5464396828062807
5688,0.0001598647414259287,7.987301680257622,-1.5464341224338687
5689,0.00015983181534996293,7.987299644734193,-1.5464303748552692
5690,0.00015988082898382838,7.987296773492849,-1.5464248034448573
5691,0.0001599439905300213,7.987295702188774,-1.546422966466176
5692,0.00016006296344337682,7.987293805332695,-1.5464193010809133
5693,0.00016013159790443128,7.987291790170199,-1.5464156015299568
5694,0.0001601300102184996,7.987289818324726,-1.5464118820437465
5695,0.00016011432700746981,7.98728782449247,-1.5464081436561268
5696,0.00016019419943576058,7.98728492147254,-1.5464025897318756
5697,0.0001603517230594948,7.98728287094935,-1.546398934906203
5698,0.00016041749987069515,7.9872809344759705,-1.5463952431735377
5699,0.00016042592621938855,7.987277972049532,-1.54638966440391
5700,0.0001604289956127595,7.987276025519069,-1.5463859337797907
5701,0.00016052069610540963,7.987273065054874,-1.5463803845146786
5702,0.00016059104060155415,7.987270053163972,-1.5463748301044895
5703,0.00016067247854699174,7.987267070796692,-1.5463692710689185
5704,0.00016073942894982544,7.987264161845422,-1.5463637136950676
5705,0.0001607473920575016,7.987262144433744,-1.5463599890831625
5706,0.00016087405602661117,7.98725919214833,-1.5463544556262803
5707,0.000160997316877183,7.9872572392991765,-1.5463507946750157
5708,0.00016104324010516213,7.987254210058158,-1.5463452288496387
5709,0.00016104695194567396,7.987252310112863,-1.5463415081711933
5710,0.0001610511079014893,7.987249344414967,-1.5463359189853003
5711,0.00016118532952266154,7.987247334114016,-1.5463322496655176
5712,0.00016130311339675584,7.987245366689932,-1.5463285816157613
5713,0.00016132217798222757,7.987242352126497,-1.5463230047122967
5714,0.00016130310912780747,7.987240469648897,-1.546319272991572
5715,0.00016136555690205917,7.987237469476745,-1.5463137082528782
5716,0.00016148546697579807,7.9872355265483055,-1.5463100368604938
5717,0.00016156399973511616,7.987232508651379,-1.5463044821057883
5718,0.0001615619347984028,7.987229538706104,-1.5462988936188122
5719,0.0001617276276946965,7.98722660128188,-1.5462933837719215
5720,0.00016174603837735513,7.987223648972633,-1.5462878066654415
5721,0.00016181187466031123,7.987219734167144,-1.546280382455187
5722,0.00016191959318503774,7.987217704530326,-1.5462767040369787
5723,0.00016203304506951714,7.987214759344171,-1.5462711754937932
5724,0.00016202298672394295,7.987211764875871,-1.5462655790251314
5725,0.00016214295555487957,7.987208791472688,-1.5462600408747518
5726,0.00016224372696498068,7.987206873735604,-1.5462563660643693
5727,0.00016216821124911653,7.98720384117118,-1.5462507399695922
5728,0.00016225794030880287,7.987200867754614,-1.5462451827703514
5729,0.000162321032212518,7.987199902293833,-1.5462433500316233
5730,0.0001624460205289893,7.987197943345766,-1.5462396787219859
5731,0.00016248784018671814,7.9871959725217625,-1.5462359787918951
5732,0.00016249270889685726,7.987194045072632,-1.5462322543342037
5733,0.00016247773893180416,7.987191989944282,-1.5462285179297957
5734,0.00016253647035423377,7.9871900818695565,-1.5462248199295097
5735,0.00016264216115490312,7.987188044262329,-1.546221139397381
5736,0.00016268831857635393,7.987185120073729,-1.5462155739403542
5737,0.00016272021771909914,7.987182192544826,-1.5462099993421876
5738,0.00016279666686661002,7.987179206443754,-1.5462044393538683
5739,0.00016294475808797547,7.987177237017747,-1.5462007815977907
5740,0.00016304784086635055,7.987173290498148,-1.5461933878507903
5741,0.00016304291896873289,7.987171276858704,-1.546189658527842
5742,0.0001631132229985287,7.987167294496048,-1.5461822298182624
5743,0.00016320086895411088,7.987165372826999,-1.546178549016622
5744,0.00016331714667492563,7.987162378883443,-1.5461730177757196
5745,0.00016334333349121176,7.987159391211438,-1.5461674362560298
5746,0.00016332176738316742,7.987156469030471,-1.5461618321848103
5747,0.00016343314349251685,7.987154454860444,-1.5461581493375005
5748,0.00016355142264480574,7.987151505200173,-1.5461526181572134
5749,0.00016363285975975588,7.98714859846175,-1.546147065060738
5750,0.00016363809523309828,7.987146525966465,-1.5461433447451363
5751,0.00016368700430844437,7.987143566992604,-1.5461377758370942
5752,0.00016375350372672726,7.987141701887982,-1.5461340830154948
5753,0.00016381560676693107,7.987138679289466,-1.5461285151893707
5754,0.00016386155254483585,7.9871367325401925,-1.546124809628184
5755,0.00016397476817542233,7.987133801736674,-1.5461192750000077
5756,0.00016399076576555484,7.98713174618521,-1.546115550480849
5757,0.00016406041421847118,7.987128817478561,-1.5461099918795922
5758,0.00016421184135914193,7.987125885211707,-1.5461044719994967
5759,0.0001642492265380683,7.987122848631439,-1.5460989021449227
5760,0.00016429281466184665,7.987119911517542,-1.5460933303332343
5761,0.00016434272466276715,7.987117991571594,-1.5460896276129072
5762,0.0001644123031503137,7.987114966212964,-1.5460840646177834
5763,0.00016447851206304807,7.987113002614262,-1.5460803692475795
5764,0.00016456152859073317,7.987110104136789,-1.5460748197325043
5765,0.0001646017798051973,7.987108046038809,-1.5460711091434811
5766,0.00016462283607674,7.987105090977233,-1.5460655267915417
5767,0.00016475653120477118,7.987102208251302,-1.54605999615631
5768,0.00016479895821871777,7.987101170129714,-1.5460581556662407
5769,0.00016487361041500064,7.987099167177081,-1.5460544663030638
5770,0.00016486376513136106,7.987097218954648,-1.5460507337462275
5771,0.0001648640646623234,7.987096173787448,-1.5460488673651631
5772,0.00016492617383447467,7.987094294427057,-1.5460451717189978
5773,0.00016505409191984208,7.987091276994749,-1.546039634587896
5774,0.0001648933955097622,7.987089229161286,-1.5460358307247215
5775,0.00016508504403936114,7.987086294591361,-1.5460303251594683
5776,0.00016537806835931372,7.987084371170678,-1.5460267280431572
5777,0.00016519253727734754,7.987081493643134,-1.546021061926482
5778,0.00016519556955130792,7.9870794375066465,-1.5460173364600474
5779,0.00016543935168489548,7.9870764685411455,-1.5460118619381855
5780,0.00016554535622984747,7.98707347979726,-1.5460063194478237
5781,0.0001654052984021224,7.987070489161939,-1.5460006564689717
5782,0.00016560777676660068,7.987067596533676,-1.5459951567945052
5783,0.00016570852894011055,7.987065605518353,-1.5459914738110503
5784,0.00016575645555095414,7.987062617339083,-1.5459859124899524
5785,0.0001657462390827732,7.987060706701368,-1.5459821835591827
5786,0.00016585574181628845,7.987057669014662,-1.545976634302564
5787,0.000165922496326163,7.987055755929988,-1.545972946685817
5788,0.00016599087033682757,7.98705278024214,-1.545967390105415
5789,0.00016601293392137244,7.987049792643563,-1.5459618049129273
5790,0.00016605093392743522,7.987047876219483,-1.5459580947014595
5791,0.00016623229063500536,7.987044863672024,-1.5459525928690563
5792,0.0001663115530484765,7.987042894176968,-1.545948907532319
5793,0.00016630951056325623,7.987039957673861,-1.5459433205674802
5794,0.00016633508921454448,7.987037952675217,-1.5459396024919179
5795,0.00016641158156187154,7.9870350284477905,-1.5459340464884523
5796,0.00016652106998919235,7.987032969591888,-1.5459303689244068
5797,0.00016662443395316941,7.987030049359663,-1.545924833738853
5798,0.0001665985241174463,7.987027147078109,-1.5459192329004527
5799,0.00016660580146761974,7.987025083622953,-1.5459155013674273
5800,0.00016673282073338046,7.9870221580753595,-1.5459099714551827
5801,0.00016682576191053532,7.98702013582963,-1.5459062893803226
5802,0.00016693503039893798,7.987017186284358,-1.545900745864097
5803,0.0001668798496913433,7.987015302540697,-1.5458969983042326
5804,0.00016702838574888493,7.987012274155169,-1.5458914766114047
5805,0.00016710220459126561,7.98700928290777,-1.5458859196266284
5806,0.00016710122015710426,7.9870063796580055,-1.5458803358566058
5807,0.00016725832623415565,7.987004367955718,-1.5458766774035013
5808,0.00016725289329086964,7.987002403288251,-1.5458729488425205
5809,0.0001671154240776377,7.987000332492445,-1.5458691516880305
5810,0.0001672104330621007,7.98699838028145,-1.5458654656733068
5811,0.00016755194014540052,7.98699640275212,-1.545861890479183
5812,0.00016748990300501828,7.9869935727033745,-1.5458562813719718
5813,0.00016746307733771435,7.986990568081433,-1.5458506827585756
5814,0.00016762567284715814,7.986988567585044,-1.5458470308397703
5815,0.00016775911973478948,7.986986546277064,-1.5458433682955315
5816,0.00016771549095326662,7.986984635469145,-1.5458396219667934
5817,0.0001676709271638607,7.986982621676677,-1.5458358689690728
5818,0.00016776346920640393,7.986980718538931,-1.5458321884058732
5819,0.0001678846095385129,7.986978677981358,-1.5458285174688369
5820,0.00016794183506861586,7.986975738456851,-1.545822957247071
5821,0.0001679580170963246,7.986973737566104,-1.5458192307922687
5822,0.00016795092545308292,7.986970764852168,-1.5458136394681607
5823,0.00016816696376228173,7.986967833604414,-1.5458081520474942
5824,0.0001683006647420601,7.986964879311259,-1.5458026304802788
5825,0.0001682626421214903,7.986962884742507,-1.5457988903665472
5826,0.00016822187371779614,7.986960922949822,-1.5457951425537193
5827,0.00016830483894736124,7.986957904808768,-1.5457895846946408
5828,0.00016837416435956645,7.98695601189729,-1.5457858908613138
5829,0.00016847546339687842,7.986953053410625,-1.545780342460605
5830,0.00016855262904826154,7.986951092283893,-1.5457766542839217
5831,0.0001686089387107324,7.986949039039607,-1.5457729577439345
5832,0.00016872795371115584,7.986946064168432,-1.5457674254414648
5833,0.00016877834276239886,7.986944189894379,-1.5457637229565182
5834,0.00016877169098942753,7.986941183143403,-1.5457581265157683
5835,0.00016879877005982242,7.986939202265858,-1.545754411643481
5836,0.0001689678557543825,7.986936288551849,-1.5457489058518064
5837,0.00016903746602344236,7.986934248604396,-1.5457452127234903
5838,0.00016901736735026833,7.986931336451462,-1.545739613937685
5839,0.00016905248243526515,7.986928361921587,-1.5457340384827356
5840,0.0001691528526682417,7.9869263668369275,-1.5457303556605708
5841,0.0001692911225307256,7.986923412617033,-1.5457248343249663
5842,0.00016936088246425032,7.986921377659583,-1.545721140484049
5843,0.00016931047289595714,7.986918508944468,-1.5457155250962273
5844,0.00016930777808218505,7.986916485824897,-1.5457117891783536
5845,0.00016944885977216562,7.9869134798891555,-1.5457062633570706
5846,0.00016958778403571815,7.986910567585667,-1.5457007405577239
5847,0.00016958118152310365,7.986907652215111,-1.545695147826135
5848,0.00016966155905104004,7.986905605935267,-1.545691455008197
5849,0.00016971904140342215,7.986904587767893,-1.5456896180613677
5850,0.00016982370176882793,7.986902648816523,-1.5456859451215992
5851,0.0001699056812157837,7.986900667299841,-1.5456822558952166
5852,0.00016985819487323007,7.986898708902425,-1.5456785112251392
5853,0.00016986524281314863,7.986896772684596,-1.5456747868543035
5854,0.00016989287543533684,7.986894791352675,-1.545671067814135
5855,0.00016998822310362318,7.986892775029418,-1.5456673812977115
5856,0.00017008306389771488,7.986890827517208,-1.5456637006158167
5857,0.0001701981157150124,7.986887870272344,-1.545658164287082
5858,0.00017021296552490053,7.986885842665478,-1.5456544471248557
5859,0.00017020287531969918,7.986882966936038,-1.545648851241475
5860,0.00017027544703239735,7.986880913902206,-1.5456451534268187
5861,0.0001704693690093993,7.986877925363188,-1.5456396599835835
5862,0.00017047302279016822,7.986876007697936,-1.5456359298191171
5863,0.00017025616031913468,7.986873945258254,-1.545632094477068
5864,0.00017043871505788402,7.986871046101085,-1.5456265760738603
5865,0.00017073940402926577,7.986869045939977,-1.5456229899869962
5866,0.00017057346637659916,7.986865114557657,-1.5456154612861162
5867,0.00017065969617112702,7.986863204370544,-1.5456117749471026
5868,0.00017089019166369827,7.986860238686016,-1.545606291355149
5869,0.00017094932612317872,7.986858251361343,-1.5456025987748636
5870,0.00017097670959320116,7.986856247819806,-1.5455988800870817
5871,0.00017095845966894662,7.986854294879943,-1.5455951524930949
5872,0.00017100205621454497,7.986852316874996,-1.545591446737454
5873,0.00017103769502665726,7.986850346446809,-1.5455877332658825
5874,0.00017109580234572977,7.986848393637314,-1.5455840337335829
5875,0.00017120471858421196,7.986846410684934,-1.5455803564716035
5876,0.00017125578059944057,7.986843450457678,-1.5455747879891328
5877,0.00017126384871631785,7.986840462139606,-1.5455691992189569
5878,0.0001713774762739128,7.986838531401884,-1.545565522994971
5879,0.00017152364653113766,7.986836506362239,-1.545561865319009
5880,0.0001715634027797736,7.986834567994648,-1.545558164699593
5881,0.0001715631643712081,7.986831586941412,-1.54555257934442
5882,0.00017154526440392136,7.986829595995274,-1.5455488358055316
5883,0.00017163685973235328,7.986827627790725,-1.545545152204968
5884,0.00017182772681889063,7.986824627934855,-1.5455396547649998
5885,0.00017187693408893232,7.986822714978941,-1.5455359537760072
5886,0.00017172084308945823,7.986820678788336,-1.5455321500240278
5887,0.00017169571398622727,7.9868177190676155,-1.545526536148137
5888,0.00017184178125540572,7.986816721126169,-1.5455247325321169
5889,0.00017207377322075415,7.986814803450727,-1.5455211178046078
5890,0.00017203262671518872,7.986812842585014,-1.5455173710660284
5891,0.00017195789184428013,7.98681083978653,-1.54551361523
5892,0.00017208166662231264,7.9868088662764,-1.5455099382818356
5893,0.00017230042024618655,7.9868059348899605,-1.5455044586715387
5894,0.000172334832237864,7.98680294144587,-1.5454988912372005
5895,0.0001723247438558363,7.986799943355169,-1.5454932890051865
5896,0.00017238240455275886,7.9867969980795275,-1.5454877215842404
5897,0.000172608246471242,7.9867941114467556,-1.5454822380760187
5898,0.0001725458145822987,7.986790088278054,-1.5454747606442651
5899,0.00017247386167660374,7.986788110281238,-1.5454709957983634
5900,0.00017276299004299612,7.986785166403454,-1.545465559694444
5901,0.00017292480026441712,7.986782213539284,-1.5454600423514748
5902,0.00017276416486575896,7.986780222496986,-1.5454562379662293
5903,0.00017274164956923577,7.986777200950697,-1.5454506140618367
5904,0.00017314396719656433,7.986773289352804,-1.545443340351045
5905,0.00017318782723430807,7.986770347278086,-1.5454377812733213
5906,0.00017317656831183573,7.986766404323834,-1.5454303246376548
5907,0.00017327192459025797,7.986764454273103,-1.545426641647583
5908,0.00017339243121798279,7.986762499031869,-1.5454229748345758
5909,0.00017343312085551948,7.986760449632576,-1.5454192683568446
5910,0.00017344848876493498,7.98675854632478,-1.5454155477189848
5911,0.0001734123217061425,7.9867555775082435,-1.5454099404837054
5912,0.0001735215377814386,7.9867535787513075,-1.545406261965436
5913,0.0001737109265415754,7.98675062731917,-1.5454007662942109
5914,0.0001736228747791861,7.986747648522686,-1.5453951343044745
5915,0.000173628669317319,7.986744662716721,-1.5453895335876535
5916,0.00017390725024387052,7.986741782766836,-1.5453840828403067
5917,0.00017398147627816784,7.986739747957402,-1.54538038807789
5918,0.0001739193011290335,7.986736731325799,-1.5453747697107467
5919,0.00017392666303299271,7.986734841569343,-1.5453710430735512
5920,0.0001741144745963906,7.986731859252491,-1.545365532309632
5921,0.00017422096674945636,7.986729934541679,-1.5453618569202283
5922,0.00017427199457206068,7.98672690449356,-1.5453562987798504
5923,0.00017423662163829418,7.986724935226612,-1.5453525521127316
5924,0.00017429926559268586,7.9867220187795045,-1.5453469880294695
5925,0.00017448721954517913,7.986719037332678,-1.5453414872008013
5926,0.00017454805760281898,7.986717084326137,-1.5453377862204125
5927,0.0001745548125741329,7.986715046503133,-1.5453340654695116
5928,0.0001745362430333565,7.9867131186693205,-1.5453303292810656
5929,0.000174561970322027,7.986711123213922,-1.5453266119102695
5930,0.0001747843096595563,7.986708135738231,-1.5453211230590231
5931,0.00017484806361123744,7.98670616589885,-1.5453174305756643
5932,0.00017486181810193817,7.98670320444237,-1.5453118529126386
5933,0.0001748609284890002,7.986701308436916,-1.5453081251138232
5934,0.00017499488377159167,7.986698313808013,-1.5453025967010923
5935,0.00017511118210644249,7.986696347267673,-1.5452989226921954
5936,0.00017495787306692708,7.9866943079150445,-1.5452951264317694
5937,0.00017484571864757602,7.986692279745659,-1.5452913418250784
5938,0.00017526478165863664,7.98668939115472,-1.545285930268569
5939,0.00017535268322663633,7.9866874553596805,-1.54528224812166
5940,0.00017527147970432204,7.986685482525147,-1.5452784869074432
5941,0.00017521632196970248,7.9866834804405995,-1.54527473169269
5942,0.00017523016909903096,7.9866815002321605,-1.5452710065384827
5943,0.00017549165890698337,7.98667850873173,-1.5452655348245703
5944,0.0001755959565923632,7.986675621910519,-1.5452600002508357
5945,0.00017560570989324175,7.986672683689755,-1.5452544194472826
5946,0.00017561897873009173,7.9866706491744655,-1.5452506892763325
5947,0.00017576750892396386,7.986667745534203,-1.5452451704947547
5948,0.00017587065983725182,7.986665699044768,-1.545241496412634
5949,0.00017590584320232384,7.986663767388521,-1.5452377864070794
5950,0.000175882147599503,7.986660832740335,-1.5452321864037382
5951,0.00017595118556171715,7.9866578007951405,-1.5452266228373326
5952,0.00017609832262311677,7.986654843792784,-1.5452211023271964
5953,0.00017619649865132492,7.986652893959278,-1.545217426582691
5954,0.00017625128560457907,7.986649903986786,-1.5452118563573984
5955,0.00017621572073855227,7.98664797267281,-1.5452081161177218
5956,0.00017620921605319747,7.986645951337457,-1.5452043829542488
5957,0.00017635853582166866,7.986643050412946,-1.545198858497454
5958,0.00017646456312862217,7.986640070907709,-1.545193310309469
5959,0.00017655222493362914,7.986637088925599,-1.5451877656769466
5960,0.00017669218327767355,7.986635147831832,-1.5451841089456122
5961,0.00017652054743018506,7.986632089928391,-1.5451784328471456
5962,0.0001764635204642333,7.986630099010206,-1.5451746657313388
5963,0.00017659219573110238,7.986628170328679,-1.5451709935763716
5964,0.0001767282848251302,7.986627251530872,-1.5451691904873783
5965,0.00017694529150272896,7.986625225838427,-1.5451655581184611
5966,0.00017684372958460984,7.986623313428412,-1.5451617973961396
5967,0.00017681113663664663,7.986621269377915,-1.545158049036122
5968,0.00017697399592210797,7.986618290983506,-1.5451525327067852
5969,0.00017715888484258648,7.986615395817455,-1.545147028465691
5970,0.00017720069135088114,7.986613394959851,-1.5451433267813546
5971,0.00017718415056065557,7.986610481434151,-1.5451377306262408
5972,0.00017730708783544178,7.986607517653357,-1.5451322010543989
5973,0.0001774898981256305,7.986604502462974,-1.5451266999339084
5974,0.00017734623413996698,7.986602536875724,-1.5451229011028966
5975,0.0001773281091539742,7.986599588233296,-1.545117289248732
5976,0.00017763459631859417,7.986596642746766,-1.5451118405617583
5977,0.00017759364121870943,7.986594671072323,-1.545108091932759
5978,0.0001775910766676493,7.986591690605004,-1.5451024994821365
5979,0.00017780711054785246,7.986589707526102,-1.5450988961662797
5980,0.00017791050695091686,7.986586793399567,-1.5450933501440116
5981,0.00017769666643698844,7.986583739181837,-1.5450876460984238
5982,0.0001779378490768102,7.9865808055358,-1.5450821541752617
5983,0.0001781362095045468,7.986578885528781,-1.545078526053963
5984,0.0001782107516077422,7.986576889769217,-1.5450748365725564
5985,0.00017797281316274632,7.98657394381842,-1.5450691303378856
5986,0.00017797172107023048,7.986571884160538,-1.545065390939965
5987,0.0001782981763957748,7.986569983318223,-1.5450618091388095
5988,0.00017844183184608618,7.986566997733384,-1.5450562937888082
5989,0.00017830123745959475,7.986565091958971,-1.5450525069821393
5990,0.00017836637053420497,7.9865620901428915,-1.5450469421398865
5991,0.0001784578119241614,7.98656007043522,-1.5450432514806751
5992,0.0001786813527463982,7.986557237646773,-1.5450377707706975
5993,0.0001787262417560795,7.986555153057205,-1.5450340648367704
5994,0.00017869992073490297,7.9865532277344515,-1.5450303344680831
5995,0.00017875529206314383,7.986550312071459,-1.5450247671104906
5996,0.00017881413427248873,7.986548283392952,-1.5450210631935517
5997,0.00017885136221644783,7.986545345806319,-1.5450154847990445
5998,0.00017892108784572824,7.986543299030616,-1.5450117873673594
5999,0.00017900185270865518,7.986541374166591,-1.545008096825149
6000,0.00017909135812632074,7.986539402489348,-1.5450044142015396
6001,0.00017912401057987296,7.986537466900616,-1.545000701293866
6002,0.00017912917651238225,7.986535403503944,-1.5449969741789749
6003,0.00017913944129923013,7.986534481376572,-1.5449951184084587
6004,0.00017922536265153137,7.986532473146974,-1.5449914280690313
6005,0.00017938477300438307,7.986530545140413,-1.5449877763160924
6006,0.00017943980223678927,7.986528536645228,-1.5449840803138521
6007,0.00017945452171887525,7.986526567417835,-1.544980368946632
6008,0.00017944215340552497,7.9865255948375395,-1.5449785008260926
6009,0.0001794326203290055,7.986523548778906,-1.5449747603751613
6010,0.00017944625293880013,7.986521676163346,-1.5449710457660883
6011,0.00017960568185901513,7.986519623297824,-1.5449673841483311
6012,0.00017970563841623557,7.9865176885944695,-1.544963705289408
6013,0.00017970959847066014,7.986514702089393,-1.5449581221341802
6014,0.00017971160489009931,7.986512816367626,-1.5449543936584407
6015,0.0001797781519137298,7.9865107579650525,-1.5449506958139363
6016,0.00017994771677537513,7.9865077808308325,-1.5449451891419792
6017,0.00018001537245710469,7.986505797909341,-1.5449414912379196
6018,0.000179976138298128,7.986503855520861,-1.5449377510779572
6019,0.00018000485481014017,7.986501911228018,-1.544934041400796
6020,0.00018009163407559816,7.986499917922398,-1.544930349490511
6021,0.00018014490636479954,7.986497927741204,-1.5449266483657111
6022,0.00018016095547895869,7.986495960201047,-1.544922924778088
6023,0.00018020428313577234,7.986494010906419,-1.5449192183844371
6024,0.00018034463722612723,7.986492064851632,-1.5449155548860454
6025,0.00018038103803948648,7.986490024186895,-1.544911850239916
6026,0.00018035288882315955,7.986487014313656,-1.5449062401002016
6027,0.00018038231873920054,7.986485146146348,-1.5449025311504152
6028,0.00018061425016367735,7.9864821376643835,-1.5448970393253139
6029,0.00018065330669030005,7.986480203707122,-1.5448933364688793
6030,0.0001806711662981592,7.98647818548442,-1.5448896191490644
6031,0.0001806875988634433,7.986475207008,-1.5448840305458509
6032,0.00018075141961415724,7.986473308754851,-1.5448803417038894
6033,0.00018090002240854104,7.98647130070495,-1.5448766801362521
6034,0.00018085137340886694,7.986469318632083,-1.5448729272074389
6035,0.00018069880627857957,7.986467231924567,-1.5448691186260364
6036,0.00018082162049968856,7.986465307532563,-1.5448654451275508
6037,0.0001809631351287119,7.986464357828258,-1.5448636431509644
6038,0.00018117877346075824,7.986462412684609,-1.5448600127180576
6039,0.00018119381277240823,7.986461431042387,-1.5448581597241184
6040,0.00018115388515468127,7.98645948291252,-1.5448544264820165
6041,0.00018112477787441257,7.986457405255971,-1.5448506803284277
6042,0.0001811210304278089,7.986455483142994,-1.5448469492094004
6043,0.0001811838230115422,7.986453511746012,-1.5448432490257618
6044,0.00018134965512372025,7.986451575269912,-1.5448395944282585
6045,0.00018147129290139083,7.986449552578356,-1.5448359271931196
6046,0.00018145652491651027,7.986447628465898,-1.5448322002444335
6047,0.00018141040508933262,7.986445564998847,-1.5448284434685164
6048,0.00018140113809834963,7.986443675250736,-1.5448247087853573
6049,0.0001816753610581697,7.986440687801379,-1.544819242069359
6050,0.00018180192545879393,7.986438753926539,-1.5448155793473832
6051,0.00018171017834824044,7.98643669754419,-1.5448118098023254
6052,0.00018158291686765847,7.986434784619713,-1.5448080185480235
6053,0.0001816899431476655,7.986432743681713,-1.5448043345506832
6054,0.00018206860492031416,7.986429842876309,-1.544798920549814
6055,0.00018202082341107497,7.986427808429676,-1.5447951732117065
6056,0.00018183054393713084,7.986425891065235,-1.5447913559698536
6057,0.000182092383375202,7.986422947695938,-1.5447858905698564
6058,0.00018231283749545866,7.986420908506733,-1.544782284559578
6059,0.00018208200139700732,7.986417993642477,-1.5447765780938183
6060,0.00018212767069324457,7.986415985983056,-1.5447728606545392
6061,0.00018233323929946695,7.986414101596642,-1.5447692368380603
6062,0.0001824291146798925,7.986411119105345,-1.5447636879288824
6063,0.00018240227276121863,7.9864091614525865,-1.5447599396126028
6064,0.0001824437924153246,7.986406166087091,-1.5447543636214713
6065,0.000182532815121088,7.986404135706535,-1.5447506715993193
6066,0.0001826213396772204,7.986402250122352,-1.544746988649835
6067,0.0001826896937595394,7.986400254124307,-1.5447432892476296
6068,0.00018276268366560882,7.986398333543529,-1.5447395950189056
6069,0.00018284709543364786,7.986395284011648,-1.5447340488010688
6070,0.0001829311594489526,7.986393341337388,-1.5447303600723632
6071,0.00018293926081655042,7.986392329667413,-1.5447285052581763
6072,0.0001829478475396992,7.986391341206084,-1.544726645347646
6073,0.00018297671976466956,7.986389423065723,-1.5447229268158023
6074,0.00018298727346472785,7.986387396110436,-1.544719204932546
6075,0.00018300606929723076,7.986386466072606,-1.544717352906826
6076,0.00018310393063463408,7.986384442181312,-1.5447136700814892
6077,0.0001832445188605368,7.986381524110188,-1.5447081429925469
6078,0.00018300637676558576,7.986378478446858,-1.544702439581873
6079,0.0001833707228383165,7.9863754893670125,-1.544697003280327
6080,0.00018353495349414625,7.986373651464576,-1.5446933543519206
6081,0.00018346046649107765,7.986371621064485,-1.544689597122441
6082,0.0001833887669652659,7.986369662310046,-1.5446858396683334
6083,0.00018339617278432827,7.986367615970443,-1.5446821064206253
6084,0.00018363554794406095,7.986364758197556,-1.5446766274912758
6085,0.00018376825058226032,7.9863627198097795,-1.5446729578461178
6086,0.00018356125732533815,7.9863597031412095,-1.544667268641243
6087,0.00018362707088958525,7.986357782808613,-1.5446635709080707
6088,0.00018382463282342725,7.986355828868998,-1.5446599269653634
6089,0.00018397416605124588,7.986352959831955,-1.5446544118359964
6090,0.00018395370120389312,7.986350893597213,-1.5446506716146668
6091,0.0001838655500006974,7.986347878099912,-1.5446450342446996
6092,0.000183893319472725,7.986345950026706,-1.544641316328001
6093,0.00018411829035810346,7.986343975721722,-1.5446376822019414
6094,0.00018435808383761813,7.986341067206321,-1.5446322060638147
6095,0.0001842029688937076,7.986339024803514,-1.544628410783652
6096,0.00018420252324435465,7.986336115564814,-1.5446228139426201
6097,0.0001845024098160222,7.986334080261678,-1.5446192300192585
6098,0.00018445177098053479,7.986331153657363,-1.5446136162328554
6099,0.00018442912995715442,7.986329142802147,-1.5446098738313643
6100,0.00018461285493463647,7.98632726693268,-1.544606256363585
6101,0.00018479809915201425,7.986324264036512,-1.544600751229901
6102,0.00018475504336483678,7.986322321867215,-1.5445970062163952
6103,0.00018475335032071448,7.986320263572339,-1.5445932677083782
6104,0.00018478082046881794,7.986318390898978,-1.5445895547315203
6105,0.00018495313098317834,7.986316367897493,-1.5445858982244034
6106,0.00018501556123117264,7.986313442641566,-1.544580341368958
6107,0.00018501159097059612,7.986311416307208,-1.5445766103154381
6108,0.0001850182202399863,7.986308460015157,-1.5445710173179479
6109,0.00018514039050498084,7.986305533676176,-1.5445654811449885
6110,0.00018523703377667085,7.986303535175652,-1.5445617971848795
6111,0.00018527694465332505,7.986301647108267,-1.5445580855269319
6112,0.00018531138740954614,7.986299607240554,-1.5445543784050173
6113,0.00018538639983165948,7.9862986386078,-1.5445525457193434
6114,0.00018546161032433972,7.986296612152094,-1.5445488586891483
6115,0.00018552057597875354,7.986294654606603,-1.5445451561354335
6116,0.00018547861018250876,7.98629269075988,-1.5445414113929694
6117,0.00018554084483974435,7.98629073470573,-1.544537711438747
6118,0.00018567229636013016,7.986288768502264,-1.544534041824421
6119,0.00018572025472513552,7.986286741698344,-1.5445303374605992
6120,0.0001857057819672095,7.986284833065965,-1.5445266098770536
6121,0.00018576107279318256,7.986282820268844,-1.5445229004949697
6122,0.00018577767490029565,7.986280892784691,-1.5445191853377622
6123,0.00018591947556223618,7.986278854911569,-1.544515519127946
6124,0.0001860240573646717,7.986275924555827,-1.5445099876737813
6125,0.00018600806275072764,7.986273933023113,-1.5445062532201328
6126,0.00018609101447552808,7.986270996013426,-1.5445006973729898
6127,0.0001861977599901813,7.986269053556904,-1.5444970259116113
6128,0.00018628943097651415,7.986266022742859,-1.5444914808794514
6129,0.00018633152082735266,7.986264098407645,-1.5444877773587138
6130,0.00018635570127954068,7.986261160567829,-1.5444821983250214
6131,0.00018636224384100124,7.986259134991318,-1.544478465901752
6132,0.0001864062905035656,7.986257203172021,-1.5444747599764477
6133,0.00018656925734435574,7.986254206016543,-1.5444692449785826
6134,0.00018668024085887657,7.986252232244172,-1.5444655681312656
6135,0.00018668541284691634,7.986248294238851,-1.544458122436383
6136,0.00018673378256958955,7.986246334233347,-1.54445442006771
6137,0.000186851734089851,7.986243335641429,-1.5444488797286204
6138,0.0001868703085855704,7.9862413935804195,-1.5444451638022338
6139,0.00018691311852913725,7.986239353821726,-1.5444414510546305
6140,0.00018701628215064413,7.9862365021658475,-1.5444359065674909
6141,0.00018706083993596376,7.986234493350905,-1.5444321987898713
6142,0.00018713029144783926,7.986231458994299,-1.5444266388087102
6143,0.00018720545320808705,7.986229585117267,-1.5444229504718405
6144,0.00018725372366524068,7.986227561749334,-1.5444192361888232
6145,0.00018726590698686145,7.986225655483335,-1.5444155226377454
6146,0.0001873011277271627,7.986223591282823,-1.544411806230375
6147,0.00018750036805696655,7.986219663883619,-1.5444044414925522
6148,0.00018755151113628878,7.986218683497047,-1.544402607869524
6149,0.00018759245634339072,7.9862167449329995,-1.5443989005971328
6150,0.00018757320814213145,7.986214705610493,-1.5443951633030084
6151,0.00018763344893427095,7.98621283620255,-1.5443914658018656
6152,0.00018770993067002324,7.98621077303336,-1.5443877741062086
6153,0.00018778862190237954,7.986207839647849,-1.544382216878627
6154,0.00018780678979175698,7.986205891073569,-1.544378503239261
6155,0.00018785437334437974,7.986202875662815,-1.5443729239481416
6156,0.00018800963492071263,7.986199953404139,-1.5443674087227135
6157,0.00018814353544136563,7.986196994725289,-1.5443618842396993
6158,0.00018812032734823522,7.986194952333755,-1.5443581481551927
6159,0.0001881630729592635,7.986192094061327,-1.5443525774547724
6160,0.00018826181401799202,7.986189117050937,-1.544347031359933
6161,0.00018842276069544993,7.986186111008398,-1.5443415183733895
6162,0.00018843229686487333,7.986183165704296,-1.5443359331596702
6163,0.00018843890775591487,7.986181216484715,-1.5443322087782474
6164,0.00018849661712762398,7.9861782024576256,-1.5443266389381511
6165,0.000188602240870099,7.986176273407843,-1.5443229630377229
6166,0.00018875220781480018,7.986173312402029,-1.5443174452385586
6167,0.00018879778791035937,7.986171372749967,-1.5443137349691543
6168,0.000188802666892077,7.986168400388707,-1.5443081500108446
6169,0.00018885341944635886,7.986166347332965,-1.5443044419787637
6170,0.00018892189997513466,7.986164471631237,-1.544300751732518
6171,0.00018899275988862422,7.986162415315559,-1.5442970532631468
6172,0.00018902782742098126,7.986160506346931,-1.5442933474585836
6173,0.00018904377698539327,7.986158462955519,-1.544289619266462
6174,0.00018907981450507757,7.986156575687472,-1.544285916516258
6175,0.00018925076372868898,7.986154522026771,-1.5442822623442736
6176,0.00018936042827336492,7.986152564635074,-1.5442785888251287
6177,0.00018931877848713094,7.986150589128039,-1.5442748490614262
6178,0.00018931668840623675,7.986148668593891,-1.544271126042237
6179,0.00018938773015917692,7.986146653838947,-1.5442674252353172
6180,0.00018945254287619083,7.986144725369741,-1.5442637266924137
6181,0.00018949556258100655,7.98614269485748,-1.5442600183051711
6182,0.00018957077023902525,7.9861407724082705,-1.544256330476485
6183,0.00018963633103336424,7.986137771383239,-1.5442507647481978
6184,0.00018967402979638484,7.9861358692512425,-1.5442470565596231
6185,0.00018970223909876632,7.986133788659069,-1.5442433392062422
6186,0.00018975471210995828,7.98613188414657,-1.5442396366691673
6187,0.0001897953666466119,7.986130865943635,-1.5442377907261498
6188,0.00018985198600229315,7.98612987507309,-1.5442359466312658
6189,0.00018989672107802848,7.986127950464005,-1.5442322470089886
6190,0.00018993760050705526,7.98612591637593,-1.5442285283982544
6191,0.0001899892656987905,7.986122979710128,-1.5442229661013263
6192,0.00019010087960262672,7.986121020231958,-1.5442192930349146
6193,0.0001901608368195586,7.9861190590536895,-1.544215593185537
6194,0.00019018416420805463,7.986117040729683,-1.5442118775158362
6195,0.00019027702393901053,7.986114088968197,-1.5442063293787154
6196,0.00019032664852297002,7.986112189161757,-1.5442026279110865
6197,0.00019034230418968093,7.986109145815258,-1.5441970371703513
6198,0.0001903653311051852,7.986107200509536,-1.5441933228890143
6199,0.00019050496098715414,7.986105198788161,-1.544189654559255
6200,0.00019061832296813017,7.98610226621634,-1.5441841190137182
6201,0.00019064324296755813,7.986100334047172,-1.5441804061141224
6202,0.00019067808405615687,7.98609727858662,-1.5441748233519217
6203,0.0001907357739132144,7.986095368417039,-1.5441711246530714
6204,0.0001908600134534349,7.986092450319374,-1.5441655947894548
6205,0.00019090758850928127,7.986090422489417,-1.5441618868397162
6206,0.0001909177521148611,7.986088474521746,-1.5441581650175396
6207,0.00019103366800522813,7.986085475576813,-1.5441526229419207
6208,0.0001911298633634562,7.9860835747808965,-1.5441489406612259
6209,0.00019115240206544392,7.98608150623684,-1.5441452271835385
6210,0.00019122104081954888,7.986078577035092,-1.5441396691578946
6211,0.0001912589605842589,7.986076640171059,-1.5441359566939725
6212,0.00019131664125869433,7.986073622353472,-1.544130387069517
6213,0.00019137515307911568,7.986071694806506,-1.5441266911908804
6214,0.00019150758096818325,7.986068770494629,-1.5441211640359525
6215,0.00019152594021769066,7.986066748116501,-1.544117441011614
6216,0.00019163889478459174,7.986063851799356,-1.5441119042423261
6217,0.0001917432758424448,7.986060835686123,-1.5441063671905184
6218,0.00019176709184183803,7.986058842617924,-1.5441026489206733
6219,0.0001918459186511735,7.986055949925702,-1.5440970902997018
6220,0.0001918781586949417,7.986053924240526,-1.544093377374728
6221,0.00019196067348099154,7.9860509367987795,-1.5440878290437112
6222,0.00019202648947128903,7.986048975089929,-1.5440841365731939
6223,0.00019206767964058427,7.986047995217896,-1.5440822898544244
6224,0.00019211618661288982,7.986046967144331,-1.5440804474531125
6225,0.00019214539108861897,7.986045090542053,-1.5440767318645932
6226,0.0001921251791980251,7.986043075016177,-1.5440729947114398
6227,0.00019222596184089764,7.986041124500367,-1.5440693157435903
6228,0.0001923618101024671,7.986038107253419,-1.5440637876020396
6229,0.00019239133474123886,7.9860361928480526,-1.544060076011192
6230,0.00019243478481777935,7.986034188007398,-1.5440563669598486
6231,0.00019243210036143631,7.986031244989699,-1.5440507768329768
6232,0.00019263806196520003,7.986028313417465,-1.5440452789183101
6233,0.0001926798224901046,7.986026245216975,-1.5440415736408228
6234,0.00019262224104186264,7.986024351440726,-1.544037823521555
6235,0.00019274979218394744,7.986021357588847,-1.544032285791147
6236,0.00019283813941117114,7.986019444443528,-1.5440286047595284
6237,0.00019289278364622136,7.9860173997565065,-1.5440248999246793
6238,0.00019290699516116947,7.98601548720729,-1.5440211801275494
6239,0.00019289979922614112,7.986013423556329,-1.5440174455830138
6240,0.00019303458252200762,7.986010542894702,-1.5440119152435252
6241,0.00019312951528732336,7.986008558118829,-1.5440082372412482
6242,0.00019316986941950927,7.986006622390388,-1.5440045250125976
6243,0.00019324097120030067,7.986003644372335,-1.5439989686425328
6244,0.00019327199198843433,7.9860015891911456,-1.5439952568497857
6245,0.00019338036162367078,7.9859986968581635,-1.5439897114632095
6246,0.0001934544496020611,7.985995779767905,-1.5439841606707951
6247,0.0001935518405261471,7.985992724858771,-1.5439786172429537
6248,0.00019367938908931934,7.985989773939552,-1.5439730866653532
6249,0.00019371463109461954,7.985986880843992,-1.5439675059425466
6250,0.0001937077562833346,7.985984870144257,-1.5439637773194803
6251,0.00019381058168060916,7.985981892740104,-1.5439582340833384
6252,0.00019393947903652224,7.985979988294411,-1.5439545725363002
6253,0.00019399588182671183,7.985977957961898,-1.5439508675052236
6254,0.00019397388944481146,7.985975054273275,-1.543945269083136
6255,0.00019406327857330262,7.985973012078833,-1.5439415829615033
6256,0.00019419837107394086,7.985969049454405,-1.5439341844837187
6257,0.00019420622282945618,7.985967142895749,-1.5439304670517144
6258,0.00019429138863912235,7.985964184408091,-1.5439249171126985
6259,0.0001943485967126661,7.98596215597675,-1.543921211836317
6260,0.00019438463382624502,7.985960242821103,-1.5439175006066994
6261,0.00019444970015295278,7.98595819995628,-1.5439137997779981
6262,0.00019449839420787994,7.985956293401666,-1.5439100988694232
6263,0.00019452078070974905,7.9859542799955,-1.543906374005647
6264,0.00019463808425859697,7.985952331140535,-1.5439027001979226
6265,0.00019471998285849342,7.985950344788591,-1.543899012783746
6266,0.00019474066891876074,7.985948345904978,-1.5438953007099
6267,0.00019477223603601838,7.985946380469507,-1.543891587798851
6268,0.00019482671669607284,7.985944459277806,-1.5438878830464946
6269,0.00019486309609759327,7.985942479554956,-1.5438841704469124
6270,0.00019505284968696486,7.985939536432732,-1.5438786783682916
6271,0.00019508261078654638,7.985936468594401,-1.5438730978896569
6272,0.00019504997019794508,7.985933587582388,-1.5438674913396104
6273,0.0001952214766006939,7.985930675291321,-1.5438619754032596
6274,0.00019526104965340702,7.985928624648172,-1.5438582687992841
6275,0.00019530558756244217,7.985926728231169,-1.5438545608753655
6276,0.0001953643946819288,7.985923700885581,-1.5438489976581746
6277,0.00019544009846310934,7.985921741139796,-1.5438453045772482
6278,0.00019555553470916145,7.985918842138393,-1.5438397730382696
6279,0.00019558400860852397,7.985915794033706,-1.5438341911490678
6280,0.00019564765556459801,7.985912847982966,-1.5438286253001474
6281,0.0001958644750298482,7.985909942911118,-1.543823141999414
6282,0.00019584738956297465,7.985907875537963,-1.543819408450678
6283,0.00019582349247563164,7.985905935936226,-1.5438156688275286
6284,0.0001958655150849638,7.98590399257297,-1.5438119618686041
6285,0.0001960215645350881,7.985902038924138,-1.5438083015483792
6286,0.00019610098971346407,7.985899061047644,-1.5438027490008133
6287,0.00019603451538403185,7.98589707001461,-1.5437989901338842
6288,0.00019602092645803416,7.985895064022981,-1.543795249844758
6289,0.00019620428072824914,7.985892115876366,-1.5437897325100707
6290,0.00019641004261006527,7.985890226386433,-1.5437861035478582
6291,0.000196372158160276,7.985887175683692,-1.543780499804228
6292,0.0001962858800424322,7.985885257049936,-1.54377672954214
6293,0.00019630523460952273,7.985883202112217,-1.5437730012490434
6294,0.00019650220093147885,7.98588131372663,-1.5437693649154853
6295,0.00019669313349809337,7.985879278756448,-1.543765727365307
6296,0.0001967652730500346,7.985876393351287,-1.5437601764707785
6297,0.00019657101827305704,7.98587435619291,-1.5437563542972952
6298,0.0001966028541285408,7.985871363039257,-1.5437507679028832
6299,0.00019692070858741865,7.985869478427195,-1.5437471851963975
6300,0.00019701710414731446,7.9858674935499145,-1.543743505334359
6301,0.00019692667643129674,7.985865532993435,-1.543739743205792
6302,0.00019690922145994022,7.985864544531158,-1.5437378679012952
6303,0.00019697178883314162,7.9858625358078665,-1.543734163728644
6304,0.00019709632833837346,7.985860601470141,-1.5437304953343516
6305,0.00019725969392929077,7.985857687756109,-1.5437249856671305
6306,0.00019723863525527012,7.985855635791955,-1.5437212471020534
6307,0.00019728976485408292,7.9858537430707734,-1.543717547676799
6308,0.0001974303967924989,7.9858516932096615,-1.5437138827918455
6309,0.000197483874238027,7.985849734082658,-1.5437101841043697
6310,0.00019747171815893337,7.9858477240105366,-1.5437064544888877
6311,0.00019750594242720778,7.985845862782241,-1.5437027454581573
6312,0.00019755948762636424,7.985843835153087,-1.543699039739088
6313,0.0001975762860585369,7.98584187680954,-1.5436953163064748
6314,0.00019762410856300085,7.985839830028376,-1.5436916070141706
6315,0.00019769682664678767,7.985837936779785,-1.5436879154090286
6316,0.00019777375515270647,7.985835937581719,-1.54368421716717
6317,0.00019783046098967975,7.98583403911853,-1.543680513714887
6318,0.00019790882884750366,7.985830978608212,-1.543674961193065
6319,0.00019798978011067333,7.98582902548561,-1.5436712740007899
6320,0.00019805537324262744,7.98582707701132,-1.5436675794500836
6321,0.00019806287665033621,7.98582413627768,-1.5436619872736614
6322,0.00019809506968203856,7.9858221821586,-1.5436582752065207
6323,0.00019823265548136866,7.9858201474456045,-1.5436546091013794
6324,0.00019827505867889606,7.985818192620109,-1.5436509076831368
6325,0.000198320474266299,7.985816218959482,-1.5436471993504859
6326,0.00019837443935050668,7.985814271196186,-1.5436434977966214
6327,0.0001984262818502898,7.9858122825025255,-1.5436397927941174
6328,0.00019848484814213608,7.985810320146914,-1.543636094301426
6329,0.00019857807936265453,7.985807321890427,-1.5436305453700438
6330,0.00019859182497991188,7.985805429777672,-1.5436268245737153
6331,0.0001987146392611483,7.985803379663484,-1.543623151390812
6332,0.0001987905396666526,7.98580146525485,-1.543619466029038
6333,0.00019879879659622003,7.985799434955959,-1.5436157422885262
6334,0.00019877654022475624,7.98579752769884,-1.5436120072554103
6335,0.00019889220624930325,7.985795512511966,-1.5436083308095496
6336,0.0001989912956413275,7.985793533898699,-1.5436046542460113
6337,0.00019900456212734618,7.985791563880888,-1.5436009323845437
6338,0.00019902346444817707,7.985789619842551,-1.5435972150276516
6339,0.00019908484531326907,7.985788658160527,-1.543595381126104
6340,0.00019921552897953282,7.985786611688109,-1.5435917144086435
6341,0.00019925260089954174,7.985784662676414,-1.5435880122566465
6342,0.00019927186735011761,7.985782642201886,-1.543584292885713
6343,0.00019928377648982542,7.985780733171644,-1.5435805654274697
6344,0.00019929524979389599,7.985778751184972,-1.5435768440755968
6345,0.00019941927367415048,7.98577674945471,-1.5435731764278122
6346,0.00019954299151698997,7.985774739516381,-1.5435695093329902
6347,0.00019955418240465568,7.985772812108933,-1.543565786802775
6348,0.00019941410577936498,7.985770789911076,-1.5435619872081359
6349,0.0001994639900698436,7.985768857951988,-1.5435582756816721
6350,0.0001997611094387871,7.985765895342677,-1.5435528339972522
6351,0.00019979455070061076,7.985763991263019,-1.5435491260905725
6352,0.0001998028697581879,7.985761955157935,-1.5435453971927544
6353,0.0001997943637121089,7.985759034230484,-1.543539800397112
6354,0.00019991825534309665,7.985757007281291,-1.5435361215523344
6355,0.0002000318337152659,7.985754082436373,-1.5435305839082085
6356,0.00020010124779337181,7.985752150596283,-1.5435268921311827
6357,0.00020015283977814258,7.985750144533331,-1.5435231878030427
6358,0.00020016819522466526,7.985748172433188,-1.5435194691531013
6359,0.0002002180903401893,7.985746172205439,-1.5435157608326493
6360,0.00020028124232751652,7.985744263612518,-1.543512066400148
6361,0.0002003156154223478,7.985742253167267,-1.5435083505305305
6362,0.0002003626284347046,7.985740270485555,-1.54350464420508
6363,0.000200437958203885,7.985738237998413,-1.5435009481800128
6364,0.0002005491089891206,7.985735392103632,-1.5434954101402432
6365,0.00020055618101554056,7.985733403570268,-1.5434916844536184
6366,0.00020070972633184122,7.985730373495042,-1.5434861656850893
6367,0.00020079560605897078,7.985728477337985,-1.5434824809199208
6368,0.0002008162757290815,7.985726439079278,-1.5434787655425046
6369,0.00020085229626363768,7.985724549143401,-1.5434750581981587
6370,0.0002008761010281325,7.985722517208007,-1.5434713345780648
6371,0.00020093968474515556,7.9857196107434705,-1.5434657731380155
6372,0.00020100079927101903,7.985717577939901,-1.543462070435878
6373,0.00020110314546853666,7.9857146259927445,-1.5434565251737626
6374,0.00020116085998092746,7.985712722550897,-1.54345282803331
6375,0.00020121122850575994,7.9857106807608975,-1.5434491215438446
6376,0.00020122408439167584,7.985708753196561,-1.543445401174415
6377,0.00020124436871310234,7.985707748926272,-1.5434435435237603
6378,0.00020138576865799557,7.985705744238479,-1.5434398769380508
6379,0.00020147385411109064,7.985703834327066,-1.5434361957565619
6380,0.00020151560986390085,7.985700852739261,-1.543430633777442
6381,0.00020153148138749605,7.98569887998399,-1.5434269109975374
6382,0.00020153622956919356,7.985695947017521,-1.5434213242542227
6383,0.00020169505112333947,7.9856938781211895,-1.5434176621193478
6384,0.00020183081547043107,7.985691985319622,-1.5434140067011488
6385,0.0002018370898178872,7.9856899258063025,-1.5434102766111037
6386,0.00020170090897526192,7.985688028888717,-1.5434064859611143
6387,0.0002018535510980021,7.985685034804547,-1.5434009562635918
6388,0.0002019963282298819,7.985683074811093,-1.5433972948357242
6389,0.0002020658730647537,7.985681129821325,-1.5433935985666938
6390,0.0002021124258758318,7.985678147182119,-1.5433880340586394
6391,0.00020223989374375235,7.985676220399577,-1.543384373610626
6392,0.0002023033635600627,7.985673163925212,-1.5433788086685818
6393,0.00020224573298884663,7.985671281315926,-1.5433750576120302
6394,0.00020234022969034982,7.985669282044837,-1.543371370491839
6395,0.00020250250033462689,7.985666316836318,-1.5433658642441979
6396,0.0002025955447218716,7.985664345071131,-1.5433621892711693
6397,0.00020250488906859394,7.985661322543967,-1.5433565476171307
6398,0.00020238206292019713,7.98565940516741,-1.5433527557595015
6399,0.0002025794514668847,7.985657392591455,-1.54334910728226
6400,0.00020290448654032198,7.985655509100978,-1.5433455627010813
6401,0.0002028456147313313,7.985653444328749,-1.5433418006975639
6402,0.00020265211674684008,7.985651548900611,-1.5433379827749376
6403,0.0002027685990115482,7.985649524567737,-1.543334297114147
6404,0.0002031503895293202,7.985647581001749,-1.5433307447778566
6405,0.00020315154358111837,7.985644556414132,-1.543325160932391
6406,0.00020288086850566014,7.985642637631014,-1.5433213069801657
6407,0.0002028953364528729,7.98564058350692,-1.5433175751569168
6408,0.00020343406339589918,7.985637775771355,-1.5433122324977204
6409,0.00020341103978115232,7.9856357486133565,-1.5433085054987075
6410,0.0002031101097260898,7.985632699956015,-1.543302764167869
6411,0.00020320534059632318,7.985630762753318,-1.5432990741864194
6412,0.00020351840901039248,7.98562887347219,-1.54329548777476
6413,0.00020366169788132166,7.985627851801017,-1.5432936920370492
6414,0.00020369863329846674,7.985626897828382,-1.5432918485101172
6415,0.0002036504515134134,7.98562593676455,-1.543289970475978
6416,0.00020355296160943625,7.985624933219406,-1.5432880661809956
6417,0.00020349046947120504,7.985623897763839,-1.5432861645548615
6418,0.00020339228107801836,7.985621894877896,-1.5432823900156827
6419,0.00020360676060840002,7.985619939932362,-1.543278748536171
6420,0.00020374329688514607,7.985618951106168,-1.5432769434592466
6421,0.00020390097092221586,7.985617058745329,-1.5432732985018351
6422,0.0002038328489659604,7.985615039420155,-1.5432695399229863
6423,0.00020372769186508804,7.985613028055705,-1.5432657614155616
6424,0.00020370018771717757,7.9856110181614035,-1.5432620121875347
6425,0.0002039267924508966,7.985609081521044,-1.5432583798111277
6426,0.00020412767544026003,7.985607186650044,-1.5432547481679542
6427,0.00020417705868349057,7.985605194033765,-1.5432510455793593
6428,0.0002041208736992274,7.985603241635562,-1.5432473036609256
6429,0.00020424016869322335,7.985601225861352,-1.5432436280088888
6430,0.0002043530932300408,7.985599257026437,-1.5432399569557413
6431,0.0002044394754034905,7.9855972927668235,-1.5432362756614104
6432,0.00020446116362622517,7.985596353998307,-1.5432344199449053
6433,0.00020438158548261224,7.9855943616494685,-1.5432306510788925
6434,0.0002043437842734576,7.985592360551591,-1.5432269077250553
6435,0.00020451817326391238,7.9855904069247865,-1.5432232542547994
6436,0.00020468663286899686,7.985588416636095,-1.5432196116027757
6437,0.00020475208053644375,7.985586452925088,-1.5432159147472828
6438,0.00020463168323385462,7.985584485445814,-1.543212133345593
6439,0.00020463505102923942,7.985582540925988,-1.5432083999272719
6440,0.0002047227090505013,7.985580526722659,-1.5432047091251753
6441,0.00020482360111660923,7.985578547511339,-1.5432010237627785
6442,0.00020497794811168393,7.98557662964575,-1.54319737056046
6443,0.00020501689089165085,7.985574648496162,-1.5431936672014643
6444,0.00020503330206310524,7.985572655199217,-1.5431899478483582
6445,0.00020506564731059105,7.985570685130404,-1.543186233595374
6446,0.0002051217243421804,7.985568719494262,-1.543182533755505
6447,0.00020517430143485383,7.985566730353675,-1.5431788272734557
6448,0.00020521860627297295,7.98556479447217,-1.5431751199277555
6449,0.00020528259561184182,7.985562797910642,-1.5431714166724173
6450,0.0002053262970120549,7.985561808938314,-1.5431695727973085
6451,0.00020533252988849286,7.9855608473732955,-1.5431677138663842
6452,0.0002053621084247272,7.985559893693758,-1.5431658626549618
6453,0.00020540046266853034,7.985558836637694,-1.5431640141954248
6454,0.00020544558420116654,7.985557840779961,-1.5431621716874233
6455,0.00020550258529468542,7.985555947683125,-1.5431584748304157
6456,0.00020558133838751761,7.985553910222715,-1.5431547808228212
6457,0.00020562591055229507,7.985551996089823,-1.543151075684018
6458,0.00020564161098438757,7.985549935612636,-1.5431473531300672
6459,0.00020565655375080655,7.985549019859814,-1.5431455007952735
6460,0.00020572729231346004,7.985547039699542,-1.5431418032937718
6461,0.00020577814404182856,7.985545101207272,-1.5431381003201643
6462,0.0002058544135786718,7.9855430877186055,-1.5431344036381787
6463,0.00020590484699974747,7.985541109322034,-1.5431307058491162
6464,0.00020598862764739328,7.9855390858868125,-1.543127013198094
6465,0.0002060427922079053,7.985537203137852,-1.5431233073639086
6466,0.00020602783883675614,7.985535210798192,-1.5431195719612727
6467,0.00020604830957068494,7.98553324136252,-1.5431158514717984
6468,0.0002060716897434033,7.985532269326334,-1.5431139953085278
6469,0.0002062198323650638,7.985530213979771,-1.5431103318681967
6470,0.0002063155010762613,7.985528307646897,-1.5431066597139333
6471,0.0002064181663168271,7.985526289508086,-1.5431029800360314
6472,0.00020642206571063368,7.985524395796957,-1.5430992568129978
6473,0.00020633736169156565,7.985522366715068,-1.5430954875148524
6474,0.00020638450317567752,7.985520368170625,-1.5430917761939917
6475,0.00020656647924275696,7.98551843684215,-1.5430881631097697
6476,0.0002067023328387022,7.985516438397088,-1.54308448906006
6477,0.0002066915432909525,7.985514509658178,-1.5430807575585683
6478,0.0002066948452622218,7.985512498774899,-1.5430770248019132
6479,0.0002067248655020892,7.985510561337219,-1.5430733061614494
6480,0.0002067901435294546,7.985508595772279,-1.543069607048506
6481,0.00020685628072725443,7.985506629912087,-1.5430659085485052
6482,0.00020692827876542475,7.985504644462857,-1.5430622144421204
6483,0.0002069673239849478,7.985502682699459,-1.5430584998755978
6484,0.00020708272936668733,7.985499746994297,-1.5430529648213274
6485,0.00020714145460833474,7.985497705713431,-1.5430492597507204
6486,0.0002071750193824731,7.985496758871411,-1.5430474161214724
6487,0.0002071810468543845,7.985495779594424,-1.5430455572697865
6488,0.00020720146010161963,7.985493720197066,-1.5430418329870172
6489,0.00020721699138776076,7.985492760623673,-1.5430399782553326
6490,0.0002072367806144293,7.985491833007546,-1.5430381240384
6491,0.00020727101537229315,7.985490809153821,-1.5430362721714181
6492,0.00020742591710564635,7.985488882399027,-1.5430326201764861
6493,0.00020746337198150968,7.9854868730351924,-1.5430289091222849
6494,0.00020730183119865825,7.985484856354866,-1.5430251031878597
6495,0.00020733571991021025,7.985481872351301,-1.543019505844979
6496,0.00020762676363719857,7.985480030995584,-1.5430159131362977
6497,0.00020776808324781177,7.985478001705774,-1.5430122495351255
6498,0.0002076758365814051,7.985475040904938,-1.543006623660372
6499,0.00020776540549481614,7.985473076719986,-1.5430029391005118
6500,0.00020795802870045613,7.985470083394915,-1.5429974399709585
6501,0.00020804073243887005,7.9854681967476004,-1.5429937555270632
6502,0.00020795743323784286,7.985465165358785,-1.542988121744937
6503,0.00020802846328586908,7.985462235447524,-1.5429825600310914
6504,0.00020821166297450047,7.985460252044964,-1.542978919526475
6505,0.00020830273166843507,7.985457279338912,-1.5429733648892479
6506,0.00020810578105534192,7.985455344844314,-1.542969550478083
6507,0.000208301161807818,7.985452353621838,-1.5429640520308927
6508,0.0002084705654416765,7.985450390209976,-1.5429603976466668
6509,0.0002085015770114566,7.9854474790345025,-1.5429548180149362
6510,0.00020852679626544928,7.985445503555579,-1.5429511000595315
6511,0.00020867030344968643,7.985443550723795,-1.5429474385485868
6512,0.00020881974183139146,7.985440543456523,-1.5429419194535987
6513,0.00020876797472613488,7.9854385726527255,-1.5429381701193612
6514,0.00020884355217260552,7.985434616459968,-1.5429307459548083
6515,0.0002089285638405618,7.985432704123867,-1.54292706176313
6516,0.00020908127730513576,7.985428768763094,-1.5429196797194453
6517,0.00020912465445389273,7.98542675603165,-1.5429159635878296
6518,0.0002091268778734252,7.9854238588695745,-1.5429103742844328
6519,0.0002091749526047434,7.985421788640214,-1.5429066625653798
6520,0.00020923877029241622,7.985419878512154,-1.5429029700511696
6521,0.00020945391824466305,7.985416927898283,-1.5428974760290712
6522,0.00020948952266705356,7.98541493754771,-1.5428937708698027
6523,0.00020953800806538468,7.985411986708142,-1.5428882016825145
6524,0.00020953145896702836,7.985409936568064,-1.5428844686474232
6525,0.00020956832589026162,7.985408070112601,-1.5428807651792231
6526,0.00020974466208078193,7.985406023271748,-1.5428771121065132
6527,0.0002098084535432855,7.985405064260021,-1.5428752796654333
6528,0.00020985651375866267,7.985404094096643,-1.542873440180191
6529,0.00020985135244966618,7.985403131752913,-1.5428715798366677
6530,0.00020985685635503798,7.9854020765950136,-1.5428697188523437
6531,0.00020985425536059203,7.9854001329240045,-1.5428659854526574
6532,0.00020982147851635215,7.985399188936412,-1.5428641117032715
6533,0.00020985738775493017,7.98539714758433,-1.5428603948713453
6534,0.00020999204018641156,7.985395233124177,-1.5428567310261418
6535,0.0002101342632131258,7.985393196640439,-1.542853071156203
6536,0.00021019206916107292,7.985391290158791,-1.542849373481392
6537,0.0002101598143788135,7.985389274164414,-1.5428456313866847
6538,0.0002101564742256213,7.985387350769441,-1.542841902917856
6539,0.00021020318746966979,7.985385319417266,-1.542838192180459
6540,0.0002103959991917805,7.985382429227324,-1.542832693038239
6541,0.000210427725534596,7.98538139812874,-1.5428308447207528
6542,0.00021046335905442062,7.985379457620794,-1.5428271383308936
6543,0.0002104641926440821,7.985376423128432,-1.542821541751283
6544,0.00021047313766669142,7.985374532038576,-1.5428178157221268
6545,0.00021060169645447055,7.985372492335885,-1.5428141398153352
6546,0.00021074465125016473,7.9853695808929,-1.54280861643818
6547,0.00021077449222870975,7.98536761888591,-1.5428049073860992
6548,0.0002107908947414786,7.98536462292759,-1.542799318713209
6549,0.00021084425794017244,7.985362711160349,-1.542795618068909
6550,0.00021095366579234614,7.985360693215133,-1.5427919395771243
6551,0.00021113174526546014,7.985358778066353,-1.542788297845534
6552,0.00021114893894508117,7.985356709808126,-1.5427845832602365
6553,0.0002110631563016706,7.985354784856083,-1.5427808191539316
6554,0.00021107773976367547,7.985352798807933,-1.542777090531447
6555,0.00021119911243926352,7.9853508825963955,-1.5427734179047714
6556,0.00021130235808915635,7.985348882373445,-1.5427697355361367
6557,0.0002113919399401606,7.985346949298048,-1.5427660548817579
6558,0.00021143615565196298,7.985344935271665,-1.542762344710841
6559,0.00021140687941984424,7.985342956316229,-1.5427586067162697
6560,0.00021146103053459772,7.985341004546872,-1.542754901063952
6561,0.00021160823169231668,7.98533903488082,-1.542751244121282
6562,0.000211723102823225,7.985336051365551,-1.5427457025907094
6563,0.00021164596635991787,7.985334059570259,-1.5427419450204607
6564,0.00021162155972415114,7.985333105324925,-1.542740067361523
6565,0.00021161767289100528,7.985332056158434,-1.5427381953520334
6566,0.00021162966134036085,7.985331068376792,-1.5427363314460498
6567,0.00021176458458494393,7.9853291898084855,-1.5427326635608256
6568,0.00021187902457580883,7.985328185827742,-1.5427308509778532
6569,0.00021200807547303737,7.985326236117577,-1.5427271822821285
6570,0.0002118936962923592,7.985324169590907,-1.5427234039079174
6571,0.0002118699273339067,7.985323184489344,-1.5427215269958512
6572,0.00021185881188193998,7.9853212482022595,-1.5427177900756666
6573,0.00021206757287891613,7.985319277658948,-1.5427141478157904
6574,0.0002122599926084982,7.985317370716453,-1.5427105095384785
6575,0.0002123016817253564,7.985315345265073,-1.542706812237286
6576,0.00021232953141214037,7.985313420195099,-1.5427030974717293
6577,0.00021231038900783834,7.985311394822977,-1.5426993619512328
6578,0.0002123533090611185,7.985309484681728,-1.5426956554087332
6579,0.00021244772026017,7.985307427490182,-1.5426919671224555
6580,0.0002125323463540329,7.985305547918008,-1.5426882825225723
6581,0.00021259142159250075,7.985303529524898,-1.542684573973043
6582,0.00021260706089297438,7.98530163573654,-1.542680863094603
6583,0.0002126498972227632,7.985299563046187,-1.5426771502768353
6584,0.00021270010253146476,7.985297674352418,-1.5426734478757462
6585,0.00021283706941014103,7.985295650585617,-1.5426697824657956
6586,0.00021292705473817652,7.98529373263344,-1.5426661006062399
6587,0.00021289520430984958,7.985291647302666,-1.5426623579859657
6588,0.0002129012119225919,7.9852897452288305,-1.5426586333931445
6589,0.00021295795517562306,7.985287744318484,-1.5426549225456736
6590,0.00021311857920707552,7.985285864925914,-1.5426512733913496
6591,0.00021318884449530987,7.985283797829711,-1.5426475705006633
6592,0.00021304729544140627,7.985281831305237,-1.5426437786696652
6593,0.00021300206960686804,7.985279803278789,-1.5426400227952195
6594,0.00021325990512739484,7.985277919385479,-1.5426364060838624
6595,0.00021351390908324125,7.985275945898343,-1.5426327980961674
6596,0.00021346348288987918,7.985274053504592,-1.5426290565867629
6597,0.00021341999256703427,7.9852719905217,-1.5426253100817515
6598,0.00021350135825323096,7.985270056943993,-1.5426216222362608
6599,0.0002136082269783571,7.9852680030648875,-1.5426179429133833
6600,0.00021365519209217787,7.98526709138694,-1.5426161064275807
6601,0.000213713514179699,7.985266108148124,-1.5426142633572606
6602,0.00021373109433221017,7.985265107590023,-1.5426124130240133
6603,0.0002137470930315607,7.985264110097708,-1.5426105556086989
6604,0.00021374539021312938,7.985262218514382,-1.54260682963904
6605,0.00021379227679169184,7.985260144132909,-1.542603119347552
6606,0.00021381722258510065,7.9852592267913325,-1.542601272179458
6607,0.00021385493058919102,7.985258254569608,-1.5425994259658535
6608,0.00021392772708788465,7.985256194889136,-1.5425957285962266
6609,0.00021399379384750774,7.985254288103547,-1.542592035152282
6610,0.00021401461935341686,7.98525326525699,-1.5425901795130472
6611,0.0002140434913800601,7.985252271670591,-1.542588320808683
6612,0.00021404810523514646,7.985250378814894,-1.5425846082444268
6613,0.00021417765661880064,7.985248329155938,-1.5425809354757152
6614,0.00021423454967539453,7.9852463942597325,-1.542577233267178
6615,0.00021424717021531012,7.985244341616599,-1.5425735135978804
6616,0.0002142974945338791,7.985242467276354,-1.5425698123532676
6617,0.0002143430544611192,7.985240463103748,-1.5425660997820234
6618,0.00021440734361346283,7.985238542281812,-1.5425624043368178
6619,0.00021447143020008108,7.985236462690367,-1.5425587036156383
6620,0.00021453787668314619,7.985234554809473,-1.5425550119216482
6621,0.00021463433644400425,7.985232547204298,-1.542551326665168
6622,0.0002146588284521283,7.985230674267787,-1.5425476110512077
6623,0.00021465522978447038,7.985228647180349,-1.5425438762143666
6624,0.00021468700689767218,7.985226715913889,-1.5425401630416768
6625,0.0002148269020353452,7.985224667975141,-1.5425364966342225
6626,0.00021492345018800973,7.9852227231824395,-1.5425328245467431
6627,0.00021505461444226395,7.985219717800812,-1.5425272891241475
6628,0.00021501932144345713,7.985217843979804,-1.5425235528401986
6629,0.00021502071649404,7.985214863753003,-1.5425179604917527
6630,0.000215163165601972,7.985212848533146,-1.5425142961307925
6631,0.00021530008221704283,7.985210853135107,-1.542510640858661
6632,0.0002151705914928855,7.985207864205909,-1.5425049796086994
6633,0.00021508067378975823,7.985205964280504,-1.5425012032274314
6634,0.00021538431611656394,7.985203961896094,-1.5424976055390895
6635,0.00021555896247422616,7.985203014517845,-1.5424958299426372
6636,0.00021564920770176954,7.985202062270234,-1.542494007294472
6637,0.0002155992814991132,7.9852010187648945,-1.5424921246399577
6638,0.00021551599693768318,7.985199986863248,-1.5424902198283903
6639,0.0002153645974842853,7.985198089382179,-1.542486428723363
6640,0.00021551255621310927,7.9851960606637356,-1.542482761659918
6641,0.00021561323925160122,7.985195096506259,-1.5424809511666386
6642,0.00021570306725135008,7.985194192513173,-1.5424791320374835
6643,0.00021574503664284408,7.9851921253981555,-1.5424754185576568
6644,0.00021574968983567865,7.985191171174106,-1.542473558726786
6645,0.0002157895348334346,7.98518917657113,-1.542469844458112
6646,0.00021590600861485894,7.985187283265333,-1.5424661681113558
6647,0.00021600427889764958,7.985185244509356,-1.5424624874572739
6648,0.00021603702664016244,7.985183275036554,-1.5424587758114168
6649,0.0002160119418827836,7.9851812940459,-1.5424550374681305
6650,0.00021605009058513723,7.9851794004417185,-1.5424513321485411
6651,0.00021613399641022153,7.9851784537816135,-1.5424495023829772
6652,0.0002162534660173618,7.985176390263914,-1.5424458290827765
6653,0.00021631009156317476,7.985174464290955,-1.5424421353274345
6654,0.00021635037596543817,7.985172414172686,-1.5424384268816924
6655,0.00021631547963950242,7.985170490769244,-1.542434683493183
6656,0.0002163427810977878,7.985168490912428,-1.5424309624058696
6657,0.00021647180183749861,7.985166561361495,-1.5424272958720047
6658,0.00021657942557290426,7.985164548194299,-1.5424236178761062
6659,0.00021663038183236967,7.9851626130833475,-1.542419919257425
6660,0.00021666461557204327,7.985160622181137,-1.542416207357165
6661,0.00021666955152335973,7.985158667964196,-1.5424124818024678
6662,0.00021672926426822463,7.985156702064352,-1.542408780190043
6663,0.00021683768089738584,7.985154728581907,-1.542405104836681
6664,0.00021689468801145315,7.985152797064165,-1.5424014040089566
6665,0.0002169313001336579,7.985149831267162,-1.5423958271307203
6666,0.00021692909129195648,7.985148855890433,-1.5423939628398575
6667,0.00021698382181333816,7.985146796024911,-1.5423902567370997
6668,0.00021710507078384625,7.985143871782892,-1.542384719051844
6669,0.0002171810522714342,7.985141976756618,-1.5423810322069038
6670,0.00021721030862730212,7.985138917298768,-1.5423754466275537
6671,0.00021724094664382813,7.985136987687876,-1.5423717316218084
6672,0.00021742556776631407,7.98513406293104,-1.542366229928104
6673,0.00021748152778164692,7.985133084060999,-1.5423643858650968
6674,0.0002174996803720894,7.985132069921181,-1.5423625360260949
6675,0.00021751402221227827,7.9851310399503825,-1.5423606782555481
6676,0.00021752190188260748,7.985129131352458,-1.542356959104931
6677,0.00021752188090171215,7.985127073604059,-1.5423532219354503
6678,0.00021752711553902726,7.985126135740015,-1.5423513616606825
6679,0.00021764154433519912,7.985124186486809,-1.5423476832642882
6680,0.00021773438824425066,7.985122169847745,-1.5423440011017673
6681,0.0002178394756584882,7.985120237331674,-1.5423403184614157
6682,0.00021784618482794868,7.985118274773419,-1.5423366000061967
6683,0.0002178793797951305,7.985116284946373,-1.542332890021096
6684,0.00021802078383491142,7.985114330613856,-1.5423292286847958
6685,0.00021808420270066716,7.985112382200609,-1.5423255317289457
6686,0.0002181103435506253,7.985110335432424,-1.5423218179133225
6687,0.0002181616541464095,7.985108395609376,-1.542318115491501
6688,0.00021820236560314072,7.985106432982378,-1.5423144034256584
6689,0.00021823315505902925,7.985104486627886,-1.542310690406323
6690,0.00021824948255468385,7.985103457552331,-1.5423088270209508
6691,0.00021825403842186912,7.985101518511058,-1.542305105368085
6692,0.00021833573948466255,7.985099502425642,-1.5423014110716569
6693,0.00021846087775291028,7.985097598983817,-1.5422977445317605
6694,0.00021853487969787267,7.985095609154675,-1.5422940501080127
6695,0.0002185653278804359,7.985093652273268,-1.5422903396689784
6696,0.00021857721983521578,7.985091653742713,-1.5422866129814317
6697,0.00021863189147341633,7.985089663674403,-1.5422829125492028
6698,0.00021871357326337684,7.9850876663750645,-1.5422792187260068
6699,0.00021876765063110425,7.985085782695576,-1.542275516005301
6700,0.0002188189995299313,7.9850837783387325,-1.5422718095198826
6701,0.0002188791151398272,7.98508180155525,-1.5422681118596504
6702,0.00021896359746861963,7.985079774558221,-1.5422644226211082
6703,0.00021902497924026785,7.9850778825835045,-1.5422607292229722
6704,0.00021905926960371036,7.985075887936382,-1.5422570075987763
6705,0.00021905440318281354,7.985073918251624,-1.5422532802985622
6706,0.00021910525311849276,7.985071899740944,-1.5422495713150213
6707,0.00021914425458108007,7.985070937207836,-1.5422477251478337
6708,0.00021922742285931013,7.985069979241674,-1.5422459030335092
6709,0.00021935699259656075,7.98506799080746,-1.5422422371273221
6710,0.00021943893898222696,7.985066022625189,-1.5422385464416375
6711,0.00021946414854772493,7.985064060853679,-1.5422348349246173
6712,0.0002194494426788402,7.985062041659816,-1.5422311038553138
6713,0.0002194573965955899,7.985060103552394,-1.5422273773680106
6714,0.00021952194142001977,7.98505816144361,-1.5422236819684407
6715,0.0002196961028587902,7.985056211296618,-1.5422200264821764
6716,0.0002197676273846829,7.985054165099899,-1.5422163350718197
6717,0.00021977236833270884,7.9850522672293325,-1.542212614408302
6718,0.00021974403095693863,7.985050211206175,-1.5422088731494428
6719,0.0002197481610071248,7.9850483187983174,-1.5422051514324708
6720,0.00021991483379369843,7.985045314662423,-1.542199627629545
6721,0.00021995798663513534,7.98504439041719,-1.542197785484763
6722,0.00022002948492881426,7.985042380013421,-1.5421940876864877
6723,0.00022010548290889783,7.985040469381308,-1.5421903942429778
6724,0.00022011915762571195,7.985038416786384,-1.5421866749164774
6725,0.0002201528665297186,7.9850365133214485,-1.5421829650209566
6726,0.00022029390937614978,7.985034492544298,-1.5421792994844277
6727,0.0002203843216725151,7.98503255395379,-1.5421756198254686
6728,0.00022041222064967948,7.985030545299236,-1.5421719093272368
6729,0.00022043765100249681,7.985029523171051,-1.5421700555571447
6730,0.0002204576115769468,7.985027633507046,-1.5421663428908619
6731,0.00022046909889712822,7.985026633607048,-1.542164476271707
6732,0.00022048805733819224,7.985024653788216,-1.5421607631461622
6733,0.00022063253815517408,7.985022666192927,-1.5421570994294336
6734,0.00022076033171584906,7.985020675303486,-1.5421534353105952
6735,0.00022072931757940003,7.985019721632653,-1.542151550451456
6736,0.00022057610333173905,7.985017657311751,-1.5421477452092258
6737,0.000220622051817081,7.98501576540948,-1.542144039164555
6738,0.00022085690598427685,7.985013758465123,-1.5421404115693804
6739,0.00022098833735584829,7.985011881473277,-1.5421367469607212
6740,0.00022087275502230644,7.9850097959803135,-1.542132967057898
6741,0.0002208654398802355,7.985007892860297,-1.5421292401450633
6742,0.0002209599165110383,7.985006903801745,-1.542127412340933
6743,0.0002210506658451217,7.985005842621339,-1.5421255883652574
6744,0.00022113147949291175,7.9850049043042075,-1.5421237669743886
6745,0.0002212079063254752,7.985003968002884,-1.5421219418091852
6746,0.00022125960150328692,7.985002951173059,-1.5421201040671337
6747,0.0002212878230499946,7.98500097211734,-1.5421163902660424
6748,0.00022113403541323859,7.984999054797909,-1.5421125869371182
6749,0.00022115180520308045,7.984996992321644,-1.5421088575732556
6750,0.0002213527820918477,7.984995105694213,-1.5421052226202037
6751,0.00022154292962872624,7.9849930756561145,-1.542101585149865
6752,0.00022160967026135987,7.98499116289874,-1.542097896195196
6753,0.00022145435587277466,7.9849881227088835,-1.5420922246123332
6754,0.0002215302232479255,7.984986211586493,-1.5420885316162518
6755,0.00022166626149101236,7.98498418244874,-1.542084860571795
6756,0.00022180657811212746,7.9849813419440085,-1.5420793380182771
6757,0.0002218911007095293,7.984979329750427,-1.542075650654337
6758,0.00022191069177342776,7.984977382741186,-1.5420719375771914
6759,0.00022198080604886178,7.984974445447375,-1.5420663769424605
6760,0.00022201429858134723,7.984972400147802,-1.5420626624023621
6761,0.0002220863220050876,7.984970507332663,-1.542058978312743
6762,0.00022224687599679143,7.984968474235493,-1.5420553227006695
6763,0.00022220546719234176,7.984966501437824,-1.542051579340722
6764,0.00022205670306328624,7.98496348888914,-1.5420458982319614
6765,0.00022222388525841352,7.984961573711218,-1.5420422472631916
6766,0.00022256350239049257,7.984959613567341,-1.5420386738522691
6767,0.0002225549531081259,7.9849577131788045,-1.5420349524407786
6768,0.00022252689930185062,7.984956655859157,-1.5420330761249366
6769,0.000222520164291701,7.9849547296148335,-1.542029354988414
6770,0.00022265385580148603,7.984952704620006,-1.5420256837173247
6771,0.00022274765389190593,7.984950729474588,-1.5420220060557288
6772,0.00022275747360847527,7.9849487625328015,-1.5420182825540132
6773,0.000222774344994342,7.984946821695997,-1.5420145639181793
6774,0.0002227957133368949,7.984945873217777,-1.542012710112651
6775,0.00022284527289109687,7.9849438295709065,-1.5420089980552174
6776,0.00022296857701659405,7.984941922202387,-1.542005330162938
6777,0.00022306912130000924,7.984939877195055,-1.5420016503214846
6778,0.00022308643867650313,7.98493888600611,-1.5419997982310905
6779,0.0002230732601349329,7.984936982563159,-1.5419960668898232
6780,0.00022308742181447987,7.98493498359521,-1.5419923411104564
6781,0.00022315160431890237,7.98493403941926,-1.5419905047184455
6782,0.00022317524896452325,7.9849330562069705,-1.541988655969885
6783,0.00022326779085721235,7.984931042713429,-1.5419849713258078
6784,0.00022329919215555602,7.984929117683563,-1.5419812546419718
6785,0.00022333386161472242,7.984927088921452,-1.5419775413628252
6786,0.00022345653539790816,7.984925192807286,-1.541973873224009
6787,0.00022354519813674872,7.984923144320396,-1.541970180621532
6788,0.00022349457742092168,7.9849212087730645,-1.5419664395090766
6789,0.00022351876198243217,7.984918250476963,-1.541960851353778
6790,0.00022366666303680194,7.984916238999833,-1.541957187330358
6791,0.00022381375632063872,7.984914301090074,-1.5419535301543867
6792,0.00022386785878300433,7.984911286001411,-1.5419479684032507
6793,0.00022385983072793436,7.984909397233167,-1.5419442356315072
6794,0.00022383176459384523,7.984907371390175,-1.5419404935508163
6795,0.00022395499896459044,7.984905442323282,-1.541936823308524
6796,0.00022409005326389026,7.98490339304597,-1.5419331569166852
6797,0.00022421593794555593,7.9849005387807335,-1.5419276299313238
6798,0.00022422883403934546,7.98489848834883,-1.541923911308268
6799,0.00022421522243324564,7.984896577173994,-1.5419201782621348
6800,0.00022424916635577604,7.98489456823339,-1.5419164623195325
6801,0.00022439584860694343,7.984892659455887,-1.5419128061774803
6802,0.00022451660872491814,7.9848905923492195,-1.5419091368768456
6803,0.000224533553171126,7.9848886892289395,-1.5419054245412782
6804,0.0002245706307218385,7.984886667682642,-1.5419017114113351
6805,0.0002245744711206786,7.9848847810474055,-1.5418979869123397
6806,0.0002246149614162191,7.984882735905858,-1.5418942708732115
6807,0.00022465323544797308,7.984880811565283,-1.5418905620515118
6808,0.00022477277809498345,7.984877858419249,-1.5418850251080822
6809,0.00022487562471940105,7.9848758853848105,-1.5418813411132442
6810,0.00022491252483176842,7.984873886085389,-1.541877635373689
6811,0.00022492271253958602,7.984871910449314,-1.541873909027201
6812,0.00022496416003898223,7.984869953799637,-1.5418702007015312
6813,0.00022509369483778393,7.984868008163017,-1.541866531366234
6814,0.00022519812910301744,7.984866029714904,-1.5418628468850013
6815,0.00022515259167285616,7.984864049715465,-1.5418591047402412
6816,0.00022515464525811368,7.984862992519637,-1.5418572374459052
6817,0.00022517933739120256,7.984861116339674,-1.5418535262894468
6818,0.00022534925430281924,7.984859060711224,-1.541849867424721
6819,0.00022549122665531913,7.984857171328075,-1.54184620931605
6820,0.00022554432626803052,7.984855147426225,-1.5418425058018468
6821,0.00022538958952623094,7.984853173873252,-1.5418387069597725
6822,0.00022530903551140874,7.984851146954663,-1.5418349323553033
6823,0.00022550035332852375,7.984849195923798,-1.5418312816585493
6824,0.00022573852823250143,7.98484732636087,-1.5418276654681697
6825,0.0002258222046279307,7.9848453145120555,-1.5418239791023904
6826,0.00022572256068538457,7.9848433652948225,-1.5418202130269685
6827,0.00022568496256064713,7.984841279329379,-1.5418164572123296
6828,0.00022569457627238438,7.984839382230362,-1.5418127250383953
6829,0.00022587293923479596,7.984837393878067,-1.5418090719505169
6830,0.00022608817936153354,7.984835517999589,-1.5418054445049487
6831,0.00022619255940274478,7.984833500433488,-1.5418017694810329
6832,0.00022614929701655507,7.984831546830943,-1.5417980349577645
6833,0.0002261442102261557,7.9848295360727874,-1.5417943021707692
6834,0.00022625719848476893,7.984827597950611,-1.5417906249512778
6835,0.00022634865152059753,7.9848246097258855,-1.5417850797002743
6836,0.00022636872320875602,7.98482269996211,-1.5417813629605364
6837,0.0002264270246538293,7.984820681830942,-1.5417776580477032
6838,0.0002265444464268824,7.984818773183104,-1.541773992285611
6839,0.00022663973381592038,7.984816708292595,-1.5417703067833857
6840,0.00022664626320657605,7.984814794942522,-1.5417665877313866
6841,0.00022665108217637307,7.984812763549793,-1.5417628550065459
6842,0.0002267530508108499,7.9848108975264,-1.5417591793128116
6843,0.00022688016361127174,7.984808850417738,-1.5417555092488537
6844,0.00022690539638818265,7.984806898536057,-1.541751795292934
6845,0.0002267994078155976,7.9848038634758,-1.5417461419569758
6846,0.00022681103676250503,7.984801974809172,-1.541742420810589
6847,0.0002270361044478544,7.984799951987352,-1.541738786216438
6848,0.0002272297577244235,7.984798064142228,-1.5417351541129014
6849,0.00022731658543626772,7.9847960619004255,-1.5417314704030307
6850,0.0002271858548531918,7.984794071148315,-1.5417276874039105
6851,0.00022713997489310405,7.984793117263402,-1.5417258014252078
6852,0.00022712209631662344,7.984792069037365,-1.541723922068397
6853,0.0002272381600763915,7.984790111237363,-1.5417202428594574
6854,0.00022742219882684663,7.984788150452032,-1.5417166004263196
6855,0.00022758188869393864,7.984786226146728,-1.541712952984512
6856,0.00022751962991853815,7.984783239902757,-1.5417073373887646
6857,0.00022743269303558995,7.984781288234476,-1.5417035632268572
6858,0.0002275463318071762,7.984779299736093,-1.5416998798375439
6859,0.00022778384032561848,7.984777335154313,-1.5416962657430167
6860,0.00022790231944650236,7.984775365613111,-1.541692588131305
6861,0.00022767917052430176,7.984772447704078,-1.5416869004938718
6862,0.00022783600709741283,7.984770409910499,-1.5416832407052212
6863,0.00022802862848280496,7.984768532252079,-1.5416796106281145
6864,0.00022812596742998598,7.984766514569054,-1.541675929891705
6865,0.00022805875523332345,7.98476456199507,-1.5416721667189326
6866,0.00022789540658886732,7.984762468733095,-1.5416683487741139
6867,0.00022800369459291712,7.984760566386669,-1.5416646662571394
6868,0.00022832781140823803,7.984758663254379,-1.541661079624886
6869,0.00022840563727290564,7.984755763015278,-1.5416555334076127
6870,0.0002282620043010243,7.984753671206429,-1.5416517389330935
6871,0.00022824549022415445,7.984751698634973,-1.5416480002496311
6872,0.00022851672752798927,7.984749749495317,-1.5416443901039971
6873,0.00022868671615034866,7.984747829120665,-1.5416407467898383
6874,0.00022867044834967072,7.984745865909366,-1.5416370162551134
6875,0.0002286708195553106,7.984743901694159,-1.5416332923313818
6876,0.0002287980187494809,7.984741916024565,-1.541629625068018
6877,0.0002289283710948272,7.984739916604417,-1.5416259617391137
6878,0.00022879633951605055,7.984737938178434,-1.5416221679224549
6879,0.00022870982920977214,7.984735958236579,-1.541618389604287
6880,0.00022886606441587608,7.9847339798693815,-1.5416147284836579
6881,0.00022915849036461114,7.98473203555658,-1.541611140585297
6882,0.00022920208036109334,7.984730054340132,-1.5416074341267598
6883,0.00022903931005691257,7.984728092584661,-1.5416036318145734
6884,0.00022905403201220768,7.984726127678403,-1.5415999046775777
6885,0.0002291891118083181,7.9847251106291095,-1.541598113878681
6886,0.00022931136506194273,7.984724158712782,-1.5415963258939749
6887,0.00022939339253334845,7.984723196893992,-1.5415945026613525
6888,0.00022946380564014437,7.984721221062271,-1.54159079540395
6889,0.00022935848430558935,7.984719209764349,-1.5415870147038448
6890,0.0002293340703219244,7.984717223895183,-1.541583263562072
6891,0.00022957554432615512,7.98471435395905,-1.541577780170051
6892,0.0002297317303505581,7.984712321277258,-1.5415741262329872
6893,0.00022973123184052036,7.984710377572173,-1.541570395001543
6894,0.00022960453281509346,7.984708353679027,-1.541566608012671
6895,0.00022957645940327077,7.984706405650401,-1.5415628587873778
6896,0.0002297613340654772,7.984704436532956,-1.541559208199032
6897,0.00023008018303817226,7.984701565600082,-1.5415537671260324
6898,0.00022996207345153577,7.984699495719373,-1.5415499905426073
6899,0.00022992534463926715,7.984697595807967,-1.541546245077565
6900,0.0002300663094081811,7.984695552894058,-1.5415425762788626
6901,0.0002302134767082033,7.984693688224807,-1.5415389224003433
6902,0.00023028794205408315,7.984690690666288,-1.5415333696279152
6903,0.00023036318233175194,7.984688686917064,-1.5415296732198618
6904,0.0002303785237702178,7.984685812140206,-1.5415240909644237
6905,0.00023050044489425375,7.9846837670937445,-1.5415204159064915
6906,0.00023057706730132205,7.984681857614803,-1.541516729539508
6907,0.00023059811013114977,7.984679806878436,-1.5415130138390998
6908,0.00023063600523565535,7.984677905163619,-1.5415093066098031
6909,0.00023068856073531923,7.984675898747655,-1.5415055966914857
6910,0.0002307344183867005,7.984674011358449,-1.5415018913119582
6911,0.00023080128310752604,7.984671929520229,-1.541498193560625
6912,0.0002308653316414932,7.9846699950323865,-1.5414944991352242
6913,0.00023095945885258465,7.984667966062826,-1.5414908103709755
6914,0.00023102319085569628,7.984666116530264,-1.5414871150924787
6915,0.00023103523293422227,7.984664070804968,-1.5414833884026462
6916,0.00023114106520854785,7.984662165896441,-1.5414797128298694
6917,0.0002312372431191484,7.9846601154315735,-1.5414760301678998
6918,0.00023125058394948635,7.98465914465852,-1.5414741764348912
6919,0.00023123944533840943,7.984657209063015,-1.5414704414646363
6920,0.00023126331812618409,7.984655230661961,-1.5414667257968133
6921,0.00023133299327543627,7.984654286798557,-1.541464893166045
6922,0.00023144820021491497,7.9846522480575395,-1.5414612172686641
6923,0.00023147966328495437,7.98465029386505,-1.5414575082592556
6924,0.00023147997115976059,7.984649345968729,-1.5414556438772584
6925,0.00023152377933120116,7.984647320410766,-1.541451933975036
6926,0.00023155503239330287,7.984645413105467,-1.5414482202089939
6927,0.00023164163179238847,7.984643384765323,-1.5414445312213667
6928,0.00023177388149368933,7.984641488428645,-1.541440869111748
6929,0.00023184040665643452,7.98463943110345,-1.541437166359433
6930,0.00023181295272248884,7.984637526356524,-1.5414334329979549
6931,0.00023189801014815507,7.984635528221848,-1.5414297422446472
6932,0.0002320304466015343,7.984633571007209,-1.5414260777456366
6933,0.00023206951591452394,7.984631570452412,-1.541422370879073
6934,0.00023207637516162668,7.984629609528159,-1.5414186513418158
6935,0.0002320986030649086,7.984627651517506,-1.541414928976566
6936,0.0002321384542888493,7.984625719390787,-1.541411216859087
6937,0.0002322940082917502,7.984623721966378,-1.5414075629944086
6938,0.0002324064027079884,7.9846216955987215,-1.541403885881913
6939,0.00023223877075693864,7.984619716973729,-1.541400076043083
6940,0.00023225099439208328,7.984617697054335,-1.541396347159851
6941,0.00023247363655851553,7.984615849144448,-1.5413927233025329
6942,0.00023262210986667154,7.9846138377305085,-1.5413890603394125
6943,0.00023259327337899803,7.984611911731156,-1.5413853320228703
6944,0.00023262647574828324,7.984609889848827,-1.5413816189405736
6945,0.00023274700786788055,7.98460800006075,-1.5413779494973054
6946,0.00023283473578815676,7.984605957729426,-1.5413742557687982
6947,0.0002327833506945298,7.984602975435799,-1.5413686446053845
6948,0.0002328177012590338,7.9846010569774535,-1.5413649355417653
6949,0.00023294534110291,7.98459907050823,-1.5413612577736169
6950,0.0002330405114865981,7.9845971331248515,-1.541357571677997
6951,0.00023310487937322648,7.98459513740611,-1.541353874986603
6952,0.00023316572902793166,7.984593146801319,-1.541350178814576
6953,0.00023318837973182772,7.984591178869479,-1.5413464596253643
6954,0.00023321370984279334,7.984590143458719,-1.5413446056399298
6955,0.0002332379964504253,7.984589229508077,-1.5413427568349616
6956,0.00023331983548862054,7.984587283306999,-1.5413390649924055
6957,0.0002333700762517516,7.984585311754505,-1.54133535666273
6958,0.0002333764042355408,7.98458434720098,-1.541333498033864
6959,0.0002334420756989993,7.984582256323061,-1.541329795683857
6960,0.00023352030406916376,7.984580368397697,-1.5413261068539004
6961,0.00023360888444984998,7.984578392573971,-1.5413224168486592
6962,0.00023366979904303588,7.984576487275607,-1.5413187152559962
6963,0.00023368016870988222,7.984574419223823,-1.541314994338325
6964,0.00023370837989872097,7.984572525175525,-1.5413112808272964
6965,0.00023382967839404308,7.984570497213443,-1.5413076073547518
6966,0.0002339899660154397,7.984568580852758,-1.5413039579283554
6967,0.0002340523170973751,7.984566525056864,-1.541300264658375
6968,0.00023392617928180218,7.98456457556782,-1.5412964774601052
6969,0.00023385745698926625,7.984562606531262,-1.5412927121928592
6970,0.0002340262610402604,7.984560605603293,-1.5412890561301003
6971,0.00023426698266184825,7.984558703596593,-1.5412854425266815
6972,0.000234328112412316,7.984556712857963,-1.5412817407576234
6973,0.00023416297781858454,7.984554756562785,-1.541277938852915
6974,0.00023421492958281942,7.984552757227728,-1.5412742294455284
6975,0.0002344250805459943,7.984550855220778,-1.5412706174130406
6976,0.0002345343559287986,7.984548816390297,-1.5412669333748217
6977,0.0002345471128835268,7.984546915808875,-1.541263212746726
6978,0.00023452554032841344,7.984544857214301,-1.5412594721720685
6979,0.0002345346453730085,7.984542962355225,-1.54125575154573
6980,0.00023470681623727325,7.984539954841729,-1.541250229495077
6981,0.00023480921063834967,7.984538012240037,-1.541246544112788
6982,0.00023486709321287737,7.984536051960769,-1.541242848098936
6983,0.00023491710493729558,7.9845341089844775,-1.5412391434615724
6984,0.00023493702700792682,7.9845320674467954,-1.5412354243099842
6985,0.00023498620759131457,7.984530132947499,-1.5412317183310063
6986,0.00023514303023133064,7.98452817443691,-1.5412280664848423
6987,0.0002352190926818367,7.984527225696533,-1.5412262388445936
6988,0.0002352496231393688,7.984526213382974,-1.5412243922797928
6989,0.00023523159181156148,7.984525164308444,-1.5412225205681107
6990,0.0002352109855752001,7.984524153675813,-1.5412206493652922
6991,0.0002352054980190577,7.984522231374731,-1.5412169180171091
6992,0.00023526270279336766,7.984520304611475,-1.5412132177403497
6993,0.0002354322839823329,7.984518369475542,-1.5412095586260537
6994,0.00023538701830402625,7.984516298754416,-1.541205814506755
6995,0.0002353562874287325,7.984514306601136,-1.5412020659498435
6996,0.0002353814620606878,7.984512382657783,-1.5411983421003232
6997,0.00023552858651073696,7.984510422102157,-1.5411946733062154
6998,0.00023575314994851753,7.984508502036429,-1.54119104992319
6999,0.0002357814262944417,7.984506523006244,-1.541187338040325
7000,0.00023563620094352607,7.9845044284714755,-1.5411835402401606
7001,0.00023571899543195355,7.984502510027333,-1.5411798541074162
7002,0.00023598025968069784,7.98450055753514,-1.5411762390900074
7003,0.0002359749485148896,7.984498623352185,-1.5411725084805912
7004,0.00023591417864676927,7.98449668570126,-1.54116875543887
7005,0.00023599059673963969,7.9844946421751635,-1.541165060408249
7006,0.00023608106141397278,7.984492684916697,-1.5411613735523952
7007,0.00023618778466308733,7.984490791929313,-1.5411576983182944
7008,0.00023628800406396262,7.984488806929294,-1.5411540188351578
7009,0.00023634187515175157,7.984486803790485,-1.5411503092919663
7010,0.00023634489307510653,7.984484850860465,-1.5411465898554246
7011,0.00023640583155723607,7.984482873156667,-1.5411428912349074
7012,0.0002364560033979145,7.98448090298946,-1.5411391840867643
7013,0.00023652621245194973,7.984478950648553,-1.5411354900532388
7014,0.00023661725254919572,7.984476988102655,-1.5411318001180738
7015,0.00023668232829329378,7.984475014722355,-1.541128108101174
7016,0.00023670959050953023,7.9844730470787715,-1.5411243855719237
7017,0.00023673083127995578,7.984471054190482,-1.5411206687478527
7018,0.00023684839567778953,7.984469119118519,-1.5411169947622347
7019,0.00023694201712586176,7.984467105593657,-1.5411133084462278
7020,0.00023696748237472077,7.984465175374299,-1.5411095979539362
7021,0.00023702132260529252,7.984463149717422,-1.5411058941395197
7022,0.00023704496138123382,7.9844622248808035,-1.5411040390391213
7023,0.00023708197434033776,7.984460192314894,-1.541100325905082
7024,0.00023711973230596442,7.984459218997734,-1.5410984799187302
7025,0.0002371539433389057,7.984458304482914,-1.5410966349382802
7026,0.0002371716049255431,7.984457310158394,-1.5410947764867569
7027,0.00023720609938053522,7.9844562738212455,-1.5410929245610088
7028,0.0002372443214238477,7.98445529241694,-1.5410910795590174
7029,0.0002372892891926782,7.984453370888022,-1.5410873717189166
7030,0.00023730807080224095,7.984451320953041,-1.5410836487418125
7031,0.00023739290118190084,7.984449418151042,-1.541079962227428
7032,0.00023752013475826123,7.984447385727109,-1.5410762915820135
7033,0.00023758781180355105,7.984445484045421,-1.5410725981396582
7034,0.0002375910675837023,7.984444468337635,-1.541070738233654
7035,0.00023764116599936548,7.984442513408701,-1.5410670366011827
7036,0.00023766908287265308,7.984440537104991,-1.5410633162064051
7037,0.0002377346626063283,7.984438568273509,-1.5410596208793987
7038,0.00023786200295949878,7.984435569611793,-1.5410540873922656
7039,0.00023793234266456244,7.984433671380901,-1.5410503910564213
7040,0.00023794391245424815,7.9844316144723555,-1.5410466693924048
7041,0.00023797278654325778,7.984429731258456,-1.541042954864877
7042,0.0002380944098605319,7.984427713691803,-1.541039280986929
7043,0.00023822492754689258,7.98442578096954,-1.5410356228757345
7044,0.00023827008368073485,7.98442373840276,-1.5410319169724518
7045,0.0002382997817811207,7.984421847782232,-1.541028209944585
7046,0.0002383106033679267,7.9844198405568045,-1.5410244774566921
7047,0.000238314302159424,7.984417913625138,-1.5410207597963086
7048,0.00023846055352896942,7.984415888432936,-1.5410170935723768
7049,0.00023856370995043477,7.984413912812664,-1.5410134205308605
7050,0.00023859159002822996,7.984410913624292,-1.5410078399882434
7051,0.0002386260743156522,7.984409054943687,-1.5410041327488848
7052,0.00023867916226945186,7.9844070106957155,-1.5410004228423932
7053,0.00023874595442185975,7.984405113066832,-1.54099672707854
7054,0.00023879401366280734,7.984403034765642,-1.5409930187757883
7055,0.0002388638124497204,7.984401150481217,-1.5409893244639865
7056,0.00023892599238890585,7.9843991468294515,-1.5409856213116162
7057,0.00023899709328997827,7.984397244162523,-1.5409819217825758
7058,0.0002390087322665013,7.984395181148444,-1.5409781999726095
7059,0.00023903860744850159,7.98439329202081,-1.540974485758399
7060,0.0002391819677137275,7.984391254162344,-1.5409708190735574
7061,0.00023927353339512958,7.984389351363252,-1.5409671392781186
7062,0.0002393052221194703,7.984387306771717,-1.5409634290308936
7063,0.0002393293152743273,7.984386329124909,-1.540961576774191
7064,0.00023938898707910107,7.9843844073267745,-1.5409578725415496
7065,0.00023942116819819842,7.984382421049917,-1.540954161538115
7066,0.00023946200360354283,7.984380489840252,-1.540950452359553
7067,0.00023949238565727584,7.984379442704772,-1.5409485985262927
7068,0.00023956032183746558,7.984377518491363,-1.540944906563186
7069,0.0002396597107037746,7.98437549944498,-1.5409412210878664
7070,0.00023970727881497314,7.984373614155507,-1.5409375186353471
7071,0.0002397593354819027,7.98437156576861,-1.540933812182106
7072,0.00023977444433440217,7.984369631985235,-1.540930093000253
7073,0.00023983069331805465,7.984367603174509,-1.5409263847577164
7074,0.00023996927699870393,7.984365738668189,-1.5409227278781925
7075,0.0002401050793440249,7.984363696062051,-1.540919065043501
7076,0.000240134819689007,7.984361740538929,-1.5409153590692022
7077,0.00024014973975409605,7.984359750762909,-1.5409116389254576
7078,0.0002401423796701396,7.984357798165132,-1.5409079063841757
7079,0.00024019485749225838,7.984355834281658,-1.5409041994626638
7080,0.00024029969085792618,7.984353863040069,-1.5409005204086585
7081,0.00024035580705051492,7.984351933810699,-1.5408968171669428
7082,0.00024039921817042113,7.984348988948546,-1.5408912458009287
7083,0.00024059687234503357,7.984345982042785,-1.5408857466030688
7084,0.00024063167022655757,7.984344064459109,-1.5408820397496226
7085,0.00024069429157901507,7.98434107746252,-1.5408764760938534
7086,0.00024069004152515902,7.984339105502259,-1.5408727447201453
7087,0.00024077069616460723,7.984337100680432,-1.540869050948605
7088,0.0002408584610974513,7.984335164820552,-1.5408653652028774
7089,0.0002409465849239583,7.984333179036581,-1.54086167758798
7090,0.00024099346160667284,7.984330208771311,-1.540856106870032
7091,0.00024104321548980263,7.9843282807193185,-1.540852406864937
7092,0.00024109775075762473,7.984326241555554,-1.540848699607018
7093,0.00024116785395688654,7.984324370639922,-1.5408450015447646
7094,0.00024121667874700377,7.984322330830054,-1.5408412932558404
7095,0.00024129755628719623,7.984319429095342,-1.540835737485868
7096,0.00024137901300587834,7.984317399115876,-1.5408320488353224
7097,0.0002414205060496363,7.984316472390972,-1.540830206410886
7098,0.0002414899213439925,7.984314457343932,-1.5408265078215744
7099,0.00024151468194495937,7.984312578529417,-1.5408227926497453
7100,0.000241558876868404,7.984310518768814,-1.5408190835498994
7101,0.00024160852182358695,7.984308606011614,-1.5408153800537476
7102,0.0002417152418077341,7.984306587575199,-1.5408116995384566
7103,0.00024189694927213086,7.984303621885563,-1.5408061929706796
7104,0.00024193615196859818,7.984301616486995,-1.5408024844210158
7105,0.0002418649594191284,7.98429972316151,-1.5407987247193993
7106,0.00024194435293312715,7.984297716393773,-1.540795028529889
7107,0.00024207522085382518,7.984294797777374,-1.540789498888181
7108,0.0002421126604675717,7.984292838413706,-1.5407857898964326
7109,0.00024220968580162107,7.984289823448173,-1.5407802415626854
7110,0.00024231384341413505,7.984286877991955,-1.5407746979168648
7111,0.00024241649509516286,7.98428297287389,-1.5407672871875846
7112,0.00024243594426680696,7.984280998122297,-1.5407635675505975
7113,0.0002425317238892246,7.984278025812438,-1.5407580165232224
7114,0.00024270162875420742,7.984276116502161,-1.540754371137534
7115,0.00024281046491343077,7.984273073677788,-1.5407488305977293
7116,0.00024277105423963324,7.984271170679533,-1.540745089696529
7117,0.00024279284037757387,7.984268249246423,-1.5407395064512097
7118,0.00024292594933978087,7.9842662075728414,-1.5407358376264855
7119,0.0002430702999115072,7.984264260698106,-1.540732184645286
7120,0.00024319535136454676,7.984262230846318,-1.5407285139456077
7121,0.0002430225380410118,7.984260331512816,-1.5407247049046635
7122,0.00024290625870260877,7.984258271442659,-1.5407209090755332
7123,0.00024316002888679275,7.984256393448216,-1.5407172940861102
7124,0.0002434915799898943,7.984254380954442,-1.5407137213871194
7125,0.00024346155754729776,7.9842524702943,-1.5407099894593363
7126,0.00024334803701057934,7.984250444281538,-1.5407062116228087
7127,0.00024345105804059948,7.984247519090212,-1.5407006649553592
7128,0.0002435502687817619,7.984245577649326,-1.540696985360615
7129,0.00024366110467486664,7.9842425733980384,-1.5406914389946051
7130,0.00024371278424249255,7.984239673472811,-1.5406858740481109
7131,0.0002437584843708554,7.984237696074477,-1.5406821672653186
7132,0.00024395617921068867,7.984234716511587,-1.540676666220085
7133,0.00024398728668669986,7.9842327633957355,-1.5406729609955545
7134,0.00024403008617818688,7.984230751760978,-1.5406692523753136
7135,0.00024406563982039536,7.984228839476264,-1.5406655441966037
7136,0.00024409207774452466,7.984227882893324,-1.5406636894471044
7137,0.0002441674412146386,7.984225857476935,-1.5406599952491484
7138,0.0002441841778445754,7.984223950211981,-1.5406562729962783
7139,0.00024423655164022156,7.984221897521079,-1.5406525676502083
7140,0.00024434508494652185,7.984219989742272,-1.5406488939783345
7141,0.00024445354565037026,7.98421795364385,-1.5406452145438114
7142,0.00024448417237726215,7.9842160610318995,-1.540641505442081
7143,0.00024451752312009437,7.984213038297025,-1.5406359161778678
7144,0.00024449839561742673,7.984211119193153,-1.5406321889891303
7145,0.000244617953622292,7.984209064680972,-1.5406285077482378
7146,0.0002447051922770235,7.984207167978291,-1.5406248215850624
7147,0.00024479940759660775,7.984205183844262,-1.5406211344113725
7148,0.0002448876363547202,7.984202238611585,-1.5406155863197584
7149,0.0002449133400278105,7.984200269625316,-1.5406118718597115
7150,0.0002449570973932454,7.984198277101212,-1.5406081610793454
7151,0.0002451018662508252,7.984196358620637,-1.5406045059445193
7152,0.0002452285966450394,7.984194373951656,-1.54060084059504
7153,0.0002452265833684384,7.984192349354025,-1.5405971151719444
7154,0.00024519190988960904,7.984189453492151,-1.5405915034839137
7155,0.0002452651757531068,7.9841874717177195,-1.5405878068349612
7156,0.000245482494991662,7.9841844229919126,-1.5405823194639214
7157,0.00024556423548011526,7.984182535893024,-1.540578635380243
7158,0.0002456156236118221,7.9841805404236394,-1.5405749260540977
7159,0.00024559969293020946,7.984177636797517,-1.5405693315628508
7160,0.0002456417502034914,7.984175661880931,-1.5405656242496064
7161,0.00024583468002212493,7.984172689527829,-1.5405601157050612
7162,0.00024588592715624685,7.984170774761131,-1.5405564208255678
7163,0.00024580035112082763,7.984168671523308,-1.5405526475501674
7164,0.0002457747436495884,7.9841657288734265,-1.5405470320898769
7165,0.000245978061055222,7.984163823503491,-1.5405433907321402
7166,0.00024628478809614264,7.9841599025864936,-1.540536080864125
7167,0.00024623541276617956,7.984157982873427,-1.5405323382543483
7168,0.0002462400495608361,7.984155007357343,-1.5405267530878048
7169,0.00024639248068603455,7.9841529873490416,-1.5405230889457961
7170,0.0002465251124033128,7.984151054237362,-1.5405194264733912
7171,0.0002465648591641365,7.984149076481041,-1.54051572023865
7172,0.0002465624148234637,7.984147115417966,-1.5405119915040908
7173,0.00024656358511027364,7.98414514424928,-1.5405082621254529
7174,0.00024662977366677924,7.984143169819935,-1.5405045689591572
7175,0.0002467668518623067,7.984141217823289,-1.5405009024503338
7176,0.00024684966477714424,7.984139187933624,-1.5404972141010387
7177,0.00024684188702569885,7.98413729311928,-1.5404934850393255
7178,0.00024688130705359583,7.984135280554069,-1.5404897734945715
7179,0.0002470205514107734,7.984133378829814,-1.5404861128557754
7180,0.0002471136834312876,7.984131315702432,-1.5404824239235833
7181,0.00024710089616605227,7.984129423363262,-1.5404787000487505
7182,0.00024712329852194216,7.984126418049883,-1.5404731104228477
7183,0.0002472107213966732,7.9841244768063175,-1.5404694222617257
7184,0.00024733937732480753,7.984122440650527,-1.5404657546641294
7185,0.00024746814480286434,7.984119507674857,-1.5404602295297634
7186,0.00024746081939557035,7.984117585533883,-1.5404565004634845
7187,0.0002474524788802492,7.984114591705127,-1.5404508922143167
7188,0.0002475593145548893,7.984112678393676,-1.5404472177310857
7189,0.00024778567128395284,7.984109655143133,-1.5404417381441564
7190,0.00024790485286698473,7.984107665279015,-1.5404380655042764
7191,0.0002477274273881468,7.984105739574533,-1.5404342553765646
7192,0.0002476912879671747,7.9841027435408325,-1.5404286321647254
7193,0.00024806429176596576,7.984100868038392,-1.5404250754613469
7194,0.0002481789447716048,7.984098833596494,-1.5404214015033637
7195,0.0002479945577896429,7.9840968836405874,-1.5404175951468808
7196,0.00024796454760743584,7.984094881271177,-1.5404138461770769
7197,0.00024825103704738475,7.9840919516970255,-1.5404083937345165
7198,0.00024831217625010163,7.984090036514465,-1.5404046969057825
7199,0.0002483365962939177,7.984087979452253,-1.540400974481368
7200,0.00024843338556662783,7.984085118286298,-1.540395426482656
7201,0.00024849048517993293,7.984083137616027,-1.5403917236914944
7202,0.00024859573030089235,7.984080100421521,-1.540386177565092
7203,0.0002486648863334299,7.984078206190905,-1.5403824851623469
7204,0.00024877463851067,7.9840752537255275,-1.5403769354864205
7205,0.0002487594747755547,7.984073307720828,-1.5403732021022363
7206,0.0002487906233863702,7.984071295619037,-1.540369483821734
7207,0.00024896579575047194,7.984068308189508,-1.5403639679719738
7208,0.0002490698577685219,7.984066392844127,-1.5403602992668233
7209,0.0002492137568181509,7.984063407341757,-1.5403547706729674
7210,0.0002491485009981578,7.984061502803083,-1.540351015668347
7211,0.0002491020362748719,7.984060487215026,-1.5403491290380789
7212,0.0002491630794596255,7.984058449098825,-1.5403454272582116
7213,0.00024933809412831266,7.984056506634533,-1.5403417780693296
7214,0.0002494224405819367,7.984055459967259,-1.5403399540753449
7215,0.0002495671262671868,7.984053603073414,-1.540336299939994
7216,0.00024950329092457456,7.984051571082674,-1.5403325391919303
7217,0.00024939688815266647,7.984049699574854,-1.5403287688088865
7218,0.0002495620946018809,7.984047661549274,-1.5403251082477825
7219,0.0002497878036025288,7.984044744180421,-1.540319631004687
7220,0.00024974703333918225,7.9840426842098555,-1.540315873312428
7221,0.00024959253175735585,7.9840397674410895,-1.5403102038788645
7222,0.00024979636874489317,7.98403777193078,-1.540306576467012
7223,0.0002500599131566217,7.984034882455368,-1.5403011083555975
7224,0.00025008974929559123,7.984031960002544,-1.5402955311322142
7225,0.00024999131273459205,7.9840298916485715,-1.5402917497441482
7226,0.0002501015330003186,7.984026976073414,-1.540286195090156
7227,0.0002503544728880768,7.984025051613307,-1.5402825876117168
7228,0.00025046735950353907,7.9840230701201,-1.5402789154177814
7229,0.0002503374617191411,7.9840210379856575,-1.5402751258923904
7230,0.00025023663675200993,7.984019085625872,-1.5402713401051906
7231,0.00025034049666007385,7.9840170845752,-1.5402676491107334
7232,0.0002506443143016845,7.984015240443068,-1.5402640658259406
7233,0.0002508115827616168,7.984013206635324,-1.5402604161042586
7234,0.0002506951475458066,7.984011296456035,-1.5402566479371433
7235,0.00025066953824273507,7.984009272693763,-1.5402529047540332
7236,0.00025082430526751767,7.984006308178487,-1.540247379670671
7237,0.00025094204809467655,7.984003444455309,-1.5402418417339376
7238,0.00025099761228000364,7.984000486368948,-1.5402362779683707
7239,0.0002512034543984381,7.983997482380305,-1.5402307838556843
7240,0.0002512482948894781,7.983995550844007,-1.5402270774357365
7241,0.00025125089172260164,7.983992593589947,-1.540221493865321
7242,0.0002513995923439538,7.983990604095111,-1.5402178306769996
7243,0.0002515020200572309,7.983988591124257,-1.5402141470859616
7244,0.0002514875598532599,7.983986664187212,-1.5402104210351328
7245,0.0002515129222270239,7.983984691424612,-1.5402067014486345
7246,0.00025156308304802327,7.983981714435928,-1.540201130285648
7247,0.00025171015983991267,7.983979788041565,-1.5401974741426447
7248,0.0002517988518978176,7.9839777772351495,-1.5401937887127475
7249,0.0002518148599016365,7.983975808491143,-1.5401900703956837
7250,0.00025180815098665933,7.983974877704475,-1.5401882034079684
7251,0.00025181926524210304,7.983973851340106,-1.5401863406956493
7252,0.00025190778209612197,7.9839719140613035,-1.5401826570240809
7253,0.0002520014824413254,7.983969905905285,-1.5401789657033045
7254,0.0002520244480474946,7.983967934730513,-1.5401752516606675
7255,0.0002520619453527009,7.983965949344838,-1.5401715371454554
7256,0.00025213775626572186,7.983964053778495,-1.5401678510374002
7257,0.0002522152951488409,7.983963088091831,-1.5401660174328342
7258,0.0002523149922316854,7.98396102468151,-1.5401623347717723
7259,0.00025232300222862304,7.983958074163076,-1.5401567485972734
7260,0.0002523467458017641,7.983956167359164,-1.5401530310550335
7261,0.0002525773474731746,7.983953177480736,-1.5401475432511926
7262,0.00025248797632812384,7.983951232264489,-1.540143772719122
7263,0.00025239591216492653,7.983949153283738,-1.5401399911859661
7264,0.0002526937094327438,7.983946271935937,-1.5401345278481684
7265,0.0002528018824575713,7.983945277507996,-1.5401327108176948
7266,0.0002528844138530555,7.983943418764168,-1.5401290316261962
7267,0.0002528382176526286,7.983941360277337,-1.5401252835282249
7268,0.00025278594411173383,7.983939408199069,-1.5401215305995717
7269,0.0002527839363698069,7.9839373657623325,-1.5401177917739202
7270,0.00025297857914811673,7.983935447019826,-1.5401141499513817
7271,0.0002531960133378465,7.983933513952368,-1.5401105196247955
7272,0.00025308068829587937,7.983930565830492,-1.5401048778588438
7273,0.0002531241411108589,7.983928530823424,-1.5401011652961556
7274,0.00025329730521797403,7.983926629079437,-1.540097518043017
7275,0.0002535085782815537,7.983923672043801,-1.5400920346313796
7276,0.00025350097223550053,7.983920711460694,-1.540086435270601
7277,0.00025353287002043037,7.983917789553986,-1.540080859227659
7278,0.0002536349579589866,7.983914813707244,-1.5400753133797787
7279,0.0002538008994796799,7.9839118547012236,-1.5400697887106163
7280,0.0002538500008458304,7.983908927169435,-1.5400642226303505
7281,0.00025389296578885896,7.983905990046368,-1.5400586505912353
7282,0.0002540440341987352,7.983903966205695,-1.540054987524209
7283,0.0002541387140434086,7.983901075106962,-1.5400494456030274
7284,0.00025418002119494175,7.98389905496697,-1.5400457410994501
7285,0.0002542494688899104,7.9838960964582215,-1.540040176305053
7286,0.0002543106251734805,7.983894192651285,-1.5400364755684854
7287,0.0002543207733821172,7.983893202168008,-1.5400346168546484
7288,0.0002543196719538508,7.983892147853684,-1.540032750141417
7289,0.0002543586854986803,7.983890233359607,-1.5400290455771086
7290,0.0002544939483021698,7.983888211154896,-1.5400253732489988
7291,0.0002545994349951892,7.983886301566254,-1.5400216994350424
7292,0.0002546740821877594,7.983883290675941,-1.5400161373173582
7293,0.0002546829176377822,7.983881399989563,-1.5400124160461108
7294,0.00025477168532604243,7.983878409499942,-1.5400068639606537
7295,0.00025486324236488904,7.98387642992171,-1.5400031751097014
7296,0.000254944640012082,7.983874520037449,-1.5399994897332228
7297,0.0002549707423924662,7.983872517510751,-1.539995765737054
7298,0.0002549867478223625,7.983870534962274,-1.5399920479201912
7299,0.00025507552564243486,7.9838685553271755,-1.5399883577291706
7300,0.0002552940070190599,7.983865616990227,-1.5399828759380605
7301,0.00025533191080058396,7.983863586172366,-1.5399791621602394
7302,0.0002553020530684653,7.9838617165797325,-1.539975426168835
7303,0.00025546899785969197,7.983858712234639,-1.5399699080518665
7304,0.0002555153550160899,7.9838567866180705,-1.539966210145302
7305,0.00025561241341880516,7.983853816550201,-1.5399606633112757
7306,0.0002556216753693735,7.983851828281861,-1.539956939488212
7307,0.00025575088569271807,7.983848937878609,-1.5399514102202383
7308,0.0002559442205366668,7.983845877822071,-1.5399459060456153
7309,0.00025589816487577857,7.98384397648574,-1.5399421663230775
7310,0.0002558997405524392,7.9838410356280685,-1.5399365729853016
7311,0.0002559835933538997,7.983839039565396,-1.5399328794412943
7312,0.00025606957197680456,7.983837034418324,-1.5399291917034208
7313,0.0002561686523167812,7.983835043546028,-1.5399255079379968
7314,0.0002562440053373645,7.983833150028692,-1.5399218190930763
7315,0.000256315947992664,7.983830165263923,-1.5399162525610723
7316,0.0002563397684457511,7.983828243228044,-1.5399125434394252
7317,0.00025641486994143215,7.983826222989606,-1.5399088455582284
7318,0.00025644868279190954,7.983824325963898,-1.5399051315498502
7319,0.00025653311250342376,7.983822290903943,-1.5399014382855916
7320,0.00025669220490707063,7.983820391075178,-1.5398977930890794
7321,0.0002567765241525134,7.983818316294833,-1.539894102762779
7322,0.0002567010515756066,7.983816387109242,-1.539890347498709
7323,0.00025670382963263397,7.983813429485902,-1.5398847489038998
7324,0.00025684913297301256,7.983811472173579,-1.5398810786734733
7325,0.000256980785295164,7.983809510568464,-1.5398774108536026
7326,0.00025703483990385475,7.983807567431733,-1.539873711660168
7327,0.0002570711163371638,7.983805547085367,-1.539869999333717
7328,0.0002570723370126748,7.983803635529067,-1.5398662704405706
7329,0.0002571682535097594,7.983801602096075,-1.5398625848696523
7330,0.0002572634574465607,7.983799707607269,-1.5398589051180642
7331,0.00025735064914411834,7.98379671543976,-1.5398533543210184
7332,0.0002573954482023433,7.983794751509995,-1.5398496405353714
7333,0.00025741478332683485,7.98379277216157,-1.5398459232485178
7334,0.00025761756569428766,7.983788861935468,-1.5398385612135208
7335,0.00025772439552849405,7.983785855769777,-1.539833019587453
7336,0.0002577206696140898,7.983782887188374,-1.539827427245499
7337,0.0002578107109270551,7.983780034010577,-1.5398218759391933
7338,0.0002579759868013715,7.9837770466394185,-1.539816356572267
7339,0.0002580477648878682,7.983774029154472,-1.5398107933543326
7340,0.00025812214951246676,7.983771150545445,-1.5398052352019667
7341,0.00025819212010099395,7.983769201926877,-1.539801540593824
7342,0.0002582790695094839,7.983766152709824,-1.5397959812672524
7343,0.0002583602734862188,7.983764246337215,-1.5397922949215765
7344,0.0002584324050818856,7.983762254489352,-1.5397885990039324
7345,0.0002584893509747597,7.983759348308265,-1.5397830337001988
7346,0.0002585260325320994,7.983757367798876,-1.5397793234944366
7347,0.00025859030160641693,7.983755364384714,-1.539775624896037
7348,0.00025875120928704054,7.983753435313417,-1.5397719736559423
7349,0.0002588325593494797,7.983751470810272,-1.5397682848106053
7350,0.00025882892426999616,7.983749459712931,-1.5397645555163553
7351,0.0002588470432011873,7.983747548859388,-1.5397608358367643
7352,0.0002588884017837642,7.983745542138662,-1.5397571230887304
7353,0.00025900289480982767,7.983743615480162,-1.539753448667111
7354,0.00025910881318042374,7.983741561558227,-1.5397497700690803
7355,0.0002591837296503005,7.983739654271048,-1.539746083163822
7356,0.0002591991229233849,7.983737627723324,-1.5397423578387195
7357,0.0002592418852979475,7.983735753052057,-1.5397386527302581
7358,0.0002593814716396416,7.9837337089043245,-1.5397349871473716
7359,0.0002594207267724232,7.983730805658183,-1.5397294200574196
7360,0.0002594469566005589,7.983728821721439,-1.5397257038601382
7361,0.000259484876368645,7.983726881244074,-1.5397219923437053
7362,0.00025951217204125694,7.983725823688794,-1.5397201369055837
7363,0.00025954319568907995,7.983724879125987,-1.5397182879305256
7364,0.00025962094357656623,7.9837239192500284,-1.5397164622677129
7365,0.00025975092778661863,7.983721913842609,-1.5397127902595638
7366,0.000259789289573526,7.983719935591745,-1.539709081573531
7367,0.0002597696837059035,7.983717987917871,-1.5397053473298579
7368,0.00025995150294649746,7.98371507907497,-1.5396998451531632
7369,0.0002600403875141169,7.983713029328416,-1.5396961544713204
7370,0.00026003288695495956,7.983711098312007,-1.5396924313421076
7371,0.00026007470034141345,7.983708142959227,-1.5396868512148143
7372,0.00026012169712374164,7.9837062335752105,-1.5396831485350118
7373,0.0002603832254504993,7.983703237637686,-1.5396776836444097
7374,0.0002603602625769739,7.983701178786263,-1.539673938513035
7375,0.0002601589552908905,7.98369828290789,-1.539668247431707
7376,0.00026038912045698264,7.983696276639299,-1.5396646163308254
7377,0.0002607402609068931,7.983693394085738,-1.5396591949071299
7378,0.0002606035217083492,7.983691384023815,-1.539655404214989
7379,0.00026051814823031214,7.983689464483251,-1.539651630500953
7380,0.0002606147383778765,7.9836874146178385,-1.5396479389837743
7381,0.00026082206494346154,7.9836855180089925,-1.5396443102030337
7382,0.00026101730152682645,7.983683498085591,-1.5396406785815882
7383,0.0002609730623154709,7.983681599477955,-1.5396369316689142
7384,0.0002608168079339272,7.983679580349951,-1.5396331231583376
7385,0.00026097066357822055,7.983677648002915,-1.539629464216369
7386,0.00026127452828629284,7.983675649519212,-1.5396258829280782
7387,0.000261312375459455,7.983673703475538,-1.539622177603052
7388,0.0002611604111032403,7.98367168713998,-1.539618377957184
7389,0.0002611933462742951,7.983668787792127,-1.5396127942762339
7390,0.00026157716859832023,7.9836658494515085,-1.5396073899523783
7391,0.0002613684714268219,7.983662800624627,-1.5396016916762698
7392,0.0002613059404069318,7.983660865333187,-1.5395979271274933
7393,0.00026156158212596576,7.983658890810235,-1.5395943028345562
7394,0.00026182272027350023,7.983657048462939,-1.539590696908575
7395,0.0002617750664694585,7.983654984353705,-1.5395869531002206
7396,0.0002617336436211471,7.983653071314865,-1.5395832141913366
7397,0.00026186392007687275,7.98365009276174,-1.539577676238256
7398,0.00026195359246933064,7.983648101263212,-1.5395739848890133
7399,0.00026209539833754053,7.983646214993262,-1.5395703308824005
7400,0.0002621869427270019,7.9836441862856695,-1.5395666464775568
7401,0.00026218899251791394,7.983642202117131,-1.5395629222853835
7402,0.0002622129807342751,7.983640217076099,-1.5395592017262272
7403,0.00026231977490253234,7.983638333792388,-1.5395555206278497
7404,0.0002623550440638012,7.9836373570488846,-1.5395536778815109
7405,0.0002624433998910622,7.983634348230174,-1.5395481276515983
7406,0.0002624861491467501,7.983632333305436,-1.5395444165237164
7407,0.0002625538384948903,7.983630471038619,-1.5395407228573192
7408,0.000262604012240677,7.983628465184261,-1.5395370098783447
7409,0.0002626927998686096,7.983626518049514,-1.5395333224668377
7410,0.00026274305550460765,7.983624472282789,-1.5395296219958459
7411,0.00026287572524480825,7.983621572242068,-1.5395240892962128
7412,0.00026290051911497686,7.983619591456563,-1.5395203748530861
7413,0.0002629814506822477,7.983615626001976,-1.5395129539247878
7414,0.0002630422209946483,7.983613707573621,-1.5395092532432404
7415,0.0002631474879138126,7.9836117291580075,-1.5395055670814377
7416,0.0002632028275885978,7.9836097932796735,-1.5395018649915413
7417,0.00026321334473948776,7.983607755582477,-1.5394981413484414
7418,0.00026324046115126803,7.983605842610218,-1.5394944233975858
7419,0.00026338581967103237,7.98360382065619,-1.5394907559033513
7420,0.00026348017196362354,7.983601928119789,-1.5394870803243565
7421,0.0002635531116869559,7.983599896942016,-1.5394833798091714
7422,0.0002635756628972679,7.9835980037213226,-1.5394796665406991
7423,0.00026356419559308403,7.983595952742399,-1.5394759316206894
7424,0.0002636773958784443,7.983593059106708,-1.5394703893369164
7425,0.0002637718803357751,7.9835910201196585,-1.5394667045869461
7426,0.0002638734720416385,7.983589103128911,-1.539463024825137
7427,0.00026384568966435993,7.983586180388842,-1.5394574165406725
7428,0.0002639101976329676,7.983584121498293,-1.5394537109423239
7429,0.00026412227455503023,7.983581219955554,-1.5394482168939843
7430,0.0002642260349104647,7.9835792512133015,-1.539444532560502
7431,0.00026424555741981823,7.983576314116159,-1.5394389539931481
7432,0.0002642478436247197,7.983574363665581,-1.5394352314453423
7433,0.00026435719788914827,7.983572381531364,-1.5394315513749353
7434,0.00026446008009522044,7.98357043388343,-1.5394278741918979
7435,0.0002645088536961831,7.983568469601527,-1.5394241638043242
7436,0.0002645454829862013,7.983566479658895,-1.5394204567746308
7437,0.0002646199862303706,7.98356454012321,-1.5394167630331703
7438,0.0002646774172616205,7.9835625521134475,-1.5394130621174689
7439,0.000264728892042991,7.983560591127001,-1.5394093554197308
7440,0.0002647945276239173,7.983558611243448,-1.5394056563943421
7441,0.00026488371666809254,7.983556628140219,-1.539401964083519
7442,0.0002648956712977981,7.9835556323429255,-1.5394001081360764
7443,0.0002649701243513217,7.983553720970918,-1.5393964166172533
7444,0.0002650544065125469,7.98355169759762,-1.5393927244219454
7445,0.00026507527466140314,7.983549804209031,-1.5393890106641461
7446,0.0002651320586990073,7.983547763756413,-1.5393853055390148
7447,0.0002651721258438385,7.983545846203354,-1.539381597567011
7448,0.0002652480464333438,7.983543816833362,-1.53937789955837
7449,0.00026534157845424934,7.983541943885691,-1.53937421619021
7450,0.00026541860897042884,7.9835389392456575,-1.5393686599359222
7451,0.0002654367455833549,7.98353695389539,-1.5393649338688948
7452,0.00026549358984346736,7.983535010023833,-1.5393612368859424
7453,0.0002656944543120833,7.983532013475834,-1.5393557304383767
7454,0.0002657488841059915,7.983529106894762,-1.5393501670856897
7455,0.0002658102766138922,7.983527145515058,-1.5393464701077781
7456,0.00026588320701882755,7.983524157363897,-1.5393409041307353
7457,0.00026598756909795417,7.983521219802997,-1.5393353647903516
7458,0.000266112994064246,7.983518292927197,-1.5393298337909482
7459,0.00026619685863800527,7.9835153510191965,-1.5393242785214678
7460,0.0002662342047548321,7.983513413463994,-1.5393205654142474
7461,0.0002662988988245112,7.983510450636146,-1.539315004936563
7462,0.0002663918572485515,7.983508412188505,-1.5393113112260117
7463,0.00026648830582351175,7.983505469759926,-1.5393057671329802
7464,0.00026654546684784925,7.983503524326772,-1.5393020628401097
7465,0.00026665313005904713,7.983500538642927,-1.5392965173356445
7466,0.00026667244510126246,7.983498640686153,-1.5392928014818055
7467,0.000266833956394698,7.9834956341447745,-1.5392872760710503
7468,0.0002669438522336629,7.983492686442046,-1.5392817444123394
7469,0.0002670014744756436,7.983489763716914,-1.5392761808897446
7470,0.00026703496975569125,7.983487746810546,-1.5392724575339225
7471,0.0002670312140191208,7.9834858540312075,-1.5392687383850925
7472,0.0002671924977273956,7.983483787577357,-1.5392650769333058
7473,0.00026733136303397267,7.983481887168443,-1.5392614213532327
7474,0.00026734745819193917,7.983479841119653,-1.5392576951786419
7475,0.0002671865955360817,7.9834768922404935,-1.5392520238383773
7476,0.00026735597391104745,7.98347496393004,-1.5392483713328051
7477,0.00026762161120476476,7.983471999222264,-1.53924290664927
7478,0.0002675921612870041,7.983470100588581,-1.53923916798513
7479,0.00026764338622281125,7.983468083701862,-1.5392354595308377
7480,0.0002677921656703811,7.983466177857582,-1.5392318011673434
7481,0.00026789272115502186,7.983464110668044,-1.5392281145148143
7482,0.00026788538808697574,7.983462214294637,-1.5392243927965017
7483,0.00026793480017086164,7.983460208150969,-1.5392206822186554
7484,0.00026794951654418895,7.983458336216775,-1.539216960349902
7485,0.0002680245801418537,7.983456280545226,-1.5392132584285736
7486,0.00026810987881220117,7.983453305913648,-1.539207708733299
7487,0.000268200492597931,7.983451398836305,-1.5392040241060372
7488,0.0002682624576808558,7.983448425519335,-1.5391984522531126
7489,0.00026836346607198063,7.98344651170422,-1.5391947728622257
7490,0.0002684590501083915,7.983444452961401,-1.5391910883227014
7491,0.00026852608267062566,7.983442560659902,-1.5391873986415434
7492,0.00026857041605141124,7.983440518270685,-1.539183685108919
7493,0.00026858613377259415,7.983438631741386,-1.5391799686978365
7494,0.0002686434710295533,7.983436572533483,-1.5391762581499997
7495,0.0002687140272642637,7.983434695354677,-1.5391725643701035
7496,0.00026882471170856185,7.983432679007014,-1.5391688813211113
7497,0.0002688908999501371,7.983429763097421,-1.539163326059989
7498,0.00026890721076174235,7.983427771363293,-1.5391596039028115
7499,0.00026907127692944185,7.983424794295983,-1.539154080467545
7500,0.0002691893336731006,7.983421904881465,-1.5391485508566123
7501,0.00026924746548907054,7.983418958207829,-1.5391429895859978
7502,0.00026932305709321625,7.983415972064493,-1.5391374264556696
7503,0.0002694662808003887,7.98341198163978,-1.5391300391854843
7504,0.00026959905337677856,7.983409027635355,-1.539124507905073
7505,0.0002696613354055683,7.983406174890833,-1.539118945587621
7506,0.0002696369782126671,7.983404164144096,-1.5391152010843165
7507,0.0002696551738710016,7.983402183152486,-1.5391114818454816
7508,0.00026983007964423216,7.983400153397231,-1.5391078228968085
7509,0.0002698959813739735,7.98339827561254,-1.5391041313324247
7510,0.00026996091629364455,7.983396277965017,-1.5391004314090548
7511,0.0002700347646580243,7.983394381138363,-1.5390967344749156
7512,0.0002700496469926554,7.983392323713126,-1.5390930148041733
7513,0.0002701754334551853,7.98338942936984,-1.539087482859325
7514,0.0002702813478231717,7.983387422451508,-1.5390838066588415
7515,0.00027033130103564374,7.983386497138173,-1.5390819694872704
7516,0.00027036245707311824,7.983385487480487,-1.539080119457019
7517,0.0002704080470203005,7.983383497191561,-1.5390764125018725
7518,0.0002704212225723876,7.983382563644594,-1.539074553184191
7519,0.00027040830117448805,7.983380544505012,-1.5390708176415389
7520,0.0002704772972534367,7.983378581867761,-1.539067119805376
7521,0.0002705678595140679,7.983376597964587,-1.539063431713229
7522,0.00027066513465594526,7.983374677102613,-1.5390597529207874
7523,0.00027073316499306435,7.983371683889458,-1.5390541872452865
7524,0.00027076884318414675,7.983369762824358,-1.5390504819446127
7525,0.00027096910007797507,7.98336681966533,-1.539044983564694
7526,0.00027103982484235077,7.983363780325557,-1.5390394215733256
7527,0.00027108810913439537,7.983361899517821,-1.5390357155030077
7528,0.00027109569337051503,7.983358924974405,-1.5390301254689271
7529,0.00027120987065586567,7.983356982935446,-1.5390264478223183
7530,0.0002713479410859756,7.983354042527302,-1.5390209207984547
7531,0.0002714010214283101,7.983351054098317,-1.5390153534286781
7532,0.0002714401096048967,7.983349107099108,-1.5390116466971904
7533,0.0002715035053623112,7.983347064583421,-1.5390079444948244
7534,0.0002716744938199172,7.983343177970294,-1.5390005667252227
7535,0.00027172225482498887,7.9833412452668435,-1.5389968606220685
7536,0.000271759110940588,7.983338296116716,-1.5389912827923424
7537,0.00027194513158963003,7.983335263587549,-1.5389857738339314
7538,0.00027206170409401365,7.983331319644058,-1.5389783743959782
7539,0.0002721103107171137,7.983329447269553,-1.5389746677079372
7540,0.0002721741461125089,7.9833264699341955,-1.538969107188975
7541,0.00027223407632872795,7.9833244948369595,-1.538965403285681
7542,0.00027230126681154244,7.983322545975929,-1.5389617063039955
7543,0.00027240353274466056,7.983319536071272,-1.5389561553397646
7544,0.00027247867921008443,7.983317624121041,-1.5389524662949625
7545,0.00027256756426887347,7.983315625794619,-1.5389487777555846
7546,0.00027261564456636624,7.983312697676208,-1.5389432094529574
7547,0.000272660863351963,7.983310711413521,-1.5389395037299256
7548,0.0002727625775393871,7.983307743354014,-1.5389339539734013
7549,0.0002728594879274032,7.983305864413328,-1.5389302710905362
7550,0.0002729350160037078,7.983302862753241,-1.5389247115217994
7551,0.00027300406300464136,7.983300818123898,-1.5389210137127731
7552,0.000273092259742168,7.983298927051562,-1.538917331467194
7553,0.0002731457848649851,7.983297921905301,-1.5389154900555382
7554,0.00027318191561983207,7.9832969299335135,-1.5389136408287523
7555,0.0002731837157511472,7.983295969183199,-1.53891177987028
7556,0.0002732113111721103,7.983293988386163,-1.5389080615544992
7557,0.0002732889442371005,7.983292045384944,-1.5389043649030834
7558,0.00027332903148735536,7.983290048738807,-1.5389006565707883
7559,0.00027341005037477534,7.983288120197979,-1.5388969682081992
7560,0.0002735254667936354,7.983285110377556,-1.5388914250913468
7561,0.000273581128385362,7.983283217116068,-1.5388877251356066
7562,0.00027361802494950226,7.983281192569337,-1.5388840055760926
7563,0.00027372878217659714,7.98327929919342,-1.538880332189728
7564,0.00027380196456444866,7.983277253734571,-1.5388766386680524
7565,0.00027385243013014786,7.98327431682989,-1.5388710715154592
7566,0.00027395519351636243,7.983271425468674,-1.5388655219947058
7567,0.0002740046861423419,7.983269394241003,-1.5388618137929755
7568,0.00027415698419372983,7.983267480701049,-1.5388581601008784
7569,0.00027424398638492006,7.983265459073064,-1.5388544803349746
7570,0.00027425985784208773,7.983262536555686,-1.5388489014460591
7571,0.00027429704629612205,7.983260530094079,-1.5388451857495629
7572,0.00027434977970113456,7.983258658716596,-1.5388414825806254
7573,0.00027443494662117397,7.98325562790331,-1.5388359272243644
7574,0.00027449416529794077,7.9832536187770575,-1.5388322225753628
7575,0.00027457671057006607,7.983251721451818,-1.5388285338732814
7576,0.0002746856373851296,7.983249741756078,-1.5388248533874178
7577,0.0002747565516696031,7.983247821841013,-1.5388211570713195
7578,0.0002747861774340312,7.983244788744229,-1.5388155752914114
7579,0.00027487075566835615,7.983242897419628,-1.5388118906670232
7580,0.0002749977279570423,7.983240859840037,-1.5388082181966107
7581,0.0002750478731118825,7.983237930891787,-1.5388026532198824
7582,0.00027510798346378574,7.983235955454675,-1.5387989553754409
7583,0.0002751612632916532,7.9832329939529,-1.538793380798741
7584,0.000275216916778958,7.983231078860112,-1.5387896798895215
7585,0.0002753639768498881,7.983228075491985,-1.538784155418072
7586,0.00027547204924722,7.9832261105486575,-1.5387804726642378
7587,0.00027550548372596233,7.983224180275377,-1.5387767647413813
7588,0.0002755104671722174,7.983222254985077,-1.5387730348420696
7589,0.00027555867556206394,7.983220215728622,-1.538769327537167
7590,0.0002756315661738698,7.983218258057759,-1.5387656302867079
7591,0.000275768757841684,7.983216319094286,-1.53876197176015
7592,0.0002758650633635655,7.983214316676785,-1.538758290146255
7593,0.00027588903658150624,7.983212311899836,-1.5387545741263993
7594,0.00027589806801134494,7.983210366100232,-1.5387508480209655
7595,0.0002759596287835021,7.983208463273602,-1.5387471526894982
7596,0.0002760791423428806,7.983206465081978,-1.538743473543993
7597,0.00027615048591825677,7.983204487246902,-1.538739772845913
7598,0.00027620511285448803,7.9832015041547395,-1.5387342086320794
7599,0.0002762864486222964,7.983199634266613,-1.5387305208861686
7600,0.0002763495109619711,7.983197583988318,-1.5387268190922552
7601,0.00027638994881949914,7.983195687634521,-1.5387231082588446
7602,0.0002764045502856256,7.983193639330956,-1.5387193816390765
7603,0.0002765652530167569,7.98319075295815,-1.5387138670106821
7604,0.0002766644904185542,7.983188761863734,-1.5387101839197102
7605,0.0002767220516133868,7.983185783987188,-1.5387046192859097
7606,0.0002767463300974181,7.98318387361228,-1.5387009025507061
7607,0.00027684803245577196,7.983180889979802,-1.5386953545253
7608,0.0002769840374744527,7.983178961383031,-1.5386916900207783
7609,0.00027705302228468715,7.983175996094496,-1.5386861371512333
7610,0.00027707278575683883,7.983173970782407,-1.5386824107082742
7611,0.0002771127440140344,7.983172091773104,-1.5386787022150414
7612,0.0002773438246497595,7.983169072011553,-1.538673214324842
7613,0.00027739533785156204,7.983167148132302,-1.5386695204099343
7614,0.00027744563252582867,7.983164180775917,-1.5386639510625677
7615,0.000277436954137625,7.983162221484581,-1.5386602168125467
7616,0.0002775158128374941,7.98316022930894,-1.5386565210732162
7617,0.0002777311558722962,7.98315723853858,-1.5386510321272087
7618,0.00027779277668195433,7.983155317605268,-1.5386473368721685
7619,0.00027779014691535936,7.983153314079003,-1.5386436097473326
7620,0.00027780878001298795,7.983150447327574,-1.53863802205208
7621,0.0002779271283103159,7.983148409278383,-1.5386343468097443
7622,0.00027806943135952556,7.983145476993827,-1.538628827128817
7623,0.0002780873573214522,7.983143488002775,-1.5386251072936328
7624,0.00027809000568548744,7.98314156043597,-1.5386213834705
7625,0.00027824552644186893,7.983139570769697,-1.5386177233134366
7626,0.0002783559070169886,7.9831376357494355,-1.5386140516963436
7627,0.00027839482055831287,7.983134697554354,-1.5386084823615724
7628,0.0002783915236229137,7.983132697883863,-1.5386047455396732
7629,0.0002784348420886618,7.98313075130962,-1.5386010374072407
7630,0.0002784690956969765,7.983129778523521,-1.5385991921435014
7631,0.00027856927767478274,7.983128772094198,-1.5385973693857156
7632,0.0002786323929007664,7.983127749681471,-1.5385955342526378
7633,0.0002787155254004287,7.983125854598429,-1.5385918528225357
7634,0.0002787678223182573,7.9831238086194825,-1.538588145435052
7635,0.0002787877637167261,7.983121888730575,-1.538584424993444
7636,0.00027879900647307645,7.98311890584601,-1.5385788354155847
7637,0.00027891964120541394,7.983117002315806,-1.53857516119096
7638,0.000279130862393125,7.983114016641296,-1.5385696757200715
7639,0.00027917007704550786,7.983112019041785,-1.5385659663554099
7640,0.000279169468779714,7.983110078128213,-1.5385622406843447
7641,0.00027915460593657223,7.983108114243684,-1.5385584979596467
7642,0.00027932024824712864,7.983105181802944,-1.5385529843675778
7643,0.00027946469352241836,7.983103138566826,-1.5385493225610603
7644,0.00027955406326672064,7.983100279031787,-1.5385437724878086
7645,0.0002794823056895926,7.9830982261794565,-1.5385400121540844
7646,0.0002794976296215963,7.983096322575544,-1.5385362937032767
7647,0.0002797288604313913,7.983093349087213,-1.5385308018761854
7648,0.0002798152388583162,7.983091443796663,-1.5385271149162818
7649,0.0002798454245033357,7.983089417131496,-1.538523397472648
7650,0.0002798309060453826,7.983087505784343,-1.5385196661702214
7651,0.0002799146099127254,7.983085447325829,-1.5385159719970196
7652,0.00028000031697635904,7.983083528982275,-1.5385122866931
7653,0.00028010944966622994,7.983081499612875,-1.5385086052756651
7654,0.00028022932438834876,7.9830786359134445,-1.5385030708677108
7655,0.0002802856124411891,7.983076631495024,-1.5384993629308994
7656,0.0002802937989826983,7.983074677539894,-1.538495645759061
7657,0.00028035447525020287,7.983072742889374,-1.5384919470754839
7658,0.0002805467894734777,7.983069724739057,-1.5384864447676598
7659,0.00028056853472821497,7.983066796089827,-1.538480865134516
7660,0.0002805864004139615,7.983064827179188,-1.5384771431585182
7661,0.00028067230830655985,7.983062905053399,-1.5384734504646513
7662,0.0002808113043664407,7.98305995303623,-1.538467922395088
7663,0.0002807634874312704,7.983057860837508,-1.5384641674172934
7664,0.00028077168450828596,7.983055965408763,-1.5384604364784833
7665,0.0002809748586686992,7.983053056018899,-1.5384549288805174
7666,0.00028118302238113997,7.983051106882874,-1.5384512993963027
7667,0.0002812429856556955,7.98304911890814,-1.5384476085911296
7668,0.000281240496652124,7.983047143397277,-1.5384438790065744
7669,0.0002812029003087412,7.983046092060718,-1.5384419973391452
7670,0.0002811838155815287,7.983044203574939,-1.538438257117006
7671,0.0002812770192789935,7.9830422065782916,-1.5384345623833398
7672,0.0002814251240459399,7.983040305053032,-1.5384309045664548
7673,0.00028153792725207693,7.983038292763162,-1.5384272276447133
7674,0.00028159435375029514,7.983035398205884,-1.5384216626671785
7675,0.00028159959820872225,7.983033340441643,-1.5384179331045222
7676,0.0002816778871102806,7.983031450168903,-1.5384142444734987
7677,0.0002818009970165651,7.983029411634835,-1.538410569787304
7678,0.0002819046192640326,7.983026542690719,-1.5384050268598464
7679,0.00028193686105403216,7.983023587426325,-1.538399451470897
7680,0.000281996201889885,7.98302152256924,-1.5383957450577084
7681,0.00028212492649347105,7.983018646040008,-1.538390213313971
7682,0.00028221317547647674,7.983016695473103,-1.538386528462499
7683,0.00028226531001631017,7.983013691134128,-1.5383809556285841
7684,0.0002823043692327929,7.98301179141249,-1.5383772525700525
7685,0.00028250286266206766,7.98300877827225,-1.5383717469939977
7686,0.0002825824133868301,7.983006866310526,-1.5383680599897491
7687,0.00028263068633607524,7.98300485654586,-1.5383643524715138
7688,0.0002826441584253043,7.983002957703878,-1.5383606298318648
7689,0.00028264131327517526,7.983000914926669,-1.5383568953743167
7690,0.00028274796027890573,7.982999002498087,-1.5383532198699534
7691,0.0002828466315120423,7.982996953332599,-1.538349532942256
7692,0.00028291493342502797,7.982995082764539,-1.5383458420541511
7693,0.0002829600510732074,7.982993060438003,-1.5383421270567355
7694,0.00028300501037572146,7.982991146133066,-1.5383384247601475
7695,0.0002830613467922744,7.982989089265745,-1.5383347169070467
7696,0.00028313562253393706,7.982987232832883,-1.5383310243297175
7697,0.0002832632660497259,7.982984246344781,-1.5383254910342439
7698,0.0002833133914474733,7.982982301892055,-1.5383217827126092
7699,0.00028339102574106973,7.982980285331539,-1.5383180916099854
7700,0.0002835036155207876,7.982977316808903,-1.5383125496287309
7701,0.00028352940290488337,7.982975438324707,-1.538308833955086
7702,0.00028366389012480023,7.982973405714458,-1.5383051649590986
7703,0.0002837249775544975,7.982971453490859,-1.5383014752662922
7704,0.00028375997637765767,7.982969434104498,-1.5382977603459962
7705,0.0002837875501727115,7.982968435852558,-1.5382959091410204
7706,0.0002838122301089284,7.982967522781726,-1.5382940606712785
7707,0.0002838515472685686,7.982966536087842,-1.5382922116620588
7708,0.0002838747657071753,7.982965533575463,-1.5382903554157057
7709,0.00028393346145094516,7.982963642972839,-1.5382866556675197
7710,0.0002840079325159826,7.982961584970246,-1.5382829618826763
7711,0.0002840802044009276,7.982959639804745,-1.5382792714711904
7712,0.00028417958807315454,7.982957618744432,-1.5382755855506922
7713,0.00028424310829244207,7.982955756962345,-1.5382718858046711
7714,0.00028424186072891145,7.982953756023086,-1.5382681554173452
7715,0.00028426853361138724,7.982951818411817,-1.5382644391275242
7716,0.0002843920163342405,7.982949807056326,-1.5382607670673363
7717,0.00028450488188084714,7.98294783115793,-1.5382570966828626
7718,0.00028462682573081533,7.9829458307211105,-1.5382534239004573
7719,0.00028466934793144937,7.982943902308422,-1.5382497179569738
7720,0.00028462413897823265,7.982941972825826,-1.5382459709573237
7721,0.0002846335825408726,7.982939977202892,-1.538242241389926
7722,0.0002847490264691142,7.982938029797879,-1.5382385661879063
7723,0.00028484970890102105,7.982935980474394,-1.5382348853766759
7724,0.00028495566765522943,7.982934053522271,-1.5382312084941658
7725,0.0002850328289110799,7.982931188014294,-1.5382256557966087
7726,0.0002850464980076215,7.982929165006036,-1.5382219272752486
7727,0.00028509740454840004,7.982927236200864,-1.5382182258441341
7728,0.0002852373817831728,7.982925233213976,-1.5382145622441121
7729,0.0002853519606281141,7.982923285819652,-1.5382108901242808
7730,0.0002853763978774771,7.982921318012951,-1.5382071763033895
7731,0.00028537953683007404,7.982919345064904,-1.5382034521682093
7732,0.0002853769982570379,7.982917397090392,-1.538199714462858
7733,0.00028548181387958935,7.982915353131293,-1.5381960305806026
7734,0.0002856443423387276,7.982912362717155,-1.5381905167967949
7735,0.00028575595393553864,7.982910504767573,-1.5381868478789364
7736,0.0002858408217084494,7.982907539124155,-1.5381812949591394
7737,0.0002858017508321569,7.982905590857928,-1.5381775478575177
7738,0.00028582223103464343,7.9829026302607105,-1.5381719580561963
7739,0.00028603252359419857,7.982899647923622,-1.5381664569650368
7740,0.0002862382332335222,7.982896681281985,-1.538160965741056
7741,0.0002862207295699556,7.982894767235401,-1.5381572249046311
7742,0.00028606269453714515,7.982891729334893,-1.5381515469064175
7743,0.0002862292581073141,7.982889829066857,-1.5381478922605505
7744,0.0002864770849962053,7.982887814573537,-1.538144276347841
7745,0.00028661648076278793,7.98288592700818,-1.5381406225707495
7746,0.00028652275234994324,7.98288388812232,-1.5381368483403053
7747,0.000286387635777254,7.9828819391246855,-1.5381330539588165
7748,0.00028643254250125224,7.982879912039937,-1.5381293351974765
7749,0.0002867417540020361,7.982878024821822,-1.5381257451726353
7750,0.0002869738740723332,7.982876081812235,-1.5381221251545358
7751,0.00028683463615295515,7.982873181746491,-1.53811648241634
7752,0.0002868925869641305,7.982871130568069,-1.5381127765800693
7753,0.00028704604264669477,7.982868192818836,-1.5381072550420745
7754,0.000287123981855875,7.982866279209163,-1.5381035633611289
7755,0.00028722090370140893,7.982864279676759,-1.5380998763025509
7756,0.00028726302492163594,7.982861375894802,-1.5380943096351285
7757,0.00028734999546519856,7.982859345619427,-1.5380906214683552
7758,0.0002874815534272758,7.982857458633726,-1.53808696033426
7759,0.0002875477073631677,7.982855421190122,-1.5380832574899488
7760,0.0002875797719752205,7.982853485775182,-1.53807955394615
7761,0.0002876583700079604,7.982850496392994,-1.53807398559808
7762,0.0002876581288307205,7.982848597750108,-1.5380702681971636
7763,0.0002878232788530582,7.982846551240037,-1.5380666103939187
7764,0.00028797754573982537,7.982843616563829,-1.5380610962675128
7765,0.00028793592284814975,7.982841654677666,-1.5380573524309404
7766,0.0002879977957785225,7.982838705986426,-1.5380517846615613
7767,0.00028811362665109294,7.98283678795262,-1.5380481138023794
7768,0.0002882504317807097,7.9828347371393855,-1.5380444498069696
7769,0.000288331368102519,7.982832834632935,-1.538040759993178
7770,0.00028816522288431805,7.982830780267288,-1.5380369458679888
7771,0.00028813440792232727,7.9828288686045585,-1.5380332000573536
7772,0.00028836169726937044,7.982826896038859,-1.5380295650680882
7773,0.00028856094574408747,7.982824997383861,-1.5380259324856926
7774,0.00028860641619596344,7.982822986278789,-1.5380222333758269
7775,0.0002886188267367623,7.982821030720533,-1.538018515921225
7776,0.00028861335808336733,7.982819052667192,-1.5380147791951428
7777,0.0002886952252522555,7.98281707906628,-1.5380110873365251
7778,0.00028879245548314584,7.982815129338198,-1.5380074030170254
7779,0.00028889802003283986,7.9828131966031055,-1.5380037276725842
7780,0.0002889248153821243,7.982811206749567,-1.5380000087540464
7781,0.0002889639133033426,7.982809262833584,-1.5379962991295484
7782,0.00028909375033686364,7.982807286232365,-1.5379926293793607
7783,0.000289155164289873,7.982806265129437,-1.5379907934743982
7784,0.00028920070066588375,7.982805321445092,-1.5379889509225113
7785,0.0002892364238147436,7.982803355383515,-1.537985243410842
7786,0.00028929349999353825,7.982801371680565,-1.5379815444066791
7787,0.00028933355406849027,7.982799445757083,-1.5379778313823882
7788,0.00028940383855087965,7.982797447276188,-1.5379741362846662
7789,0.0002894585838922396,7.9827944618108,-1.5379685637305838
7790,0.00028959859674782527,7.98279158171156,-1.5379630369975987
7791,0.0002897035660710606,7.982789550960599,-1.5379593598673182
7792,0.00028978133780433894,7.982786615335091,-1.5379538053865929
7793,0.0002898179867253703,7.982783709321918,-1.5379482288675799
7794,0.0002899220222760312,7.982780746086448,-1.5379426834972372
7795,0.00029002603240972684,7.982778758122116,-1.5379390008577287
7796,0.0002901148599878024,7.982775857949737,-1.5379334523405417
7797,0.0002901461801870471,7.9827738136789925,-1.537929731105199
7798,0.000290224055005822,7.982771914209318,-1.53792604314664
7799,0.00029034671969994366,7.982769866857179,-1.5379223693109336
7800,0.0002904188906512041,7.982767974248595,-1.5379186829686575
7801,0.00029046632847743294,7.9827659307372985,-1.537914971408766
7802,0.00029052093049150563,7.982763072256144,-1.5379094048257809
7803,0.0002905862899001655,7.982761072603332,-1.5379057066624757
7804,0.00029067795638002453,7.9827591233592585,-1.5379020213217003
7805,0.0002907477402987786,7.982757125792676,-1.537898327407283
7806,0.00029083852081687256,7.982755147284707,-1.537894636273578
7807,0.00029086135996380963,7.98275320429653,-1.5378909218828805
7808,0.0002908997027983499,7.982751256333609,-1.5378872090510591
7809,0.00029095301269720027,7.982749258127519,-1.5378835044049246
7810,0.0002910160298120157,7.982747282731968,-1.5378798015150275
7811,0.0002911546263312168,7.982745362301713,-1.5378761347006478
7812,0.00029121513674822835,7.982743368025371,-1.5378724389627567
7813,0.00029126127689146935,7.982741401579078,-1.5378687249159022
7814,0.0002912644075546639,7.9827394386774,-1.537865000051964
7815,0.0002913999863688323,7.982737452762011,-1.5378613293306538
7816,0.0002914885048675121,7.982735517200588,-1.5378576498827596
7817,0.0002915642009137848,7.98273351174003,-1.5378539493414314
7818,0.0002915849412578217,7.982731599596227,-1.5378502389130986
7819,0.0002916236768245012,7.982729602895834,-1.537846525421748
7820,0.00029168077854898944,7.9827276789830135,-1.5378428221809646
7821,0.00029178247953783867,7.982725649367332,-1.5378391349679925
7822,0.000291834143286413,7.982723705060299,-1.5378354385504072
7823,0.0002919260686888051,7.982721734913996,-1.537831754916548
7824,0.00029197168470981497,7.982720803937874,-1.5378299073668515
7825,0.0002920007428775408,7.982718788504956,-1.5378261920508578
7826,0.00029202403119039493,7.982715890240027,-1.5378206044507652
7827,0.00029214503546585877,7.982713832448288,-1.5378169302914775
7828,0.0002922189196802738,7.982711935792011,-1.537813240856937
7829,0.00029230072268251995,7.982709923563659,-1.5378095476498124
7830,0.0002923880155569785,7.9827070224321055,-1.5378039938328856
7831,0.0002924686808618498,7.982705033664818,-1.5378003078020988
7832,0.0002925409555037782,7.982703021992817,-1.5377966136564767
7833,0.00029263144054251996,7.982701122043486,-1.53779293257737
7834,0.00029270252957932895,7.982699146570591,-1.5377892341213035
7835,0.0002927238227206877,7.982697224566244,-1.5377855119319084
7836,0.00029268030634206643,7.982695186130568,-1.5377817590612795
7837,0.0002927463771123101,7.982693218890526,-1.5377780627203852
7838,0.0002929084513261178,7.982691273229828,-1.5377744017998412
7839,0.00029299820877691437,7.982689320236715,-1.5377707188819005
7840,0.0002930544014437972,7.982687389728238,-1.5377670140738064
7841,0.00029311154128484467,7.9826853620508205,-1.5377633118425567
7842,0.0002931297990813738,7.982683443229119,-1.5377595919469738
7843,0.00029320428941644695,7.982681433892904,-1.5377559003450336
7844,0.0002933366324350283,7.9826795294019925,-1.5377522352071304
7845,0.00029342144688661125,7.982677484254528,-1.5377485459745959
7846,0.00029348679122641097,7.982674550162694,-1.537742986065306
7847,0.0002935248334722058,7.982672602178056,-1.537739273657532
7848,0.00029358932060956686,7.982670612611731,-1.5377355737057197
7849,0.00029367104107601294,7.982668714367465,-1.5377318820276364
7850,0.0002937298997157507,7.982666713046552,-1.537728179838918
7851,0.0002937847440893344,7.982664734285082,-1.537724469809739
7852,0.00029379409616895393,7.982662759286669,-1.5377207489248195
7853,0.0002939062212705709,7.9826607892311,-1.5377170722786206
7854,0.000293965110886548,7.982659853755653,-1.5377152385263357
7855,0.0002940229496434421,7.9826588424196805,-1.5377133995705954
7856,0.00029408675406665725,7.982657818917853,-1.5377115640962018
7857,0.00029410946620731887,7.982656852373198,-1.5377097143018248
7858,0.00029414855674444714,7.982654928493088,-1.537706004786201
7859,0.0002941826783239451,7.982653895690668,-1.5377041534826235
7860,0.0002941786411289003,7.9826519844817545,-1.5377004259327482
7861,0.0002941837088936864,7.982651018399303,-1.5376985595255275
7862,0.00029430408076861267,7.982648976725093,-1.537694880645749
7863,0.0002943845916683054,7.982647084065357,-1.537691197583882
7864,0.00029444328003724516,7.982646050978164,-1.5376893551608277
7865,0.0002944760293329131,7.982644108266917,-1.5376856461705537
7866,0.00029455480680467796,7.982642161622801,-1.5376819545635378
7867,0.00029467741139227325,7.982640162530559,-1.537678286578815
7868,0.00029469402076160074,7.9826391885698085,-1.5376764342370866
7869,0.0002947014395193304,7.982636186047769,-1.5376708378673205
7870,0.00029476677015361044,7.982634314693842,-1.5376671416670782
7871,0.0002949277767238566,7.982632278060257,-1.5376634848402981
7872,0.0002949651969757384,7.982631306560129,-1.5376616425693652
7873,0.0002950010530482137,7.98263035465153,-1.537659793011241
7874,0.0002949925128456683,7.982629368754455,-1.5376579276744282
7875,0.00029502802274753386,7.982627411396931,-1.5376542170590386
7876,0.0002950763888830203,7.982625454459148,-1.5376505099484021
7877,0.00029514006487242796,7.982623478517828,-1.537646809549977
7878,0.0002952946787303209,7.982621550934085,-1.537643152944281
7879,0.0002953809334704736,7.982619501259243,-1.5376394681037329
7880,0.0002954183152015735,7.982617589650934,-1.5376357619375975
7881,0.0002954879130058744,7.982615579781255,-1.5376320671931287
7882,0.00029550126837045557,7.982613687507514,-1.5376283433425686
7883,0.00029555262388566354,7.9826116496607815,-1.5376246369066513
7884,0.0002957005683035793,7.9826097393990185,-1.5376209821913853
7885,0.00029579878827125795,7.982607666137336,-1.537617296084095
7886,0.0002957544900310562,7.982605757064258,-1.5376135552592503
7887,0.0002957558774203663,7.982603773291554,-1.537609822394697
7888,0.00029589468393940966,7.9826018910909715,-1.5376061589769894
7889,0.00029596841107441216,7.982600914015584,-1.537604321793759
7890,0.00029596197374914086,7.982599867311483,-1.537602460594842
7891,0.0002959930711698912,7.982598840352898,-1.5376006088258538
7892,0.00029605643658325615,7.982596884867538,-1.5375969120522897
7893,0.0002961475130099469,7.982594948889356,-1.5375932288824636
7894,0.00029619660465671693,7.982594010416418,-1.537591381434914
7895,0.0002962146261411903,7.982593023577646,-1.5375895281061525
7896,0.0002962907548167127,7.982591047496,-1.537585833224777
7897,0.00029630745587109244,7.982589092021891,-1.5375821146022055
7898,0.00029636916638245474,7.982587095497011,-1.5375784185814696
7899,0.00029645671120753477,7.982586138007683,-1.5375765908000738
7900,0.00029655828861519656,7.9825841187543025,-1.5375729106343798
7901,0.0002965913633240978,7.982582170993678,-1.5375692049772975
7902,0.00029663738913509945,7.982580164822884,-1.5375654962942555
7903,0.0002966767846460803,7.982578257979143,-1.53756178873048
7904,0.00029669049239884366,7.9825762864823915,-1.5375580640308681
7905,0.0002968388929046177,7.982574296232802,-1.5375544025567505
7906,0.000296978810900644,7.982572304253416,-1.5375507434402838
7907,0.00029699092148115523,7.982570370182637,-1.537547015188549
7908,0.0002968926797613963,7.982569414062589,-1.5375451080034699
7909,0.00029684098924208233,7.982567363675075,-1.5375413430348297
7910,0.0002970311665355972,7.982565472842957,-1.5375377161625445
7911,0.00029714732105674694,7.982564476776442,-1.5375359077363344
7912,0.000297275816363204,7.982562533367844,-1.5375322319113927
7913,0.00029716645384750663,7.982560518997829,-1.5375284485259262
7914,0.00029716895550040726,7.982559508852352,-1.537526582817976
7915,0.00029732902898314877,7.982557614049104,-1.5375229265568136
7916,0.00029749957107403236,7.982555573860615,-1.537519274218387
7917,0.0002976165671442626,7.982553712244386,-1.5375156093875144
7918,0.00029762170835890493,7.982551666587648,-1.5375118826670404
7919,0.0002976271979891886,7.982548761232047,-1.5375062901886802
7920,0.00029767554928349755,7.982546819512179,-1.5375025836577039
7921,0.0002978140779825098,7.9825448450429795,-1.5374989172362805
7922,0.00029792742955918626,7.982542882143635,-1.537495241740828
7923,0.0002979614029549937,7.982541916349854,-1.5374933940851623
7924,0.00029796788367771553,7.982540917770539,-1.537491536688271
7925,0.0002979985182747675,7.982539865302549,-1.5374896853843025
7926,0.00029806168710452905,7.982537999171163,-1.5374859867854056
7927,0.0002980709761599823,7.982537011198798,-1.5374841282670488
7928,0.00029814310254581923,7.982535014133133,-1.5374804344391884
7929,0.00029819457628043423,7.982533075378382,-1.537476727354874
7930,0.00029821732466082365,7.982531079102266,-1.537473006907678
7931,0.00029834095433145866,7.982529152471133,-1.5374693376006368
7932,0.0002984465496466887,7.982527122960338,-1.5374656609841832
7933,0.00029846473140136874,7.98252616044307,-1.5374638085975385
7934,0.0002985042685029694,7.982524161410865,-1.5374600945285908
7935,0.0002985600488015133,7.982522269725801,-1.5374563960582042
7936,0.0002986396957519273,7.98251927331268,-1.5374508312395725
7937,0.0002986773428895376,7.982518321913752,-1.5374489892809708
7938,0.0002987481144366604,7.9825162901993405,-1.5374452913343417
7939,0.00029882752639947153,7.982514366060645,-1.5374416041409638
7940,0.00029893524477462197,7.982512367187965,-1.5374379202311987
7941,0.0002989416039433057,7.982510477650392,-1.5374341986913966
7942,0.0002989876152673713,7.982508443745998,-1.5374304851314016
7943,0.00029912270135263127,7.982506549199407,-1.5374268248485525
7944,0.0002991980117807809,7.9825045192903135,-1.5374231298648944
7945,0.00029919032166527386,7.982502577028795,-1.537419398611924
7946,0.00029924059173657244,7.982500600465155,-1.537415689659182
7947,0.000299387455235131,7.9824986525310235,-1.5374120321766243
7948,0.00029951183082521074,7.9824956434424825,-1.537406495070965
7949,0.00029950789180142504,7.9824946907248036,-1.537404634648808
7950,0.0002995291334271095,7.982491735927286,-1.5373990443371977
7951,0.0002995810568687035,7.982489834090981,-1.537395347436171
7952,0.00029973402509351766,7.9824877938271435,-1.5373916837265393
7953,0.00029984498006042394,7.982485883268407,-1.5373880092171182
7954,0.00029987405085693606,7.982484905842072,-1.5373861608290669
7955,0.00029987349550404267,7.9824838877091775,-1.5373842941480504
7956,0.00029987127851570855,7.98248287720972,-1.5373824279133708
7957,0.0002999287362572135,7.982481010879158,-1.5373787299831612
7958,0.0003000044455019278,7.982479996262328,-1.5373768998167947
7959,0.0003000607388674891,7.982478969614936,-1.53737506048098
7960,0.0003001142446705814,7.982477982361647,-1.5373732174866743
7961,0.0003001230494570629,7.9824770373429645,-1.53737136919012
7962,0.0003002029685340219,7.982474985083255,-1.5373676770041034
7963,0.0003002568261734382,7.9824731117212835,-1.5373639810108126
7964,0.00030029167816878654,7.98247108705035,-1.5373602615764963
7965,0.0003002976498978349,7.982469193057006,-1.537356535895445
7966,0.00030035172390637134,7.982467138687085,-1.5373528254153044
7967,0.00030042804098568646,7.982465274416339,-1.5373491408052982
7968,0.0003006352483365727,7.982463230114599,-1.5373455033119297
7969,0.0003006564305959524,7.982461292262764,-1.537341789618052
7970,0.0003005754021711523,7.98246025522869,-1.5373398835114287
7971,0.00030050861841157434,7.982459195396353,-1.5373379830276257
7972,0.0003006045817733914,7.9824573044435105,-1.5373343000669435
7973,0.0003008708362418386,7.982455396770474,-1.53733068479886
7974,0.0003009857713738262,7.982453459498451,-1.5373270165343709
7975,0.0003009560129859171,7.982451485630832,-1.5373232824172574
7976,0.00030093222619607317,7.982449457223228,-1.537319540086738
7977,0.0003009404132282359,7.982447501091752,-1.5373158096847157
7978,0.0003011116104904201,7.982445540889619,-1.537312157637488
7979,0.00030130752323276685,7.9824426252137775,-1.537306657449896
7980,0.0003012992291369369,7.9824406877133365,-1.5373029339591988
7981,0.00030137007493873753,7.982438689061491,-1.5372992375158678
7982,0.00030145259592458384,7.982437698625023,-1.5372974058031847
7983,0.0003015088954084507,7.982435793963209,-1.5372937152733597
7984,0.0003015515220134362,7.982433738916536,-1.5372900012934498
7985,0.0003016008617791581,7.982431868026773,-1.5372862997935113
7986,0.0003016453897667611,7.982429831043156,-1.5372825840961999
7987,0.00030171124829541924,7.982427945443318,-1.537278888672854
7988,0.00030179732171589597,7.982425871543562,-1.5372751993949367
7989,0.00030183321847729896,7.982424918300168,-1.5372733546097068
7990,0.00030192146881378,7.982422924841903,-1.5372696653846314
7991,0.0003019743760903965,7.98242197441785,-1.5372678271353815
7992,0.0003019906822636804,7.982421029156811,-1.5372659725203708
7993,0.0003020102433874559,7.982420097126489,-1.5372641140521837
7994,0.0003020304776803758,7.9824190682024065,-1.5372622517530203
7995,0.00030203518499062756,7.982417087369158,-1.5372585268945813
7996,0.0003021539437354852,7.982415125165612,-1.537254854265804
7997,0.0003022227765675814,7.982413078003606,-1.537251155859084
7998,0.00030229072885443924,7.9824111662616595,-1.537247460831754
7999,0.00030237821498289066,7.98240925313327,-1.5372437658728435
8000,0.0003023022953860767,7.982407242453704,-1.5372400070342314
8001,0.00030244584341686004,7.982405223134694,-1.5372363453164135
8002,0.0003026242283195688,7.982403318435858,-1.5372327214557489
8003,0.0003027580073711292,7.982401311098739,-1.537229042823219
8004,0.0003026595725559111,7.98239940776721,-1.5372252698192528
8005,0.00030257603252772014,7.982397366181359,-1.5372214878953603
8006,0.000302711942723215,7.982395439729971,-1.5372178196112385
8007,0.00030295818344314054,7.98239344866793,-1.5372141988710324
8008,0.0003031234459566537,7.982391520433782,-1.5372105509851814
8009,0.00030312774780345315,7.982390577472107,-1.5372086950245551
8010,0.0003030121218281239,7.982388529829549,-1.5372049098909482
8011,0.0003029658135308846,7.982386618239772,-1.5372011569027697
8012,0.00030311370261524803,7.982384612847616,-1.5371974895306948
8013,0.0003033066164422162,7.982382695277129,-1.5371938553879858
8014,0.000303447195697369,7.98238070125983,-1.537190196261817
8015,0.0003034352297776544,7.9823787547189875,-1.5371864578365766
8016,0.00030330655360832394,7.982376774945387,-1.5371826688458101
8017,0.0003034002261923262,7.982374754850962,-1.5371789754674108
8018,0.00030362485722726406,7.982372859834624,-1.5371753548407008
8019,0.00030382452108749917,7.9823708670520706,-1.5371717205521704
8020,0.0003036985931491765,7.9823689149139385,-1.5371679391036113
8021,0.00030359560852661087,7.982366936390015,-1.53716415631716
8022,0.00030370963539083596,7.982365027449773,-1.5371604790394704
8023,0.0003040326563408561,7.9823629817355375,-1.537156903954155
8024,0.00030410922024733984,7.9823610913102865,-1.5371532136360628
8025,0.00030403425619824644,7.982360109016919,-1.5371513178041416
8026,0.0003039495107932465,7.982359068893792,-1.5371494113160318
8027,0.00030390056201759963,7.982358077501101,-1.5371475165823942
8028,0.00030391861690541816,7.982357134484926,-1.5371456622856132
8029,0.0003040033464350948,7.982356178443974,-1.5371438371521406
8030,0.00030429983298249543,7.98235415682805,-1.5371402511786272
8031,0.00030440810194820285,7.982352226278395,-1.5371365802791332
8032,0.0003044428591016349,7.982350306450027,-1.5371328667652926
8033,0.0003044568576887986,7.982349259939639,-1.5371310069505573
8034,0.0003044251470534712,7.982347316089597,-1.537127267494502
8035,0.00030442556533581336,7.982345319842414,-1.5371235367130371
8036,0.0003045490763677663,7.982343361385025,-1.5371198608635142
8037,0.00030464547426818303,7.9823413888721975,-1.5371161743760384
8038,0.00030472267739193524,7.982339468707518,-1.5371124836964902
8039,0.0003048124747781812,7.982337487163736,-1.5371087943279453
8040,0.0003048785466186592,7.9823355236313835,-1.5371050918089997
8041,0.00030489525505703416,7.982333563067411,-1.537101376117183
8042,0.00030501134707585314,7.982331606785829,-1.5370977035654687
8043,0.00030518279903349777,7.982329640322938,-1.537094055821768
8044,0.00030526081071387197,7.982327612393418,-1.5370903691431732
8045,0.0003051356090891512,7.982325708344581,-1.5370865879176014
8046,0.0003050756564674878,7.98232367115647,-1.537082819669387
8047,0.0003052271083569573,7.9823217487128515,-1.5370791620959539
8048,0.0003054834633569957,7.982319761165345,-1.5370755494509816
8049,0.0003055341545311231,7.982317833263013,-1.537071850443197
8050,0.00030540490360739844,7.982315788436127,-1.5370680573962037
8051,0.00030536998420009956,7.9823148421734675,-1.537066173808947
8052,0.0003054860716274529,7.982312944232841,-1.5370624949056004
8053,0.00030573546524752406,7.982310955533742,-1.5370588777067389
8054,0.0003058172427417509,7.9823090468407925,-1.537055190898111
8055,0.000305703639838219,7.982306953169786,-1.5370514047480435
8056,0.00030565528080433253,7.9823050154949815,-1.5370476513473033
8057,0.0003059046879499308,7.982303011305707,-1.5370440298336538
8058,0.0003060691997738597,7.9823020411886505,-1.5370422377612865
8059,0.00030616076987730485,7.982300208424034,-1.5370385647291225
8060,0.000306080560520753,7.982298223899108,-1.5370348004864172
8061,0.00030605981999923043,7.982296214297158,-1.537031060240293
8062,0.0003060694789776224,7.982295244944615,-1.5370291950604378
8063,0.00030609127028206147,7.982294205956548,-1.5370273396183327
8064,0.000306196162047717,7.982293230956782,-1.537025519602605
8065,0.00030631831989482615,7.982292292173764,-1.5370237079794211
8066,0.00030638693653178525,7.98229136983242,-1.5370218834398568
8067,0.00030649871107569875,7.982289345768288,-1.5370182025616466
8068,0.00030652665876063095,7.982287400040524,-1.5370144996408408
8069,0.000306540705085557,7.982285387541226,-1.537010774700912
8070,0.0003065801293007517,7.982283483477283,-1.5370070674138723
8071,0.0003067130429272726,7.982281504429772,-1.537003398303462
8072,0.00030685520752305395,7.982279527597021,-1.5369997425397097
8073,0.0003069224911548364,7.982276525604604,-1.5369941841999795
8074,0.0003069379841558475,7.98227463644159,-1.5369904625261803
8075,0.00030693240046579713,7.982272605217304,-1.5369867270841369
8076,0.00030711804615955057,7.982269713843379,-1.536981222344697
8077,0.0003072571580779814,7.982267716170663,-1.5369775611617922
8078,0.00030730360345496366,7.98226475794309,-1.536971995528208
8079,0.0003073021055553804,7.982262836705989,-1.5369682658791957
8080,0.00030734340290327846,7.9822608264328005,-1.5369645516780535
8081,0.00030746197555065,7.982258915350195,-1.53696088098565
8082,0.0003075954920455494,7.982256940822955,-1.536957210723711
8083,0.000307638423158714,7.982254950768554,-1.536953509671964
8084,0.0003076890661043695,7.9822529939552105,-1.536949806545695
8085,0.00030773172722798963,7.982251015643614,-1.536946089242536
8086,0.00030772974426996003,7.982249088431315,-1.5369423695238815
8087,0.00030786410849538675,7.982247062012826,-1.5369386966241299
8088,0.00030790804307922304,7.982246136862532,-1.536936857613921
8089,0.00030796027513962563,7.982245158935779,-1.5369350164408415
8090,0.00030803259822752944,7.982243146116614,-1.536931313678877
8091,0.000308054128462587,7.982241257899293,-1.536927597908681
8092,0.0003080781984814635,7.982239193713377,-1.5369238783569916
8093,0.0003081417931966653,7.98223729737199,-1.5369201798597178
8094,0.00030825649758373287,7.9822353129318895,-1.5369165066526553
8095,0.0003084133363570667,7.9822334224945575,-1.5369128503392941
8096,0.00030841390860948887,7.9822313353648555,-1.5369091256455751
8097,0.00030841909731850025,7.982229432844836,-1.5369054008249163
8098,0.0003084436668917877,7.9822283907769425,-1.536903543244827
8099,0.0003084764541617008,7.982227441777719,-1.5369016923764125
8100,0.0003085553361030833,7.982226497518347,-1.5368998663344942
8101,0.0003086413874914284,7.982225550765659,-1.536898042913385
8102,0.0003087334110094746,7.982224505834213,-1.5368962170927492
8103,0.0003087231617767509,7.982223494948356,-1.5368943454223458
8104,0.000308639972144699,7.982222525985334,-1.5368924491223674
8105,0.0003085893578124082,7.982221506338919,-1.536890555044774
8106,0.0003085644015797038,7.9822204408802495,-1.5368886715606713
8107,0.00030872942902176635,7.982218553270323,-1.5368850202232012
8108,0.00030889527961545726,7.98221761535129,-1.5368832270742299
8109,0.0003090728330613331,7.9822156444462475,-1.5368795838025366
8110,0.00030891434150468415,7.982212727691285,-1.5368739243150378
8111,0.00030896503718839274,7.982210727094381,-1.536870210680019
8112,0.00030904299599317486,7.982208727349057,-1.5368665109042734
8113,0.00030914279718774934,7.982206838794843,-1.5368628273798153
8114,0.0003093178942105992,7.982204873585739,-1.5368591778152239
8115,0.0003094914572748221,7.982202912138215,-1.5368555344339636
8116,0.00030948042132746966,7.982200906954784,-1.5368518093020125
8117,0.00030948567256500843,7.9821998899272675,-1.5368499460728324
8118,0.00030951082295150825,7.982198019064286,-1.5368462307495383
8119,0.00030959243775017966,7.982195090535488,-1.5368406742618392
8120,0.00030973851691303727,7.98219310560232,-1.5368370105323113
8121,0.00030987019120225483,7.982190150808047,-1.5368314832185683
8122,0.00030985588531431214,7.982188124601611,-1.536827747218633
8123,0.00030992329621006476,7.982186233460895,-1.5368240527082564
8124,0.00031007647566596544,7.982184210955015,-1.5368203911598728
8125,0.0003101425763689864,7.982182248776281,-1.536816696434367
8126,0.0003101435266357149,7.982180274252142,-1.5368129722777648
8127,0.00031019659367813594,7.982178367973293,-1.5368092712358727
8128,0.00031030878227919674,7.982175372813498,-1.5368037273334052
8129,0.0003104396249130592,7.982173467303758,-1.536800065408736
8130,0.000310541441091483,7.982170422365067,-1.5367945145479767
8131,0.00031052418923268563,7.982168520816634,-1.5367907830045358
8132,0.00031057369444129074,7.982166549919687,-1.5367870744138132
8133,0.00031061476835161895,7.982164629677212,-1.53678336745872
8134,0.00031076046471932675,7.982162572333762,-1.5367797001210777
8135,0.00031086623042392205,7.982160672393826,-1.5367760255288239
8136,0.0003109303512764336,7.982159638226009,-1.536774188254072
8137,0.0003109529355305316,7.982158653494428,-1.5367723383040766
8138,0.00031096992574671244,7.982157715789172,-1.5367704851392054
8139,0.00031099285728987847,7.982155746953346,-1.5367667657828092
8140,0.00031099694976330193,7.982153770248251,-1.5367630358343376
8141,0.0003110871118971607,7.982151836942772,-1.536759347906042
8142,0.0003111799377712884,7.9821498066124335,-1.536755661201942
8143,0.00031128357779804957,7.982147885652484,-1.5367519770890181
8144,0.000311301552413079,7.982146884375778,-1.5367501249296354
8145,0.00031133501920505865,7.982144992554307,-1.5367464132855628
8146,0.0003113867008208454,7.982142950572357,-1.5367427071394755
8147,0.00031144540961884805,7.982141021529606,-1.5367390070543783
8148,0.0003115351789905732,7.982139020365461,-1.5367353160751889
8149,0.0003116581596350932,7.982137133895582,-1.5367316503453505
8150,0.0003117008753604955,7.9821351133354765,-1.5367279382279528
8151,0.0003117120179242415,7.982133170389628,-1.5367242145513842
8152,0.000311878732070677,7.982130172939771,-1.5367186889036304
8153,0.00031199591764475166,7.982127272391859,-1.5367131589035241
8154,0.00031205980486136517,7.982124352522619,-1.536707597849359
8155,0.0003121019926121985,7.982122309196896,-1.5367038815557026
8156,0.00031216667706264825,7.982120417615326,-1.5367001856982474
8157,0.00031227025392955215,7.98211839832083,-1.5366965037547666
8158,0.0003123436615183118,7.982116496163722,-1.5366928128142168
8159,0.00031240349837581934,7.9821144513527935,-1.5366891096842754
8160,0.0003124235652350885,7.982112553674144,-1.53668539048911
8161,0.0003125072805229228,7.982110526159929,-1.5366816985050555
8162,0.00031263769579831577,7.982108642035189,-1.5366780349228224
8163,0.00031270468567518603,7.9821066073991895,-1.536674330669512
8164,0.0003127386128521121,7.982104674782153,-1.5366706265331704
8165,0.00031281996514855335,7.982102669089882,-1.536666930112455
8166,0.00031285711307950213,7.982100789714344,-1.5366632215085951
8167,0.00031290518984213267,7.982098768761621,-1.536659509897926
8168,0.0003129758749113792,7.982096808565219,-1.5366558164975421
8169,0.0003130763209475169,7.982094773261894,-1.5366521307290115
8170,0.0003131462610352275,7.982092915764826,-1.5366484403941039
8171,0.0003132420636569994,7.98209088588368,-1.536644749574764
8172,0.00031325408221908875,7.9820899119322934,-1.5366428941544068
8173,0.00031327864170795327,7.982087973929655,-1.5366391760654798
8174,0.0003133063201598046,7.982086930606923,-1.5366373226186676
8175,0.0003133359205169913,7.982086009804988,-1.5366354748441864
8176,0.00031348828514098825,7.982084093856628,-1.5366318170271527
8177,0.0003135509342552662,7.982083049585941,-1.5366299803508474
8178,0.00031352758889004135,7.982081091697309,-1.5366262474517296
8179,0.00031353405245803853,7.982079056751641,-1.5366225145512993
8180,0.00031355386057830187,7.982078115250211,-1.5366206587432638
8181,0.00031367837936769125,7.982076219417573,-1.5366169846873112
8182,0.000313851628585625,7.9820742087290375,-1.5366133393582402
8183,0.00031394186831959644,7.982072282832913,-1.5366096546830168
8184,0.0003138229196199362,7.98207022512501,-1.5366058674964773
8185,0.00031374461190840944,7.982068297058517,-1.5366020923286934
8186,0.0003138879113051615,7.982066250699839,-1.536598421409242
8187,0.00031418562752163863,7.982064411325547,-1.536594833530743
8188,0.00031428458435594147,7.982062431413649,-1.53659115180966
8189,0.0003141923022122752,7.982060515165047,-1.5365873882678764
8190,0.0003142629550552458,7.982058474984047,-1.5365836896767335
8191,0.0003143680715237979,7.982056531185179,-1.5365800135826053
8192,0.0003144934480809113,7.9820545111300465,-1.5365763404107877
8193,0.00031457574861070347,7.982052649862163,-1.5365726511058972
8194,0.00031458843271664044,7.982050649048275,-1.536568929054445
8195,0.0003146250469266445,7.982048711514113,-1.5365652193288297
8196,0.0003146982616587561,7.982046692150999,-1.5365615241840895
8197,0.00031486192552084556,7.98204478028349,-1.5365578770106936
8198,0.00031495032215272934,7.982042793441221,-1.5365541915430654
8199,0.0003149523867991264,7.982040804721272,-1.5365504661875635
8200,0.0003149767107183747,7.982038871961638,-1.5365467482675121
8201,0.0003150221018353335,7.982036888461884,-1.5365430384984577
8202,0.00031511391274465617,7.982034938995527,-1.5365393505207254
8203,0.00031524790212249677,7.982032936792195,-1.5365356852223593
8204,0.00031533314702275774,7.982031012051701,-1.536532000850595
8205,0.00031535664464279935,7.9820289979565935,-1.5365282803366331
8206,0.0003153519295333827,7.98202808974914,-1.5365264172485715
8207,0.000315372886398886,7.982026077758181,-1.5365226944360224
8208,0.00031539564340012614,7.98202505368072,-1.536520835153315
8209,0.0003154139943085937,7.982024137675317,-1.5365189819454
8210,0.0003155610508981843,7.982022158435195,-1.5365153156281026
8211,0.0003156723279863828,7.982020198585121,-1.536511644995155
8212,0.00031575675423390823,7.982018250370079,-1.5365079549724432
8213,0.00031578760890637117,7.982016266617885,-1.5365042379838185
8214,0.0003157732642581213,7.982014327640379,-1.5365005027506704
8215,0.0003158208375693635,7.982012306303498,-1.5364967941486751
8216,0.00031593561640866634,7.982010391096952,-1.5364931168770455
8217,0.0003160483831309135,7.982008379238616,-1.5364894389550492
8218,0.00031612153141352624,7.9820065014289705,-1.5364857450672325
8219,0.000316221383979897,7.982004472450291,-1.536482063629743
8220,0.00031625599423895537,7.982002561631122,-1.5364783525940386
8221,0.00031630205517629156,7.982000524060282,-1.5364746431018441
8222,0.0003163771085994563,7.981998644467538,-1.536470951760067
8223,0.0003164393385558854,7.981996601291562,-1.536467249207515
8224,0.00031652630867648885,7.981994702594855,-1.5364635637205755
8225,0.00031659648470440887,7.981992640781964,-1.536459865986766
8226,0.00031668043556017507,7.9819907239206085,-1.536456178177628
8227,0.0003167551891797796,7.981988764626742,-1.5364524788329947
8228,0.00031676082746331946,7.981986790836055,-1.5364487544109575
8229,0.0003168280482407529,7.981984859468251,-1.5364450620257555
8230,0.0003170107443464024,7.981982872769723,-1.5364414144235035
8231,0.0003171379518684519,7.981980861953821,-1.5364377438200867
8232,0.0003170679973462107,7.9819789572238244,-1.5364339874028519
8233,0.00031697404264905197,7.981976908137883,-1.5364302045384441
8234,0.00031717444539408764,7.981974048740549,-1.5364247004891634
8235,0.00031742134851929363,7.981972041420328,-1.5364210905614897
8236,0.0003173999669300909,7.981970086737787,-1.5364173536772159
8237,0.00031728180278316854,7.9819680850388774,-1.5364135665673793
8238,0.00031725562852963183,7.981967148916406,-1.5364116924822466
8239,0.00031733627230014764,7.981966166425191,-1.5364098538194102
8240,0.00031745684391945746,7.981965150561336,-1.5364080516773417
8241,0.00031757886342678694,7.981964171149186,-1.5364062511951184
8242,0.00031773089211021785,7.981962291156313,-1.5364025937505077
8243,0.00031774225532978263,7.981961256501706,-1.5364007364905377
8244,0.0003177639126004878,7.98195928287718,-1.5363970101279942
8245,0.00031774978046077726,7.981957313759779,-1.5363932761978059
8246,0.0003178062377389097,7.981955387521394,-1.5363895763180573
8247,0.000317982671384533,7.981953406006231,-1.5363859231974015
8248,0.0003181115131147357,7.981951427870165,-1.5363822605905113
8249,0.0003181127673247894,7.981949503927618,-1.5363785280566544
8250,0.00031798138576057236,7.981947418027692,-1.5363747302746047
8251,0.0003179592494702294,7.981945520124156,-1.5363709892247002
8252,0.00031826119903305216,7.9819435326906385,-1.53636738686308
8253,0.00031849352814257366,7.981941690296929,-1.5363637687398854
8254,0.0003184162739682762,7.981939629332481,-1.5363600107719895
8255,0.0003184091093251248,7.981937710314691,-1.5363562821475978
8256,0.00031846657022598,7.981935661080552,-1.5363525728662164
8257,0.0003185354227738564,7.981933784029992,-1.5363488759827468
8258,0.0003186611661929659,7.981931788374489,-1.5363452020367139
8259,0.00031885659198155835,7.981929903136192,-1.536341565606185
8260,0.0003188935457637024,7.981927839442031,-1.536337857890956
8261,0.00031887416328794314,7.981925936035363,-1.5363341280460094
8262,0.0003189410958697828,7.981923928537553,-1.536330426840938
8263,0.00031909843942336,7.9819220425515045,-1.536326775367676
8264,0.00031916295548116706,7.981919976429696,-1.5363230731255286
8265,0.0003191101924702214,7.981918063499209,-1.5363193241912358
8266,0.00031915212993860595,7.981916055122498,-1.5363156076658053
8267,0.0003192944883604933,7.981914148978645,-1.5363119450832279
8268,0.00031944643331277333,7.98191213082508,-1.5363082840366762
8269,0.00031950786147192604,7.98191024478957,-1.5363045917787106
8270,0.0003195380603201556,7.981909263049576,-1.5363027350016527
8271,0.0003195335695147975,7.981907214739138,-1.536299007536384
8272,0.00031955338769458323,7.981905325513368,-1.5362952874737625
8273,0.0003197000506560158,7.981903286953138,-1.5362916254621708
8274,0.00031977667848140015,7.981902349196151,-1.5362898029410776
8275,0.0003198536373572385,7.981901381039625,-1.5362879714675859
8276,0.0003198554495927418,7.981900328488508,-1.5362861015247187
8277,0.0003197586751725885,7.981899325837354,-1.5362841960479992
8278,0.00031970638280692733,7.981898387269526,-1.5362823052794174
8279,0.00031967549554262316,7.98189742111153,-1.5362804184336054
8280,0.0003197914894471098,7.9818953997407265,-1.5362767336078698
8281,0.00032003211907731944,7.981893545362035,-1.5362731203371278
8282,0.00032016049838618995,7.9818915206026295,-1.5362694467525277
8283,0.00032006142803657164,7.981889593026613,-1.53626567804861
8284,0.0003201177724424495,7.981887564165325,-1.5362619717536907
8285,0.0003202115829381159,7.981886621800585,-1.536260152038944
8286,0.0003203931168149944,7.981884622880432,-1.5362565086057418
8287,0.0003205226157942226,7.981882694308718,-1.5362528426888882
8288,0.00032043914635940794,7.98188074627762,-1.5362490776130409
8289,0.0003203468897085444,7.981878718751832,-1.5362452977388943
8290,0.0003204192440183171,7.9818767944309,-1.5362415992264733
8291,0.00032068870386963225,7.981874799193236,-1.536237987429637
8292,0.0003208542749495539,7.9818729111537365,-1.5362343388970068
8293,0.00032072898953900737,7.981870872006687,-1.5362305569641637
8294,0.0003206835443071556,7.981868961198709,-1.5362268058373778
8295,0.00032089811825786115,7.981866938210449,-1.536223182097812
8296,0.0003211444983575044,7.9818640969922035,-1.5362177049866776
8297,0.0003211955160274931,7.981863059192574,-1.5362158642182517
8298,0.0003209804438255675,7.981860063190499,-1.536210162599176
8299,0.0003210222073769341,7.98185808533538,-1.536206442329687
8300,0.00032131455343234943,7.98185622604531,-1.536202851737881
8301,0.00032154436424882587,7.98185421850654,-1.5361992502340063
8302,0.00032151526114376273,7.981852320637722,-1.5361955086289285
8303,0.00032146303814245585,7.981850259744394,-1.5361917497561526
8304,0.0003214580014681799,7.981848354788682,-1.536188018021497
8305,0.00032165929889437964,7.981846360363234,-1.5361843671912438
8306,0.0003217870885211079,7.981844448850326,-1.5361807013221656
8307,0.00032184525944766297,7.981842465622013,-1.5361770035499038
8308,0.0003218784690657791,7.981840466617937,-1.5361732826011616
8309,0.0003218583390157851,7.981839529318919,-1.5361714180810953
8310,0.0003218979344012217,7.981837493505254,-1.5361676993121953
8311,0.0003219373923600216,7.981836566527987,-1.536165860003837
8312,0.0003220274037971688,7.981835623457465,-1.5361640354882833
8313,0.000322115222906345,7.981834605539626,-1.5361622101755508
8314,0.0003222044854318533,7.98183357561124,-1.536160387240594
8315,0.00032228574841651833,7.981831656130931,-1.5361567023780318
8316,0.000322300451505555,7.981829658366753,-1.536152981912859
8317,0.00032228721121084464,7.981828671884981,-1.5361511138967907
8318,0.0003222751543192106,7.981827732828024,-1.5361492448077343
8319,0.00032231542445573287,7.981825761703222,-1.536145529902167
8320,0.0003224565573646875,7.981823775065147,-1.536141868127182
8321,0.0003225973076363811,7.981821779824262,-1.5361382069086165
8322,0.0003226986258722546,7.981819854984383,-1.5361345256216918
8323,0.0003226512213600372,7.98181793284218,-1.5361307785384328
8324,0.0003226072090254324,7.9818158863834086,-1.5361270218327747
8325,0.000322710649522042,7.981813988539139,-1.53612333975356
8326,0.0003229191188662893,7.9818119604821955,-1.536119704924738
8327,0.0003230567106029771,7.981810069433213,-1.536116048000547
8328,0.00032300919339815195,7.981808032661949,-1.5361122942892487
8329,0.00032290495880124385,7.981806085029577,-1.5361085170345097
8330,0.0003228918160430905,7.981804060257566,-1.5361047689575023
8331,0.0003231160609134592,7.981802176635416,-1.53610113798249
8332,0.0003233862257563749,7.981800227193351,-1.536097533091388
8333,0.0003233550397318794,7.981798286177155,-1.5360938012428282
8334,0.00032332035288896446,7.981796236934374,-1.536090051903914
8335,0.00032337756702864243,7.981794353686119,-1.53608635023964
8336,0.0003234506613426782,7.981793364070385,-1.5360845166477826
8337,0.0003235993224480889,7.981791379054751,-1.5360808597151983
8338,0.00032371637294001924,7.981789439869687,-1.5360771883261546
8339,0.0003237166862455721,7.9817874721630595,-1.5360734620979113
8340,0.00032377324154636816,7.981785515601902,-1.5360697586759962
8341,0.0003239247978225966,7.981783542302755,-1.5360661044809734
8342,0.00032403144746609116,7.9817815829471765,-1.5360624288273221
8343,0.00032404755073973994,7.981779576000241,-1.5360587099831737
8344,0.000324054271865379,7.9817786629693055,-1.5360568525421194
8345,0.00032405038308553594,7.981777670370654,-1.5360549832695929
8346,0.00032406806690260043,7.981776636191229,-1.5360531218847542
8347,0.0003240929453537702,7.981775657198438,-1.5360512686069212
8348,0.00032411829068046714,7.9817747378610875,-1.5360494177903206
8349,0.0003242600923643491,7.9817727305258925,-1.536045752606782
8350,0.0003243822771538319,7.981770821849457,-1.5360420790063039
8351,0.00032431190639913276,7.981769802206093,-1.536040183961723
8352,0.0003241739381111649,7.981767746739462,-1.5360363812879205
8353,0.00032416803168135204,7.981766797615686,-1.5360345147958439
8354,0.0003244566175468243,7.981764822101427,-1.5360309060224222
8355,0.0003247062121960327,7.98176293271844,-1.5360272965873651
8356,0.00032470456623401854,7.981761014768042,-1.5360235807419065
8357,0.0003246761634975186,7.981758949875403,-1.5360198340513938
8358,0.00032472154681773636,7.981757035272525,-1.5360161295273955
8359,0.0003248158561498526,7.981754989121152,-1.5360124387624168
8360,0.0003249083029236681,7.981753114228833,-1.5360087564026077
8361,0.00032500774692646896,7.981751121102813,-1.5360050682766062
8362,0.0003250800483850171,7.981749236506929,-1.536001372788987
8363,0.0003251016520401582,7.981747187680112,-1.5359976552371142
8364,0.00032514370059933865,7.981745288361675,-1.5359939481058995
8365,0.0003252952934552789,7.98174327252196,-1.5359902857545318
8366,0.00032535094989968427,7.981742272899088,-1.5359884512230095
8367,0.00032539639135899755,7.981741338656663,-1.535986609668135
8368,0.0003254226429690917,7.981739361230875,-1.5359828936203805
8369,0.0003254247009993065,7.981737423291171,-1.5359791677069337
8370,0.00032555906354892996,7.981735464305765,-1.535975500664032
8371,0.00032567745250047634,7.981733452727713,-1.5359718253880434
8372,0.00032566231894028,7.9817314645826505,-1.5359680947942311
8373,0.0003256977540940331,7.981729500577334,-1.5359643825883125
8374,0.00032577055969292923,7.981727529214001,-1.5359606791937357
8375,0.0003259024466028884,7.981725663176117,-1.5359570164402796
8376,0.0003259905470358482,7.981723654167892,-1.5359533261848697
8377,0.0003260339464953236,7.98172167922109,-1.5359496207167505
8378,0.00032610756822325443,7.981719676462201,-1.535945923632129
8379,0.00032615860091428275,7.981717788060716,-1.5359422190314225
8380,0.00032624198658328876,7.981715774252985,-1.5359385225075113
8381,0.0003262603097013116,7.981713837344546,-1.5359348058149085
8382,0.0003262726650348134,7.981712885868284,-1.5359329449782326
8383,0.00032629550125283204,7.981711847035368,-1.5359310931645815
8384,0.0003264425693557346,7.981709893809841,-1.5359274315910814
8385,0.00032655741895456353,7.981707930435578,-1.535923752873862
8386,0.0003265979423283228,7.981705955962822,-1.5359200487700984
8387,0.0003266502907943414,7.9817040180742245,-1.5359163394192348
8388,0.0003266796092443478,7.981702017105067,-1.5359126261438703
8389,0.00032675141523520816,7.981700063166437,-1.535908929664372
8390,0.0003268520501970728,7.981698131350258,-1.5359052505415383
8391,0.00032693584432987336,7.981696159207718,-1.5359015595395988
8392,0.0003269919745669134,7.981694162347966,-1.5358978490578854
8393,0.00032700214027551046,7.981692215544694,-1.5358941293834651
8394,0.00032708027186116573,7.981690264728791,-1.535890440556812
8395,0.0003272284135095852,7.981688335815896,-1.5358867777150114
8396,0.0003273122368691446,7.981686303741329,-1.5358830807289017
8397,0.00032734196902714177,7.981684400510265,-1.5358793754239952
8398,0.00032738656583540407,7.981682379579319,-1.5358756650086083
8399,0.0003274497034583134,7.981680464795047,-1.5358719652502413
8400,0.000327542958615423,7.981678483909133,-1.5358682808682698
8401,0.00032759874970844183,7.981676568379866,-1.5358645747923958
8402,0.00032767903009284883,7.981674549914683,-1.535860880520116
8403,0.0003277396144134604,7.981672607927548,-1.5358571826682912
8404,0.0003277880811571019,7.98167154679377,-1.5358553401400978
8405,0.00032788536929143693,7.9816696815796915,-1.535851663303869
8406,0.0003279511178242466,7.981667673990012,-1.5358479570531738
8407,0.00032794991914752503,7.981665745069573,-1.5358442338906637
8408,0.0003279958023452682,7.9816637146604075,-1.5358405193056448
8409,0.00032806684354169934,7.981661828142074,-1.5358368256887833
8410,0.00032824011907433057,7.98165982383697,-1.5358331736560737
8411,0.0003283309921959822,7.9816578629542585,-1.5358294969087471
8412,0.00032834695346929834,7.981655910110778,-1.5358257754049167
8413,0.0003283602770555749,7.981654888042591,-1.535823913358689
8414,0.0003283408605588315,7.981653923658341,-1.535822040523907
8415,0.00032834782777030287,7.981652984878304,-1.535820179140707
8416,0.0003283706819094302,7.981651969233216,-1.5358183196696593
8417,0.00032842960256242794,7.981650937841996,-1.5358164827688334
8418,0.00032855918844247904,7.981649005494678,-1.5358128167596052
8419,0.0003286177962306691,7.981648013693561,-1.5358109781687312
8420,0.0003287418845334987,7.981646056632815,-1.535807312193348
8421,0.0003288140274551348,7.981644127104314,-1.5358036151155101
8422,0.00032879016561892583,7.981642170942149,-1.535799877934412
8423,0.00032890586707772114,7.981640219186152,-1.5357962031336947
8424,0.0003290318589708638,7.9816382083086195,-1.5357925339113025
8425,0.00032906433788481,7.981636283356357,-1.535788825072687
8426,0.00032910787478070754,7.981633357311303,-1.5357832592614447
8427,0.00032927707329614996,7.981630355462128,-1.5357777403922301
8428,0.00032935705833378297,7.981627384083798,-1.5357721832372295
8429,0.0003294061511614342,7.981625498593827,-1.5357684799229505
8430,0.00032944526863868295,7.9816234711829805,-1.5357647607865272
8431,0.00032951294203996265,7.981621571793464,-1.5357610660664738
8432,0.0003296610953924384,7.981619541414819,-1.5357574005421086
8433,0.0003297190377146182,7.981617641433302,-1.5357537098534264
8434,0.0003297741361282983,7.981615617595036,-1.5357500036540752
8435,0.0003297932219767725,7.981613707656593,-1.535746284061455
8436,0.00032987845755635877,7.9816117005067415,-1.5357425920494576
8437,0.00033008632338356824,7.981608768117763,-1.5357370932951968
8438,0.00032997537459553524,7.981606721332352,-1.5357333141744567
8439,0.0003299278500321354,7.981603767795904,-1.5357276818437036
8440,0.00033011069266343637,7.981601896965477,-1.5357240369103733
8441,0.0003304474834598614,7.981598945874004,-1.5357185959892372
8442,0.0003303607948376431,7.981597003374964,-1.5357148349467216
8443,0.0003302827604674161,7.981594944292511,-1.5357110560748533
8444,0.0003303638485523659,7.981593044639169,-1.5357073657827938
8445,0.0003306214828501356,7.981591049395854,-1.5357037484635605
8446,0.00033080325766839114,7.981589142092939,-1.5357001166597075
8447,0.00033076791041764973,7.981586146993413,-1.5356945061742042
8448,0.0003306345145077797,7.981584218559796,-1.5356907134274094
8449,0.00033074925459578876,7.981582177556668,-1.5356870259419755
8450,0.00033102592988248984,7.981580312757611,-1.535683427253604
8451,0.0003311617698345919,7.981579351838386,-1.5356816228727217
8452,0.00033124521518369067,7.981577307452572,-1.5356779443005693
8453,0.00033103879494412395,7.98157537347194,-1.5356741237507863
8454,0.0003310313482577411,7.981574394349268,-1.535672246593996
8455,0.000331102325266679,7.981572415682041,-1.535668544258791
8456,0.00033134634134008835,7.981570526785277,-1.5356649262998905
8457,0.0003315344929734451,7.9815684957928035,-1.5356612859824075
8458,0.00033148670262283126,7.981566580827975,-1.5356575443913025
8459,0.00033141076543611946,7.981564520924464,-1.5356537734247102
8460,0.0003314124990886927,7.981562617825913,-1.5356500466472591
8461,0.0003316323123173061,7.981560652616762,-1.5356464084579167
8462,0.0003318385082488456,7.9815587382790625,-1.535642777898679
8463,0.00033189176183499083,7.9815557355749105,-1.5356372182056242
8464,0.0003318751025103016,7.981553817881917,-1.5356334862227896
8465,0.00033190544423368967,7.981551781868567,-1.5356297622260462
8466,0.00033202950785267475,7.9815499119348345,-1.5356260944724407
8467,0.00033220319519701436,7.981547862241508,-1.53562244413057
8468,0.0003323201631313827,7.981545003470846,-1.535616909569787
8469,0.00033218446158220244,7.981542933690386,-1.5356131112170552
8470,0.00033220282882925705,7.981539991164539,-1.5356075169607195
8471,0.0003325047289140665,7.981538068815305,-1.535603920982301
8472,0.00033271516440909666,7.981535115436032,-1.535598435296515
8473,0.0003326137838467262,7.981533236625449,-1.535594668797976
8474,0.0003326320451958842,7.981532223770078,-1.5355928110183348
8475,0.00033273140603585,7.98153022096565,-1.5355891275275868
8476,0.0003328423110503447,7.981528257158878,-1.5355854497706518
8477,0.0003329332450698713,7.981526347736695,-1.5355817621369219
8478,0.00033295469926599336,7.981524327984791,-1.535578043688181
8479,0.000333022384105044,7.981522439121788,-1.5355743554599792
8480,0.00033318032394591944,7.9815204413250145,-1.5355706955104207
8481,0.0003331434720206197,7.981518467772527,-1.5355669453280087
8482,0.00033303369353422966,7.981515413489416,-1.5355612828734075
8483,0.0003333256755460098,7.981513545607859,-1.535557687223381
8484,0.0003335850821370247,7.98151061538946,-1.5355522153232424
8485,0.000333523743432974,7.981508686501861,-1.5355484708766365
8486,0.00033354275855079215,7.981505686762964,-1.535542884362059
8487,0.00033370986053344226,7.98150270516052,-1.535537360170265
8488,0.0003338149491422828,7.981500857812156,-1.5355336842733063
8489,0.0003338585712050293,7.981498821794269,-1.535529970461887
8490,0.0003339386581985629,7.981496905252742,-1.535526282847243
8491,0.0003340542253110667,7.98149485675507,-1.535522606233868
8492,0.0003341594169295476,7.981492979072031,-1.5355189345134581
8493,0.00033423040519847674,7.981490959413465,-1.5355152321712315
8494,0.00033425823667886773,7.981489054458821,-1.5355115205729568
8495,0.00033425075615984017,7.981487039613084,-1.5355077866999551
8496,0.00033428438151283165,7.981485118452947,-1.5355040769725181
8497,0.0003344500657670413,7.981483099097985,-1.5355004175884697
8498,0.00033464677310587676,7.981480203676063,-1.5354949185824547
8499,0.00033453936252807854,7.981478166200116,-1.535491139814839
8500,0.00033459107255073644,7.981475263723338,-1.5354855592804104
8501,0.00033475391074535405,7.981473330286131,-1.5354819059987266
8502,0.00033488941572545064,7.9814713538026085,-1.5354782393508946
8503,0.00033490801396019284,7.98146845926002,-1.5354726627565949
8504,0.0003350689811536681,7.981466412811453,-1.535469003261022
8505,0.00033520950713245197,7.981464502311765,-1.535465343412616
8506,0.00033526583018351455,7.981462464415432,-1.5354616446988403
8507,0.0003352651865568669,7.981459584157211,-1.5354560572780547
8508,0.00033533214453197475,7.981456671505293,-1.5354504982283044
8509,0.0003354888699805302,7.981454624338318,-1.5354468363097218
8510,0.00033562974298859913,7.981451744314141,-1.5354413147566168
8511,0.0003356299498538982,7.981449731793158,-1.535437584177207
8512,0.00033566001165649206,7.981447855212762,-1.5354338699577024
8513,0.00033569284534488086,7.9814458156649675,-1.535430150246408
8514,0.00033582241076108736,7.9814439002112465,-1.5354264854855053
8515,0.0003359399221240487,7.981441846284888,-1.5354228085708468
8516,0.00033605675903040623,7.981438974715285,-1.5354172709126033
8517,0.0003360987325883387,7.98143605007344,-1.535411696616889
8518,0.0003361712378959493,7.981433038082789,-1.535406132531739
8519,0.00033631808676621677,7.981430079318423,-1.5354006078906473
8520,0.00033639478705468104,7.9814281959280535,-1.5353969196468653
8521,0.00033649107894769594,7.981426174057472,-1.5353932310663527
8522,0.0003365546503230276,7.981423293852769,-1.5353876716235904
8523,0.0003366483717709279,7.981420345526018,-1.5353821228274
8524,0.00033671854984999665,7.9814183219135275,-1.5353784212047106
8525,0.0003367959669776149,7.981416443541698,-1.5353747316253523
8526,0.0003368863848970267,7.981414399255851,-1.5353710429384344
8527,0.00033696855674268086,7.981412501064631,-1.535367355988338
8528,0.0003369909271746608,7.981411501733655,-1.5353654994231274
8529,0.0003370199495006617,7.981410485766459,-1.5353636411188396
8530,0.00033704546760389,7.981408572207593,-1.5353599286243216
8531,0.0003371899339846655,7.981406578354443,-1.535356262783619
8532,0.0003372878558149702,7.981404625678806,-1.535352583648777
8533,0.0003373252819627391,7.981402647378996,-1.5353488752259872
8534,0.00033738291255511335,7.981400696795492,-1.5353451758983871
8535,0.00033742782769193534,7.981398758328728,-1.5353414634690474
8536,0.0003375559221701713,7.9813958128079125,-1.53533592924421
8537,0.0003376232970686696,7.981393730660697,-1.5353322312073314
8538,0.0003377083716392169,7.981391842890647,-1.5353285453347254
8539,0.00033780495336949536,7.981389867568604,-1.5353248583504946
8540,0.0003378358094435729,7.9813879929927785,-1.5353211468597614
8541,0.00033785452791414654,7.981385946283078,-1.5353174179305586
8542,0.0003380153397057051,7.981383028353459,-1.5353119020578687
8543,0.0003381297362833173,7.981380992535468,-1.535308232647382
8544,0.0003382961877141242,7.981378054216858,-1.5353027205150518
8545,0.0003383098638973258,7.981376174370718,-1.5352990003900653
8546,0.0003382505499105913,7.981373158094004,-1.5352933739832257
8547,0.00033834931607222666,7.9813712231271055,-1.5352896890989725
8548,0.00033847550779733497,7.981369164978743,-1.535286012394426
8549,0.000338666844162889,7.981366283452082,-1.5352805089297301
8550,0.0003386657426345326,7.981363431751181,-1.5352749241441963
8551,0.00033886069699291414,7.981360463383037,-1.5352694217551535
8552,0.00033893477804450197,7.981358462879195,-1.535265723490568
8553,0.0003389292840440146,7.981356496559831,-1.5352619958326184
8554,0.00033908936743078897,7.981353540346367,-1.535256473582367
8555,0.0003392578789904496,7.981350649087045,-1.535250964727227
8556,0.00033917702514964297,7.981348606685994,-1.5352471944240111
8557,0.0003391814337019261,7.981345703917583,-1.5352415929012768
8558,0.00033951242301803015,7.981342777428843,-1.5352361568551074
8559,0.00033965415863831066,7.981340810011172,-1.5352324960353871
8560,0.0003395710002977674,7.98133879636451,-1.5352287315339292
8561,0.0003395780998811644,7.981334862018999,-1.5352212655667017
8562,0.0003398793643711576,7.981331916457668,-1.5352158103257718
8563,0.00034001811854271496,7.9813300147991235,-1.535212150250147
8564,0.00033994881846644904,7.981328052898028,-1.5352083907061962
8565,0.00033985800190512857,7.981326053902351,-1.5352046141835824
8566,0.000339887837075016,7.981325094797573,-1.535202766570248
8567,0.00033997758437466177,7.9813241240853845,-1.5352009384601857
8568,0.0003402305748421575,7.981322105075667,-1.5351973244061554
8569,0.00034038881137619394,7.9813201974290715,-1.535193671883965
8570,0.0003402542961640733,7.981318181831007,-1.5351898865646099
8571,0.0003402008040697403,7.981316251064305,-1.5351861293481672
8572,0.0003404030680103054,7.981314270343883,-1.5351824801800888
8573,0.0003405743961323468,7.981312398509666,-1.5351788403359297
8574,0.00034066420390958146,7.98130941844822,-1.5351732870004158
8575,0.00034048655796871526,7.981307362697366,-1.5351694716418862
8576,0.00034052355750584614,7.981305402947604,-1.535165751489189
8577,0.0003408513727926225,7.9813035338221106,-1.5351621691924842
8578,0.0003410885813469288,7.981301570604654,-1.5351585511089578
8579,0.0003410035421684401,7.981299644086059,-1.5351547961803662
8580,0.0003410758306507919,7.981296671185104,-1.5351492423252602
8581,0.0003411957809092096,7.981294619530088,-1.5351455672389775
8582,0.0003413109233316302,7.981292757629961,-1.535141894882675
8583,0.0003413578604566381,7.981290734976165,-1.5351381912236846
8584,0.0003413793471474089,7.981288809491867,-1.5351344678832146
8585,0.00034137045119058453,7.981286799986174,-1.5351307339532139
8586,0.0003414926707306359,7.981284860838612,-1.5351270580912388
8587,0.0003415258632678596,7.981283919415583,-1.5351252151356907
8588,0.0003416417399328697,7.98128190042404,-1.5351215371778462
8589,0.0003417141942731423,7.981280037733583,-1.535117845137823
8590,0.00034179740030412234,7.9812779839421015,-1.5351141516835485
8591,0.0003418293123550767,7.981277013771152,-1.535112299253224
8592,0.0003418473155860217,7.981275042218721,-1.5351085845168408
8593,0.0003419138639261277,7.981273135903838,-1.5351048887753662
8594,0.0003419917926139893,7.981271139301022,-1.5351011939345172
8595,0.00034207095642852317,7.981269213097798,-1.5350975032986993
8596,0.00034215599473450307,7.981267197164141,-1.53509381323504
8597,0.0003422395249842097,7.981265252189553,-1.5350901262126841
8598,0.0003423571757903734,7.98126228019819,-1.535084575899499
8599,0.00034237828620091497,7.981260396017235,-1.5350808658985708
8600,0.00034243391136188316,7.981258327996353,-1.5350771566455828
8601,0.00034245830492655137,7.9812573967667575,-1.5350753072665588
8602,0.0003425380068042367,7.981255410591185,-1.5350716140668077
8603,0.00034271141064549834,7.981253498649626,-1.5350679679068142
8604,0.0003427196244081277,7.981251487167686,-1.5350642378840496
8605,0.000342576611815685,7.981249502643285,-1.5350604378601989
8606,0.0003425995425578124,7.981247487929507,-1.535056705021968
8607,0.0003429021917568955,7.981245581528848,-1.5350531039428024
8608,0.0003430762934997196,7.981243694843683,-1.535049466614144
8609,0.0003431123857792726,7.981242659885038,-1.5350476174309202
8610,0.0003431158862934874,7.981240718764195,-1.5350439017682302
8611,0.0003431133405690292,7.981238711195994,-1.5350401664355056
8612,0.00034314368562764723,7.981236812589663,-1.535036451577702
8613,0.0003433010444719063,7.981234806285854,-1.5350327919158018
8614,0.0003435147583619917,7.9812319080519964,-1.5350273081926584
8615,0.00034354555547613536,7.981229882158413,-1.5350235896990891
8616,0.00034340229679404374,7.9812279566522735,-1.5350197921930497
8617,0.0003434400916747442,7.981225901981712,-1.5350160714121461
8618,0.00034357031000232076,7.981224928519752,-1.5350142606087769
8619,0.0003438786190865079,7.98122207283336,-1.5350088090424228
8620,0.00034377943661859057,7.981220115539788,-1.5350050448681765
8621,0.0003437816666742711,7.981218118441432,-1.5350013117107337
8622,0.000344041107157654,7.98121522212383,-1.5349958399101746
8623,0.0003442325528384433,7.981212263817241,-1.5349903403902465
8624,0.00034424493255231706,7.981209290665244,-1.5349847558341307
8625,0.00034422717124675707,7.9812073999890645,-1.5349810196952383
8626,0.00034431128987007703,7.981205362250773,-1.5349773223044965
8627,0.0003444528054016669,7.981203442176418,-1.5349736631027189
8628,0.0003446051010647542,7.981201421697597,-1.5349700065200345
8629,0.00034463332558984036,7.981198544048389,-1.5349644325514094
8630,0.0003445966223274603,7.981196496782237,-1.5349606762537953
8631,0.0003446304982283391,7.981194603347449,-1.5349569658019784
8632,0.00034494505665953626,7.981191654622148,-1.5349515168066399
8633,0.0003450639736111049,7.981189698286712,-1.5349478450488871
8634,0.0003448952913953644,7.981186711711009,-1.534942170807877
8635,0.0003448433772719245,7.981184724795626,-1.5349384071438816
8636,0.00034516840008186323,7.98118279956464,-1.534934822377889
8637,0.0003454339620282454,7.9811798300790535,-1.5349293599791005
8638,0.00034534917628384863,7.981177938331144,-1.5349256031929135
8639,0.00034534020400507886,7.981176907595014,-1.5349237308375763
8640,0.00034543393188943543,7.981174970127384,-1.5349200455347398
8641,0.000345567003819589,7.981172992230697,-1.534916377626527
8642,0.0003456670359541878,7.981171039082493,-1.5349126911641622
8643,0.0003457073444605509,7.9811690878567,-1.5349089883669544
8644,0.0003457522835725315,7.9811671133708355,-1.5349052786439181
8645,0.00034582043719785853,7.98116514691521,-1.5349015822993188
8646,0.0003459069413834186,7.981163225110235,-1.5348978927779127
8647,0.000345971094352805,7.981161244756436,-1.5348941934238363
8648,0.0003460358933307035,7.981159269457504,-1.534890496283668
8649,0.00034609604837078546,7.981156288525785,-1.5348849244531977
8650,0.0003462348625264601,7.981154407623827,-1.534881262619366
8651,0.00034636730551002503,7.981151385071002,-1.5348757266474413
8652,0.00034639719407842393,7.981149476053493,-1.5348720210056328
8653,0.00034647700915841246,7.981147503010803,-1.5348683304346433
8654,0.0003465237745899667,7.981145595336394,-1.5348646193630442
8655,0.0003465779897977177,7.981143553147984,-1.5348609122772336
8656,0.0003466986368611703,7.981140561389646,-1.5348553743459121
8657,0.0003467983140491791,7.981138705070855,-1.5348516969463895
8658,0.0003469217133585184,7.981135732409076,-1.5348461589907703
8659,0.0003469566697387252,7.981133803269562,-1.5348424451147662
8660,0.0003469990411553779,7.981131771153272,-1.534838735346052
8661,0.0003471035164171182,7.981129870722104,-1.5348350562728728
8662,0.00034724663313346195,7.981127873972503,-1.5348313954723993
8663,0.0003472326742148807,7.9811248859411865,-1.5348257947188124
8664,0.000347258508208396,7.981122979043947,-1.5348220767659582
8665,0.00034738513453896907,7.981120998039181,-1.5348184000814635
8666,0.0003476097928655934,7.981118087850732,-1.5348129182242938
8667,0.0003476455016937928,7.98111605415556,-1.5348092014440524
8668,0.0003475060625118945,7.98111412106432,-1.5348054054392735
8669,0.0003475392620778816,7.98111110947016,-1.534799808490963
8670,0.0003478243734624378,7.981109258426212,-1.534796214864002
8671,0.00034805054895608304,7.981107259039475,-1.5347926110548813
8672,0.00034802029180251384,7.98110536889077,-1.534788867950675
8673,0.0003480035708579854,7.981103293172127,-1.5347851243769943
8674,0.00034804095778063896,7.9811013970734415,-1.534781409105049
8675,0.00034814441925215165,7.981099389720351,-1.5347777221812908
8676,0.00034829218558443973,7.981097514066915,-1.534774063247414
8677,0.00034838779759132634,7.9810954700351635,-1.5347703713775143
8678,0.0003483588806038074,7.981093568642705,-1.534766635258881
8679,0.00034841865418307807,7.981091539819884,-1.5347629291113707
8680,0.0003485744377402353,7.981089638321314,-1.5347592739720508
8681,0.00034873657228231295,7.981087614524321,-1.5347556222455971
8682,0.0003488115993518256,7.981085719672201,-1.5347519322401568
8683,0.0003486807585972106,7.981083699020772,-1.5347481388149746
8684,0.0003486126173422583,7.981081735981971,-1.5347443730397656
8685,0.0003488199564076405,7.981079780494258,-1.5347407272077036
8686,0.00034904798294226714,7.981077830276452,-1.5347371093732554
8687,0.0003492000080192392,7.981074851598309,-1.5347315896861948
8688,0.00034902548245831254,7.981072924275816,-1.5347277823708705
8689,0.0003489691239549689,7.981070867080562,-1.5347240150893011
8690,0.0003493416647070512,7.981068065363022,-1.5347185875767104
8691,0.0003495073673552761,7.981066061265926,-1.5347149345656452
8692,0.000349496213311638,7.981064104717985,-1.5347112049170093
8693,0.00034946555990360344,7.981062091877684,-1.5347074648186136
8694,0.0003495692651957207,7.981059211581575,-1.53470191469276
8695,0.00034970422230523265,7.981057194922873,-1.5346982423528044
8696,0.0003498359365191399,7.981054307706935,-1.5346927092615368
8697,0.000349896664291071,7.981051377715606,-1.5346871533343573
8698,0.0003501146289249914,7.98104843714046,-1.5346816629789393
8699,0.0003501682228001953,7.9810454174752605,-1.5346760920918296
8700,0.0003501836929201166,7.981043555364881,-1.534672378329589
8701,0.0003504121484291042,7.981040559158509,-1.534666884314968
8702,0.00035045676772342587,7.981038632744144,-1.5346631817853669
8703,0.00035048569795098205,7.981036622565195,-1.5346594662448294
8704,0.00035053898123789076,7.98103472646664,-1.5346557624583352
8705,0.0003505979261092974,7.98103269795537,-1.534652058288298
8706,0.000350800267901998,7.981029767090854,-1.5346465625006263
8707,0.00035089103649664505,7.981027790245055,-1.5346428723113132
8708,0.00035087276191428466,7.981025853058765,-1.5346391405917772
8709,0.00035096092814676847,7.981023878325636,-1.5346354522833159
8710,0.000351110732171636,7.981021937811717,-1.534631792399711
8711,0.0003511671685895409,7.981018966997477,-1.5346262368080128
8712,0.00035121061682003577,7.981016981834922,-1.5346225217236895
8713,0.0003512266358960891,7.981015068014969,-1.5346188018254174
8714,0.00035132757279657446,7.981013074165154,-1.5346151170089872
8715,0.0003514189418183634,7.981012065204027,-1.534613290002621
8716,0.0003514687545797114,7.981011118622028,-1.5346114582642891
8717,0.0003515540656657124,7.981009160739432,-1.5346077709086956
8718,0.0003515574464283531,7.981007155829613,-1.5346040431583987
8719,0.00035158020067570386,7.981005246529528,-1.5346003289538424
8720,0.0003517527963141918,7.981003274661059,-1.53459667657502
8721,0.0003517727594128158,7.981001303865318,-1.5345929555539606
8722,0.00035165369390097146,7.980999269554845,-1.5345891654002477
8723,0.0003517658807138659,7.980997310824773,-1.5345854836019848
8724,0.0003520756673124945,7.9809953601382695,-1.5345818875698085
8725,0.0003521495156949963,7.9809935089314985,-1.5345782023168353
8726,0.0003520913697771924,7.980991516355141,-1.53457444939575
8727,0.0003521086845507452,7.980989529722978,-1.5345707288177213
8728,0.00035219972909863816,7.980987546901926,-1.5345670373493292
8729,0.00035233587659423937,7.980985602369084,-1.5345633723412415
8730,0.0003524618638029335,7.980983636978976,-1.5345596980809604
8731,0.0003525100865628107,7.980981705958479,-1.5345559979700358
8732,0.0003525549798034122,7.98097870305557,-1.5345504205719391
8733,0.0003526221490116622,7.980976809326509,-1.5345467261429044
8734,0.0003527893752948259,7.980973860694556,-1.5345412045607472
8735,0.00035286253134363886,7.980971888400972,-1.5345375095242217
8736,0.00035288391686560613,7.980969903269149,-1.5345337934264163
8737,0.0003529229894503529,7.980967951928333,-1.534530079205532
8738,0.000353076966913748,7.980965979080308,-1.5345264169259003
8739,0.00035318194678469567,7.980964058232415,-1.5345227400980717
8740,0.0003532279646049888,7.980962034351906,-1.5345190367477253
8741,0.00035327985994645293,7.9809601344051195,-1.5345153349968166
8742,0.0003532969556330747,7.980959115246808,-1.5345134767000468
8743,0.00035339606983555825,7.980956205804242,-1.5345079276315645
8744,0.0003534638861159779,7.980954207867561,-1.5345042271806923
8745,0.00035354287860209986,7.980952282593392,-1.5345005348715672
8746,0.00035366104322913415,7.980949362190786,-1.5344949981617095
8747,0.0003537562106268915,7.9809473182703865,-1.534491310860454
8748,0.0003538232529697999,7.980945416496331,-1.5344876122852624
8749,0.0003538509534367175,7.980943395605786,-1.5344838962740932
8750,0.00035405041435298455,7.980940537135706,-1.5344784011786248
8751,0.0003540879263131905,7.9809375141093915,-1.5344728241560064
8752,0.00035400839955073023,7.9809354711518905,-1.5344690514533705
8753,0.0003540075765424302,7.980933594023854,-1.53446531982439
8754,0.00035411611165499945,7.980932617401517,-1.5344634937272754
8755,0.00035438838890863253,7.980930655820569,-1.5344598893874606
8756,0.00035449108026933303,7.98092875264838,-1.5344562139099565
8757,0.0003544329307402893,7.980926738463743,-1.534452460277843
8758,0.00035446944278653156,7.9809247995259724,-1.5344487457914056
8759,0.0003546115470318808,7.980922798826897,-1.5344450820307052
8760,0.0003548075404311512,7.980919849834225,-1.5344395809781546
8761,0.0003548638660189507,7.980917973581918,-1.5344358867424297
8762,0.0003549107238302078,7.980914051331829,-1.5344284493885494
8763,0.00035508297361419784,7.980911023027965,-1.534422933233584
8764,0.0003551827391579996,7.980908126966673,-1.5344173862837605
8765,0.00035522136305489113,7.980906166323616,-1.5344136797982022
8766,0.0003553357677126614,7.9809031817052185,-1.5344081355462738
8767,0.00035540731503866515,7.980901296857181,-1.5344044405759933
8768,0.000355533180290925,7.980898300825292,-1.5343989086128347
8769,0.0003556281065626553,7.980896295498712,-1.5343952207085914
8770,0.00035569739416489986,7.9808944000500555,-1.5343915195568785
8771,0.00035576483444349716,7.980891409394914,-1.5343859527867507
8772,0.00035580008139195863,7.980889496987962,-1.5343822460106864
8773,0.0003559361599198473,7.980886581144202,-1.5343767194690925
8774,0.00035614601458065206,7.980883564748308,-1.5343712177932416
8775,0.00035617345233129313,7.980881644591901,-1.5343675074413892
8776,0.0003561957603280971,7.980879617865998,-1.5343637844601723
8777,0.00035628287514726697,7.980877751355377,-1.5343600975143383
8778,0.00035643984993745473,7.98087572449229,-1.5343564393546232
8779,0.00035648790437251124,7.9808737966289405,-1.5343527369627605
8780,0.0003563978539124301,7.980871806672952,-1.53434895698017
8781,0.0003564464820461523,7.980868863523263,-1.5343433779799855
8782,0.00035669123228273603,7.980866861349085,-1.534339758544669
8783,0.0003569060293718122,7.980864000199139,-1.53433427799753
8784,0.0003567712882159433,7.980861950561763,-1.5343304838217664
8785,0.0003566800324912533,7.980860022347684,-1.5343267087747559
8786,0.0003570552963325582,7.980857060277033,-1.5343212683544785
8787,0.00035720279056709485,7.980855192363729,-1.5343176140189405
8788,0.00035710171019678573,7.980853165799366,-1.5343138433417496
8789,0.00035712740689304996,7.980851239694333,-1.5343101274232502
8790,0.00035731587157702396,7.980849196119927,-1.5343064807851776
8791,0.00035747799568956273,7.980847289913635,-1.5343028337273101
8792,0.0003575989323082491,7.980845312455175,-1.5342991585211248
8793,0.0003575626873564933,7.980843421118748,-1.5342954195392717
8794,0.0003575211168200259,7.9808413918831045,-1.5342916711291632
8795,0.0003576392845044778,7.980839461877142,-1.5342879966749363
8796,0.0003577772710615577,7.980837412411699,-1.5342843281000131
8797,0.000357907617976206,7.980835561587848,-1.534280667287532
8798,0.00035796417486942716,7.980833534771663,-1.5342769597489394
8799,0.00035794972058852937,7.980831664834602,-1.534273229781867
8800,0.00035798665381283566,7.980829607449181,-1.5342695131069597
8801,0.00035803244676360716,7.980827710486013,-1.534265810016819
8802,0.0003581867310752661,7.980825658492235,-1.5342621433542316
8803,0.000358302524479662,7.980823774140301,-1.534258473155814
8804,0.00035841612859034596,7.980821771689999,-1.5342547947900362
8805,0.00035839911174773647,7.98081988403778,-1.5342510627180204
8806,0.0003584734242682766,7.980817852440592,-1.534247363750739
8807,0.00035868297291635054,7.980814905548146,-1.5342418685277084
8808,0.0003587421815854479,7.980812919761342,-1.5342381687821645
8809,0.00035873899945097,7.980811008605001,-1.5342344438028948
8810,0.00035880758371093033,7.9808090379032475,-1.5342307399642598
8811,0.00035883747641125683,7.980807109245512,-1.5342270349871538
8812,0.00035899439017159334,7.980805081069901,-1.5342233736030941
8813,0.0003591073089756868,7.98080317637785,-1.534219697722451
8814,0.0003591450983810807,7.980801144992228,-1.5342159866371847
8815,0.0003591357535507708,7.980799283877565,-1.534212257891009
8816,0.00035926921329036953,7.980797257372043,-1.534208588681097
8817,0.0003593576226676646,7.980795350895421,-1.5342048987752666
8818,0.0003591733238291841,7.9807922893368195,-1.5341992166837475
8819,0.0003593933723777092,7.980790320064042,-1.534195580481269
8820,0.000359729761406436,7.980788398918576,-1.5341920027525147
8821,0.0003596894409463842,7.9807865461662155,-1.5341882636458473
8822,0.00035957060300013976,7.980784525074497,-1.5341844768076303
8823,0.00035966100981396415,7.980782597045999,-1.5341807875131117
8824,0.0003597873000941972,7.980780567603092,-1.534177112334014
8825,0.00035991362630856963,7.980778667040484,-1.5341734430734977
8826,0.0003600320874488729,7.98077666873808,-1.5341697710670537
8827,0.0003600987350116907,7.980774749601564,-1.5341660746766337
8828,0.00036010756242259767,7.98077370163438,-1.5341642144651868
8829,0.0003601594809072668,7.980771787531923,-1.534160512177032
8830,0.000360199099112486,7.980770799722345,-1.5341586626992063
8831,0.00036024665967442505,7.980769803231577,-1.5341568192526456
8832,0.0003603255040609811,7.980767913488016,-1.5341531313959436
8833,0.0003603711978406509,7.980765871164692,-1.5341494161476121
8834,0.000360446399210305,7.980763923746206,-1.5341457258446474
8835,0.000360553778991793,7.980761901054395,-1.534142042119896
8836,0.0003606043544066798,7.980761003388436,-1.5341402062168303
8837,0.0003606350292808118,7.980759029279519,-1.5341364876349282
8838,0.00036067858148167815,7.980757100828044,-1.5341327790703716
8839,0.0003609329056775921,7.980754081628277,-1.5341273039488075
8840,0.00036082610818905235,7.980751121531352,-1.5341216544323093
8841,0.0003608215947713527,7.98074820562392,-1.534116049913815
8842,0.00036109909092585493,7.9807462202837485,-1.534112438555275
8843,0.0003613078596236494,7.980744356271548,-1.5341088158180964
8844,0.00036137342272985997,7.980742312170681,-1.5341051229091314
8845,0.0003613696778233192,7.9807403701013016,-1.53410139716937
8846,0.00036132661099858113,7.980738378013063,-1.534097646901366
8847,0.0003614889923696213,7.980735502401545,-1.5340921279521031
8848,0.0003616955511971541,7.980732579581551,-1.5340866317369148
8849,0.00036170681961279305,7.9807295889194325,-1.534081044641127
8850,0.00036180474035019144,7.980727699402968,-1.5340773634471085
8851,0.00036200076607040065,7.980724694346901,-1.5340718675835654
8852,0.00036203416396345903,7.98072271721404,-1.5340681537781236
8853,0.000362059276146395,7.98072079030996,-1.5340644345521215
8854,0.0003621190719847726,7.980717793767329,-1.5340588612844628
8855,0.000362263895831339,7.980715908783271,-1.5340552029868209
8856,0.0003623898783449037,7.980713874123182,-1.534051533218874
8857,0.00036243876746504765,7.980711964780816,-1.5340478348193547
8858,0.0003625003858587724,7.98070993097501,-1.5340441327118617
8859,0.0003625346163691296,7.980707074048338,-1.5340385549376108
8860,0.00036259875542604637,7.980705074174718,-1.5340348549281781
8861,0.0003627639584364327,7.9807031529921195,-1.534031203065719
8862,0.00036287650365059994,7.98070013330526,-1.5340256617984294
8863,0.000362844277090453,7.980698211221189,-1.5340219198689482
8864,0.00036302114901216534,7.980695341496942,-1.5340164118671376
8865,0.00036307633309057134,7.980693284320523,-1.534012702489491
8866,0.00036307378742540797,7.980691361441099,-1.5340089771138052
8867,0.0003631326650156983,7.980689348123606,-1.5340052663481984
8868,0.0003632175662866531,7.9806883970554034,-1.534003441730591
8869,0.00036330223105857963,7.980687464824538,-1.5340016198729658
8870,0.00036345981132448796,7.980685424951704,-1.5339979634209862
8871,0.00036351555272419396,7.980683524266093,-1.5339942699990936
8872,0.00036351546389054183,7.980681535334112,-1.5339905386276262
8873,0.0003635006083235686,7.980679581512336,-1.533986800356719
8874,0.00036359442041086835,7.980677620686514,-1.5339831101954102
8875,0.000363747352636472,7.9806756350902015,-1.5339794549421002
8876,0.0003639020063573573,7.9806736458004055,-1.5339757963943474
8877,0.00036396930703559574,7.980671727333148,-1.5339721027671647
8878,0.00036390478142439065,7.980669803775402,-1.5339683448204724
8879,0.00036396787571940577,7.980666788321768,-1.5339627738871175
8880,0.00036418269898400436,7.980664857797867,-1.5339591747796135
8881,0.00036433918724245487,7.980662877072596,-1.5339555073980495
8882,0.00036430026093642483,7.980659991923173,-1.5339498967297849
8883,0.0003643300157856292,7.980658001729696,-1.533946179257941
8884,0.0003644775690728495,7.980656049639554,-1.5339425134769886
8885,0.0003646140686968816,7.980654048778116,-1.5339388482667111
8886,0.00036465451946377577,7.980652132953624,-1.5339351424840364
8887,0.0003646808320258508,7.980650133131894,-1.5339314244482145
8888,0.00036473256924617043,7.980648247109851,-1.5339277192454874
8889,0.00036487148147181376,7.980645270962889,-1.5339221902861901
8890,0.00036500438165955394,7.980643288180443,-1.533918519097264
8891,0.0003650285142344187,7.980640365868994,-1.533912945272282
8892,0.00036516541358046776,7.9806373765553635,-1.5339074043252217
8893,0.0003652499481447523,7.980635480179469,-1.5339037169333265
8894,0.00036530164778890526,7.980632518808714,-1.533898151764718
8895,0.0003654272880565035,7.980630559249144,-1.5338944813887663
8896,0.00036553264751301603,7.9806285662875,-1.5338908012814234
8897,0.00036555171698886664,7.980625586455519,-1.5338852168001884
8898,0.000365627592215689,7.980623675192232,-1.5338815245209654
8899,0.0003657324181489959,7.980621696955282,-1.533877841163316
8900,0.00036584848887873063,7.980618823269865,-1.5338723041726738
8901,0.00036593424735886467,7.980616772747548,-1.5338686114325866
8902,0.0003659885995475028,7.980613835236836,-1.533863044276714
8903,0.00036605828431503614,7.980611931762692,-1.53385934899687
8904,0.00036631515667917975,7.980608937539175,-1.5338538757450726
8905,0.0003663203976712948,7.980606998723504,-1.5338501584849114
8906,0.00036631268473708164,7.980605982245606,-1.5338482876460957
8907,0.000366333361194124,7.980604044100753,-1.5338445678632646
8908,0.00036645370454383043,7.980602118023975,-1.5338408904550171
8909,0.00036661309461567804,7.980600143039657,-1.5338372354578587
8910,0.00036667058517683064,7.980598208565177,-1.53383353300894
8911,0.0003666209652302714,7.9805961316255605,-1.5338297821580922
8912,0.0003666136901589303,7.980594231725924,-1.5338260454845545
8913,0.00036668742900603033,7.980592222188935,-1.5338223418995378
8914,0.000366925624323829,7.980590368204817,-1.5338187249160464
8915,0.00036699255450408394,7.980587361878578,-1.5338131605040342
8916,0.0003669328191223083,7.980584363438719,-1.5338075308444232
8917,0.0003672491228581961,7.980581487307514,-1.5338020814133244
8918,0.000367443251597352,7.980578610431842,-1.5337965920848422
8919,0.0003673560907624382,7.980576533298916,-1.5337928143612256
8920,0.0003672633903152688,7.980573588313499,-1.533787169251794
8921,0.00036758467468102124,7.980571629513409,-1.5337835799726018
8922,0.0003678411583461514,7.980569815966595,-1.533779975852328
8923,0.00036776507222576626,7.980567760715571,-1.5337762193792235
8924,0.00036764773622780547,7.980565807444048,-1.5337724367331385
8925,0.00036761056674242825,7.980563744439308,-1.5337686745478125
8926,0.000368104114327771,7.980560928189925,-1.533763309195729
8927,0.0003681609688718259,7.980558928260916,-1.533759608581248
8928,0.00036800635824973043,7.980555990854307,-1.533753950746155
8929,0.00036820693408813984,7.9805540208463706,-1.5337503259499368
8930,0.00036838736376753955,7.980552115218673,-1.5337466848033958
8931,0.0003684607272473459,7.9805491347965845,-1.5337411136341006
8932,0.00036843562032880993,7.980547193683075,-1.5337373750620729
8933,0.0003685575212598385,7.980545185573873,-1.5337336932892336
8934,0.0003686383267823061,7.980543272448317,-1.5337300072954676
8935,0.00036874080451248137,7.980541310137475,-1.5337263230977394
8936,0.00036881664727228167,7.980539380496759,-1.533722630751577
8937,0.0003688825754995689,7.980537341657551,-1.5337189242482456
8938,0.0003689032358776484,7.980535432297244,-1.5337152118406823
8939,0.0003689788291122779,7.980533459357138,-1.5337115165057502
8940,0.00036914117039388435,7.980531573604257,-1.5337078652288183
8941,0.00036920271879149486,7.980529512642983,-1.5337041614054943
8942,0.0003691688581247335,7.98052753900226,-1.5337004207181462
8943,0.0003691845319414626,7.9805264794923785,-1.533698558630446
8944,0.00036920435973056954,7.980525543116569,-1.533696703139512
8945,0.0003692331422596282,7.980524609553653,-1.533694847698576
8946,0.00036932538790656764,7.980522649168358,-1.5336911516879064
8947,0.00036951670049958495,7.980520787461619,-1.5336875135820611
8948,0.0003695896102429295,7.980519764714977,-1.533685682654268
8949,0.00036962896675857087,7.980517771361486,-1.5336819772293193
8950,0.000369681951855183,7.980515776791669,-1.5336782725326126
8951,0.0003697294100269519,7.980513881148017,-1.5336745677398786
8952,0.00036987198429001855,7.980510902114673,-1.533669037140864
8953,0.0003700230921032715,7.980509003950987,-1.5336653860423588
8954,0.00037010755406971567,7.980506944480897,-1.5336616927890143
8955,0.0003700950254749017,7.980505037435672,-1.533657967564731
8956,0.00037014015370576586,7.980503040253457,-1.5336542559536834
8957,0.0003702562197904323,7.980501149835682,-1.5336505858011613
8958,0.00037035217413948333,7.980499105337995,-1.5336468971216712
8959,0.00037038970771294515,7.9804971948691135,-1.5336431900955356
8960,0.0003704562631832305,7.980495164761541,-1.5336394862992202
8961,0.00037050373927952567,7.9804933131029685,-1.5336357828328833
8962,0.0003706430985805986,7.980490301008571,-1.5336302423715844
8963,0.0003706981351921064,7.980488326113864,-1.5336265463937608
8964,0.00037079288072096447,7.980486370831188,-1.533622864324807
8965,0.00037090816156654024,7.980484411469875,-1.5336191829076549
8966,0.00037092248723589723,7.9804825080874195,-1.5336154661859993
8967,0.00037108707699685337,7.9804795022448,-1.5336099408395825
8968,0.00037118143748795786,7.9804776056348885,-1.5336062616037518
8969,0.0003712134406112251,7.980475566837952,-1.533602546680555
8970,0.00037120407467734805,7.9804736988057385,-1.5335988172800294
8971,0.0003714142065940507,7.980470713597322,-1.5335933212513813
8972,0.0003714957893739919,7.980468774218942,-1.5335896299467215
8973,0.0003715093396486106,7.980466752073717,-1.5335859077002079
8974,0.00037156607526779985,7.980464875035314,-1.533582206874678
8975,0.00037161830362066284,7.980462834874887,-1.5335784973209265
8976,0.00037175766629530025,7.980460935962095,-1.5335748358323098
8977,0.0003718828408502264,7.980458890988237,-1.533571165720916
8978,0.00037193506222047475,7.980456974017378,-1.5335674629591796
8979,0.00037193148374695887,7.9804549549721795,-1.5335637307507533
8980,0.0003720964793153492,7.980452114877555,-1.5335582159480539
8981,0.00037217638874994814,7.980450103289909,-1.5335545190254019
8982,0.0003720397858083634,7.980448070422207,-1.5335507237807786
8983,0.0003721115191906365,7.980446086597457,-1.533547021178551
8984,0.00037241321823408026,7.980444227180559,-1.5335434289431686
8985,0.00037253200690206417,7.980442267794366,-1.5335397555279933
8986,0.0003724812407073183,7.980440316118827,-1.5335360094101822
8987,0.00037249024190630874,7.98043830648663,-1.5335322819671486
8988,0.0003725535572073186,7.980436389523269,-1.5335285869679978
8989,0.00037277506446737176,7.980433394416678,-1.533523086348475
8990,0.0003728637411671075,7.980431525758936,-1.533519406299022
8991,0.0003729224351924696,7.98042853840818,-1.5335138359499196
8992,0.00037297397898831876,7.980426573572032,-1.533510129247366
8993,0.0003730576251309788,7.980424625512792,-1.5335064411245618
8994,0.00037316779171210927,7.980422680716923,-1.533502762043643
8995,0.00037326599041604,7.980419759005675,-1.5334972175205857
8996,0.000373304793621384,7.9804177112526755,-1.533493497886044
8997,0.00037335689291421293,7.980415837355758,-1.5334898015041385
8998,0.0003735792710313961,7.980412859930796,-1.5334843069234243
8999,0.0003736354978522615,7.980410940235495,-1.53348060393519
9000,0.000373692263301366,7.980408916922006,-1.5334769025569028
9001,0.00037376711204944167,7.980405964089807,-1.5334713398295907
9002,0.0003738739992112791,7.980403087454352,-1.5334657967231666
9003,0.0003740022182452126,7.9804001540797795,-1.533460263072035
9004,0.00037407798515612796,7.980398145990252,-1.533456565492757
9005,0.00037422391274848446,7.980395219991518,-1.533451037012954
9006,0.0003742588026561418,7.980393222638767,-1.5334473275203686
9007,0.0003743056009712145,7.980391305504928,-1.533443619642896
9008,0.00037455092203037335,7.980388389372491,-1.533438149347882
9009,0.0003745323314419579,7.98038631540206,-1.5334344094118078
9010,0.0003744428232699942,7.980383378629534,-1.5334287611901825
9011,0.0003745290524327379,7.980381422468562,-1.5334250641653537
9012,0.00037479296619476746,7.980379553962911,-1.5334214521913978
9013,0.0003749106953793334,7.980376620014014,-1.533415922969337
9014,0.0003748813361457152,7.980374574135298,-1.5334121777116336
9015,0.000374973777566515,7.9803726620221775,-1.5334084928171088
9016,0.00037506396982158455,7.9803706288957,-1.533404798606006
9017,0.0003751636255376057,7.980368795251836,-1.5334011179874645
9018,0.0003752300095035047,7.980367801134249,-1.5333992843983164
9019,0.0003752748545009729,7.980366770564402,-1.5333974397717705
9020,0.0003753090807232474,7.980365818761348,-1.533395589456883
9021,0.0003753295988468101,7.980364861341259,-1.53339373820243
9022,0.0003753678139974712,7.980363849985413,-1.5333918897965229
9023,0.00037546453153871804,7.980361856612265,-1.5333882096110092
9024,0.00037557816243724557,7.980359902376062,-1.5333845293856136
9025,0.00037561831467465806,7.980357982349503,-1.5333808241883775
9026,0.0003756313134677102,7.980356067070355,-1.5333770972989689
9027,0.0003757682743797916,7.980353065851332,-1.533371568699728
9028,0.00037590212424103023,7.980351031759566,-1.5333679018863253
9029,0.0003760935076420183,7.98034814197226,-1.5333624023966583
9030,0.00037609374347659667,7.980346153047399,-1.533358680911131
9031,0.00037609762722679165,7.980344216406837,-1.533354951238437
9032,0.00037622892954085584,7.980341341350208,-1.533349420328045
9033,0.0003763241020709344,7.9803392965316,-1.5333457290609884
9034,0.00037638612104871807,7.980336366804382,-1.5333401635264152
9035,0.0003764587806839447,7.98033446816601,-1.5333364694489036
9036,0.00037658813977637105,7.980331465466883,-1.5333309296146902
9037,0.0003766257191305696,7.980329550835561,-1.5333272192795473
9038,0.0003767201756785645,7.980327488781008,-1.533323527955957
9039,0.00037688384107004895,7.980324603221634,-1.5333180094515415
9040,0.0003768381202845564,7.980322696156829,-1.5333142615380149
9041,0.00037697613052679397,7.980319653137997,-1.533308718886525
9042,0.0003771923455721438,7.980316722805853,-1.533303228399035
9043,0.00037726897944940916,7.980314848182091,-1.533299537233987
9044,0.00037725978906829867,7.980312834856653,-1.5332958069012497
