index,x,y,orientation
0,4.999999612597587,-2.864623825886344e-07,1.5700001565924004
1,5.00000018006767,8.422585389648612e-06,1.5700010750140931
2,5.000000919831566,2.9709407318621648e-05,1.5700026823439739
3,5.000001840717837,6.214602675005681e-05,1.5700051138369717
4,5.000002721109666,9.599493664835343e-05,1.570008813742118
5,5.000003680584784,0.00011674472612123376,1.5700138202455487
6,5.0000046753818035,0.00012423229071489318,1.5700194848937268
7,5.000006146355777,0.00011055914562120608,1.570028011247604
8,5.000006708383677,8.564557927415196e-05,1.5700328540546102
9,5.0000056809899105,5.831742927182142e-05,1.5700373372056335
10,5.000005643740722,5.6085213868732764e-05,1.570038647235577
11,5.000005800172085,6.0916050877080575e-05,1.5700409644133837
12,5.000006170045607,7.789552835082981e-05,1.570043999229308
13,5.000005458171582,0.00010144582622260218,1.5700472458518682
14,5.000004885601844,0.00011417310051209044,1.5700513449993732
15,5.000004795238602,0.00011364039354226997,1.5700560280534535
16,5.000004177304924,0.00010133860261761564,1.5700602840885656
17,5.000001580791367,9.172691870642557e-05,1.5700631046915592
18,5.000000132490351,9.42013879818673e-05,1.5700658624590813
19,4.999999582932025,0.00010531861400353627,1.5700686059349165
20,4.99999982397272,0.00011283389545209066,1.5700722364680275
21,5.000000402287241,0.00011239258299391388,1.570076429086987
22,5.0000004863328975,0.00010953533397038054,1.5700803150837777
23,4.999999735841447,0.00010929371545416183,1.5700818722782186
24,4.999999376155199,0.00011206204386698475,1.5700852398834098
25,5.000000033858643,0.00011668349005889157,1.570089118242071
26,5.000000702949547,0.00011973658493396381,1.570093149889802
27,5.000000379480635,0.00012068572684751923,1.5700967979329195
28,4.999999704435136,0.00012148146422918863,1.5701002270893183
29,4.999999771205119,0.00012340556443385695,1.5701039325945543
30,5.000000311187426,0.00012605365186968342,1.5701078531391583
31,5.000000503569469,0.00012863526247924306,1.5701116355137328
32,5.000000304554793,0.00013042689735272216,1.5701152341217415
33,4.999999844212543,0.00013297917518480324,1.5701206207812313
34,5.000000084118617,0.00013497492495327158,1.5701244610130234
35,5.000000373277712,0.00013724109463136863,1.5701283241746797
36,5.000000276659914,0.00013927844895644998,1.5701320130928782
37,4.999999956781765,0.00014124167431961727,1.5701355895296238
38,4.999999942989315,0.00014320084235711718,1.5701392964129903
39,5.000000276052788,0.0001451413330881225,1.570143167532993
40,5.000000391384882,0.00014717601342666283,1.570146944544254
41,5.000000177198086,0.0001491614493531701,1.5701505676447913
42,5.00000012572649,0.0001501763692293006,1.5701524008133658
43,5.000000086596321,0.00015124497575070002,1.5701542372710082
44,5.000000062200083,0.00015221264495318042,1.5701560811049635
45,5.000000051503871,0.0001531911645471065,1.570157932049263
46,5.000000092559962,0.00015415999199853723,1.5701598035419504
47,5.000000124456727,0.00015522256490671876,1.570161675353547
48,5.000000158019063,0.00015621203677915397,1.5701635516318382
49,5.000000194119563,0.00015717790927810926,1.570165424284228
50,5.000000225361702,0.00015922386435206941,1.5701691576704158
51,5.000000914610151,0.0011680922399023195,1.5701674390600537
52,5.000002404164934,0.003322761157423996,1.5701617985478808
53,5.000004711495676,0.006630695659170094,1.5701532071959894
54,5.000011907397875,0.016714772289696204,1.570130191689886
55,5.000016855303558,0.023490472850819028,1.5701166946833167
56,5.000022797480992,0.03142151658835514,1.5701028451802703
57,5.000031074970549,0.04007879244315451,1.5697142974719347
58,5.000046060146609,0.04916158287982721,1.5680950568444636
59,5.000081814019442,0.05857419876272474,1.5643190850542399
60,5.000163388243789,0.06832822975036203,1.5576254196608275
61,5.000326905193919,0.07847673819733114,1.5474765118142733
62,5.000596473809772,0.08869830472652333,1.535390518638608
63,5.001516078166548,0.10914314559144288,1.5104226862027135
64,5.002953552191748,0.12956233055685462,1.4847365604956722
65,5.0049198371846355,0.1499395286812608,1.4585913560740122
66,5.006103344229252,0.16010719762899658,1.4454010882582597
67,5.007420395324295,0.1702579957082672,1.4321521415266816
68,5.010458996982449,0.1905020651034169,1.4055184475696756
69,5.014035834304428,0.21065657936573867,1.3787471039552068
70,5.018152504149779,0.23070667689472904,1.3518714245293948
71,5.020412727510601,0.24068784259952064,1.3384002794961258
72,5.022806951801487,0.2506372064240748,1.3249085329293633
73,5.025335498336779,0.26055298928023884,1.3113970641872323
74,5.03079468142062,0.2802763815581007,1.2843159513455493
75,5.0337236748510215,0.2900802181839772,1.2707470554679687
76,5.039980211259865,0.30956273987280397,1.2435525328180195
77,5.04676528520459,0.3288662078466588,1.2162827243575247
78,5.054074964449677,0.34797561995161624,1.1889384511951728
79,5.057925754112798,0.3574528632276394,1.1752387254767818
80,5.066014440041896,0.37624329275524976,1.147784429761679
81,5.070252268567754,0.385552735458052,1.1340313565664506
82,5.0791072350454805,0.4039915270234497,1.1069143009738276
83,5.088453848537448,0.4221832455304688,1.0804024049923808
84,5.098277158528722,0.44012008628078864,1.0542667553687524
85,5.108563829647458,0.45779331495559283,1.028364227067384
86,5.11930411784155,0.4751931395654201,1.0026072758132036
87,5.124841045898821,0.4837876215062187,0.9897661583144179
88,5.130488180389763,0.49231012175359806,0.9769440144916062
89,5.136244717912078,0.5007592435061587,0.9641375286171262
90,5.1421087486589085,0.5091338632345842,0.9513447013316071
91,5.1480793034051295,0.5174327215439496,0.9385642267838558
92,5.160336624421926,0.5337974725536293,0.9130386834743259
93,5.173007695933504,0.5498432971948501,0.8875591777597005
94,5.179495537150002,0.5577436046490736,0.8748376824417577
95,5.1860741027423245,0.5655412131665165,0.8611724179884522
96,5.192769945703929,0.5732590349625707,0.8462768163162958
97,5.206503146901671,0.5883931596090807,0.8172083968657324
98,5.220644007887107,0.6031476702355479,0.7930696105709323
99,5.227844010135258,0.6104018295400917,0.7818033547941443
100,5.23512480976203,0.6175746815023914,0.7707815168470727
101,5.249908695087969,0.6316750364807985,0.7501731543387178
102,5.264960825286107,0.645492121385439,0.7327786706515742
103,5.280247112157973,0.6590500099612623,0.7160520795106887
104,5.295753459431827,0.6723538161208202,0.699801174181662
105,5.311472370962936,0.6854054641322272,0.6838981460587507
106,5.327394846536889,0.6982074086976395,0.6682557239485356
107,5.343515097659156,0.7107599260789897,0.6528147782066539
108,5.351647121027545,0.7169430732264888,0.6451564753887291
109,5.359826183171733,0.7230639671832957,0.6375342624406001
110,5.368052142211746,0.7291223520109299,0.6299450032244793
111,5.384640488140679,0.7410518481577093,0.6148545386115173
112,5.401406730913196,0.7527304474897735,0.5998687236140076
113,5.409854869335336,0.7584753617666912,0.5924109360346448
114,5.426877821437339,0.7697760235071626,0.577560066543733
115,5.444066447903432,0.7808229388845479,0.5627893781342088
116,5.461413154431406,0.7916178565478237,0.5486043515024406
117,5.470141984939858,0.7969239169889935,0.5418530897248882
118,5.48770373453189,0.8073608420930741,0.5288462158130149
119,5.505396358880776,0.8175726935209315,0.516324030457099
120,5.523214419316535,0.8275647086135993,0.5041370751204644
121,5.541151876042029,0.837341367783663,0.4921846375368381
122,5.559204821060328,0.8469042412772497,0.4803995142103021
123,5.57736802273827,0.8562556245029357,0.46882327155350084
124,5.595637366464828,0.8653975128352579,0.45747138939214765
125,5.604810094149853,0.8698909814524469,0.45185706809045173
126,5.623229815943201,0.8787235301787542,0.4407207760686135
127,5.6324761420885245,0.8830626750686011,0.43518945765540307
128,5.651039196860343,0.8915879517369525,0.42418313500929905
129,5.66035559689787,0.8957738853194617,0.41870298936112404
130,5.679056724113454,0.903992583661332,0.40777799384003527
131,5.697820287915296,0.9120152150605695,0.39948884605930934
132,5.716653850009885,0.9199033422651844,0.39301880771450565
133,5.735533090184778,0.92767652870599,0.3873494348908019
134,5.754453410917971,0.9353465584045265,0.3822011383890251
135,5.773411188153438,0.9429218687010259,0.3773908350996701
136,5.792403762620149,0.9504075023296786,0.37279975964762513
137,5.801912560822896,0.954117709731999,0.3705608512990121
138,5.82095347429309,0.9614751569191131,0.3662819414551598
139,5.830484449019979,0.9651241642963695,0.3644417817179085
140,5.849563936761207,0.9723722643083722,0.36127407497852104
141,5.868663478867631,0.9795638237984711,0.3585809482789465
142,5.878219779563722,0.9831412871784296,0.35747701447720637
143,5.897341124941174,0.9902686410128131,0.3560261660932069
144,5.9164687523157,0.9973736471833613,0.35527732709278315
145,5.935599463346369,1.0044676387988911,0.35497821457920914
146,5.964296049850319,1.0151045615428047,0.35503669964368495
147,5.983425686101681,1.0221986597782764,0.35527760539724196
148,6.002552560639708,1.0292975137838178,0.3556136679341876
149,6.021675908169687,1.0364033088353422,0.35603435302995234
150,6.031236005273156,1.0399595038443032,0.35631415786223075
151,6.050352443844483,1.0470806930920933,0.35698886917700295
152,6.059908859523444,1.0506462867342008,0.35736869979959673
153,6.079017641805608,1.0577886125585443,0.3581861374591719
154,6.0981204089474,1.0649468832027857,0.35905605692827275
155,6.117217002115111,1.072122279711102,0.35995885666876554
156,6.126762656187029,1.0757169428972593,0.3604954931660632
157,6.136306051162746,1.0793169369786249,0.3611700621168463
158,6.145846734866005,1.0829236216067128,0.3619554960464197
159,6.164918641107777,1.0901607880126385,0.36377486311900314
160,6.18397563904455,1.097434201803048,0.36582473566971163
161,6.203016318407988,1.1047476947030188,0.3680223105622494
162,6.2220394803438985,1.1121035532854862,0.37031428715457376
163,6.231544534480074,1.1157979240726004,0.371484414664319
164,6.241045175623543,1.119503568104716,0.37269036728415034
165,6.260032524954229,1.1269498807576774,0.37524554744876076
166,6.279000423914535,1.1344458454220425,0.3779327304465757
167,6.288476727947658,1.1382131245899065,0.37930990537036596
168,6.297947812738199,1.1419935431187858,0.3807034303485739
169,6.316874038118628,1.1495941968262586,0.38352739332134633
170,6.335778970025732,1.1572487472024857,0.3863856406308402
171,6.354662010318878,1.164957441149891,0.38926593880187016
172,6.37352168550193,1.1727221341917773,0.3924285261774593
173,6.39235377762937,1.1805490478044967,0.396006155886508
174,6.411155371188433,1.1884449524369534,0.3998501876743945
175,6.420544318583104,1.1924202754090159,0.4018407286652946
176,6.4299251078421085,1.196414363892043,0.40386498173374874
177,6.439297721966141,1.2004274546918867,0.4059161070143817
178,6.448662060961708,1.2044599944215042,0.4079885341571943
179,6.458018104445886,1.2085119858990798,0.4100776951556017
180,6.476704751453116,1.2166748489167465,0.4142931370373517
181,6.486035206547005,1.220785799183778,0.4164140388766117
182,6.504669936540319,1.2290674275549687,0.4206732963378267
183,6.513974134003139,1.2332381723658798,0.42280905088064563
184,6.5325552427562945,1.2416401182236947,0.42726574556878805
185,6.551097326522177,1.250126961140585,0.431997990339057
186,6.569597574885197,1.2587023762338159,0.43690631109120504
187,6.588054184548353,1.2673691775039984,0.4419259668759851
188,6.606466012178138,1.276128971028442,0.4470150308698217
189,6.615654906705982,1.2805438515857435,0.449577016460233
190,6.624832513244157,1.2849823647269494,0.4521470696262381
191,6.643153392622388,1.2939302412138993,0.457303894057866
192,6.661428143259563,1.3029727207795008,0.46247259558103043
193,6.6705480087018625,1.3075296056428354,0.465058668863291
194,6.68875269464923,1.3167143019477754,0.47023117586457897
195,6.697837339479417,1.3213418998797586,0.47281676407938517
196,6.715971011937256,1.3306675218112385,0.4779847110369774
197,6.734056337999861,1.340086948788578,0.48314610091051297
198,6.743080585235435,1.3448314967191883,0.4857236542851874
199,6.761091982206235,1.3543903773063706,0.4908712001860142
200,6.779053526918526,1.3640412717647783,0.4960074747804444
201,6.79696475652673,1.3737840878493865,0.5011315517303967
202,6.81482583126938,1.3836185717118112,0.5062435378359169
203,6.8326366519983255,1.3935439326499004,0.5113429860642819
204,6.850397120155879,1.4035602904513715,0.5164283883816274
205,6.868107106967676,1.4136673425185962,0.5214985834987453
206,6.885766232330409,1.4238640200041504,0.5265540581127708
207,6.894576590913536,1.4289959519608364,0.5290760931843885
208,6.912158435273555,1.439326272661335,0.5341083181364675
209,6.9296878376426685,1.4497445764543844,0.5391237095520408
210,6.9471644329825875,1.4602505256906357,0.5441212409092393
211,6.9645879279403795,1.4708429952434838,0.5491006784904694
212,6.981958276503417,1.4815220518095247,0.5540623226881936
213,6.99927573316197,1.492286450444452,0.5589210540066922
214,7.016541889423375,1.5031341774093228,0.5636306778057124
215,7.0337580705695,1.5140627172213454,0.5682360367707529
216,7.050924913404208,1.5250701581865536,0.5727658703149685
217,7.06804255816238,1.536155538294799,0.5772389568043509
218,7.085110744470007,1.5473168390976195,0.5816682303941599
219,7.102129407395741,1.5585534144223736,0.5860611669251565
220,7.119098294096471,1.5698640674390945,0.5904224289914104
221,7.136017633082482,1.5812481751682477,0.5947109636734332
222,7.1444592563309435,1.5869670525225605,0.596744348578786
223,7.161308549125284,1.5984548590781205,0.6006126255239121
224,7.17811447628053,1.6100067550754984,0.6042874282043965
225,7.186501891117068,1.6158057483723385,0.6060720779058443
226,7.19487913593685,1.6216196708638495,0.6078290492654681
227,7.211603802793703,1.633291602144863,0.6112766015801049
228,7.228289232099484,1.6450211140798372,0.6146559691999087
229,7.24493636830027,1.6568060758618213,0.6178156390078915
230,7.261548074392494,1.6686418650231414,0.6206759467855641
231,7.278127205077999,1.680523250612101,0.6233318032326817
232,7.29467527468804,1.6924477270729124,0.6258463026377188
233,7.311193573340894,1.7044130491998932,0.6282624860221661
234,7.327683155481624,1.71641724040849,0.6306101651652376
235,7.335917524150191,1.7224337158682306,0.6317647609486773
236,7.3441451557590405,1.7284595975593686,0.6328644445810003
237,7.36058184746225,1.7405376866286397,0.6348170547755626
238,7.376996957890407,1.7526469456431244,0.6365316437277944
239,7.385197347817773,1.758712029189598,0.6373248793081173
240,7.393393157085903,1.7647835064021202,0.6380851527802438
241,7.409771650504126,1.7769449700721391,0.6395281242609457
242,7.426133294431044,1.7891296192474746,0.6408494338418341
243,7.442480501483835,1.801333774212643,0.6418508783105901
244,7.450649915486108,1.8074416113969616,0.642252006341555
245,7.466981976080315,1.8196663681158631,0.642911101984232
246,7.483306599395328,1.831900556349926,0.6434330446948072
247,7.499625369934447,1.8441425469333925,0.6438633563461311
248,7.5077830703974255,1.8502659680245477,0.6440057111056426
249,7.515940189091461,1.8563903605890295,0.6440504038898811
250,7.524097387933845,1.862515164981419,0.6440152654081024
251,7.53225522413069,1.8686397101055752,0.6439151528734898
252,7.540413997776996,1.8747634203501005,0.6437620973527813
253,7.556735430046029,1.887006662151043,0.6433345356590997
254,7.564898637330026,1.8931255915849325,0.6430522568906032
255,7.581231350879585,1.9053558575180052,0.6423115186273424
256,7.597574198021007,1.9175728059837354,0.6414026164282713
257,7.613928719951828,1.929774108490478,0.6403823937987182
258,7.622110575131432,1.9358682986724272,0.6398430374036861
259,7.630295659904026,1.9419579640249445,0.6392891925293643
260,7.63848419456313,1.9480430150317962,0.6387238435066831
261,7.654871470411279,1.960198745961543,0.6375680342134281
262,7.663070492006847,1.9662692992557615,0.6369367869474587
263,7.6794812311504295,1.9783940477925184,0.6354427892992321
264,7.695911797504089,1.9904930439736197,0.633730266565127
265,7.704135377887434,1.9965319332953138,0.6328170808421999
266,7.720600015061308,2.008587142124307,0.6309115021212299
267,7.728841164334815,2.0146029590211025,0.6299292524582265
268,7.737088410110165,2.0206106874560983,0.6289326126697361
269,7.745341814400438,2.0266101935105163,0.6279245879462884
270,7.761866625303774,2.0385840660731303,0.6258835996007156
271,7.778415694198115,2.050523892686188,0.6238209907747064
272,7.794989074101923,2.06242923243631,0.6217468158229458
273,7.811586821210531,2.074299750768215,0.6196683754893996
274,7.82820886651858,2.086135570632698,0.6175909595671596
275,7.8448553124946345,2.0979367308275965,0.6155185194264711
276,7.861526459018933,2.109703634905453,0.6134533994692083
277,7.878222073083318,2.12143665713238,0.6113966646485653
278,7.886579198241039,2.127290389159103,0.6103716075575213
279,7.9033118157475615,2.1389722857523346,0.6083280805181658
280,7.91168706714349,2.1448004243536616,0.6073095576955111
281,7.928455336862935,2.156431231224246,0.6052786620872969
282,7.945246810587513,2.1680279002247484,0.6032556791779258
283,7.953651197009686,2.173813318724607,0.602247119822516
284,7.962061452361198,2.1795901489137193,0.6012181113920695
285,7.9704776150605765,2.1853582492375825,0.6001516317824283
286,7.978899880382725,2.1911172404276114,0.5990550417059637
287,7.987328414100907,2.196866859990985,0.5979345090265431
288,7.995763449686826,2.202606977033175,0.5967950502553143
289,8.01265338899323,2.214058073404884,0.5944749581086421
290,8.029570153880588,2.22546983337218,0.5921189697317959
291,8.038038959877516,2.231160838015439,0.5909327217841488
292,8.04651462089732,2.236841892036319,0.5897428924811813
293,8.06348647770119,2.248174043022707,0.5873567367679801
294,8.071982803669165,2.253825029509803,0.5861620919708762
295,8.088995660124828,2.2650966554709844,0.5837725016867069
296,8.106035346955924,2.276327393136426,0.5813852118678292
297,8.114565195087142,2.2819274246904095,0.580193052611701
298,8.123101542898866,2.287517188137792,0.579002132746577
299,8.13164435642036,2.2930968479209497,0.5778125798703432
300,8.140193664204423,2.2986662393093273,0.5766245755719805
301,8.15731199145747,2.3097743171178755,0.5742540873508732
302,8.174456116137728,2.3208415384465666,0.5718921211595902
303,8.19162633498352,2.331868294072722,0.5695396217621089
304,8.208822567438778,2.3428549684759714,0.5671966924765283
305,8.226045094699588,2.353801829740678,0.5648631414561324
306,8.234666168382747,2.3592602857547162,0.5636998089579017
307,8.24329363975478,2.3647087603590453,0.5625387480362963
308,8.251927464940474,2.370147252990767,0.561379950549239
309,8.269214227027062,2.3809941960699206,0.5590689773416961
310,8.277866834687774,2.3864027134592103,0.557916609188117
311,8.295190303956028,2.3971897800979285,0.55561777331279
312,8.312538263484944,2.4079367357969534,0.5533265680861317
313,8.329910184673308,2.4186435835456663,0.551043181307337
314,8.347306225214906,2.4293106737067274,0.5487681856385516
315,8.364726230006053,2.4399380828509867,0.5465020122220117
316,8.382170609701625,2.450526267479471,0.5442444198252685
317,8.399638818621321,2.4610759038881884,0.5420803242254589
318,8.417129597713405,2.4715889240379094,0.5400554441237818
319,8.434641383310913,2.482067195350277,0.5381247360791896
320,8.452172856502212,2.4925122061966047,0.5362581897113348
321,8.469723209466215,2.502924775453433,0.5344354361080275
322,8.487291784147994,2.513305139091131,0.5326429979416948
323,8.504878538457119,2.5236537771758134,0.530872366764674
324,8.522482930893716,2.53397110801597,0.5291183193400852
325,8.540105287399102,2.544257690787603,0.5273774580335163
326,8.557745561608062,2.554513919846422,0.5256470898396203
327,8.566572469540771,2.5596306622491345,0.5247851256000883
328,8.575404041584786,2.5647398744984904,0.5239250583808821
329,8.593080794909433,2.574935564242439,0.5222100998494216
330,8.61077521324525,2.58510128806251,0.5205015285489972
331,8.628486918471472,2.5952371414438784,0.5187988001840066
332,8.646215628632431,2.6053424703822956,0.5171013838812573
333,8.663961203505313,2.6154174008311464,0.5154084367825067
334,8.681722668653276,2.6254626211276006,0.5138057231101408
335,8.69949912222032,2.6354799966439293,0.5123396534374837
336,8.717289389118365,2.6454717873514237,0.510965066234963
337,8.735093277427124,2.6554395457720052,0.5096517980701775
338,8.752910319626578,2.665384579007924,0.5083793293170804
339,8.761823526719082,2.67034897057994,0.5078000494787137
340,8.770739533542606,2.6753083982835193,0.50730713507217
341,8.7796579217266,2.68026361127301,0.5068845364335081
342,8.797500011167656,2.690163596696682,0.5061997359796823
343,8.815347989523385,2.7000523373889855,0.5056668987410368
344,8.833200169921646,2.7099321526760747,0.505233633144795
345,8.842127535412711,2.714869133035971,0.5050430389905216
346,8.859984619876407,2.724738058618849,0.5046984655546295
347,8.877844193146156,2.7346008629404257,0.5044118652319818
348,8.89570565899845,2.744459422604202,0.5042852871804784
349,8.904636581014707,2.7493880881040984,0.5042710459164994
350,8.913567534609943,2.7543166602870115,0.5042812858564465
351,8.922498513589659,2.7592454667285993,0.5043112367023455
352,8.931429491367833,2.7641746911212937,0.504357049977689
353,8.949290730142462,2.774034728407216,0.5044844927739589
354,8.95822099240904,2.7789657517604405,0.5045617296404072
355,8.967150984134031,2.7838975072204537,0.5046457545871844
356,8.976080563612504,2.7888301251494156,0.5047583084550158
357,8.993937302298361,2.7986987833300843,0.505109242510935
358,9.011789609398388,2.808574518225236,0.5055782106175397
359,9.02963616529656,2.8184590725829826,0.5061233034007347
360,9.047476412202288,2.828353314996306,0.506717584145278
361,9.056394230981304,2.833304384722613,0.5070275339411766
362,9.065310371320471,2.8382581356335685,0.5073438485245041
363,9.08313783067149,2.848174098419006,0.5079948612260298
364,9.10095887004938,2.8581022718350106,0.5086831956097121
365,9.118773206007512,2.8680431836550766,0.5093979029897233
366,9.145482281455033,2.882979220749396,0.5104986252072701
367,9.181069096728224,2.902940116236344,0.5119921889774067
368,9.189960988256313,2.907938679800546,0.5123672138808067
369,9.207738715153171,2.9179455458978274,0.5131171302572979
370,9.225508519020906,2.927965382018026,0.5138660256242079
371,9.24327045695022,2.937998220609321,0.5146136520580608
372,9.261024687098171,2.9480442753280975,0.5153599032472921
373,9.269899049216017,2.953072392075115,0.5157323404973578
374,9.287642450843153,2.963138644304901,0.516475501050505
375,9.30537883836776,2.973218221928175,0.5172159604286675
376,9.31424445402638,2.978263189926704,0.5176080907612466
377,9.323108026130967,2.9833116854116923,0.5180398103574095
378,9.331969327961348,2.9883640873991837,0.5185036085050224
379,9.340828249596367,2.993420687738478,0.5189932603358912
380,9.34968465270771,2.998481711735275,0.5195036830493562
381,9.367389147831261,3.008617423756257,0.5205709740776284
382,9.38508207486798,3.0187721142348343,0.5216806158789097
383,9.402763152201409,3.0289462040421777,0.5228165703025869
384,9.420432055673711,3.0391403210866805,0.5239686837482372
385,9.429262026604642,3.0442450401660652,0.5245487231182984
386,9.438088985505825,3.0493548733934115,0.5251305839452849
387,9.455734037305678,3.059589855686219,0.5262977676367185
388,9.47336764459931,3.069845792319593,0.5274667333579177
389,9.490989639387394,3.0801225785145783,0.5286352202847294
390,9.50860022019837,3.090420330654244,0.529802138317191
391,9.517401055771233,3.0955769039060597,0.5303848064493302
392,9.52619887254837,3.1007385469760202,0.5309668342116548
393,9.534993667500412,3.1059053184372725,0.531548083164171
394,9.543785382558397,3.1110772329460996,0.532128412082083
395,9.552574031447165,3.1162541998876825,0.5327077195780766
396,9.561359509610583,3.1214361139291795,0.5332859212544522
397,9.578921195726338,3.1318149569510796,0.5344389692010022
398,9.587697457632393,3.1370119283779516,0.535013893014623
399,9.6052406540876,3.1474207313347855,0.536160911981475
400,9.622771822389375,3.157849651428441,0.5373044504497804
401,9.63153300574078,3.163071668109631,0.5378748977668484
402,9.640291263014378,3.168298636383076,0.5384443973480355
403,9.649046687813268,3.1735307167415403,0.539012881150022
404,9.66654913210652,3.1840100875795025,0.540146718565389
405,9.684040082980797,3.1945096435637144,0.5412763397962219
406,9.692781216390054,3.1997667925265074,0.5418397027095736
407,9.710254724845377,3.2102959167461256,0.5429634218089678
408,9.727716108738042,3.2208443826089046,0.544082628470053
409,9.736442200514862,3.2261258826307238,0.5446403487592052
410,9.753885304140539,3.236703426103048,0.5457519600809948
411,9.771316168499897,3.2472998776340702,0.5468589593779768
412,9.78002711826207,3.2526052885820924,0.5474109613850735
413,9.788735122010491,3.2579155140090537,0.5479620458734472
414,9.806142302520863,3.268550245009978,0.549061577589896
415,9.823538174497061,3.279204419465247,0.5501573768537329
416,9.832231959206778,3.284538621686705,0.550681050298121
417,9.840923213403208,3.2898774201787746,0.5511637950543384
418,9.849612161967435,3.2952204043408244,0.5516130433519489
419,9.858298951848232,3.300567393204569,0.5520349464865172
420,9.875666233479024,3.311272149765556,0.5528156607197338
421,9.89302547829012,3.321989819629169,0.5535356259660124
422,9.910377056602975,3.3327196258932985,0.554213830828336
423,9.927721050935103,3.343460666724082,0.5548629566381877
424,9.936390339447524,3.3488353539451854,0.5551795086719118
425,9.945057869099257,3.354212736576511,0.5554919440547739
426,9.953723601232467,3.359592697658213,0.5558010055808776
427,9.97105004648447,3.370360445265027,0.5564113292964422
428,9.988370079301243,3.3811388690039896,0.557013700439823
429,10.00568391952633,3.391927979703377,0.5576099015297331
430,10.022992055455198,3.402727716540381,0.5582011815115763
431,10.040294251639548,3.413537775466569,0.5587883611564999
432,10.066235763946244,3.429772271653923,0.5596622775591166
433,10.083521966832711,3.4406074967772753,0.5602403142869529
434,10.092162620640163,3.4460286846596624,0.56052775472502
435,10.109438996349416,3.4568784231003327,0.5610995518371326
436,10.126708660455629,3.4677378479289076,0.5616678986638011
437,10.143971871676566,3.4786069409101175,0.562233789805361
438,10.161229049418626,3.4894857746289656,0.5627977709738792
439,10.17848037174864,3.500374442863335,0.5633597436537301
440,10.195726703321421,3.511272843036301,0.5638191862004538
441,10.20434841589885,3.516724968214246,0.5639862729965733
442,10.212969393696557,3.5221785314378806,0.5641218773684668
443,10.22158981357077,3.5276331439030972,0.5642318252719685
444,10.230209801727355,3.533088632634688,0.564320825762167
445,10.247448506327201,3.5440015385932715,0.5644503809825537
446,10.264685604975583,3.554916323124338,0.5645329718803611
447,10.273303732611787,3.560374169041436,0.5645616284849355
448,10.281921675549077,3.5658321967294926,0.564583870427078
449,10.290539315982192,3.5712902396124075,0.5646009059329659
450,10.299156855315337,3.5767483383046375,0.5646137920793535
451,10.307774361681851,3.5822065044247466,0.5646233602432452
452,10.316391741347287,3.5876647283271152,0.5646302600166222
453,10.333626270771715,3.598581439293423,0.5646380594533018
454,10.342243617008922,3.6040398929324975,0.5646397187620756
455,10.359478776109636,3.6149570933084147,0.5646397717344647
456,10.376714408550457,3.6258744701564574,0.5646365182345663
457,10.385332459487628,3.6313332847434907,0.5646339726847605
458,10.40256872292054,3.6422509654667,0.564627428665276
459,10.419804882654075,3.6531683630726386,0.5646191931699495
460,10.437040992564397,3.664085442547599,0.5646091860053584
461,10.445658858941368,3.6695438302819148,0.5646034571661261
462,10.454276642430926,3.6750020987161367,0.5645973147952695
463,10.462894449071682,3.6804602699426243,0.5645908611712017
464,10.471512248828272,3.6859183089081444,0.5645842021291408
465,10.48013000503223,3.6913761179029296,0.5645547895788721
466,10.488747955167417,3.6968336222353173,0.5644855885245054
467,10.505985572609951,3.7077464841498857,0.5642562466039168
468,10.51460548808255,3.7132013561101416,0.5641071792100678
469,10.523226383352851,3.71865490963431,0.5639408420429854
470,10.540471678385765,3.7295578737251507,0.5635687425669704
471,10.557721747338316,3.7404544281146923,0.5631593432080563
472,10.574976795923119,3.7513439712771492,0.5627256270463359
473,10.583606187131487,3.7567859163553963,0.5625024297730533
474,10.600868287649389,3.7676637793924144,0.5620469826453569
475,10.61813516013496,3.778533653957896,0.561582761907037
476,10.635406595374027,3.789395170975909,0.5611127943388619
477,10.652682978980218,3.800248311499511,0.5606397193746424
478,10.669964111691728,3.8110930283011846,0.5601655287017995
479,10.687250496945909,3.8219296935766067,0.5596914574549008
480,10.69589571741577,3.8273449731340996,0.5594546356970146
481,10.713190283352672,3.8381696397868126,0.5589814490396945
482,10.730490633083077,3.8489865551428237,0.5585089953713765
483,10.73914279567951,3.8543920350051795,0.5582730820959834
484,10.756451077405568,3.8651969310565994,0.5578019937177346
485,10.773764463733132,3.8759933587678037,0.5573317817316409
486,10.791082528907753,3.8867815628371587,0.5568618670219213
487,10.799743271421935,3.892172661389787,0.5566269011938173
488,10.808405114741541,3.897561680226619,0.5563919984517744
489,10.81706810924022,3.9029485342678774,0.5561572823770999
490,10.83439787648008,3.9137157910126765,0.5556888557385771
491,10.851732566180445,3.92447480149078,0.5552220859826594
492,10.869072284838781,3.9352259183790057,0.5547569998485072
493,10.886417475170413,3.9459693517832406,0.5542933462760911
494,10.903768014970446,3.9567050757252296,0.5538308818673112
495,10.92112407811846,3.9674329753386868,0.5533697016666668
496,10.92980396518835,3.972793842271558,0.5531395845303301
497,10.938485100563966,3.978152744729933,0.5529097126047174
498,10.955850849510968,3.9888645838577985,0.5524503956604389
499,10.973221030421247,3.9995681813648267,0.5519913449409463
500,10.990595884859774,4.010263604329955,0.5515326069943214
501,11.00797517017464,4.020950743427144,0.5510747158781137
502,11.025359272727602,4.031629855000303,0.5506183158072532
503,11.034053106322025,4.036966422716968,0.5503907304649059
504,11.042748177457568,4.042301049406424,0.5501635186436876
505,11.051444604513486,4.047633803735201,0.5499366422246418
506,11.060142355722837,4.0529647216603,0.5497100381484676
507,11.068841463450571,4.058293746307218,0.5494837024041686
508,11.086243588764265,4.068945936155083,0.5490318906228849
509,11.103650944083302,4.0795904681606485,0.548581235189857
510,11.121062930408748,4.090227059897482,0.5481315645586889
511,11.138479475544788,4.100855836286559,0.5476823605956742
512,11.15590034053065,4.111476554794019,0.5472333037615321
513,11.164612439109693,4.116783818583069,0.5470089244455625
514,11.182040155738802,4.127392202809502,0.5465608248815049
515,11.199472086900863,4.1379927679541915,0.546113896562968
516,11.216908788402366,4.1485857975954294,0.5456684024288
517,11.234350456471393,4.159171164145935,0.5452241828598869
518,11.251797645961238,4.1697490252899625,0.5447810319105556
519,11.26924974405319,4.18031936267131,0.5443388265881435
520,11.28670676900122,4.190882202094494,0.5438976436236794
521,11.304168226103801,4.2014372357894985,0.5434572411403381
522,11.321634129977479,4.2119844204479815,0.5430171756521417
523,11.33036864333168,4.2172550283079735,0.5427971625281902
524,11.34784080696806,4.22779025091788,0.54235735666194
525,11.36531736909692,4.238317670825424,0.5419183579073572
526,11.382798277430055,4.248837235981324,0.5414806880040354
527,11.400284046973816,4.2593493259969355,0.5410443572986229
528,11.409028726238665,4.264602626574044,0.5408265546474492
529,11.417774553447218,4.269854160551141,0.5406317380010561
530,11.426521507454034,4.275104107985476,0.5404771397974217
531,11.444017723289228,4.285600629568148,0.5402600635966626
532,11.461515732929936,4.29609396003318,0.5401303975692444
533,11.47901476798703,4.30658547897436,0.5400582143594296
534,11.496513838770447,4.317075761200419,0.5400233728771798
535,11.51401277768465,4.32756552367738,0.5400125723577687
536,11.531511325211463,4.338054750932668,0.5400176008170955
537,11.549009483424639,4.348544015204452,0.5400333465940081
538,11.566507351829268,4.359033619438517,0.5400563727720847
539,11.58400517791298,4.369523845902368,0.5400840350373278
540,11.592754160083237,4.3747692598792005,0.5400989525409143
541,11.610252185418565,4.385260598668993,0.5401301565061305
542,11.627750424411667,4.395752794539202,0.5401625816315602
543,11.636499437461218,4.400999121082964,0.5401790855172752
544,11.65399707012588,4.411492196284515,0.540212281548545
545,11.67149423238327,4.421985770685055,0.5402451156842681
546,11.688990562039885,4.432479532219193,0.5402770469170052
547,11.706486243154323,4.4429737379520615,0.5403080743187488
548,11.723981221386953,4.453468258821233,0.5403387397837315
549,11.732728536148427,4.458715696684141,0.5403540835892232
550,11.750223109737357,4.46921100237977,0.54038482321316
551,11.767717568852103,4.479706974106125,0.5404152776716403
552,11.785212282073735,4.490203960807868,0.5404451353452239
553,11.802707054122617,4.500701569174694,0.5404745103100084
554,11.81145441086851,4.505950610401632,0.5404890542118759
555,11.820201746717105,4.511199819506827,0.5405034841079059
556,11.828949007177586,4.5164491246316985,0.5405177732419015
557,11.84644290241283,4.526947950203919,0.540545589962082
558,11.863936253210797,4.537447126350047,0.5405721300762405
559,11.881428852489709,4.547946408902457,0.5405974962876811
560,11.890174941903727,4.553196157331595,0.5406099116123362
561,11.916412625901925,4.568945910706785,0.5406469222916861
562,11.933904162267988,4.5794463492708966,0.5406714863464294
563,11.951395945946874,4.58994736850933,0.540695682999484
564,11.968887856435781,4.600449208151574,0.5407192294702984
565,11.986379905074907,4.610951786311293,0.540742268748372
566,12.003871690120334,4.62145469735156,0.5407648882369169
567,12.021363252073314,4.6319578491292095,0.5407868068589132
568,12.038854112388222,4.642461036312886,0.5408075270771089
569,12.047599332249812,4.64771275731976,0.5408173811878382
570,12.065089329352395,4.658216431420065,0.5408363320257148
571,12.082578815590615,4.668720061020381,0.5408549864529567
572,12.10006823757364,4.679223854174784,0.5408737176877011
573,12.117557509228128,4.689728354691005,0.5408921281434679
574,12.135046936646386,4.700233543191678,0.5409099700199855
575,12.14379185310602,4.705486376888555,0.5409187119706973
576,12.161281870286256,4.715992080526853,0.5409360051959906
577,12.17877182473739,4.726498204748144,0.5409528915480322
578,12.19626138645791,4.737004770300523,0.5409689947422954
579,12.213750365892581,4.74751130380834,0.5409839898108815
580,12.222494703016826,4.752764590845747,0.5409910341393479
581,12.23998299853568,4.763271119171499,0.541004406786329
582,12.25747080682017,4.773777639294843,0.5410173450992737
583,12.274958493899073,4.784284431993545,0.5410302584204395
584,12.292446078884566,4.7947915808812285,0.5410430226993076
585,12.301190052123426,4.800045382906865,0.5410492528460881
586,12.31867814332256,4.810553170902415,0.5410613280258989
587,12.33616661860594,4.821061460521653,0.541072933072294
588,12.353655100679957,4.831570014307019,0.5410841556362295
589,12.37114334950755,4.842078813581433,0.5410947557455776
590,12.38863118450594,4.852587537362872,0.541104335880399
591,12.406118503453747,4.863096097859454,0.5411127004603475
592,12.42360549877023,4.873604710553602,0.5411201977037741
593,12.44109202464184,4.8841132797756455,0.541127424092315
594,12.458578598247767,4.894621999275525,0.5411347023565789
595,12.47606529174044,4.905130824167947,0.5411418251918588
596,12.484808786360919,4.91038547992785,0.5411451845126883
597,12.502296147021468,4.920895221625933,0.5411514784794718
598,12.511039869054379,4.926150131661662,0.5411544725133788
599,12.528527544010752,4.93666011645109,0.5411602671787579
600,12.537271381973675,4.94191512862809,0.5411630110275154
601,12.554758712826922,4.952424996809669,0.5411679235534747
602,12.572245695594955,4.96293496792381,0.5411716186166762
603,12.589732238915806,4.973444800183364,0.5411741558987453
604,12.607218422553597,4.9839543061660265,0.5411761462067411
605,12.624704531571147,4.994463689413359,0.541178115187956
606,12.633447535946791,4.999718389826484,0.5411791044956636
607,12.642190591058936,5.004973156873982,0.5411800532625881
608,12.65967700865429,5.015483153069606,0.5411816049583398
609,12.677163886453329,5.025993396487638,0.5411826803540746
610,12.69465122267641,5.036503590871633,0.5411834973423373
611,12.712138685521747,5.047013978309481,0.5411839388047405
612,12.729625782061456,5.057524371240135,0.5411836675982934
613,12.74711264508252,5.068034725290667,0.5411823014192305
614,12.755855927869332,5.073289722181149,0.5411811955515434
615,12.773342320844781,5.083799428613662,0.5411783616495732
616,12.790828531997985,5.094308887819322,0.5411751650636925
617,12.80831452810272,5.104818261886565,0.5411719461718653
618,12.825800840418342,5.115327853987928,0.5411686309904095
619,12.843287499213428,5.125837567609479,0.5411649385022436
620,12.860774829134455,5.136347511002099,0.5411608182335783
621,12.86951856256483,5.1416024652123955,0.5411586240254052
622,12.887006246177352,5.152112384736251,0.5411540440205622
623,12.9044938660765,5.162622233577499,0.5411488966256801
624,12.921981129149895,5.173131875516239,0.5411427103535557
625,12.948211693306977,5.188895625697182,0.5411314836921041
626,12.96569834150679,5.199404174213437,0.5411233380973469
627,12.983185058047937,5.20991267680275,0.5411151662291606
628,13.000671838128703,5.220421125606317,0.541106940960867
629,13.00941542795979,5.22567544761736,0.5411027108628836
630,13.02690309085172,5.236184092946257,0.5410939542740428
631,13.05313550733308,5.251947071737843,0.5410801466502294
632,13.070623949482004,5.26245566037439,0.541070489238064
633,13.088112384617887,5.272963918182104,0.5410602252158491
634,13.096856574573033,5.278217928918545,0.5410547117960833
635,13.123088518663673,5.293979310793499,0.5410364611744712
636,13.149320088546308,5.309739733609359,0.5410169879837441
637,13.158063990444756,5.314993035958986,0.5410105295212647
638,13.175552016974319,5.325499617154447,0.5409975933734944
639,13.201784862481242,5.341259548844881,0.5409775829377982
640,13.21927419832134,5.351766120198271,0.5409637494623897
641,13.245508921831936,5.367525760651847,0.5409424672031871
642,13.26299871134587,5.3780317401216005,0.5409276384491923
643,13.271743585170368,5.383284609493648,0.5409198698689948
644,13.280488418988705,5.388537390272145,0.5409117973333718
645,13.29797780410719,5.399042511200865,0.5408948483409709
646,13.315467143745039,5.409547091052327,0.5408773228781869
647,13.332956506017354,5.420051157050434,0.5408597565030488
648,13.341701233232337,5.425303018532541,0.5408510239789215
649,13.359191058782208,5.4358068769284005,0.5408334260098786
650,13.367936142994203,5.441058856100782,0.5408244756953007
651,13.376681369450994,5.446310761078094,0.5408154292600456
652,13.394172320530842,5.456814510401327,0.5407970505795835
653,13.411663855253734,5.4673179567183,0.5407784559913715
654,13.437901452391177,5.483072519195264,0.5407498418606099
655,13.45539300945443,5.493575092590791,0.5407296291798528
656,13.472884449131696,5.504077092232243,0.5407083472726348
657,13.48163018104571,5.509327869845914,0.5406974178007846
658,13.490375859909525,5.514578428430448,0.5406864059036888
659,13.507867197531104,5.52507911248892,0.5406643630116894
660,13.525358901214965,5.535579434268353,0.5406424447900604
661,13.53410485426313,5.540829473177067,0.5406314474040164
662,13.542850951156781,5.546079564905662,0.5406203483143569
663,13.551597302953523,5.55132969068342,0.5406091373991415
664,13.569090385655194,5.561829847646135,0.5405863661549013
665,13.586584048404191,5.572329742563882,0.5405633254658453
666,13.595331041017156,5.57757951280226,0.5405517346549951
667,13.604078035910646,5.5828291285147165,0.54054005739456
668,13.612825018560777,5.588078594305831,0.5405282426141781
669,13.62157212255912,5.593327903418901,0.5405162510495692
670,13.630319228284003,5.598577082475484,0.540503995367154
671,13.639066215570235,5.603826125434089,0.5404914348195778
672,13.6478131440242,5.60907505217406,0.54047858150263
673,13.656560012648328,5.614323862743871,0.5404655043658142
674,13.665306884752768,5.619572490926753,0.5404523176172012
675,13.674053844720676,5.624820977466219,0.5404390941298045
676,13.691547779429118,5.6353172718162785,0.5404127879683567
677,13.70904225503457,5.645813167123134,0.5403865967450092
678,13.717789637726622,5.6510611045657635,0.5403733779638789
679,13.7265371523229,5.656309041189048,0.5403600331114125
680,13.74403281705229,5.666804795924371,0.5403330458808836
681,13.752780887021178,5.672052540413782,0.5403194328119382
682,13.761529082738477,5.677300140726118,0.5403057893540706
683,13.77027740842952,5.682547589167628,0.5402921154371895
684,13.779025863665014,5.687794964874537,0.540278371121255
685,13.796522760409433,5.698289241353016,0.5402504160094475
686,13.814019575604041,5.708782893275446,0.5402214950529016
687,13.822768034271995,5.714029488183255,0.5402066416308082
688,13.83151640738024,5.7192758502614565,0.5401915692002259
689,13.849013160701398,5.729767977943524,0.5401610868929696
690,13.857761596236667,5.735013869935892,0.5401457921854109
691,13.866510123499884,5.740259624090965,0.5401305288031317
692,13.875258705649202,5.745505181329468,0.5401153122251717
693,13.884007377867434,5.750750630560246,0.5401000888343976
694,13.892756275323688,5.755996052099078,0.5400848250573251
695,13.910254609309119,5.766486612779057,0.5400540491082865
696,13.919004009370306,5.771731751098072,0.5400385072629214
697,13.936503430788084,5.78222195444829,0.5400071643209188
698,13.945253343327149,5.787466860774995,0.5399914257188224
699,13.962753316817123,5.7979561297412365,0.5399597404005521
700,13.971503420675722,5.803200526618223,0.5399437035260255
701,13.980253553925087,5.808444770083275,0.5399274408984075
702,13.997753665644266,5.818932666618824,0.5398940856947362
703,14.01525383922414,5.829419831625647,0.5398598387274692
704,14.024003899319538,5.8346630972408144,0.5398425323309722
705,14.032753979286715,5.839906156367793,0.5398252115032003
706,14.059004941846903,5.855634419799719,0.5397734862183446
707,14.067755463408714,5.8608768678495675,0.539756242687751
708,14.076506193709802,5.866119260757483,0.5397389244469598
709,14.08525719006812,5.8713616259144725,0.5397215103762554
710,14.102759715128357,5.881846115575675,0.5396863562998065
711,14.120262855804857,5.892330043465106,0.5396509721810097
712,14.129014663269867,5.897571792210077,0.5396332183759833
713,14.14651839833613,5.908054824674384,0.5395973664673003
714,14.155270261221377,5.91329604861312,0.5395791610991697
715,14.172774227893186,5.923777908245806,0.5395420481203251
716,14.181526177405939,5.9290184557395085,0.5395231287885837
717,14.199030156978367,5.939498928896373,0.5394848098879426
718,14.216534221332196,5.949978651247875,0.5394462771283755
719,14.225286389065552,5.9552182048474975,0.5394270758068802
720,14.234038683434695,5.960457631910269,0.5394078957215587
721,14.24279119448389,5.965696959224733,0.539388700486398
722,14.260296688254613,5.976175193099784,0.5393501182616613
723,14.277803039025775,5.986653082727776,0.5393111404051302
724,14.286556551641327,5.991891891880366,0.5392915310863904
725,14.304063889642196,6.0023689049942375,0.5392522038762861
726,14.321571751648438,6.012845196065191,0.5392126263866631
727,14.330325734838043,6.018083026905997,0.5391926068362299
728,14.34783367465119,6.028558046796047,0.5391518144599244
729,14.365341813549417,6.039032259267812,0.5391100631177749
730,14.38284998149207,6.049505424696629,0.5390678029557617
731,14.400358525423881,6.059977800487479,0.5390255446149081
732,14.41786745540402,6.070449375027408,0.5389833955836681
733,14.435377193823758,6.0809205832131825,0.5389410543111419
734,14.452887752629128,6.091391186408908,0.5388983760216414
735,14.470399165582958,6.101861230668114,0.5388554187634634
736,14.479155177157827,6.10709604753582,0.5388338750151441
737,14.496667315895378,6.117564982094848,0.5387905758623637
738,14.514179772470815,6.12803321948941,0.5387466398337164
739,14.531692346193793,6.138500287391777,0.5387018237153465
740,14.549205132159223,6.148966420523085,0.5386561842372984
741,14.557961553359958,6.154199139052012,0.5386331898327879
742,14.566717986329618,6.159431576048355,0.5386101841273793
743,14.584231302535661,6.169895974179475,0.5385642559318286
744,14.601745198003504,6.180359558075852,0.5385184001887884
745,14.619259968563934,6.190822538037963,0.5384723283226162
746,14.636775607778693,6.201285041732563,0.5384258382489644
747,14.65429198829168,6.211746910200925,0.5383791000393534
748,14.67180907438252,6.222207971416521,0.5383322178710607
749,14.689326349472834,6.232667906105043,0.5382848602501806
750,14.706843914371127,6.243126969764857,0.5382365898740423
751,14.72436153337625,6.253585034401671,0.5381873952519419
752,14.741879428964037,6.264042064867944,0.5381378140926933
753,14.768156988010714,6.279725653691579,0.5380636345272503
754,14.78567630262607,6.290180617134361,0.5380141319652849
755,14.80319642931885,6.300634853398943,0.5379643123519642
756,14.811956921488557,6.305861771205087,0.5379392833475759
757,14.820717627622841,6.311088506955504,0.5379141915457175
758,14.838239420910453,6.321541279507611,0.5378638927260639
759,14.85576181143404,6.331993264981341,0.5378133228826274
760,14.873284400236473,6.34244419732026,0.5377620951245676
761,14.890807384872632,6.352894009066718,0.5377099971037869
762,14.908330422701898,6.363342678295659,0.537657140085398
763,14.917092031449661,6.368566627266321,0.5376306088017284
764,14.934615662495453,6.379013791461193,0.5375776497504182
765,14.960902223694232,6.3946828223064704,0.5374984025279185
766,14.978427769841938,6.405127943948529,0.5374453096334796
767,15.0047179186599,6.420794349876638,0.5373651038897829
768,15.022245506779493,6.431237574774202,0.5373113807850546
769,15.039773608455398,6.441679835628067,0.5372572731041195
770,15.057301940178837,6.45212080940686,0.5372024200527806
771,15.074830597435788,6.4625607920590085,0.5371466045099877
772,15.092359446662662,6.472999539319645,0.537090213403057
773,15.101124003987872,6.478218474591967,0.5370619848701012
774,15.109888771523826,6.483437192463674,0.5370338163424653
775,15.127418653376848,6.493873785025985,0.536977690006486
776,15.144949363793607,6.5043096287173,0.5369215359542752
777,15.162481061298047,6.514744797444829,0.5368650723319985
778,15.180013727929026,6.525179113419654,0.5368083996541214
779,15.188780434459948,6.5303959877997615,0.5367800172701291
780,15.20631416948543,6.540828832333,0.5367231453601294
781,15.223848348240107,6.5512606786261465,0.536665708751329
782,15.232615539964044,6.556476194396511,0.536636621357997
783,15.241382731813212,6.561691347988711,0.5366072779835016
784,15.25891750959105,6.572120721384197,0.5365480221531522
785,15.276452635778512,6.582548861326713,0.5364883548920658
786,15.293988176691364,6.592975912035131,0.5364286994977405
787,15.302756219500441,6.598189103357783,0.5363988942578388
788,15.320292847522273,6.608614787483093,0.5363391870060847
789,15.337830686000416,6.619039608537251,0.5362792291239996
790,15.34659996838656,6.624251682992477,0.5362491248918642
791,15.36413909813735,6.634675171961152,0.5361887294872073
792,15.372909030430236,6.639886625515747,0.5361584810045102
793,15.38167910102354,6.645097744361545,0.5361281916916313
794,15.39921948263228,6.655519091967283,0.5360672484955821
795,15.416760347503054,6.665939274314478,0.5360055346097294
796,15.425530820211884,6.67114882652342,0.535974341896133
797,15.443072011127946,6.681567078969279,0.5359114525732045
798,15.46061373178317,6.691984085621713,0.5358484085940742
799,15.469384740002873,6.697192073107161,0.5358169473051081
800,15.486927398853823,6.707607297937529,0.5357541149743591
801,15.495699091354313,6.712814676491565,0.5357226219185445
802,15.504471019320198,6.718021829472833,0.5356910456956476
803,15.522015583799424,6.728435389232195,0.5356276385169911
804,15.539561327293423,6.738848007684634,0.5355640294853108
805,15.55710775195583,6.749259436914391,0.535500318251071
806,15.574654827769152,6.759669815227317,0.5354362634673766
807,15.59220216665241,6.7700789131341255,0.5353714479542558
808,15.609749951977648,6.780486660507257,0.5353058242474903
809,15.62729811656351,6.790893060259251,0.5352396789535143
810,15.644846795373883,6.801298169215378,0.5351735176650989
811,15.653621377247573,6.806500318239439,0.5351404783104027
812,15.662396112544457,6.811702201065786,0.5351074475803393
813,15.671171065444128,6.816903769813796,0.5350744006993239
814,15.679946377266695,6.822105130657138,0.5350413169962398
815,15.688721995407814,6.827306269340925,0.5350081459985114
816,15.697497825512267,6.832507140792914,0.5349748791853267
817,15.70627389393377,6.837707815420087,0.5349415179950892
818,15.715050204227405,6.8429082452329695,0.5349081113903501
819,15.723826817997034,6.848108454467167,0.5348746802785511
820,15.741380346948148,6.858507886780751,0.5348076754065757
821,15.75015736147675,6.863707134075122,0.5347740428294584
822,15.767711805965524,6.874104636933732,0.5347062743010733
823,15.785266513662293,6.884500619894887,0.5346376624521039
824,15.802821709314593,6.894895402728183,0.5345684298774857
825,15.811599427209817,6.900092209561135,0.5345337698577499
826,15.820377343719203,6.905288652481023,0.5344991577401086
827,15.82915548021565,6.910484856383177,0.5344645853846527
828,15.837933809881122,6.915680766982538,0.5344300307770499
829,15.846712293863236,6.920876428097582,0.5343954376521544
830,15.855491010394948,6.926071815651568,0.5343607878354821
831,15.86427007688461,6.931267011328991,0.5343260598529714
832,15.881829047072442,6.941656577768067,0.534256365424974
833,15.89060887535887,6.9468509301581856,0.5342214266966864
834,15.899388990794822,6.952045054605724,0.5341864569921766
835,15.908169382437649,6.95723888941143,0.5341514770242732
836,15.916949883560795,6.962432376731306,0.5341164485325582
837,15.934511264070453,6.97281832239456,0.5340460766404417
838,15.952073177964087,6.983202956147314,0.5339749547960434
839,15.960854205767859,6.988394725268645,0.5339390563517067
840,15.978416663235027,6.998777212137338,0.5338668410667168
841,15.995979653811668,7.009158195299833,0.5337944964192761
842,16.013543322734822,7.019537895594646,0.5337222832159305
843,16.031108016764573,7.029916477473678,0.533650066920772
844,16.048673733675106,7.040293934635381,0.5335775768538613
845,16.066240659595817,7.050670480629024,0.5335047258593534
846,16.083808446575873,7.061045793768383,0.5334317225478933
847,16.101377122980804,7.071419803519555,0.5333586067434861
848,16.118946329931312,7.081792321339207,0.5332850306107317
849,16.136516045633442,7.0921635165141375,0.5332106110163896
850,16.154086073500025,7.10253316208488,0.5331354801677128
851,16.162871334991614,7.107717495859384,0.5330977875289492
852,16.171656709354618,7.112901433415209,0.5330600998857995
853,16.180442200580124,7.118084975547414,0.5330224614982798
854,16.189228013525863,7.12326816518953,0.5329848978773117
855,16.20680034564484,7.133633662563871,0.5329097560924777
856,16.224373658182156,7.143998119361923,0.5328343033584322
857,16.23316083103176,7.149179981287241,0.5327964397034066
858,16.250735833963855,7.159542806880848,0.5327205056411305
859,16.26831185682319,7.169904319267783,0.5326445131965996
860,16.27710022314113,7.175084605270605,0.5326064517274967
861,16.28588865126623,7.180264457415002,0.5325682960227917
862,16.294677222919248,7.185443932269086,0.5325299884850748
863,16.303465962454062,7.190623077451537,0.5324914842518434
864,16.3210437661924,7.200980243202857,0.5324138310808422
865,16.338621979763484,7.2113358393317,0.5323356206649248
866,16.35620099260957,7.221689882195703,0.5322574031502201
867,16.364990686076148,7.226866333323421,0.5322183443383237
868,16.382570887515282,7.237218408059763,0.5321402376066902
869,16.40015206457205,7.247569287157861,0.5320618847069255
870,16.426526409343584,7.263093345756397,0.5319438614117062
871,16.435318325404378,7.268267437538077,0.5319044115071261
872,16.444110415622102,7.273441210270768,0.5318648988612378
873,16.461695286694255,7.283787726312074,0.5317857813283156
874,16.479280745774666,7.29413250771952,0.5317062092187702
875,16.48807368126115,7.299304401879709,0.5316661038434379
876,16.505659936126495,7.309646957951919,0.5315853345465031
877,16.523246670127993,7.319987940239533,0.5315041663852694
878,16.532040348865294,7.3251579072377435,0.5314635817588235
879,16.54083418997428,7.330327430987347,0.5314230590925731
880,16.549628251855907,7.335496540459318,0.5313825844207497
881,16.5584226064628,7.340665372815884,0.5313421102058856
882,16.567217262658705,7.34583390607386,0.5313015825540058
883,16.584807281106237,7.3561700818437865,0.5312202239571664
884,16.59360278658273,7.36133774180561,0.531179425623047
885,16.611194827500203,7.371671979751285,0.531097760952046
886,16.619991147738215,7.3768385659911315,0.531056889207434
887,16.637584405152133,7.387170872182038,0.5309749661505081
888,16.65517820681641,7.397501535928077,0.5308925881588257
889,16.672772725904267,7.4078305707658885,0.5308095080718835
890,16.690367695019916,7.418157940967036,0.5307257440668564
891,16.70796335571201,7.428483728675407,0.5306417880890991
892,16.716761490493592,7.433646036509885,0.5305998631936517
893,16.725559801129464,7.438807914321553,0.5305579740496222
894,16.7431571673076,7.449130752449501,0.5304741352045003
895,16.760755807603598,7.459452384657521,0.530390009975988
896,16.778355640690076,7.469772669045072,0.5303055617909239
897,16.795956728751943,7.480091627137651,0.5302209777027841
898,16.813558605226827,7.490409030745464,0.5301362751940404
899,16.83116127901271,7.500725008053688,0.5300511613177774
900,16.839962750631845,7.505882310333799,0.5300083448070292
901,16.85756623921014,7.5161957069233685,0.5299221664672306
902,16.875170391854457,7.526507373572155,0.5298355237142391
903,16.892775160611624,7.536817351406693,0.529748830178941
904,16.910380860585967,7.547125969809491,0.5296622206090749
905,16.936791467935738,7.562586133386276,0.5295321214143479
906,16.954400138361247,7.572891300955525,0.529444961159331
907,16.963204866191393,7.578043359306086,0.5294012840100237
908,16.980815292616697,7.588346422382642,0.5293139038054377
909,16.99842653867599,7.59864782378619,0.5292263643918022
910,17.016038519725036,7.608947588913325,0.5291383225227257
911,17.042457486000213,7.624394080980273,0.5290047893832649
912,17.060071008321373,7.634689626868,0.5289152388954987
913,17.07768523261523,7.644983387366845,0.5288257671367433
914,17.09530058503532,7.655275668949866,0.5287363950273279
915,17.112916966976144,7.665566479918272,0.5286468037151362
916,17.13934404164804,7.681000330182558,0.5285117489857004
917,17.156963583050164,7.691287596879461,0.5284215659231674
918,17.174584064985826,7.701573313411954,0.5283312557660441
919,17.19220521896452,7.711857367892124,0.5282404922873866
920,17.20101609959833,7.716998755765962,0.5281948490334073
921,17.21863822860616,7.727280095668423,0.5281030277295171
922,17.236261091828613,7.7375597160606535,0.5280107874445582
923,17.262696781361043,7.752975921873341,0.5278724609131459
924,17.280322018868553,7.763251438040205,0.5277803158710505
925,17.297948403684813,7.773525406047557,0.5276879010634007
926,17.31557617856606,7.783798111282011,0.5275951079047618
927,17.33320505714579,7.7940692832650456,0.5275021380013716
928,17.350835012569117,7.80433883614208,0.5274091120310507
929,17.368465627000027,7.81460668870847,0.527338594753773
930,17.37728094094873,7.819740204879117,0.5273546553882784
931,17.386096059580098,7.8248739298738945,0.5274031696553015
932,17.40372468977262,7.835142912806765,0.5275739751815876
933,17.42135087174368,7.845415238140719,0.5278147553342701
934,17.438974201319144,7.855692010306955,0.5281016735915556
935,17.44778465396488,7.860832306550419,0.5282571779160996
936,17.465403410728275,7.871117295231595,0.5285848795261783
937,17.491825460238314,7.886556314400129,0.5291032567770088
938,17.509436105780352,7.8968569438149645,0.5294594606692602
939,17.52704300393724,7.907163815865589,0.529820538298833
940,17.544646105563416,7.917477155849881,0.5301842311289442
941,17.562245096161455,7.9277966049016495,0.5305489962123483
942,17.579840289348454,7.938122189098249,0.5309139911000481
943,17.597431212815664,7.9484540579975675,0.5312787940588716
944,17.615018135436017,7.958792680029748,0.5316432967889703
945,17.62381014203329,7.963964318407712,0.5318254565242414
946,17.650181343246267,7.979488710864429,0.5323713486422997
947,17.667757826170895,7.98984651452053,0.5327340751380168
948,17.68533080513456,8.000211095213327,0.5330957072276201
949,17.702900053287213,8.010582013781463,0.5334564643849019
950,17.72046552642822,8.02095927042672,0.5338161319161211
951,17.74680635980619,8.03653640558561,0.5343529084959212
952,17.764361959194577,8.046928933393117,0.5347088195171437
953,17.78191350921014,8.057327515781855,0.5350636363723783
954,17.790687859032385,8.06252912874389,0.5352407568923762
955,17.79946138121538,8.067732344209613,0.5354177012473108
956,17.80823395218444,8.07293705904372,0.5355944508421958
957,17.817005665377234,8.078143311626496,0.5357709743559371
958,17.825776568000155,8.083351199745659,0.5359472221624318
959,17.83454669274827,8.08856072285727,0.5361231674520788
960,17.852084272680184,8.098984539631042,0.5364741537505462
961,17.869618512380395,8.109414684202347,0.5368241251575319
962,17.887149093039305,8.119850885293152,0.5371731113101675
963,17.904675930014392,8.130293143328318,0.5375208309057842
964,17.922198870149327,8.140741271844675,0.537866974105798
965,17.93971787418149,8.151195394940503,0.5382115351911458
966,17.957233085443992,8.16165535763889,0.5385549902419702
967,17.965989253068177,8.166887491810245,0.5387264386633398
968,17.983499028766097,8.17735638549357,0.5390688046255526
969,18.009757327093133,8.193071214940105,0.5395806132046136
970,18.02725882814152,8.203555608353078,0.5399204094033335
971,18.044756991216556,8.21404597052238,0.5402592240869126
972,18.062251787454255,8.22454229602277,0.540597110807779
973,18.079742828814897,8.235044315020009,0.5409337977378647
974,18.09723017680485,8.245552291177223,0.5412687707480764
975,18.11471359860208,8.256065836158063,0.5416020877840318
976,18.132193366998294,8.266585088740706,0.5419341869889216
977,18.14966950009728,8.277109858186812,0.5422427525037239
978,18.1671433042657,8.287639476100297,0.5424154584104234
979,18.184616194846377,8.298171368138535,0.5424806339071031
980,18.202089355474193,8.308704240392778,0.5424745960830117
981,18.21956305431585,8.319236776874007,0.54242145542798
982,18.23703770491536,8.329768352092383,0.5423372103500335
983,18.245775378900273,8.335033482918123,0.5422868437546333
984,18.26325136941619,8.345562206748896,0.5421741813380895
985,18.289467418414883,8.361351179570978,0.5419845759478216
986,18.306946103506593,8.371874203392824,0.541849683956154
987,18.324426082186733,8.3823947161315,0.5417110307722802
988,18.341907604485108,8.39291273845645,0.5415701413096481
989,18.359390824525377,8.403428433373845,0.5414276443136524
990,18.368133070981248,8.408685454254599,0.5413559017288628
991,18.37687585804216,8.413941945482478,0.5412839149443771
992,18.38561913525033,8.419197823181719,0.5412117535842418
993,18.403106881336267,8.429707623962521,0.5410670652552579
994,18.41185140491563,8.434961645252045,0.5409945820918064
995,18.419740315462633,8.439701315429847,0.541168285059073
996,18.432550258379194,8.447410862500622,0.5427298362455752
997,18.44139061867504,8.452756415019044,0.5454417336290982
998,18.446265272637895,8.455723795417736,0.5489078380675082
999,18.447194674964553,8.45629379082572,0.5528633915296797
1000,18.444191395895754,8.454432571781032,0.5571340170208244
1001,18.43727208699466,8.45010232845785,0.5616106115922387
1002,18.4264654255588,8.443271721315645,0.5662198332924296
1003,18.417040016820167,8.437259411138552,0.5708913001761949
1004,18.413779250016244,8.435161927791539,0.5732372871841136
1005,18.4114884917989,8.433680731074089,0.575589173234756
1006,18.408574966538747,8.431780887437204,0.5786651374907356
1007,18.40757276491915,8.431124477580738,0.5778006351011696
1008,18.406834223200242,8.43064227966091,0.5743063359014948
1009,18.406399622881256,8.430360520509918,0.5676206950848118
1010,18.406320144668257,8.430305302076984,0.5573598162841388
1011,18.406757592851235,8.430569745942279,0.5433834562410803
1012,18.407526192879946,8.43102342397119,0.5258507838734396
1013,18.408346348549923,8.431495018835772,0.5068337375889054
1014,18.409179749214243,8.431949289393408,0.48813129725790555
1015,18.410023418087384,8.432388317004865,0.46969597935685536
1016,18.411526768442823,8.433129437295845,0.4496325337141197
1017,18.413166807528906,8.433906280440443,0.4280982806330277
1018,18.414829986961443,8.434648349325954,0.40687265232859704
1019,18.416292513978203,8.435259107552229,0.384920850409756
1020,18.417725262311244,8.435826090824756,0.36225412078723473
1021,18.419156437210845,8.43635688672643,0.34057721948632225
1022,18.420169575618992,8.43670766770611,0.32092162363982596
1023,18.421117327205312,8.437019038909021,0.3041499900888062
1024,18.42186237656096,8.437251244273652,0.29112925369766823
1025,18.422231590788112,8.437362735149597,0.2822684273702234
1026,18.42238458359796,8.437407339893008,0.2774645697289485
1027,18.422518176291646,8.437439498619728,0.2743912664926719
1028,18.42265012530737,8.43747450073865,0.2710811903978949
1029,18.422913080887906,8.43754482871816,0.26392106077856076
1030,18.42307099613698,8.437586779871564,0.2601481706555801
1031,18.42323345576168,8.437629485848397,0.2562818286813267
1032,18.423559455170846,8.437713561778741,0.24833962700489312
1033,18.42372295180278,8.43775459448852,0.24428997287186013
1034,18.423861306292636,8.43779135408473,0.24109693547538563
1035,18.423995110939135,8.437821380457038,0.23857438094336395
1036,18.42432096778256,8.437892486963458,0.22882320926825037
1037,18.42473566347399,8.437984253253939,0.219303564627477
1038,18.425471205445618,8.438142169254581,0.20584228561924287
1039,18.426386599280697,8.438325925173958,0.18840020170081467
1040,18.427335269643937,8.438504546528007,0.1693177006388724
1041,18.42924830982136,8.438803971297403,0.13218103514326932
1042,18.430169339394098,8.438922292200493,0.1140016384209222
1043,18.431086685433616,8.439023152069897,0.09602432428991416
1044,18.432924528602946,8.439176282420146,0.06048422135478396
1045,18.433845116287078,8.43922859602336,0.042849563475222875
1046,18.43472213649129,8.43926350380601,0.02529199632204829
1047,18.43559324760934,8.439283429413349,0.007807320501282606
1048,18.436464084928154,8.439288514282708,-0.0096301074115783
1049,18.43820521648694,8.439254232545096,-0.044441580605371275
1050,18.439773962556625,8.439171436639324,-0.07909542648055055
1051,18.4405505396637,8.439110287061547,-0.09635348645596271
1052,18.441326019793614,8.439035936918787,-0.11359500226825128
1053,18.44209997385772,8.438948491424556,-0.130836023407276
1054,18.442780636705542,8.438861010426642,-0.14802251348854548
1055,18.443446017663938,8.438763920638442,-0.16511734348531634
1056,18.444769631053582,8.438536649453772,-0.19915218298839085
1057,18.445427613242124,8.438406603875185,-0.2161358209455284
1058,18.446073840466596,8.438267676401502,-0.23310353360277705
1059,18.446715844034323,8.43811813215189,-0.2500560949137504
1060,18.447354617999807,8.43795808766619,-0.26700682694829625
1061,18.44798979094954,8.437786923137564,-0.2839662318259849
1062,18.449266032010392,8.437406138413893,-0.3030427239124518
1063,18.45038906393905,8.437055584210606,-0.3255081192704251
1064,18.45146793713602,8.436692906400387,-0.3498684553257317
1065,18.45360020386831,8.435894098893558,-0.3982307451265157
1066,18.45537839460957,8.435138927412458,-0.4395235156074761
1067,18.45590033908794,8.434900318834282,-0.45612268722585764
1068,18.456400663213678,8.434655664341362,-0.47128957642235664
1069,18.456898396362522,8.43440540525645,-0.48644913751981705
1070,18.45697987855764,8.434372886176018,-0.5003119496670897
1071,18.457010029716542,8.434358871676235,-0.5131813103305821
1072,18.457043273094307,8.434345597657156,-0.5264483292661659
1073,18.45624495754347,8.434846812564414,-0.5525989205522074
1074,18.45443817301847,8.435976717804389,-0.5631433806914905
1075,18.44793253191344,8.440164457389617,-0.5796232554779825
1076,18.437633727252276,8.44699570799536,-0.591754732057965
1077,18.423577458898773,8.456532241792628,-0.6010095612919116
1078,18.415151838731102,8.462326948428627,-0.6048708174306164
1079,18.405794367990183,8.468813489426987,-0.6083433581182798
1080,18.38430939890993,8.483864815787797,-0.6143957598707183
1081,18.35913006271797,8.501715434814079,-0.6195852216077705
1082,18.345164141323973,8.511694173386182,-0.6219456243896057
1083,18.330282661420163,8.522379228545073,-0.6241843785860974
1084,18.29777477926407,8.545882523722904,-0.6283792000131431
1085,18.28174577713477,8.557546651384468,-0.6303731998582837
1086,18.2666588989842,8.568574076332517,-0.6323187932939736
1087,18.239323195925536,8.588674100247522,-0.6360897174036088
1088,18.215770463733985,8.6061268700869,-0.6397231197006791
1089,18.205407759793008,8.613849981314605,-0.6414973850307266
1090,18.18750102771986,8.627267652407467,-0.6449782214397245
1091,18.1733307972329,8.637962215659577,-0.6483859258853134
1092,18.162871748807014,8.645912013007376,-0.6517347668876223
1093,18.15611004116216,8.651087413631926,-0.6550305457005727
1094,18.154112418252197,8.652624652897716,-0.65666200467919
1095,18.152867322553412,8.653587483715636,-0.6598946874402628
1096,18.155272974320795,8.651715781038643,-0.663088131488266
1097,18.161314670749196,8.646983601022557,-0.6662430649943429
1098,18.17096841119402,8.63937288098629,-0.6693578517630048
1099,18.183734409393445,8.629248021570461,-0.6718760957693964
1100,18.197811627714525,8.61806360330558,-0.6691521337475609
1101,18.212982372608366,8.60618139743494,-0.6552735114988474
1102,18.22920763220985,8.593963182106503,-0.6292018549339925
1103,18.245785889052584,8.582177332316665,-0.6015329021130116
1104,18.262685781787738,8.57085145001581,-0.5740915607144038
1105,18.279889177004538,8.559991298851626,-0.5469016428544945
1106,18.29737955330586,8.549599883658553,-0.5199759511830996
1107,18.3241216480211,8.534898488852464,-0.4800676353248079
1108,18.34226431249561,8.525691604257016,-0.4537534082427269
1109,18.36064126129827,8.516963889438772,-0.42764196410937605
1110,18.379237267132346,8.50871669862377,-0.401704104648901
1111,18.398039612232214,8.500953626489366,-0.3759095909568581
1112,18.417033797863823,8.493677058088249,-0.3502262890055378
1113,18.436206011086902,8.48689007643638,-0.32462223814554003
1114,18.45554436282734,8.480595705947568,-0.2991647080290159
1115,18.475036061725437,8.474789786005049,-0.2743078874724645
1116,18.494666745061405,8.469466458124908,-0.24987244352200083
1117,18.514421656199282,8.464622096498257,-0.2256592554170707
1118,18.53428715554932,8.460255800191169,-0.20153591568379078
1119,18.554251168674018,8.456370264783981,-0.17741048329628256
1120,18.574301658771272,8.452968508354266,-0.15324159319687924
1121,18.584355265122568,8.451449413287076,-0.1411727564241402
1122,18.604512205661138,8.448776186559272,-0.11702386536073855
1123,18.623731829012733,8.446699138386387,-0.09090055919718233
1124,18.6317110254227,8.446006547470747,-0.073591298051891
1125,18.644217995280236,8.445260940500242,-0.03173444102428096
1126,18.653781961296467,8.445118236638695,0.014619577382183774
1127,18.662385752180505,8.445382253163789,0.055713922722419526
1128,18.66974569145396,8.445882865426901,0.0842817802527591
1129,18.672929242678986,8.446160171706468,0.09271629351461508
1130,18.675693201038875,8.446420591950744,0.09685493911764997
1131,18.677939080548075,8.44663894651734,0.09666623179726207
1132,18.68070590329797,8.446897934259459,0.08361375110714002
1133,18.68267462112328,8.447035725303364,0.054621267449444115
1134,18.685052009706023,8.447154344776461,0.035693094717475164
1135,18.690475439079737,8.447270201757737,-0.00438811775797998
1136,18.695205847034906,8.44719838935244,-0.03946791467986213
1137,18.696634238658145,8.447139681281218,-0.05387927011016872
1138,18.69811863077065,8.447056994289529,-0.07422868288159958
1139,18.698873141538712,8.446994714628008,-0.08719409826463564
1140,18.699472268881692,8.44693686526139,-0.10652195133467111
1141,18.699979259514734,8.446886541523666,-0.13654689119185368
1142,18.700244237234422,8.446854958683897,-0.15206351331847667
1143,18.70050784493621,8.446818530505336,-0.16743792859239884
1144,18.700770272646576,8.446778295122147,-0.18272498442629231
1145,18.701031705676876,8.446734072508391,-0.19796452736193954
1146,18.702260748079865,8.446481476669234,-0.21457807213613142
1147,18.704609816744405,8.44596131190833,-0.23358818187989122
1148,18.711434309324268,8.444229651784086,-0.27550979119694646
1149,18.715207264672063,8.44314802012263,-0.29586656659900346
1150,18.721565182921914,8.441128490825164,-0.3306863400647253
1151,18.727521399132815,8.439012447269148,-0.36089858336917957
1152,18.73047379815808,8.437888202658165,-0.37604640637525727
1153,18.733896259953635,8.436510813754877,-0.4027892997388047
1154,18.736643939576425,8.435315592270785,-0.42818576050029644
1155,18.738005265713337,8.434693168328819,-0.441816677156843
1156,18.7384428502332,8.434494395479092,-0.45494483727422236
1157,18.73870556901575,8.434367213395893,-0.4677120564591141
1158,18.739213271912003,8.434116060412165,-0.49488779076600053
1159,18.738620241358095,8.434450062435115,-0.5081355280602686
1160,18.737027685672974,8.435351569732,-0.5200344464463809
1161,18.734444404814326,8.436848548282054,-0.5308373543508478
1162,18.726355918862275,8.441702452726256,-0.5499430408715723
1163,18.720866673266457,8.445093496693703,-0.5585416194858539
1164,18.714430466448118,8.449144242370009,-0.5666521270035684
1165,18.69873724349419,8.459283073481956,-0.5817302249185505
1166,18.689501588869884,8.465392029791758,-0.5888203619295929
1167,18.668287119324624,8.479746972795525,-0.6023193603408135
1168,18.643461979140387,8.497024249998859,-0.6151010406503948
1169,18.629719692706185,8.506779507517225,-0.6212747002460078
1170,18.616691865057124,8.516148169401296,-0.6273301924158459
1171,18.604642414333888,8.524927368870614,-0.6332815668943343
1172,18.59356677788587,8.533097469650512,-0.639137908579826
1173,18.583460432795547,8.540643861648984,-0.6449072555541264
1174,18.566134810225172,8.553811419781079,-0.6562008523275508
1175,18.55889986663776,8.55940814458182,-0.661736780727643
1176,18.552606429527824,8.56433236851186,-0.6672053876184213
1177,18.542814345071772,8.572120442800895,-0.6779553350636868
1178,18.536690787558754,8.577098624121522,-0.6884674460706878
1179,18.533386926573947,8.579845369583264,-0.6976921748207972
1180,18.532216695834826,8.580831589101667,-0.7002863707241418
1181,18.530611867689732,8.58218437169155,-0.6976521857772027
1182,18.530602919490484,8.582184407396694,-0.6826727986313953
1183,18.530747092205903,8.582061124060651,-0.6725247385552
1184,18.53089311982112,8.581940359063472,-0.662686913912981
1185,18.53104248932046,8.581819855221909,-0.6531256123599382
1186,18.531299469010175,8.581617536540444,-0.6320384408962352
1187,18.531416162767734,8.581526574664688,-0.6217375722106533
1188,18.531535370623146,8.58143661435251,-0.6130073318615108
1189,18.531657985752553,8.581347383612359,-0.6063398354228822
1190,18.531780965308236,8.58126304080112,-0.6009161899807901
1191,18.532029290449866,8.581090399080269,-0.5909346985433173
1192,18.53215573710505,8.581005692556614,-0.5854221045884667
1193,18.532290118373943,8.580914632419718,-0.5779032322894234
1194,18.532428301562888,8.580819887034199,-0.567521186319806
1195,18.532557861996516,8.580729168716692,-0.5555488455335404
1196,18.5328187333015,8.58055817506011,-0.5312858078217998
1197,18.533083076284225,8.580393996811338,-0.5068339503257925
1198,18.53374360450032,8.580022823271015,-0.47850840959506674
1199,18.534083854657645,8.579841168507437,-0.46433722693418505
1200,18.53477570191321,8.5794918227761,-0.43721600417675405
1201,18.53547823334876,8.579160478448067,-0.4112852130147945
1202,18.53621599986465,8.578837957516068,-0.397030999232668
1203,18.536991142612322,8.578507659944412,-0.3817128751241355
1204,18.538556460171538,8.577887724246429,-0.3529071245903432
1205,18.53867287169156,8.577842130260203,-0.3375556391961862
1206,18.538622484937882,8.577838603517748,-0.30127719311840356
1207,18.538547707226744,8.577836332923516,-0.24897101433705549
1208,18.538474682197368,8.577844679899902,-0.21971038959055947
1209,18.535346423933216,8.578491943366393,-0.19350219255116452
1210,18.527676727237623,8.57990339854181,-0.17012148550379516
1211,18.515412925151956,8.581885049571996,-0.14837102797117166
1212,18.498539271696973,8.58424871362414,-0.12750950945912476
1213,18.488362395697628,8.585517922581236,-0.11726197389096406
1214,18.46452812608015,8.588116721277622,-0.09693582689782722
1215,18.45086446085166,8.589400577705046,-0.08680154249918481
1216,18.420038529703923,8.591818238295449,-0.0664933919612221
1217,18.390886941080982,8.593524433893482,-0.0460659875563904
1218,18.37801594171582,8.594077536216767,-0.03578350530718736
1219,18.366292801652023,8.594460436522901,-0.025440846978434413
1220,18.355721289120165,8.594695948663691,-0.015028850262416751
1221,18.346302780599665,8.594807724981624,-0.00454107171892708
1222,18.338041503783398,8.594818416043498,0.006027579748923991
1223,18.330937925447163,8.59475220745519,0.016681207379162816
1224,18.320199026795216,8.594485215954117,0.03825503841532698
1225,18.313529630398698,8.594172348630615,0.059706754000616216
1226,18.31085333359997,8.594002985971109,0.06883940623349977
1227,18.308484769904872,8.593833709499641,0.07562804776949476
1228,18.306461282823015,8.593677128342213,0.07934711664977781
1229,18.303696303625756,8.593454592581898,0.07582831464276141
1230,18.30300269362004,8.593402277318166,0.05642188694858731
1231,18.303284385798825,8.593423861602805,0.028929160666379905
1232,18.303590996227392,8.593433527949617,0.001196011270530254
1233,18.303863083025583,8.593435012927237,-0.026862359862372644
1234,18.30399824667264,8.593433174226748,-0.0410283579290893
1235,18.30413344323395,8.593429703691934,-0.05529703183522324
1236,18.304268737322367,8.593424641971136,-0.06967460812569774
1237,18.30439725319765,8.593418450185354,-0.08415999428258258
1238,18.304525020518533,8.593410690928106,-0.0987527721800611
1239,18.30465286655237,8.59340125969457,-0.11345787454417697
1240,18.304780679324782,8.59339011815169,-0.12827865670863484
1241,18.30490844789179,8.593377192963134,-0.14321768981504918
1242,18.30516324154805,8.593346246540188,-0.17345513163312914
1243,18.305290360302074,8.593328316774933,-0.18875365661807766
1244,18.305435529496386,8.593304929276943,-0.20423319544269317
1245,18.305583019736012,8.593279185543786,-0.2199366089253067
1246,18.305730276707664,8.59325142570652,-0.2358381646946624
1247,18.305877210614046,8.593221512738456,-0.25191624232494886
1248,18.306023584642638,8.593189504160469,-0.2681524929143152
1249,18.305973160025804,8.59320698998184,-0.2858070440189173
1250,18.30600526788419,8.593204688931621,-0.3052824683121757
1251,18.306054705303865,8.593199396054828,-0.32510305204092266
1252,18.30610348950872,8.593193352968674,-0.3440249821932554
1253,18.30620645636403,8.5931702277712,-0.3775353325363558
1254,18.306263351248706,8.593154681180415,-0.39382872754810416
1255,18.305395213398665,8.593531404375849,-0.409340318543123
1256,18.30347349142909,8.594382879138857,-0.42348168480280773
1257,18.30225514019076,8.594941944444741,-0.43648189377792496
1258,18.301470452723816,8.595328663357261,-0.4578980165341099
1259,18.30212028736852,8.595010857895945,-0.46916562785912985
1260,18.3027030361379,8.5947162380708,-0.4700497649513188
1261,18.303863495259105,8.594121603381588,-0.4700432978117011
1262,18.30444666344157,8.59382532787535,-0.4707921794872335
1263,18.305030335696106,8.593528203835124,-0.47190798973035464
1264,18.308988520960863,8.59151147369002,-0.46897764353281024
1265,18.317061282992547,8.587462068336409,-0.4577636112989353
1266,18.322669978461995,8.584711779620449,-0.45004000189145144
1267,18.32934365013651,8.581506200774744,-0.44128136856260897
1268,18.337092935680456,8.57787039748631,-0.43169876879255964
1269,18.345928780223183,8.573830615712618,-0.4214628990968718
1270,18.355195149588315,8.56971227954055,-0.41055721301998044
1271,18.364535791780046,8.565681305657911,-0.39945718803064734
1272,18.37392237237177,8.561753484604653,-0.38865820945082696
1273,18.38335177946525,8.557926417598424,-0.3781036257009518
1274,18.40232714501565,8.550567511424331,-0.35753931373002334
1275,18.41186998986217,8.547033410888458,-0.34745667170325045
1276,18.431059807546784,8.54025356058834,-0.3275556310862584
1277,18.440726215910637,8.537001692413448,-0.3169571648892227
1278,18.460114840453056,8.530825813539213,-0.2950528470701995
1279,18.479629553052277,8.52507070847252,-0.2740775366128596
1280,18.499260455258018,8.519720098374044,-0.2536194762660677
1281,18.518998556787505,8.514769159052635,-0.23350076838909475
1282,18.538833286840017,8.510213874756424,-0.21358956092136466
1283,18.558755202971938,8.506053394731705,-0.19371395310465844
1284,18.577788956928426,8.50247048711886,-0.172956625394103
1285,18.585715428426496,8.501111333240749,-0.16074093923859276
1286,18.59817914937673,8.499211650322573,-0.1331309666486915
1287,18.602708673737702,8.498621202216118,-0.11813922460461336
1288,18.60609729253586,8.498230548521162,-0.10254741919631609
1289,18.608336422650563,8.498006655921456,-0.0864582872343097
1290,18.609426452558083,8.497913329868268,-0.06995001085915684
1291,18.61132866911948,8.497793905506493,-0.04014518174487884
1292,18.61228704109357,8.49775612607879,-0.029676804826809337
1293,18.614241645978044,8.497705167178081,-0.022521665991771314
1294,18.61646471939327,8.497640667269726,-0.03787944888897261
1295,18.61915082299843,8.497524073273018,-0.0654612775940802
1296,18.62142994552244,8.497360885011666,-0.08183949791341869
1297,18.62445126434121,8.497098793166328,-0.10203360445544254
1298,18.627661229567856,8.49675586000546,-0.12410858223349976
1299,18.630879528760794,8.496342767164563,-0.14604425818812292
1300,18.63432400538074,8.495822958803439,-0.16640924280852662
1301,18.64167405050335,8.494496016661007,-0.19950873064051552
1302,18.64535069059997,8.493739199447088,-0.21354737588013073
1303,18.649018757568744,8.492931441629402,-0.22793895065578376
1304,18.652675508331313,8.492070719950766,-0.24263404049645093
1305,18.658974093305414,8.490454380451116,-0.2714817557703239
1306,18.6605049964441,8.49002701769478,-0.2833760532188279
1307,18.661654012348453,8.489691438995857,-0.2940484212936928
1308,18.663880521313807,8.489002821078877,-0.3155962921748997
1309,18.66426940042616,8.488879757876957,-0.32775276947330834
1310,18.664477543424013,8.488812454671798,-0.34089086494306525
1311,18.664672368242353,8.488748193094318,-0.35475075583237914
1312,18.6648644639951,8.488682155988771,-0.36918225029636026
1313,18.665245596406645,8.488543022324265,-0.39930853598944177
1314,18.66543468099672,8.488469322852197,-0.4148308742249021
1315,18.665550658644193,8.488425205761395,-0.43046877028118646
1316,18.665594146079474,8.4884120367858,-0.4461917300968592
1317,18.6656597822832,8.488394451321835,-0.47803704102043315
1318,18.66569165280785,8.48838522924722,-0.4940773083437824
1319,18.66491460835969,8.488817420485505,-0.5100514771285399
1320,18.66315586243916,8.489821300721152,-0.5258583725861775
1321,18.656718515160335,8.493696520798856,-0.5569961509105917
1322,18.64651734318958,8.500255997283249,-0.5875050720282646
1323,18.640052637791044,8.504616449481695,-0.602516340376225
1324,18.632704679641147,8.509732567040254,-0.6173577304511421
1325,18.62609529260906,8.514481486159736,-0.6320294400538005
1326,18.620488469305666,8.518637468904972,-0.6465042247607453
1327,18.612382929225454,8.525318181338774,-0.6746699026569617
1328,18.609593570070945,8.527597997987378,-0.6884977285982123
1329,18.607272094451183,8.529535668359546,-0.7018124718255458
1330,18.605214853799872,8.53130045529265,-0.7139867056234498
1331,18.601393567037416,8.534683975720203,-0.7321349478493309
1332,18.59853972489252,8.537277187713466,-0.7389577496692646
1333,18.597587548420137,8.53814800218539,-0.7375292119087735
1334,18.597151508483613,8.538543243058118,-0.7333485354879203
1335,18.59700362831946,8.538669867963797,-0.7277105232792481
1336,18.597331325356247,8.538375353996075,-0.7173002212639606
1337,18.597758154937832,8.537996904212294,-0.7146711074255495
1338,18.598152345622864,8.537649275718946,-0.7147854877535286
1339,18.598413825242226,8.537424456434707,-0.7179424338802858
1340,18.598449807005352,8.53739443742919,-0.7241286303825182
1341,18.59826041184244,8.537583999101606,-0.7324505106614342
1342,18.59723698050405,8.538531411749899,-0.7497869235929656
1343,18.59560187502255,8.540080987315799,-0.7606370839851102
1344,18.59486624343916,8.54078361766757,-0.7617366478050767
1345,18.594396871455583,8.541230256423358,-0.7595133905828084
1346,18.594254770227522,8.541362464848005,-0.753830499829528
1347,18.594472090407155,8.54115550799746,-0.7454145034895154
1348,18.59494216677387,8.540719880374114,-0.7357228741916292
1349,18.595525130202347,8.540186711844674,-0.7260212330217797
1350,18.59609956636018,8.539677137696433,-0.7172657460934946
1351,18.596831045466473,8.53903628092031,-0.7053214881562853
1352,18.59717854633323,8.538734306571309,-0.703324922997773
1353,18.597654335048,8.538326301648903,-0.704918830209807
1354,18.59824819075524,8.537808656049618,-0.7106901966781198
1355,18.599536124723972,8.536693401908733,-0.7364246724301875
1356,18.599954740283216,8.536326195125241,-0.7797483071460825
1357,18.599796722600672,8.536497695002168,-0.8048637057448734
1358,18.599442791091203,8.536889607821246,-0.8302510239840388
1359,18.598927735618524,8.537476760435638,-0.8546691262737566
1360,18.59828458475414,8.538241259663526,-0.877051269449371
1361,18.597624376661468,8.539057852458859,-0.8965877981584103
1362,18.5971267258884,8.53969687369929,-0.9128014022640242
1363,18.596889621744403,8.54001273360669,-0.9254592987909815
1364,18.59689067086604,8.540013320041657,-0.9345201773716159
1365,18.59695990933708,8.539916100541287,-0.9414650763434187
1366,18.597592643263233,8.53903993825365,-0.9517062246407771
1367,18.59814709100741,8.538257494323856,-0.9565609871307311
1368,18.59883800968936,8.537271962600924,-0.9627786612460522
1369,18.599636447845572,8.536115299170655,-0.9712869268628417
1370,18.60088112553319,8.534255076298294,-0.9972888447195731
1371,18.601385472417718,8.533469269977367,-1.0321610441389288
1372,18.601411924489906,8.53343137678742,-1.0495445241677102
1373,18.601322688355328,8.533594428071517,-1.0653179396398416
1374,18.60087095934657,8.534449198920603,-1.0883506247983776
1375,18.600715329749033,8.534750297805944,-1.0954078807800651
1376,18.600701806680902,8.534773646364382,-1.101335868663516
1377,18.601028034612167,8.534120138371149,-1.1151171182452815
1378,18.60133055326176,8.533490904942187,-1.1251199848439262
1379,18.60166398108978,8.53277984672366,-1.1382902432098378
1380,18.601887501146027,8.532285629565546,-1.1550552031407093
1381,18.602048905529806,8.531925765276167,-1.1734118028033158
1382,18.602405746620978,8.531034294942557,-1.2358077938647807
1383,18.602600579108465,8.53043949854269,-1.277710077269553
1384,18.602670000805766,8.530207253960096,-1.302997645983257
1385,18.60273252440156,8.529986189315244,-1.3583352569801765
1386,18.60278682576182,8.529803570379196,-1.4121529139388802
1387,18.602818079163026,8.529649951429507,-1.4367316395325527
1388,18.60284723507737,8.529469819748543,-1.460051353110941
1389,18.602901295606255,8.529049394314535,-1.5048964826299467
1390,18.602955434817876,8.528313801058221,-1.5261942894890812
1391,18.60300426407676,8.527158099042412,-1.5458869997949947
1392,18.602951897297583,8.525662772429914,-1.5635461356755438
1393,18.6025718159108,8.523639623771397,-1.5789296031388702
1394,18.60263453705467,8.521266350570535,-1.5917706983007067
1395,18.602560369126195,8.518554538272333,-1.6017131852322797
1396,18.60234198759727,8.512718709258081,-1.6142178044784559
1397,18.602252591859116,8.51066708813123,-1.6184395692763671
1398,18.60218147626864,8.509332271828864,-1.6207440428511704
1399,18.60212100923747,8.508282866267376,-1.6221590727622277
1400,18.602008200676373,8.506608329673192,-1.6265502587821206
1401,18.601965464766803,8.506069632739022,-1.6312112774549996
1402,18.601895381087356,8.505117287047828,-1.6435140018763843
1403,18.601850714112825,8.504654670197718,-1.6487105380091236
1404,18.601284457338718,8.503096380882193,-1.651887735110471
1405,18.60119054133844,8.501634323084337,-1.639946759654746
1406,18.601148669792444,8.501460199918181,-1.6280091079336936
1407,18.601125844658718,8.501374136486485,-1.6144283821513914
1408,18.601111101593947,8.501302319731936,-1.6011211654153485
1409,18.601102234840504,8.50122548626752,-1.5880036802155375
1410,18.600609138310308,8.501117758307998,-1.562015236489595
1411,18.60113218889203,8.501055992555127,-1.5489200463305837
1412,18.60094242973179,8.50105504288078,-1.5357423325273016
1413,18.600998004224873,8.500957573928243,-1.5089281870261566
1414,18.601483841509644,8.50086776974812,-1.4816189836185558
1415,18.601406590462805,8.500891190337985,-1.4539485934500542
1416,18.601404956051027,8.500922540402081,-1.42576774615934
1417,18.601355997009897,8.502216635933529,-1.3940535747194793
1418,18.601539520448885,8.502855560209445,-1.3774848377641693
1419,18.601443085184577,8.503251984862759,-1.3491193457476887
1420,18.601551537192453,8.50290182641673,-1.333146483539502
1421,18.60155736663552,8.502941969865459,-1.3302717077363155
1422,18.60151463536519,8.503181117812133,-1.3289264460702068
1423,18.601446447460347,8.503513480444878,-1.327702971362537
1424,18.601385909039763,8.50381090285326,-1.3255173689642805
1425,18.601357316002236,8.503969383551809,-1.3215890085970323
1426,18.601527052092056,8.503073467067672,-1.307566567033126
1427,18.60224113490055,8.501388117662746,-1.2982696385129224
1428,18.60270998016643,8.499426097473638,-1.2888387362746752
1429,18.603320748961035,8.497214987155491,-1.2806462975694513
1430,18.60483478098771,8.49222884780153,-1.2719377230916635
1431,18.605676544622977,8.489482861606927,-1.27302506271546
1432,18.606556074487127,8.486587570897221,-1.2786004653803174
1433,18.608584006497885,8.479577305085435,-1.3042480479950507
1434,18.609742053962677,8.47508381128491,-1.3469361423430735
1435,18.609925190476797,8.474230104646585,-1.40057863149585
1436,18.609940859282887,8.474086249110481,-1.4558525751487428
1437,18.609623027776884,8.47300324490282,-1.505941594247493
1438,18.609772012595172,8.470902378644361,-1.5291171875325662
1439,18.609937734509163,8.463632112307382,-1.572869025855995
1440,18.609901426557094,8.459520127784794,-1.5937167122220852
1441,18.60969378232018,8.454159338368866,-1.633949312400626
1442,18.609616897881,8.453047956051684,-1.6533176248037496
1443,18.609577384991482,8.452555612571947,-1.6719369552957992
1444,18.60950822278225,8.452488342371412,-1.6893130080895138
1445,18.60901633732603,8.451573373958976,-1.716595932003485
1446,18.60891985577222,8.450850329630839,-1.724799868630121
1447,18.609280470366443,8.45021892793357,-1.7286750210873134
1448,18.609221982009576,8.450312526291127,-1.7283823666283649
1449,18.60927093614855,8.450428998342579,-1.7235980642342668
1450,18.60926738202208,8.450609570472377,-1.6932927169968475
1451,18.609264674119114,8.4506159800176,-1.6825060176054742
1452,18.60925479155921,8.450555696488896,-1.666170497984945
1453,18.609246182541508,8.450423786139604,-1.6616677000743558
1454,18.60926029801555,8.450326435934837,-1.6669583855567895
1455,18.60926678160785,8.450349246164478,-1.6733848463023073
1456,18.609839798382122,8.451096818228358,-1.691000074123393
1457,18.610462397073025,8.456313817752582,-1.7130856820556732
1458,18.6111020644082,8.460654907062967,-1.7253949676048512
1459,18.61200464042161,8.466146392096743,-1.738417224499575
1460,18.614025204869247,8.476981537013842,-1.781607866952016
1461,18.613966834973745,8.478348337653296,-1.7972013079110558
1462,18.61408234637131,8.478995114256445,-1.8133284988691656
1463,18.61448572160691,8.480430784284604,-1.8580524500541333
1464,18.614555039296654,8.480649336912196,-1.877657446473341
1465,18.61454769331901,8.480640070032594,-1.8914519195623352
1466,18.614481107694736,8.48048621029174,-1.9030190549552175
1467,18.61439978127943,8.480266599595957,-1.9152339721053746
1468,18.614301287524064,8.48003335198,-1.920216533437945
1469,18.614063940153823,8.479706846412398,-1.9248813001700429
1470,18.613534447267178,8.479249026252342,-1.9326430406075994
1471,18.613466414235745,8.478912207924942,-1.944458382949984
1472,18.61372308042609,8.478676048532481,-1.959066295072108
1473,18.613654624975513,8.478439973296481,-1.973995873896177
1474,18.61356953862565,8.478260035734746,-1.9887976960059068
1475,18.61349342744295,8.478083047374607,-2.002799632324131
1476,18.613460842467923,8.477986695431865,-2.009340455103844
1477,18.61334669578388,8.477707992965415,-2.0289483513396918
1478,18.6132721392399,8.477543658627447,-2.0416433034441477
1479,18.61320053833796,8.477378181759788,-2.055304773580992
1480,18.613779496566966,8.477600828761657,-2.066463459359757
1481,18.61383529704,8.477668520192248,-2.071671675562097
1482,18.613791983930817,8.477562432380056,-2.0732714185755707
1483,18.61375257275363,8.477482610763333,-2.0751477299087133
1484,18.61368911831971,8.477336475704499,-2.081424571541092
1485,18.61367075556384,8.4772854011305,-2.086178742351745
1486,18.61366525721527,8.477258288760902,-2.091843027818538
1487,18.613887574933937,8.477546634257893,-2.105389981733272
1488,18.613351322539863,8.477387992840315,-2.119823897204565
1489,18.61326677269742,8.477274847047182,-2.133456168352034
1490,18.613185385568546,8.477166986074419,-2.146971758728587
1491,18.613146195520294,8.477111001656391,-2.153524785213288
1492,18.613068133454785,8.47702313842535,-2.1664727819711476
1493,18.61303441172883,8.476975580168437,-2.1735489253579
1494,18.612986561617397,8.476942142261773,-2.17999855164877
1495,18.612977243195743,8.476889597679573,-2.1859834755225025
1496,18.612360584141637,8.47672009028184,-2.1981276595334
1497,18.612252426869443,8.47660102352373,-2.201924003132427
1498,18.612222232864504,8.476586387563977,-2.2063517627183953
1499,18.612212504823127,8.476603014634472,-2.210582164219678
1500,18.612179055784825,8.47658491884317,-2.2176852604096413
1501,18.61190030818903,8.47669246239058,-2.2278075684636085
1502,18.611835255256278,8.476239070554211,-2.2405478135443038
1503,18.611800122118993,8.476072303075805,-2.2534251727554198
1504,18.611738377953007,8.476072856685496,-2.2597542841467204
1505,18.611825431806114,8.47607987950887,-2.266416523157132
1506,18.612177867378385,8.47588445467034,-2.27292294870748
1507,18.612099226963398,8.475917148888461,-2.2791668258092375
1508,18.61208787122836,8.475882994893889,-2.285604273311587
1509,18.612067363183318,8.475852965370127,-2.292199594969827
1510,18.612047969691538,8.47581605307315,-2.2989161700697145
1511,18.612443601583465,8.475714708987992,-2.3119632315797434
1512,18.612531542000653,8.475768880791312,-2.316841676904638
1513,18.612517287847645,8.475746004853258,-2.3213653771234
1514,18.612496531586583,8.475705549476395,-2.3262765110910717
1515,18.61248573110951,8.475670511247811,-2.331503498776849
1516,18.61247231764207,8.475621349877075,-2.342653350042003
1517,18.612470461867346,8.475582032030198,-2.354399521005832
1518,18.612471514638194,8.47556715753062,-2.360401128862896
1519,18.612933263534643,8.475180843923912,-2.3664432501094876
1520,18.612349766255907,8.475480167536563,-2.3719520624875705
1521,18.612533184463473,8.47554640001288,-2.376163149482345
1522,18.611946570339825,8.47501357335254,-2.382391872472611
1523,18.611435230943737,8.474531805578296,-2.3860853620182825
1524,18.610966399530692,8.474094932681988,-2.3913476134830587
1525,18.610649498513702,8.473803879556762,-2.39873846806523
1526,18.610485241576697,8.473657937241807,-2.4200764891305524
1527,18.61085398011241,8.4739765694999,-2.442998082504109
1528,18.610964529952593,8.474069660748333,-2.4525589681848423
1529,18.611027806524213,8.474123027221827,-2.460137798216482
1530,18.61104859807221,8.474144009288409,-2.4725773705725307
1531,18.61104034655974,8.474139349415262,-2.4838058868182484
1532,18.610862028636223,8.474172464169547,-2.4890925048991646
1533,18.610678815799943,8.474354996229273,-2.4942328613772453
1534,18.61069469456674,8.474326483058348,-2.4991438309844787
1535,18.610689753650878,8.474323846443756,-2.503855423356813
1536,18.61068207446587,8.474324402525088,-2.508385581948987
1537,18.610663877724807,8.474343452593244,-2.512752531920764
1538,18.610529143200008,8.474622069208824,-2.517002458084036
1539,18.61053151199634,8.47469471910537,-2.5211327846205203
1540,18.610546841149517,8.47474112144036,-2.5251107430717736
1541,18.610578230033937,8.474774745824668,-2.5289529703001112
1542,18.61061287320422,8.4748124475051,-2.5326717774140977
1543,18.610652638536365,8.474853206432739,-2.5362787486461116
1544,18.610696067762426,8.474896195896457,-2.5397855616280314
1545,18.610741144205015,8.474943116634453,-2.5431991012610187
1546,18.610842072132584,8.475038897898315,-2.5497685846624663
1547,18.61095499233161,8.475136262467737,-2.556032508975998
1548,18.61084853036003,8.475414769627351,-2.5590791042570897
1549,18.61128873679424,8.474841757453639,-2.5651225179168446
1550,18.61130409492182,8.474504497394218,-2.571090415223784
1551,18.611153392811037,8.474385611513245,-2.5768122724648017
1552,18.61107734276786,8.47432453846517,-2.5795875934051806
1553,18.61118855359618,8.474380111913174,-2.5809320398115134
1554,18.611407790699737,8.474480711738384,-2.5765160117683124
1555,18.611456017655886,8.474501937298156,-2.57297415550294
1556,18.611500710508626,8.474511135736687,-2.5689942736924576
1557,18.611384706417,8.474409343718037,-2.559723484661983
1558,18.610441731154406,8.473764121864832,-2.5505253661051017
1559,18.609554746148106,8.473187105568439,-2.5483424794411715
1560,18.60865405209911,8.472434794773127,-2.54898641391329
1561,18.607321530948475,8.471616262209553,-2.5557251587421828
1562,18.60705065065082,8.471436045185886,-2.561185675907529
1563,18.607138711313155,8.471511487055674,-2.5607010002309294
1564,18.60739013587457,8.471677680467309,-2.5569523404703856
1565,18.60786813507554,8.47200371481847,-2.53833222901996
1566,18.60732216627532,8.4716229609122,-2.5127324646777947
1567,18.606966559202334,8.471364699496506,-2.500539561798316
1568,18.606714604412705,8.471178099546107,-2.489894591130108
1569,18.606528116381057,8.471041448118418,-2.4750037186811142
1570,18.606161904355016,8.47076241178083,-2.470884209803566
1571,18.60593508796612,8.470590222482835,-2.475543328910482
1572,18.60587658611907,8.470547089279904,-2.4815642404676
1573,18.60590737091264,8.470573366019034,-2.498281672312847
1574,18.606008026864615,8.4706475035797,-2.515234817487983
1575,18.60604239074773,8.470671422707218,-2.5222351507351104
1576,18.606054118482845,8.470678821580991,-2.52837195631952
1577,18.6060292948794,8.470660851006667,-2.5393339859318087
1578,18.6059705243191,8.470614918103987,-2.5488864982229966
1579,18.605929145674523,8.470585233080058,-2.5532431994161584
1580,18.60588096003615,8.470551354382582,-2.557363371490543
1581,18.6058261516064,8.470513944316314,-2.561274241416085
1582,18.605766894529793,8.470474262076182,-2.5650007983873375
1583,18.605703737496395,8.470432843221978,-2.5685655521843067
1584,18.605636289841133,8.470389870786578,-2.5719859184882607
1585,18.605565321703,8.470345486340683,-2.575278470040343
1586,18.605491397166503,8.47029924510834,-2.5784565741962866
1587,18.605414364598104,8.470251502213669,-2.581532247053693
1588,18.60564454952361,8.470396173332645,-2.5834942676496317
1589,18.60579248229148,8.470492393028549,-2.577281822808559
1590,18.605820466089735,8.470508932672667,-2.57310159893973
1591,18.60585014301666,8.470531024089063,-2.563831485041299
1592,18.605299295499044,8.4701674858182,-2.553611110155303
1593,18.603951887965295,8.469262591068379,-2.5482657398191653
1594,18.6030329802938,8.468645482234582,-2.549769747953932
1595,18.601966448553547,8.467931997196446,-2.555013855684644
1596,18.600843291992614,8.467194575963374,-2.5645074037192837
1597,18.599553622705212,8.466375289718671,-2.5967439120131295
1598,18.59904862752178,8.466081238264042,-2.637333330872647
1599,18.59881887924326,8.465959932629454,-2.659602082215862
1600,18.598632536148223,8.465869054108369,-2.685161566587486
1601,18.598463737658363,8.465793536209596,-2.7407903631107136
1602,18.598306825951898,8.46572764573488,-2.7945872369592095
1603,18.597992138236773,8.465617304217691,-2.8421475996945995
1604,18.597788392441995,8.465554125413513,-2.8645402944556215
1605,18.597329756992593,8.465428085233155,-2.9076708242734344
1606,18.59682682652823,8.465311178303304,-2.949309218530924
1607,18.596300104794842,8.465209848570836,-2.9901348225265583
1608,18.59576543828022,8.465127920507737,-3.0306654663838426
1609,18.595232258101877,8.465065753336258,-3.0712990464334613
1610,18.594970026823365,8.465042560150858,-3.0917524036611304
1611,18.59471201181883,8.465024080571727,-3.112339552430661
1612,18.59426325209116,8.464001190714368,3.1292149510365586
1613,18.59692676174528,8.46518946216669,3.088173652798698
1614,18.60432920592966,8.46507847079719,3.048862281489422
1615,18.616352773208973,8.463804112639767,3.010164763667588
1616,18.624057765541824,8.462751819085613,2.990870440403386
1617,18.632887371800628,8.461367587790154,2.9715513968765666
1618,18.65379365333174,8.45745155234711,2.932750888416081
1619,18.67905591007795,8.451689118062651,2.893566785633807
1620,18.693351261325233,8.448514994064976,2.873762412042742
1621,18.70842676714689,8.443965161355926,2.8537220391493165
1622,18.724253546804345,8.438140286335072,2.8334062466512586
1623,18.759618071425056,8.426193208151762,2.792542008611574
1624,18.79874845263033,8.411151757384872,2.7515938706626306
1625,18.81966422068384,8.40236911227278,2.731113663696919
1626,18.84145563149163,8.392690746969786,2.7106440927669335
1627,18.86236592021448,8.382882059395957,2.690080304310584
1628,18.88220193829092,8.373603504020263,2.6694190932705504
1629,18.90061049447305,8.363919575411947,2.648838085523721
1630,18.917972373870736,8.354460132930713,2.6283815169218037
1631,18.93414131172538,8.345170205419729,2.6080612290199268
1632,18.950607396164013,8.335284883201528,2.5878823785460376
1633,18.967817715744243,8.324473525944104,2.567861398667416
1634,19.00444519825583,8.299900828353769,2.528377454605478
1635,19.043819352779597,8.271198054163024,2.4897661686418893
1636,19.064463519615966,8.255228722978684,2.470833626225837
1637,19.085704503633274,8.2381492733286,2.4521741934185073
1638,19.107511818442394,8.219937766897393,2.4338060083419872
1639,19.129854783558468,8.200575707941539,2.4157462362651625
1640,19.152704467347867,8.180045301626345,2.3980096678182874
1641,19.17603804672037,8.158322079715301,2.380604853584249
1642,19.22407295462039,8.111211635275641,2.346797997515658
1643,19.272528109105096,8.060438498985679,2.3143701367428
1644,19.295163173948914,8.035544299644258,2.2986954839750853
1645,19.316656707230717,8.011147690790658,2.2833758621958093
1646,19.356320465187537,7.964026398759072,2.2537439475706846
1647,19.391741142002406,7.9193731127408595,2.2254052918375455
1648,19.40796854939593,7.898009581964903,2.2117897778180087
1649,19.4374755976486,7.857490511729869,2.1855608532343727
1650,19.450836417952324,7.838372637056986,2.1728756284776405
1651,19.474889525221283,7.802552245392548,2.148287235991767
1652,19.495582085221162,7.770071765190307,2.1246427491736917
1653,19.50472781818534,7.755137458606162,2.113144297852358
1654,19.513112528975196,7.741086136620643,2.1018456726612094
1655,19.52768871847813,7.7157171796223505,2.0797903193583633
1656,19.53392558166961,7.704436712013979,2.0689988794672654
1657,19.53948907969363,7.6941118815475384,2.0583445775575284
1658,19.54868410275721,7.676398983222443,2.037400725010137
1659,19.555462351714443,7.662658946060743,2.016837785315762
1660,19.55800291717305,7.657299523500924,2.0066696920990137
1661,19.560004578096006,7.652964910207372,1.9965624603928855
1662,19.561488309062444,7.649666129144337,1.986504741125502
1663,19.562986340285573,7.646216554865959,1.9664939744431311
1664,19.563099194712304,7.6459442492317296,1.9466610905054431
1665,19.56310095727844,7.645947262971611,1.9271577648447646
1666,19.563100295182128,7.645967118454156,1.917225978048688
1667,19.563094282802638,7.64597292158322,1.9071874042920258
1668,19.563090793230437,7.646002659034004,1.896795083906956
1669,19.56308596036239,7.646003497743005,1.8761985824103877
1670,19.563071794848852,7.646047500683018,1.8546733446559014
1671,19.563081158127687,7.646022209653047,1.8345207081346302
1672,19.563069993730753,7.646073980824435,1.8145593432417022
1673,19.56306400423195,7.6460796276378105,1.7984040841012023
1674,19.563067009750746,7.646057495151836,1.7939366601748732
1675,19.563073920770155,7.64602078128255,1.792791275362496
1676,19.563126345280782,7.64583676337512,1.812375495568701
1677,19.563154971420676,7.645729817915405,1.8407108378412345
1678,19.563171363600574,7.645680742924938,1.8587792288422502
1679,19.563188694368566,7.64563127854172,1.8969508658093208
1680,19.563192752797928,7.645618956873805,1.9323295698391176
1681,19.563203673867317,7.645591909827789,1.9649292471137532
1682,19.563204594528813,7.645571792954491,1.9804379797383018
1683,19.56321110265378,7.645571291457664,1.9952889887149539
1684,19.563228184204295,7.645518072213657,2.0248611643416465
1685,19.56322829732834,7.6455135242238805,2.053224575937258
1686,19.5632466007964,7.645479085675719,2.0679419682800577
1687,19.563262177646365,7.645464727262104,2.097796639599289
1688,19.563241994736664,7.645487582954732,2.1214812748003467
1689,19.563243949001663,7.645480346679114,2.1320269064627793
1690,19.56326090518197,7.645448668724677,2.1534326998692204
1691,19.563294285296568,7.645399869403165,2.1774596570623923
1692,19.56166310218364,7.647688602318431,2.2041580037537534
1693,19.55980202810723,7.650200745849794,2.2180949060648656
1694,19.557205482856226,7.65360412964234,2.2323149148764228
1695,19.55247986264858,7.65953866051073,2.2603654472442156
1696,19.548528532877615,7.664237512873899,2.2841638520659187
1697,19.546822540036334,7.66619836662135,2.2931037365778644
1698,19.544127369342696,7.669231186932794,2.3031325726285736
1699,19.54261814143891,7.670911625437179,2.3011340335246606
