index,x,y,orientation
0,0.9999996125975888,0.9999997135376176,1.5700001565924002
1,1.000000526035277,1.0000176400134901,1.5700017818505618
2,1.0000018407178368,1.000062146026751,1.5700051138369666
3,1.0000031934145808,1.0001080267247373,1.5700111968098063
4,1.000004675381807,1.0001242322907171,1.5700194848937208
5,1.0000056639389747,1.0001184400064471,1.5700252483073882
6,1.0000066171146629,1.0000993531318434,1.5700306201655405
7,1.000008462398357,1.0032049832174987,1.5700266783388466
8,1.0000148358945913,1.0109602309201124,1.5700086986320179
9,1.00002571612953,1.02335826501349,1.5699829575835393
10,1.0000521324785574,1.0502004904740407,1.5695563839679365
11,1.000182625530543,1.0808268614858072,1.5599682807809407
12,1.0004800400332274,1.1012639107612823,1.550175154305734
13,1.001314512483713,1.1318896679198158,1.5344407487208795
14,1.0021412274463426,1.1522867844939257,1.5235647540125825
15,1.00319071540591,1.1726825843009865,1.5125192194818446
16,1.0051930925741641,1.203276647560463,1.4957383862225084
17,1.0068147480089924,1.223653921541327,1.4844698032315877
18,1.0086663061971564,1.244001901624904,1.4731665138786312
19,1.0107472345418154,1.2643223247896596,1.461830706860632
20,1.0130573270765988,1.2846212958839276,1.450472651029152
21,1.0155999976613237,1.3048969701530906,1.439104048475779
22,1.0183740448344645,1.3251427809223613,1.4277777298334662
23,1.0213723547847382,1.3453533849302932,1.416740793542682
24,1.0245914314825724,1.3655272052719123,1.4059156863029794
25,1.0280292127298611,1.3856647912569007,1.3952199120969415
26,1.031681543736623,1.40576551392402,1.3846023442370936
27,1.0355448406586008,1.4258265171429623,1.3742193141363035
28,1.0396134348607393,1.4458453674894916,1.3641422194640453
29,1.0438815006132605,1.465821070849381,1.3542523805001163
30,1.0483468898912667,1.4857532835778162,1.3444761641073213
31,1.0530059777869027,1.5056408588231145,1.334767368149431
32,1.0578557791970349,1.5254823022902124,1.325377877664454
33,1.0654694224959986,1.5551568778897127,1.3120619396097981
34,1.070761627270706,1.574882171894024,1.303477936540384
35,1.0762214390697538,1.5945611606035714,1.2950250888913257
36,1.081844972693615,1.6141931468673059,1.2869297981535726
37,1.0905680758859193,1.64355474995462,1.27559801710229
38,1.0996155226408015,1.6728162966444575,1.2647923669612495
39,1.1089743528512175,1.7019787797130752,1.254245276882781
40,1.1186388110080099,1.731041060844162,1.2438234021186036
41,1.1252492345396627,1.7503591814443662,1.2369827797457278
42,1.1319879071753611,1.7696316538603096,1.2305837350717235
43,1.1388472247728585,1.788860886694619,1.2245193260903933
44,1.1493494570487799,1.8176264247475347,1.2157939488223615
45,1.156488703737799,1.836752150280846,1.2101220485177329
46,1.1637355859421707,1.8558369444139098,1.2045169474389992
47,1.1748055903732804,1.8843873742911743,1.1961820170974535
48,1.182316989073341,1.9033693202149968,1.1907245382155052
49,1.189928272052809,1.9223103703559965,1.1857016133329388
50,1.2015166012072813,1.950651157437816,1.178751063986626
51,1.2132948911338395,1.9789120659672708,1.1723688305009146
52,1.2252428147033747,2.0070998215592013,1.1667500045564336
53,1.2332931835537646,2.0258547505786613,1.1632542737929574
54,1.2454870885444076,2.053934987196329,1.1584058651732874
55,1.2578117276615894,2.081956984939698,1.1539453789200094
56,1.2702577032217568,2.1099248315673753,1.1497746034860088
57,1.2786174397816712,2.128541739790782,1.147219805622377
58,1.2912438260460937,2.156427513252063,1.143592030741017
59,1.2997167281397275,2.1749926734388496,1.141255718313955
60,1.3125057610103126,2.202803308002469,1.1379092226344212
61,1.321081661735882,2.221320418977059,1.1358700209538217
62,1.3340138749854007,2.249063598521452,1.1329876456327557
63,1.347022586251207,2.2767701895887282,1.1304111302334359
64,1.3557329418891022,2.2952232557662997,1.1288771685440495
65,1.364470106111576,2.3136631701943977,1.1275191448918125
66,1.373230794822007,2.332091686457526,1.126352055080475
67,1.3864093003053086,2.359715838024593,1.1248198399107365
68,1.3952175639764082,2.378120953411357,1.1238870294825933
69,1.4040425241963517,2.3965179039794364,1.1229971761255417
70,1.4173099949549388,2.424098721039344,1.121712015408128
71,1.4306127353049372,2.451662474034678,1.120461426645602
72,1.435054395572043,2.4608466876937887,1.120072642720572
73,1.4483984625708064,2.4883898842565912,1.1191304593129652
74,1.461765715203188,2.5159214751715524,1.1184004683307829
75,1.4706875505871222,2.5342706634347407,1.11800500395494
76,1.4796161855436623,2.5526163144924503,1.1176605541444282
77,1.4930200824577309,2.580129234108979,1.1172035340570123
78,1.5019627198767107,2.598467964442137,1.1169235449697348
79,1.510910413075006,2.6168040306824594,1.1166556897665882
80,1.519862975913124,2.6351377741364876,1.116395932789498
81,1.5333005072974455,2.6626339473431213,1.1160163503038139
82,1.5467484575822499,2.690125310871587,1.115644718480108
83,1.5602066639907188,2.717611837895456,1.1152781758055352
84,1.564694926623895,2.7267728577159827,1.1151568709344464
85,1.5781663363418568,2.75425260472367,1.114795391840155
86,1.5916477126316266,2.781727573947343,1.1144372121801187
87,1.6006405404479263,2.8000414286805855,1.1142231490619725
88,1.6141344049036082,2.8275093459589566,1.1141536368426652
89,1.6276274216610829,2.85497739851927,1.1142849361479006
90,1.6366200159217992,2.873290712895805,1.114435162257851
91,1.6456097570065038,2.891605554286611,1.114615777852202
92,1.6590876879196428,2.919080642536959,1.114922167925365
93,1.6680680073996998,2.937399809266535,1.115141334063858
94,1.6815308266179783,2.964882213996679,1.115483761977613
95,1.6949840180505498,2.992369177250548,1.1158361049820296
96,1.7039474560402248,3.0106964292483247,1.116074441101766
97,1.71290648255677,3.02902574948691,1.1163148115224069
98,1.7218610988001894,3.047357496848277,1.116556863696804
99,1.7352848053066257,3.074859126577172,1.1169225562565783
100,1.748698374996841,3.102365633484859,1.1172907581220004
101,1.7621016759384216,3.1298771095793603,1.117661538539854
102,1.7754948580060879,3.1573934738632308,1.118034902428938
103,1.7888775103196677,3.1849147130143822,1.118410131103328
104,1.8022498978570114,3.2124410695174084,1.1187871855288511
105,1.8156120606262653,3.2399725280504046,1.1191663521296387
106,1.8245143397134242,3.2583296226162672,1.1194202179088577
107,1.8378589563255556,3.2858697509503783,1.1198024812992042
108,1.8467494387987724,3.3042326030891798,1.1200584758329322
109,1.85563530619903,3.3225976249322264,1.120315557958625
110,1.8689554233002295,3.350149440951966,1.1207028926351752
111,1.8822641860944755,3.3777064150997442,1.1210917149800765
112,1.8911309331030035,3.3960806110206407,1.1213520237378587
113,1.8999931022944985,3.414457060294446,1.121613324859611
114,1.913277206326397,3.4420262860815325,1.1220068357415816
115,1.9265503382243288,3.469600851581944,1.1224020674289261
116,1.9398125787818348,3.4971805846821673,1.1227993836846673
117,1.9486479426854815,3.5155698794840258,1.1230655433993806
118,1.957478496911414,3.5339616340557005,1.1233326116658804
119,1.9663039656024077,3.552355584710869,1.1236003712636864
120,1.975124497240118,3.5707520466503087,1.1238688003780908
121,1.9839400902167987,3.589150750730401,1.124138056432581
122,1.9927509127135374,3.607551958368701,1.1244082297879916
123,2.001556693104839,3.625955520595396,1.1246792052553987
124,2.0103575398344065,3.644361602283909,1.124950932527677
125,2.0191532381529376,3.662770001931645,1.1252234015264324
126,2.027943968018746,3.6811807875987905,1.1254968026272718
127,2.0411205320445034,3.708801326285278,1.1259087445206972
128,2.0498991817652246,3.7272180171362344,1.1260966426434056
129,2.058675436800025,3.7456359861615196,1.1261516135624774
130,2.071839779095157,3.773263433389985,1.126082967495767
131,2.0806176907246674,3.7916811543574043,1.1259768242035497
132,2.0937889380022496,3.8193058480457847,1.1257674307278178
133,2.10696659030821,3.8469276372472008,1.1255245084346692
134,2.120151112976925,3.8745460830696867,1.1252650868828697
135,2.1289447241248554,3.8929563461083734,1.1250875946622851
136,2.1377416476424864,3.911365236085409,1.1249081583407259
137,2.146541847966663,3.92977234182924,1.1247276387891063
138,2.1553455243139097,3.9481779002691413,1.1245466769422954
139,2.1641524236830483,3.9665817556339347,1.124365707449854
140,2.1729626718169412,3.984984303913255,1.1241850091361612
141,2.1861844243016,4.01258504269951,1.12391496810843
142,2.195003161395101,4.030983525081253,1.1237356886318712
143,2.203824982728626,4.049380465047261,1.1235570347151387
144,2.212649898669014,4.067775844424119,1.123379174712819
145,2.221478177280821,4.086169529672414,1.1232022026005892
146,2.230309997353656,4.104561683121584,1.1230259745716415
147,2.243563654626703,4.132146815731922,1.1227626746762884
148,2.2524031756635927,4.150535151503794,1.122587804420723
149,2.261245866963573,4.168921897758583,1.1224136621003382
150,2.265668605165514,4.178114769806258,1.1223269202840431
151,2.2745164424310493,4.1964991977863075,1.1221539630125754
152,2.283367397288615,4.21488222364621,1.121981614384614
153,2.296649630574068,4.242453737542678,1.1217245240301172
154,2.3055083276143122,4.260832916146817,1.1215541716815813
155,2.314370100521014,4.279210467735702,1.1213846079973016
156,2.3232352472506475,4.297586577825342,1.1212157734196255
157,2.3321033849852113,4.315961034455284,1.121047524273433
158,2.3409744191827007,4.334334134622441,1.1209032698768866
159,2.3542831061610645,4.361892314353618,1.1209384900513457
160,2.363153868111431,4.3802649522735715,1.1210803281793587
161,2.3720217251053906,4.398639045876202,1.1212789875108544
162,2.3808853877071243,4.417014825750844,1.121514730523343
163,2.3941719708325744,4.444582788094181,1.1219113889429229
164,2.4074473920357558,4.47215606015837,1.122338394715731
165,2.420710818067248,4.499734843386814,1.1227818280981603
166,2.4295462696981613,4.518124077000342,1.123082853449463
167,2.438376055129301,4.536515996456928,1.123386745261351
168,2.4472002895564597,4.5549107782750875,1.1236927596707316
169,2.46042611815886,4.582507894847089,1.1241546380368144
170,2.473639181042887,4.610110960987972,1.1246191755166424
171,2.4868393753176505,4.637720319192922,1.1250860301598409
172,2.500026595069542,4.665335758635689,1.1255547254093068
173,2.5088108084709524,4.683749312333832,1.1258679421978455
174,2.5175893105373124,4.7021657835086375,1.1261817259409947
175,2.5263620330723153,4.720584971928663,1.1264961614221367
176,2.535129135499146,4.739007115175601,1.126787841412718
177,2.5395108506918698,4.748219049089102,1.1268813034352945
178,2.548272336618239,4.7666442167958225,1.1269760482442728
179,2.5570329038505366,4.785069891697915,1.1269849383027426
180,2.565793765494405,4.803495663125627,1.1269383579646022
181,2.5745557357816713,4.821920933954614,1.1268560228244144
182,2.583319450490452,4.840345476696426,1.1267506915278396
183,2.5964692574948134,4.867980095520928,1.1265668857275268
184,2.605238625236004,4.886401916828182,1.1264340570371607
185,2.618396986372276,4.914032643752222,1.1262266232592357
186,2.6271727118821895,4.932451467854012,1.12608556531765
187,2.6359454466865366,4.95085715245348,1.1259554100926041
188,2.649095784324005,4.978439790607482,1.1258875176247651
189,2.6621774656966606,5.005866201025675,1.12486419965071
190,2.6751709607884178,5.032809638296077,1.1166916105010962
191,2.6880182636666445,5.05906066958289,1.1165466023391402
192,2.69642264562743,5.076324266269135,1.1197400428944115
193,2.7047650333310767,5.093614544582313,1.1237085427805842
194,2.71289116552583,5.110665953526286,1.1301712493442588
195,2.7208879274779862,5.12774753337914,1.1371397103856515
196,2.7286951909175037,5.1447288154743225,1.1439728064941823
197,2.740046720819739,5.169988600666245,1.154394816332799
198,2.751131049343676,5.195363584621562,1.1649712035202098
199,2.761813564696973,5.220541106805277,1.1755775730040487
200,2.7687332366220394,5.237258119348919,1.182581479986967
201,2.7755355200025993,5.254022377884086,1.1895471788777572
202,2.7820740568478697,5.270464354602014,1.1964929880317705
203,2.7884871023809734,5.286921741086999,1.2034280949347798
204,2.7947856862207283,5.303422383937154,1.2103555441259117
205,2.801438791600944,5.32123178103363,1.2179437003158544
206,2.807795510780382,5.338582959457406,1.2209173744809503
207,2.8141102588622395,5.355762784728739,1.2129815861286743
208,2.8172288933947587,5.3640573074451465,1.2069338308417388
209,2.8235907572542858,5.380498649316397,1.1931526337946625
210,2.830150319802985,5.396853251067143,1.1848257593008875
211,2.836821671618216,5.413198591304873,1.1813373982049973
212,2.8470101253199296,5.437670037523291,1.1670486263733826
213,2.853921161913226,5.453609045808903,1.152730020986767
214,2.860917961954589,5.469077088183382,1.135395275604729
215,2.8756839332854427,5.499580225369404,1.101245181891712
216,2.887421999239444,5.52210242641089,1.076225107465151
217,2.8996309610221673,5.544169169357936,1.0512244612820734
218,2.907784248734846,5.558220799032505,1.0366373647633655
219,2.9194560442812847,5.577815805213258,1.03483279534767
220,2.9268851171799803,5.590405960103543,1.0425726667965027
221,2.934130703799425,5.602900644664284,1.0493480815991107
222,2.941177736226934,5.615238948484889,1.055494539678501
223,2.948150539300645,5.627618048296903,1.0612283352170013
224,2.9550538190548745,5.640036373742815,1.0666902842150887
225,2.961786205561628,5.6523017333089065,1.0719875898044446
226,2.968445411148441,5.664586691660063,1.0771876060475394
227,2.975040881038511,5.676905532279793,1.0823226603240148
228,2.9815267627348736,5.689170247125092,1.0874142014416608
229,2.9878888124727134,5.701349498741448,1.0924722824158195
230,2.9941886516223026,5.713559773266861,1.0975066498314425
231,3.0003903007785024,5.725729005066232,1.1025194594462144
232,3.0064822262014532,5.737831918796339,1.1074863087028064
233,3.014540476535263,5.754120754565725,1.12052310996805
234,3.0174853167463036,5.760299821844114,1.1397029030787906
235,3.0189704152631758,5.7635845017940195,1.1660976958894262
236,3.019541188130804,5.764940021846809,1.2183572309955286
237,3.01984608701596,5.765769261504023,1.2533680900787079
238,3.0203368841822296,5.767359250722456,1.3159461459497246
239,3.0206452465819154,5.768590336749977,1.360004126839238
240,3.020909235208012,5.769888054132493,1.4029470823234302
241,3.021054138358376,5.7707587690937245,1.431268525907152
242,3.0212347116767537,5.772159427420349,1.4735441449953044
243,3.021321657350295,5.773098670754178,1.5016883833332682
244,3.021407006413075,5.7746177564074825,1.5439410393418596
245,3.0214274819796145,5.775635173992194,1.572180693170072
246,3.0213755497881514,5.7778089279442835,1.6289352549501663
247,3.02134238401563,5.778365566821757,1.6431916714461205
248,3.021187984932159,5.78008813156879,1.6861679809786927
249,3.0209405320716245,5.781940676006833,1.729460989234371
250,3.020730337481754,5.783170142921087,1.7585285555707084
251,3.02031787921561,5.785135376817353,1.8024602285472207
252,3.019981275990713,5.786489499744391,1.8319641167947787
253,3.0196042885054233,5.787834262541301,1.861652099587851
254,3.0188773507490563,5.79009185970631,1.9065147687153088
255,3.017990552725305,5.792474831054122,1.9517295458852724
256,3.0172288716373536,5.794287673973274,1.992975112240867
257,3.0158823188362915,5.7972071912832845,2.0091626239083475
258,3.014142037839133,5.8008877676000195,2.0133003816070394
259,3.011603721397335,5.806195640738708,2.0186354853349213
260,3.0095234856514415,5.810516118030798,2.0211866364681477
261,3.0073573920476617,5.814971074872824,2.026370788178489
262,3.0058975953160094,5.817938706970446,2.0305581274889097
263,3.0044040098408265,5.820941328330069,2.035073633396346
264,3.0020956700144517,5.825515942361823,2.042053625152537
265,2.9996603171205973,5.830258378842294,2.049044320737908
266,2.9971327433052943,5.835098805489373,2.055764260714185
267,2.9945646434656217,5.839961916493608,2.056344327482757
268,2.9918391756466,5.845181434159309,2.044412561839753
269,2.989189387415692,5.850379999852692,2.041502231929204
270,2.986590082173021,5.855478837859209,2.0439446283796716
271,2.9848493771966065,5.858871596438836,2.0464493005025823
272,2.982287369186371,5.863821830524992,2.0508886794603227
273,2.9805696964527466,5.867110460843192,2.054099027140089
274,2.977944468015962,5.872085724891795,2.0591101913065946
275,2.9752231200707184,5.87718151020838,2.064141642994058
276,2.9723182503078527,5.88255598376613,2.0690011425241197
277,2.9703616328495137,5.886142014499046,2.07211354777686
278,2.9673209369526714,5.891658926517272,2.0780947050400376
279,2.9641287616160175,5.897362032021222,2.08487449505952
280,2.960740340911784,5.903328384719592,2.089734986372774
281,2.9572335783945736,5.909443902501523,2.0936005683510714
282,2.9521021784916766,5.918318855996968,2.0966331150613744
283,2.9495214504211678,5.922758370300458,2.098257441414715
284,2.9454018935832758,5.929853799654589,2.093068028046659
285,2.9413317631550364,5.936996534144435,2.0827602411698356
286,2.937349845148266,5.944164875884319,2.0716712724848882
287,2.9347587941872906,5.948933539316287,2.0638981729100068
288,2.9310626493629433,5.95590262129121,2.0513676031599104
289,2.927789610135344,5.962271243261066,2.03829540061792
290,2.9256493208232506,5.966534514623194,2.0338569535581716
291,2.92180093182354,5.97428842448864,2.0297060871456822
292,2.9189426699076333,5.98008228039705,2.0286916837529865
293,2.916170473521085,5.98570921194173,2.0284445491973324
294,2.9143161231545656,5.98947514039619,2.0282659154553566
295,2.9106038471411355,5.997022111852042,2.02757352632676
296,2.9087495654985585,6.000796697016648,2.027128896218029
297,2.905858620381907,6.006692788963379,2.02614596455886
298,2.9028571430567114,6.012830703277727,2.0249420169506878
299,2.8998154692496554,6.019069260560887,2.023790947452466
300,2.8967466591502307,6.025388934627116,2.0216328145280382
301,2.8935773778136133,6.031961282315157,2.018146609958309
302,2.890396362152031,6.038625228970499,2.0135186753224006
303,2.887108389116102,6.045693206087533,1.9939453293319163
304,2.883959785604034,6.0528919922877185,1.9694526332063
305,2.8809586939348004,6.06024236001306,1.9445853457377278
306,2.8782444385877546,6.067397724963318,1.9186358216374237
307,2.8759224439670006,6.07404138489617,1.8923815508606787
308,2.873800107389465,6.0805572371073975,1.878813936294677
309,2.871888711476426,6.086670970075423,1.8679357564250252
310,2.8700699942094072,6.092705933278454,1.8579329241976184
311,2.8683278282231313,6.098699118592149,1.8484645346287163
312,2.8671974717496047,6.102703072692857,1.8422972455789062
313,2.864982552978038,6.110833329188493,1.830306921104468
314,2.863372306114607,6.116992686695296,1.8217174526106115
315,2.8623215828173114,6.121129559946976,1.816387478503205
316,2.860785500775991,6.1273450972826335,1.8088968417690412
317,2.8592936897313255,6.133571942124059,1.8023600368847557
318,2.8583211698329265,6.137727152696202,1.7983631531616469
319,2.856430075773567,6.146013645172032,1.7915636920676652
320,2.855049056109656,6.152222784249301,1.7872903785904506
321,2.8536984377937573,6.158409404436128,1.7838620159116423
322,2.8523698638073,6.164588320207641,1.7810040585135531
323,2.8510633232350133,6.170743020321169,1.778830766235881
324,2.84977032355829,6.176891389814249,1.7771080132433263
325,2.848916598794269,6.180978577577845,1.7762304703647287
326,2.848066342785325,6.185065831033744,1.775511721541514
327,2.846379783398797,6.193209396879596,1.7745103404332563
328,2.845121371884304,6.199307362424205,1.7741475563437479
329,2.8434540844459404,6.207395429258013,1.7741195007809887
330,2.842201977013231,6.213467085929553,1.7743671734104067
331,2.8409469656653217,6.219542406989768,1.774750567355917
332,2.8396896527876305,6.225614797728579,1.7752243730389177
333,2.8388501450124823,6.229661628579002,1.7756023184827967
334,2.8380091664524802,6.233707934597837,1.7760102202829757
335,2.8367465203258533,6.239765464069458,1.7766841015205233
336,2.835903410449607,6.243798762392035,1.777200515676082
337,2.8346327601036725,6.249857256397604,1.7780290563600376
338,2.8337817829013106,6.253899733905963,1.7785958618445241
339,2.8325011427977405,6.259963264062439,1.7794584092530537
340,2.8312145819528447,6.266027574792706,1.7803479561426112
341,2.829923869639836,6.272084706199728,1.7812616191443524
342,2.8286308806139218,6.278125479024714,1.7822558017899064
343,2.8273281460038464,6.284180855176547,1.7832899430360527
344,2.8260170834991967,6.290244846218105,1.7843019130316036
345,2.824699809348319,6.296307997584791,1.7853011826484995
346,2.8233762801166775,6.302370750120133,1.786305832003851
347,2.8220485358692344,6.308423765371242,1.7873228536064352
348,2.8207190540324265,6.3144544238932365,1.7884206666530265
349,2.819380580270785,6.320493439101151,1.7895701173844285
350,2.818029761164098,6.326555700996512,1.790677252068566
351,2.8166723178009025,6.332616507435772,1.7917472131838403
352,2.815312041850155,6.33865980614306,1.792835800679704
353,2.8139436426343316,6.344707095043907,1.793959280028499
354,2.8125650076425868,6.350769114368109,1.7950611943830848
355,2.810718003198894,6.358842125882858,1.7965187518075612
356,2.8102545511541717,6.36085917050818,1.7968876179533773
357,2.8088598542696226,6.366909692825799,1.7980011466686199
358,2.807456038303775,6.372967995456468,1.7991090322815768
359,2.80651647782982,6.377006580146466,1.7998406530415842
360,2.8046282835356333,6.385081916063959,1.8012961564543002
361,2.8036797110037455,6.3891185818827045,1.8020219654728913
362,2.802259840424348,6.395136762363394,1.8031556294303432
363,2.801309692602806,6.399146507311081,1.8039461448671896
364,2.799750233537353,6.405778021134883,1.7971979462959258
365,2.798833020779916,6.4098720886021185,1.7791370813044889
366,2.7976076235921585,6.416046486145672,1.7498232451678568
367,2.7965666305560135,6.422248689069225,1.7192149758630657
368,2.795709320711436,6.428350941710861,1.7011831642703057
369,2.79499859686814,6.43379635404968,1.7037517298628981
370,2.794539161711195,6.437188072578537,1.7115061544613903
371,2.794074373449429,6.440442611271779,1.7156775975179197
372,2.793396996979611,6.445049177357952,1.7166536983187086
373,2.792706727014891,6.449741722707771,1.7168235602815063
374,2.7920095179460516,6.4544880539366485,1.716459739254767
375,2.7913074658160344,6.459285374835948,1.7154667801229864
376,2.790610771066162,6.464087836383284,1.7138768461217733
377,2.7899176061240225,6.468933105242445,1.711468024642728
378,2.789462194427361,6.472167116768412,1.7093733260591075
379,2.7887883229975516,6.477054245272926,1.705462155025406
380,2.7881335142142727,6.481968050066955,1.7001379231868234
381,2.787500971051472,6.486976121239444,1.6908140430420384
382,2.786906549875897,6.492096085431962,1.6800985274274345
383,2.786358595754703,6.497323658208972,1.6683815468799708
384,2.7860244016680666,6.500855449449451,1.6594286898576935
385,2.785579671893794,6.506231067803451,1.6448395707481613
386,2.7852050145152147,6.511786619498859,1.6282662639406897
387,2.784919388276844,6.517475283902721,1.6105439238926695
388,2.784732283887373,6.523244170685061,1.5926556721298184
389,2.7846648528291515,6.527091942102854,1.5806492650496138
390,2.7846491391179393,6.532845044280441,1.5632524489156865
391,2.7847227782897037,6.538253021232287,1.5478043394522911
392,2.784877173395014,6.543660543802301,1.5344258355985854
393,2.7850888689959485,6.548894309182894,1.5253321508368787
394,2.785334982716151,6.554004079988045,1.5189417223968382
395,2.785512751414084,6.557350649233938,1.5152294064198675
396,2.7857951928044913,6.562255235047398,1.5106140460052389
397,2.7860983193040854,6.567155914708743,1.506650186407839
398,2.786411867633464,6.571934344336308,1.5031675291637934
399,2.7867383716901837,6.576666386915838,1.5000648860530348
400,2.7870720211352924,6.58130314776747,1.4973188614217348
401,2.7871859923848117,6.582848219777762,1.4964566231395244
402,2.787417884160018,6.585938054045002,1.4947778289919957
403,2.787653263866909,6.589006253402063,1.4931389870362723
404,2.787891539424571,6.592046658800418,1.491531227685279
405,2.788134617973687,6.595086379870849,1.489940392153238
406,2.7883825236823387,6.598125746013186,1.4883565343981773
407,2.7886307466485936,6.601111217186839,1.48677820420135
408,2.7888833519553056,6.604092320348677,1.4852035343328005
409,2.789140694590315,6.607073025330795,1.4836277089264016
410,2.789397807045276,6.609997656620484,1.482052991079279
411,2.7895279121034906,6.611457891809309,1.4812664653923462
412,2.78979149804142,6.614377842682845,1.4796922970510331
413,2.790054664468429,6.617242813232101,1.4781164273864376
414,2.7905875907090594,6.622896101221518,1.4749835122247688
415,2.7908567484434093,6.625683451119564,1.4734662138947583
416,2.7911300641487164,6.628470093357593,1.47196866186765
417,2.7915409716255324,6.632577159613684,1.4697177872030522
418,2.7918196264535897,6.6353122820127615,1.4682034067283327
419,2.7921025002548854,6.6380470829807585,1.4666794907343543
420,2.7925273938756754,6.64207848187564,1.4643588884642709
421,2.792815531152019,6.64476340749927,1.4627871658188478
422,2.7932510137326374,6.6487448300768754,1.4603941566074428
423,2.793544470752653,6.651380421548585,1.4587675881690556
424,2.793987197907536,6.655284562432732,1.456292270975354
425,2.794285679209488,6.657867231013364,1.4546210994199271
426,2.794739021412745,6.661721220659639,1.4520898808842944
427,2.795196820063173,6.665527663867337,1.4495336318733336
428,2.795507356975918,6.66806463325353,1.4478170113892161
429,2.795971830411942,6.671794598996159,1.4452242496605228
430,2.7962868170983897,6.674278273831206,1.4434841576219084
431,2.7967598095895854,6.6779455314123615,1.4408812208634507
432,2.7970773659765826,6.680366532888989,1.4391779985778759
433,2.7973991169594887,6.682786806609415,1.437488133397625
434,2.797722197858007,6.685186979935328,1.4358002699675971
435,2.7980458425205517,6.687561196034072,1.4340933829675946
436,2.7983736193160946,6.6899347394922115,1.4323692374555563
437,2.7988642850431487,6.693430988990307,1.4297338695836759
438,2.7991960394194413,6.695759259130499,1.4279444119979186
439,2.7996917604097615,6.699182029169676,1.4252265344046855
440,2.8001963952262328,6.702600342210581,1.4224775767013387
441,2.8007001296150937,6.705948961741608,1.4197039976125025
442,2.801040727259397,6.708178388647188,1.417842682382489
443,2.8015557216377003,6.711496733733057,1.4150417343445927
444,2.801897845327364,6.713667889633618,1.4132099339417994
445,2.8022438639696614,6.7158381541066134,1.4114025578540408
446,2.802760515901472,6.719033078628012,1.4086829087359267
447,2.8031096050714774,6.721160392197393,1.4068514496178715
448,2.8034625363287233,6.7232869066325085,1.405008583373181
449,2.8038193673411738,6.725412904196381,1.4031559765955854
450,2.8041748621710645,6.727507073538409,1.4012836697965003
451,2.8045307229022365,6.729579773175975,1.399386074115157
452,2.805065454963353,6.732650936039796,1.396499254412221
453,2.8056059082715086,6.735701548617357,1.3935782748289498
454,2.806146891027475,6.738704339771957,1.3906325513178839
455,2.8065122061994487,6.740705065911231,1.3886572729192022
456,2.807059059285225,6.7436571734980175,1.385708097201185
457,2.807424726509654,6.745604692623767,1.3837843529316065
458,2.8079734947567285,6.748489645639105,1.380916299106381
459,2.808523365125185,6.751335486040235,1.3780117501919624
460,2.809073846447334,6.754140318964011,1.3750444990112065
461,2.8096325547971293,6.756943494057411,1.372030638570609
462,2.8101883643603127,6.759688103200054,1.368987613013916
463,2.8107519101994214,6.762428173920911,1.3659234319554436
464,2.811124581052901,6.764217420436414,1.3638711311516551
465,2.811500395456653,6.766003002430157,1.3618119913114846
466,2.811879869773692,6.76778782495813,1.3597463283475373
467,2.8124426765342845,6.770401813598806,1.3566770322713835
468,2.813012799302879,6.773010928035377,1.3536466990026008
469,2.813584921718968,6.77559226206483,1.3506154572624571
470,2.8139683024779867,6.777301534933344,1.3485697110085189
471,2.814550151115643,6.779864067439424,1.345474146278169
472,2.8151321433001115,6.782391904038053,1.3423513520398258
473,2.8155178932346803,6.78404716050026,1.340252083015235
474,2.816095795333564,6.786497787612491,1.3370849297064156
475,2.8164852676238197,6.7881305445728755,1.334963737975589
476,2.817061879203909,6.790519834950696,1.3318256926249978
477,2.81764202322887,6.79289088549217,1.3287422794310184
478,2.8182213757672407,6.795227425812102,1.3256317831101536
479,2.8186081207792695,6.796770408466208,1.3235384804563157
480,2.819187567433879,6.79905659432627,1.3203599215245212
481,2.8195779799900467,6.800579646171544,1.3182223039181369
482,2.819967918734518,6.802087845267243,1.3160745346698486
483,2.8205516924412652,6.804320868436933,1.3128402567762454
484,2.820944893407852,6.805808386497027,1.3106771514539692
485,2.8213321214141125,6.807260673322384,1.3085377831856553
486,2.8217216029800887,6.808709417243435,1.306436413724104
487,2.822311631041599,6.810880776355234,1.303323756143454
488,2.8228974093069605,6.813010366739243,1.3001961230098282
489,2.8232912241170487,6.8144278593789736,1.2980868158715975
490,2.82368512337568,6.815834247142034,1.2959628051150562
491,2.8240783824124946,6.817226489732929,1.2938167752720786
492,2.824470907763471,6.818605036000149,1.2916542353813099
493,2.8250579918853918,6.8206460887322615,1.2883922850649097
494,2.8254531142452635,6.822005547848615,1.2862091926946
495,2.8258511333613927,6.82336430181052,1.284020930665598
496,2.826439248729933,6.825351791416878,1.2808010853601313
497,2.8270329382074495,6.827334738320751,1.2776648344568249
498,2.8276216987521434,6.8292791688511185,1.2745298593553351
499,2.8280172264460637,6.830573037661715,1.2724207741431515
500,2.8286043692911687,6.83247610594163,1.269214299441247
501,2.828998810411373,6.83374249847118,1.2670489626378028
502,2.8293924267104247,6.834996541850432,1.2648702779923842
503,2.8299806454521628,6.8368532654769565,1.261588772462678
504,2.830376193512288,6.838089799173796,1.259395027541965
505,2.830970254931118,6.839929939429207,1.2561071636411891
506,2.831362485318138,6.841133523509424,1.2539696680727874
507,2.8317572526357107,6.842336161402325,1.2518716232193965
508,2.832147333155461,6.843516132574383,1.2497798474718
509,2.8325393576805737,6.844693748093799,1.2476756111518412
510,2.833128599764141,6.84644857614859,1.2445009292164722
511,2.8335189688022133,6.847601123920456,1.2423565466977982
512,2.8339082970922242,6.848742261032241,1.2401935290990964
513,2.8344897390901957,6.8504318779049465,1.2369307297322514
514,2.834880438696473,6.851557140783965,1.2347480252348124
515,2.8354620306502936,6.85321776507436,1.2315034091822734
516,2.8358490239203475,6.854313173561454,1.2294040289671864
517,2.836238146021503,6.855407579652275,1.2273376972891974
518,2.8368192098440117,6.8570282580585085,1.224256805306387
519,2.8372064738534077,6.858099585572552,1.2221837108405775
520,2.837595951275776,6.859170248417715,1.2200996433260942
521,2.837980544354249,6.860221040697435,1.2179946391087482
522,2.8383668948687837,6.861269513950979,1.2158641382108861
523,2.8387555423351944,6.8623171776482605,1.2137172734577137
524,2.8391429783982214,6.863354588658369,1.2115602936342553
525,2.839721270164757,6.864890762522676,1.2083165885934075
526,2.840109409654464,6.865913727785959,1.2061510297113989
527,2.840490915981775,6.866912516717802,1.204023827074244
528,2.840873845564757,6.8679083733905895,1.201955624562265
529,2.8414412911100935,6.869373333732742,1.1988818131594075
530,2.841821754774044,6.870347997125232,1.1968295477318736
531,2.8423857559371974,6.871782198612441,1.1937135847333924
532,2.8427639475786193,6.872736539178758,1.1916080101620963
533,2.843327664718112,6.874148244409093,1.1884285048376173
534,2.8437029003329335,6.875080963638247,1.1863031001773168
535,2.8442698350510884,6.876478346633921,1.1831114669478313
536,2.844834669876358,6.877859049386918,1.1799189916971966
537,2.845211006096381,6.878772421962202,1.1777922412959092
538,2.845767121843106,6.880110488077728,1.1746599844678254
539,2.846139656454536,6.881000565244661,1.172616473080363
540,2.8465137196776205,6.881889785101827,1.1705946279162305
541,2.847068097026149,6.88319811703582,1.1675485617412293
542,2.8476229055642057,6.8844958881528155,1.1644683364797992
543,2.847989745879122,6.885347696657014,1.1623973931258644
544,2.8483581222404935,6.886198832995706,1.160316552136884
545,2.8489031443516972,6.887449315586251,1.157183473137915
546,2.849268580806799,6.888281047640295,1.1550902292291287
547,2.849816024957017,6.889519186187396,1.1519550822079243
548,2.850177092437681,6.890330127407789,1.149909131222074
549,2.850539742862271,6.891140062360252,1.1478963888673364
550,2.850901206223672,6.891942755600624,1.145899329032705
551,2.8512604858683424,6.892736292840549,1.1438784101282915
552,2.8516183901219287,6.893522825195255,1.1418314243728278
553,2.852152530997135,6.894688892021969,1.1386723416813438
554,2.852331361922601,6.895077199405957,1.1376026328439448
555,2.852690355332454,6.895853309854983,1.1354478825289747
556,2.853222482099229,6.896995290339805,1.132147375227585
557,2.8535767223402804,6.897750053402875,1.1298960294203764
558,2.8541066434708706,6.898871298821834,1.1264044405839526
559,2.8544621053451475,6.899617632950668,1.1240266887895238
560,2.854819469384106,6.900363242152909,1.1216261573655306
561,2.8553523910527407,6.9014668662460394,1.1179815411040293
562,2.855885379234376,6.902560417299443,1.1142602668067703
563,2.8564160284515783,6.903638464450622,1.11029916143257
564,2.8567718933542636,6.904355755428162,1.1074900319184753
565,2.857128532755854,6.9050693508809236,1.104565546920143
566,2.8574854234316986,6.905778297679436,1.1013779013089358
567,2.8578447994539897,6.906486593986916,1.0979927077136478
568,2.8583879292507692,6.9075456674578435,1.0926387750165167
569,2.8585697507174244,6.907897334395771,1.0906895706364492
570,2.858935743797413,6.908599773845832,1.0865472355944084
571,2.8594936679870764,6.909656544959563,1.0796027783511684
572,2.859682006114787,6.910009505129499,1.0769623174347358
573,2.86006175366493,6.910714602474915,1.0713334619556236
574,2.8606508416708962,6.911788516936226,1.0613944948144751
575,2.8610506502788375,6.912503674005879,1.0538079255803803
576,2.861684600945708,6.913610067958046,1.0403374514759458
577,2.8623370218912836,6.9147135824916,1.0245971650977463
578,2.8627946502085515,6.915463209386768,1.0131957583233506
579,2.8635242776999186,6.916619213377754,0.9933187538050448
580,2.8651253244113937,6.91903291354722,0.973481324560149
581,2.865970263749234,6.920256517510992,0.9541118079939939
582,2.8668266895531738,6.921445653882033,0.9288793600980422
583,2.8677156495221405,6.9226136166039,0.9016432557870065
584,2.8683270506469944,6.923379193618233,0.8828720818597486
585,2.8691128925770113,6.924323553778967,0.8638297410736038
586,2.869931236499343,6.925269539215391,0.8446386445672155
587,2.8711932188716496,6.92665839846269,0.8157262094508412
588,2.872506369739842,6.928020996812782,0.7869293821696988
589,2.873518275353801,6.929022547025372,0.7699061457694795
590,2.87457787739991,6.9300418587612365,0.7569629335481465
591,2.875116871997082,6.930547918401823,0.7523558101108112
592,2.876199259341261,6.931555609113663,0.7446717313528688
593,2.877294330893224,6.932558924632727,0.7402919821224461
594,2.8783925808094386,6.933558417401926,0.7363657083614946
595,2.879493762695695,6.934553705334865,0.7327500028645847
596,2.881146523077223,6.93603474167018,0.7282575235977384
597,2.8822508705052905,6.937017240320065,0.7258719658952715
598,2.8839103664256798,6.938485987209645,0.7228366496079716
599,2.8850137419712163,6.939457950246205,0.7210685638605404
600,2.886656606254151,6.94089883727889,0.7188936058303965
601,2.8882888567298926,6.942324855662025,0.7171392469813046
602,2.8893671819930873,6.94326437115436,0.716125073350496
603,2.890445177337775,6.944201748233506,0.7152003081894303
604,2.8915241641225387,6.9451381123826375,0.7143368330930583
605,2.892596855547717,6.9460675682096875,0.7135213093938348
606,2.894193055511558,6.947448085946919,0.7124121800289264
607,2.895790579879394,6.9488264726161795,0.7113941010215517
608,2.896850677863415,6.9497396965464455,0.7107462409650654
609,2.897903439073309,6.95064552225417,0.71011428742204
610,2.89895681171825,6.951550634941071,0.709493895846709
611,2.9005185436419656,6.952890404545487,0.7085799908645798
612,2.901039049068552,6.953336390328816,0.7082789265568689
613,2.9025955651093645,6.95466854130875,0.7073841718080337
614,2.904138738900374,6.955986866587755,0.7065017878679255
615,2.9051680544769187,6.956864860315653,0.7059192205978505
616,2.906700742258339,6.958170430317166,0.7050532730422341
617,2.9077178816667533,6.959035595271824,0.704481672080282
618,2.909232357002405,6.960321748790545,0.7036324313080425
619,2.91023740467376,6.961174036776922,0.7030721213104562
620,2.91173356328622,6.9624413068870625,0.7022397388276699
621,2.913223182085636,6.963700695116608,0.7014178076683563
622,2.91470820448888,6.96495404276578,0.7006045128805836
623,2.9156894645174507,6.9657812000443435,0.70006787301124
624,2.9166709263589596,6.966607686373403,0.6995352727032074
625,2.9181257039263806,6.967830935201208,0.698745145312941
626,2.9190952710858573,6.968645019727779,0.6982239531237835
627,2.920059916748153,6.969454202060724,0.6977066815441049
628,2.9214962934574458,6.9706576598032255,0.696939696951153
629,2.9229237486388113,6.971851650647734,0.6961825005151189
630,2.9243459964812786,6.973039425995941,0.695435439257122
631,2.9252944211491854,6.973830727089534,0.6949418379142925
632,2.9262317046604323,6.974611748007293,0.694452614678553
633,2.9271683221852913,6.975391347777207,0.693967999012814
634,2.928105259805216,6.976170595036579,0.69348713063138
635,2.929493363106612,6.977323672962053,0.6927744895172867
636,2.9308812731188665,6.978474833384206,0.6920716669722129
637,2.9322521678565874,6.979610318641866,0.6913791500532337
638,2.9336225758924077,6.980743932556764,0.6906965540345776
639,2.9349762931323347,6.981861905923714,0.6900245783970569
640,2.9363182279228615,6.98296895036647,0.6893641116371477
641,2.9376536512514275,6.984068976851802,0.6887159183854191
642,2.938984652863549,6.985163908997506,0.6880770629488431
643,2.9398635581629375,6.98588624803914,0.6876575539660439
644,2.9407428319023317,6.986608161755676,0.6872426171189522
645,2.9420510092752115,6.987681163085764,0.6866285091792957
646,2.9429187048805066,6.988392168456355,0.6862257493621996
647,2.943786714376407,6.989102824955816,0.6858271645169655
648,2.9450781651929256,6.990159076838569,0.6852371981501252
649,2.9459349022131405,6.990859058601417,0.6848504955594218
650,2.9467916985091334,6.99155861042956,0.684467858522831
651,2.9480634077198937,6.99259585606928,0.683903200342456
652,2.9493238648809,6.993622753998648,0.6833505925328912
653,2.950577891517755,6.99464329808852,0.6828112226507833
654,2.9514142637698515,6.995323303039522,0.6824569814999653
655,2.9522400118501135,6.995994184323207,0.6821079717276277
656,2.9530650421396225,6.996664085541535,0.6817646418911953
657,2.9538854290289125,6.9973295066807335,0.6814262892276634
658,2.955106234125699,6.998319188640403,0.6809308112490196
659,2.9559201294687263,6.998978635513331,0.6806065694476531
660,2.9571311346180393,6.999958482026083,0.6801292054258075
661,2.9579340762269193,7.000607825773784,0.6798183748381736
662,2.9587324384378584,7.001253091832869,0.6795126477051296
663,2.9599204342328784,7.002212262240079,0.6790670418775097
664,2.9607126368292347,7.002851498926817,0.678776373936509
665,2.961887712245612,7.003799025464284,0.6783187324252412
666,2.9622793048724816,7.0041145792020325,0.6781579056210534
667,2.963057935812006,7.004741552859751,0.6778288303350691
668,2.964603012952431,7.0059846641921455,0.6771579494087079
669,2.9653758431064716,7.0066058845609245,0.6768199981144082
670,2.9665199052971167,7.007524481655217,0.6763146339256058
671,2.967282260577799,7.008136160023029,0.6759796799995738
672,2.96841600578654,7.009045076101469,0.6754814594157961
673,2.969167856847227,7.009647256783297,0.675153550915043
674,2.9699199115556913,7.010249227098751,0.6748284327341947
675,2.9714117424243,7.011442156367666,0.6741864327034618
676,2.9725226013560127,7.012329458497681,0.6737125066740715
677,2.973622400577806,7.013206954203867,0.6732473568387131
678,2.9743556250610337,7.013791622650649,0.6729413040514355
679,2.975440856571655,7.014656184402983,0.6724891046222602
680,2.9758023501661857,7.014943983841449,0.6723401347420981
681,2.9765255300707567,7.01551951364869,0.6720443040006259
682,2.9776007770468427,7.016374747884527,0.6716060787632063
683,2.977957275062794,7.016658074848813,0.6714619052665707
684,2.9786703916222956,7.017224522291398,0.6711758979411458
685,2.9797307610480117,7.018066086846669,0.6707525423814931
686,2.980433710574514,7.018623786388132,0.6704743496130542
687,2.981136791481168,7.019181326735723,0.6701987728449852
688,2.9818305596349597,7.019731056307109,0.6699263957512867
689,2.9828702548782955,7.020554231206877,0.6695238612984595
690,2.9838956076323186,7.021365508551299,0.6691286859129674
691,2.9845789228331845,7.021905697065127,0.6688692208020691
692,2.985594670971268,7.022708248067648,0.6684854731421289
693,2.9862681138398193,7.023240063274415,0.6682339562812147
694,2.986941636525694,7.0237715999074855,0.6679851707263885
695,2.987943073910673,7.02456133433381,0.667616805631708
696,2.9886069274913303,7.025084665517329,0.6673748070319735
697,2.989593839906724,7.02586197419413,0.6670169491589548
698,2.990575247852267,7.0266345261228675,0.6666658083437972
699,2.991552749017968,7.027403411826317,0.6663199460571143
700,2.992197573421422,7.027910158837648,0.6660934882543444
701,2.993157410942296,7.0286642559566035,0.6657608454249666
702,2.9941125223528315,7.029414237946662,0.6654388769686168
703,2.9950637548021946,7.030160616285011,0.6651247170461934
704,2.9956911800576598,7.030652609101648,0.6649219485530568
705,2.9966234147801885,7.031383221835641,0.6646284589669496
706,2.9972413089961707,7.031867333575896,0.6644410997853194
707,2.997859121074199,7.032351188590262,0.664258422926899
708,2.998473264205376,7.032831761199127,0.6640799066027239
709,2.9990818225578884,7.033307951444332,0.6639078220763867
710,2.9996864867911133,7.0337810158010745,0.6637414956226542
711,3.0008849500226944,7.034718170090835,0.6634304638917116
712,3.001484237264678,7.035186518034066,0.6632821603642984
713,3.0023702921575417,7.035878673355373,0.6630710820968356
714,3.0029604184921195,7.036339489373539,0.66293762221698
715,3.0032555341526397,7.0365699348543425,0.6628723848610341
716,3.0041277933037507,7.037250785469808,0.6626873197935051
717,3.0047057407905635,7.037701785050615,0.6625685764520519
718,3.0052792778354545,7.038149268020903,0.6624357998969066
719,3.0058529910688687,7.038596654987065,0.662291562577419
720,3.0061398462801887,7.038820288601711,0.6622164625490542
721,3.0067105093411564,7.039265105979928,0.6620621027921878
722,3.007560339669663,7.039927454802564,0.6618235251174558
723,3.0081232877401503,7.040365902927621,0.6616620338262327
724,3.0086813658151965,7.040800397656484,0.661500223937839
725,3.0095184310100604,7.041451959418658,0.6612576805645423
726,3.0100729311841565,7.041883376423878,0.6610968157499293
727,3.0106226274165033,7.042310744959037,0.660938777632114
728,3.0111722783552737,7.042738103065713,0.6607830271886883
729,3.011721899775718,7.043165367747216,0.6606290262690465
730,3.0122717354797843,7.043592638181615,0.6604764470614325
731,3.013084395951499,7.04422370805128,0.6602514692035816
732,3.0136257753442544,7.0446440674648665,0.6601039516551502
733,3.014163542760875,7.04506158111341,0.6599580698186762
734,3.0146966413854535,7.045475092796191,0.6598145220221762
735,3.0154927504995115,7.046092429525278,0.6596025899157423
736,3.016017247576251,7.046499399031824,0.6594637820989031
737,3.016542060011508,7.046906175917304,0.6593268493073067
738,3.017321593271821,7.04751009441042,0.6591253200703172
739,3.0178380946182135,7.047910320614976,0.6589947555720028
740,3.0183546563906667,7.048310212721472,0.6588665300667266
741,3.018863736866419,7.048704071734753,0.6587426303173229
742,3.019371830570749,7.049097520661446,0.658623790414293
743,3.0198765357624415,7.0494882989311485,0.6585092779186316
744,3.020376646569217,7.049875012798854,0.6584016335015674
745,3.02087386774857,7.050259562224266,0.6582996605200946
746,3.0216136522451205,7.050831796367748,0.6581593913056427
747,3.0221070080146686,7.0512131506863565,0.658071820218869
748,3.022600320546495,7.051594307061143,0.6579873107167382
749,3.023328996061443,7.052157383134281,0.6578702765077559
750,3.023814239963435,7.052532427505326,0.6577986816701246
751,3.024296185409984,7.052904803392014,0.6577312144627757
752,3.024773489116945,7.053273453049212,0.6576708301682906
753,3.0252508851386146,7.053642126847664,0.657615787802703
754,3.0259668608812955,7.054195165482174,0.6575395515975083
755,3.026438198551012,7.05455906615578,0.6574815496879388
756,3.0269089564855283,7.054922399828797,0.6574095327365841
757,3.0276082263994586,7.055462152182189,0.6572849260643612
758,3.028071467950215,7.055819716161929,0.6571947452181962
759,3.0285316452564306,7.056174680919488,0.6571013879554949
760,3.02898748640023,7.056526252231756,0.6570069205771819
761,3.029440087848173,7.056875394038144,0.6569124408476097
762,3.030112704446805,7.057394064247334,0.6567762670628549
763,3.0305611367808503,7.057739710845328,0.6566883107040902
764,3.0312236181961905,7.058250194930965,0.6565587588508219
765,3.0316647356091986,7.058590107714719,0.6564732929675481
766,3.0321059935175523,7.058930116215163,0.656388385356038
767,3.0327575703417264,7.05943206124428,0.656263310848724
768,3.033191709438582,7.059766315169203,0.6561815669439007
769,3.0338343747159597,7.060261019092422,0.65606292931661
770,3.034262499724164,7.060590607321234,0.6559864606766717
771,3.0349016315669948,7.061082624383208,0.6558749406267872
772,3.035322613079806,7.061406453439128,0.6558062587037102
773,3.035743580100021,7.061730321602037,0.6557415270376031
774,3.03636477358987,7.062208232648402,0.6556549270998364
775,3.0367786485064676,7.062526498567676,0.6556038624902476
776,3.0371894424080237,7.062842348103298,0.6555568638227248
777,3.037799568010966,7.063311612821753,0.6554982750414552
778,3.038403247130085,7.063775795388419,0.6554520365877917
779,3.038803024383066,7.064083076193136,0.6554297660486113
780,3.039402641334867,7.064544133640167,0.6554042239252958
781,3.0397994545979032,7.064849149329525,0.6553913311084767
782,3.0401924211174043,7.065151206364589,0.6553849651419956
783,3.040585218479379,7.065453213169461,0.6553834899507295
784,3.0409757657799816,7.065753426309091,0.6553823638676058
785,3.041556800296791,7.066200043606057,0.6553525762059264
786,3.042131986796882,7.066642152940721,0.6552994676413818
787,3.0425128916249506,7.066934933217926,0.655256756224736
788,3.0428937911958034,7.067227746590111,0.6552104391542247
789,3.043272076759367,7.06751835863841,0.6551618848477603
790,3.043459431155403,7.067662290829986,0.6551370794350001
791,3.0440136714518147,7.0680880925513305,0.6550614493080117
792,3.0445675378640247,7.068513591722985,0.654984762910822
793,3.0449368915748276,7.068797244913924,0.6549333911141596
794,3.04548509812036,7.069218189732757,0.654857999284992
795,3.0460297652445867,7.069636439547148,0.6547883983590259
796,3.0465717435332444,7.070052614332104,0.6547226840192139
797,3.046928529579989,7.07032643179278,0.6546823470821329
798,3.047285383736917,7.070600337431103,0.6546442846971929
799,3.0476363107787803,7.070869753096258,0.6546103765359149
800,3.048162128397196,7.071273242961855,0.6545685912600913
801,3.0485099457159435,7.071540119188732,0.6545451765390754
802,3.0488542752139294,7.071804412549316,0.6545278121424595
803,3.0493705963633038,7.072200699420439,0.6545098055215307
804,3.0497092556689473,7.072460524949653,0.6545039576298457
805,3.050047408937165,7.072719828243972,0.6545040552078869
806,3.0503856036817756,7.0729793363130185,0.6545079650976858
807,3.050718060551396,7.07323461455278,0.6545172958951643
808,3.0510500959400813,7.073489493633131,0.6545328196917131
809,3.0513800778279108,7.073742595419086,0.6545497973848596
810,3.051707232048013,7.073993610273439,0.6545535947289615
811,3.0520344280122926,7.074244808287385,0.6545464636596217
812,3.0523591751111256,7.074493995896088,0.6545322973943603
813,3.0526807879892517,7.074740782430077,0.6545143917614953
814,3.053002305633993,7.074987404464392,0.6544941160468633
815,3.0533215203640682,7.07523236758643,0.6544719851781623
816,3.0536374410831923,7.075474819964276,0.6544474425470267
817,3.0539534543690245,7.075717269345654,0.6544211314309505
818,3.0544231640429644,7.076077543447305,0.6543810324353188
819,3.054734574326263,7.076316510506963,0.6543560848610919
820,3.0550435915092344,7.07655357326641,0.6543325079982734
821,3.0556554835152947,7.077022862401441,0.654292464711422
822,3.055959132800468,7.07725579976659,0.6542745829061043
823,3.05625967920317,7.0774863682964835,0.6542571077026289
824,3.0565603288439447,7.0777168503460395,0.654239873243547
825,3.056860881618611,7.077947347743748,0.6542227073639704
826,3.057303979991932,7.078287196573582,0.6542023375257136
827,3.0575990391935886,7.078513446198645,0.6541930040836892
828,3.0578892669974045,7.078735950168628,0.6541883215201167
829,3.058178955401729,7.078958073543331,0.6541888940296436
830,3.0586086441577285,7.079287649547037,0.6541984723258386
831,3.0588929242155514,7.079505746848508,0.6542122174893192
832,3.0591774048915066,7.079723814241714,0.6542298641829679
833,3.0595965641509237,7.080045183299349,0.6542665616054533
834,3.0598756841630963,7.080259310789356,0.6542973770755223
835,3.060294345145117,7.080580536987305,0.6543489719856399
836,3.060568699068672,7.080790973584696,0.654388448910098
837,3.0609797044545446,7.081106246565818,0.6544572715555743
838,3.0613868380000695,7.081418707015333,0.654521739001424
839,3.061656790919742,7.081625693168246,0.6545464228749016
840,3.062057919549652,7.0819336308581935,0.6545651747906537
841,3.062190788227708,7.082035692504894,0.6545681238673248
842,3.0624565705516718,7.0822397710728024,0.6545707987946178
843,3.0628512173645537,7.08254224234975,0.6545701909531991
844,3.063112316467297,7.082742787675666,0.654568701510379
845,3.063499535315727,7.083040172570871,0.6545661099747341
846,3.06375603087483,7.083236767826399,0.6545649137099394
847,3.0640124181449258,7.083433499013337,0.6545638177085338
848,3.0643903928771206,7.083723776839441,0.6545619042062597
849,3.0646421554837184,7.083916979459024,0.654560401046886
850,3.0650179009251226,7.08420521853458,0.6545584401636987
851,3.065265068004757,7.084394968618184,0.6545605552170042
852,3.065512222833899,7.084584645535909,0.6545652909080141
853,3.065876371595906,7.084864070099029,0.6545804760969827
854,3.066118807811539,7.085050099858008,0.6545958172721887
855,3.0664783179088944,7.085326145157397,0.654625651004832
856,3.066597266471517,7.085417397772347,0.6546382777956952
857,3.0669541606064814,7.08569127708233,0.6546814426189693
858,3.067304593501991,7.085960336159595,0.6547348543725713
859,3.0675361478481475,7.086138039256656,0.6547769801757144
860,3.0678795993892116,7.086401856671355,0.6548527210986061
861,3.068108440855445,7.086577574366257,0.6549088326693171
862,3.0684503727660006,7.086840163121404,0.6549951037851278
863,3.0686757315327067,7.087013304475296,0.6550385122648186
864,3.069013865285848,7.087273109751162,0.6550838321327254
865,3.069352078728334,7.087532905857947,0.6551150527275057
866,3.0695760080798045,7.087704912895869,0.6551311104841654
867,3.0697962973830375,7.087874280841432,0.6551443669754469
868,3.0700141652124184,7.088041656682255,0.6551572012932582
869,3.070232161339026,7.088209097281543,0.6551699106905119
870,3.0705551800402393,7.0884574067276365,0.655188989343085
871,3.070769053368421,7.088621732461671,0.6552022143687878
872,3.071191128232758,7.088946022715162,0.6552299416754425
873,3.0715022878341016,7.089185234126108,0.6552516945954703
874,3.0718112989992137,7.089422610627348,0.6552731041878399
875,3.0720172887760584,7.0895809893738955,0.6552870789388471
876,3.072221524891892,7.089738030553428,0.655301463982677
877,3.0724236978006108,7.089893388000226,0.6553192918732368
878,3.0726257629433413,7.090048651324387,0.6553397810029341
879,3.0729253174967277,7.090279011039313,0.6553757005942672
880,3.073123459877028,7.090431312632951,0.6554050287533415
881,3.0733201433360904,7.09058240995335,0.6554377937826819
882,3.0736116210649906,7.0908065863279495,0.6554966090347383
883,3.0738059334872534,7.090956120875057,0.6555401449542271
884,3.074093010084544,7.0911768716377495,0.6556133922880673
885,3.074284235137524,7.091323843988847,0.655667014344946
886,3.074473817005541,7.09146969722853,0.65572351031608
887,3.0747550355332267,7.091686084981322,0.6558179922479871
888,3.0749425240232324,7.0918303554200275,0.6558853511308791
889,3.0752184950968515,7.09204270623853,0.6559956039800199
890,3.0754022810989294,7.092184281390908,0.6560749010842885
891,3.0755848286911203,7.092324759935415,0.656153992832609
892,3.0757659050438972,7.09246414283438,0.6562170009285311
893,3.075946780317832,7.092603464931806,0.6562668150916301
894,3.0761247034663626,7.092740532176305,0.656308070789457
895,3.07630227972083,7.092877313547065,0.6563437477640246
896,3.0765687527077024,7.093082541318567,0.6563905658043436
897,3.076830386335647,7.09328422816196,0.6564341698653426
898,3.0770046804930913,7.093418401193707,0.6564630246683543
899,3.0772614894969905,7.093616239867101,0.6565047198612202
900,3.077432364010029,7.093748000480838,0.6565312558599237
901,3.077685941023318,7.0939433562108025,0.6565705476006771
902,3.0779375708502092,7.094137260310923,0.6566107620978174
903,3.078105254342829,7.094266530164721,0.6566377977306261
904,3.0783538924601994,7.094458195801672,0.6566800079675111
905,3.0785994850133127,7.094647482019123,0.6567276060743283
906,3.078842137231611,7.094834628096953,0.6567831386433128
907,3.0790835246004216,7.0950206802295,0.65684462994115
908,3.0793214470124513,7.095204115181248,0.6569151518309398
909,3.0794799751276165,7.095326416355561,0.6569657847363886
910,3.079713468875027,7.09550648283553,0.6570494628515504
911,3.0799465411656803,7.095686353658038,0.6571413054219969
912,3.0800991787365795,7.095804149391404,0.6572073608389024
913,3.080251503324862,7.095921630053168,0.6572781414307353
914,3.080478782752621,7.0960970229347184,0.657390240236018
915,3.0807027268996565,7.096270002718165,0.6575131364078027
916,3.0808509572507656,7.0963844059026595,0.6575965960933282
917,3.080997993447718,7.096497952348914,0.6576652310187971
918,3.081071443396819,7.0965547042265875,0.6576946809439398
919,3.081218335308143,7.09666828636938,0.6577465842570184
920,3.081434903697034,7.09683551730208,0.6578103450611843
921,3.0815792432918645,7.096946898652418,0.657845998946151
922,3.081723343222194,7.09705826432189,0.657878090361102
923,3.0819370039611655,7.097223653066514,0.6579236482961778
924,3.0821492835314968,7.097387351849402,0.6579719535947892
925,3.08235748408324,7.097548377099162,0.6580195906081344
926,3.0825644939403363,7.097708667011411,0.65806537002356
927,3.0827693549109667,7.097866741653179,0.6581136834818769
928,3.082970231952136,7.098022072935728,0.6581627119656934
929,3.0831708602618946,7.098177437118525,0.6582109790676044
930,3.08330468165309,7.098280867601407,0.6582429140092187
931,3.0835017873607184,7.098433160606423,0.6582943810623553
932,3.083633043713317,7.098534679379997,0.658331574352611
933,3.0838260534083375,7.0986840129948865,0.6583936590745747
934,3.0840188713587304,7.098833315917847,0.6584625375577923
935,3.0841451484320936,7.09893089449885,0.6585125159832339
936,3.0843340987152477,7.09907712478969,0.6585942391522103
937,3.084459047206569,7.099173865284416,0.6586519659929553
938,3.08464422521523,7.099317155095194,0.6587465770508227
939,3.084767747085916,7.099412765070633,0.6588132088393464
940,3.084950567202576,7.099554439353069,0.6589181098604865
941,3.0850715197296417,7.0996480872877195,0.6589931391745938
942,3.085252988571377,7.099788590781747,0.6591102262878293
943,3.0853716107656446,7.099880548416968,0.6591922192912159
944,3.0854901198260927,7.099972429730623,0.65927842642935
945,3.0856670369222274,7.100109429955256,0.6594098787938085
946,3.0858419752339112,7.100245057035247,0.659514862865778
947,3.0859585087071135,7.100335463101187,0.6595720507108827
948,3.086073336755412,7.1004245552456355,0.6596230084274058
949,3.086187987311944,7.100513461248645,0.6596698982140313
950,3.08630181715407,7.100601712348461,0.6597140502871001
951,3.0864704690034257,7.100732639947603,0.6597773306770386
952,3.0865829758573216,7.100819867028823,0.6598182825155685
953,3.0866933945810424,7.100905475657669,0.6598580138587345
954,3.0868036160223746,7.100991088953131,0.6598963464805246
955,3.086912953131135,7.101075867387549,0.6599340129353709
956,3.087075112634013,7.1012017189214856,0.6599918851631756
957,3.08723629832417,7.101326895228972,0.6600512502631875
958,3.0873422223405207,7.101409025522169,0.6600937432864861
959,3.087448166048616,7.101491306937509,0.6601381949154846
960,3.0876040998356555,7.101612417695896,0.6602046704793544
961,3.08770794498763,7.1016930396542755,0.6602478653800782
962,3.087810956464904,7.101773015719449,0.6602907274547153
963,3.087963662947136,7.101891535641804,0.6603573809542902
964,3.088065486006773,7.101970682443104,0.660402857890235
965,3.0881663325595494,7.102049069538522,0.6604492323731572
966,3.088266103876643,7.102126571116732,0.6604986147318436
967,3.088365810818298,7.1022039931571666,0.6605502413861796
968,3.0885136034013194,7.102318887987392,0.6606318709004122
969,3.0886113167664195,7.10239480461972,0.6606904973114619
970,3.088708225020577,7.102470227339413,0.6607517073471567
971,3.088803858400683,7.102544611499355,0.6608171768627538
972,3.0888996073543336,7.102619024402656,0.6608857865782731
973,3.0890416109503867,7.102729324220261,0.6609937544338411
974,3.0891356920370936,7.102802580307389,0.6610699659625386
975,3.0892296552091496,7.10287567899682,0.6611483391726297
976,3.0893229337657115,7.102948259289245,0.6612285809229238
977,3.0894149925618346,7.103019838875396,0.6613128291900047
978,3.0895071422255507,7.103091564421472,0.6614000110190322
979,3.08964250709728,7.103197031955486,0.6615384967615998
980,3.0897327308868237,7.103267305581847,0.6616356301778886
981,3.0898660340860586,7.103370991659932,0.6617619074364957
982,3.0899547999690578,7.103440197976547,0.6618286998452029
983,3.090043542821129,7.103509376250653,0.6618868113817189
984,3.0901742036934734,7.103611255219006,0.6619652554650702
985,3.0902613186678014,7.1036790847643525,0.662014497257567
986,3.0903893456375635,7.103778899550829,0.6620849950847822
987,3.0904747708676745,7.103845451855001,0.6621303688097357
988,3.0905600648842886,7.10391192102492,0.6621748241484032
989,3.0906438951301034,7.103977350933501,0.662218753230354
990,3.090727433213347,7.104042529681557,0.6622624246730836
991,3.0908104219559887,7.10410718182458,0.6623054591150372
992,3.09093336998852,7.104203085184001,0.6623647839953348
993,3.091055075656896,7.104298020890738,0.6624216790334206
994,3.0911760121377627,7.104392364728069,0.6624823165491032
995,3.0912962699900413,7.104486167399309,0.6625458462047333
996,3.091414613762091,7.104578576873418,0.6626188120972458
997,3.091531662428493,7.104669863052615,0.6626962624646928
998,3.091647884355951,7.104760553315005,0.662769148717303
999,3.091724566325417,7.104820451015624,0.6628164285397725
1000,3.0918382544902676,7.1049092411123205,0.662891486703574
1001,3.0919141013288227,7.104968467296659,0.6629435321901088
1002,3.09198995037151,7.105027663198463,0.662996476396938
1003,3.0921016050862162,7.105114775317281,0.6630800706493676
1004,3.0921751652181855,7.105172287628002,0.6631390499807572
1005,3.0922842260295615,7.105257575942235,0.6632344417763721
1006,3.0923568914229858,7.105314335641338,0.6633010954915405
1007,3.0924638889082754,7.105397973750226,0.6634070436073637
1008,3.0925350982189936,7.105453705497266,0.6634813691617426
1009,3.092640507425483,7.105536057126183,0.6635976939580743
1010,3.0927103401507736,7.105590559468609,0.6636797285091874
1011,3.0927800321760937,7.1056451035169745,0.6637639361296471
1012,3.092916666600555,7.105752108697764,0.663942645304562
1013,3.092984894167149,7.105805433265792,0.6640362716932486
1014,3.093085624783609,7.105884340087001,0.6641826884718793
1015,3.0931526884155063,7.105936865387772,0.6642840044942631
1016,3.093219792004067,7.105989350101991,0.6643870134551408
1017,3.0933193825429752,7.106067460464276,0.6645295527560328
1018,3.0933853919269256,7.106119124097611,0.6645995967551095
1019,3.09345091163607,7.106170367036845,0.6646564903550426
1020,3.0935156711646608,7.1062212436176155,0.6647080342413957
1021,3.0935803292929327,7.106271941960924,0.664756525641399
1022,3.093676263711105,7.1063471019997975,0.6648235673218376
1023,3.093739730843399,7.106396827830742,0.664862896260944
1024,3.093802668719994,7.1064461950816895,0.6648997016224483
1025,3.093864781462277,7.106494968751072,0.6649369916294307
1026,3.0938958978523017,7.106519366822146,0.6649558956221295
1027,3.0939885841787844,7.106591964313399,0.665012849920286
1028,3.0940495796948184,7.106639794074464,0.6650488478063797
1029,3.094110402632434,7.106687566076987,0.6650831955438774
1030,3.094171372011437,7.106735382754652,0.665116446456745
1031,3.0942311267238365,7.106782221472026,0.6651502040549319
1032,3.0942909068316857,7.106829051902134,0.6651854086912941
1033,3.0943500684703693,7.106875477829782,0.6652219137449935
1034,3.094408542400616,7.106921378709956,0.6652616395337162
1035,3.0944669453194695,7.106967268989455,0.665303769160575
1036,3.0945248475767366,7.107012779410152,0.6653472137465585
1037,3.0945822315801195,7.107057710424619,0.6653902882939511
1038,3.0946394744151307,7.10710262352478,0.6654327851952266
1039,3.094668173071206,7.107125176846459,0.6654538593177503
1040,3.0946967811448993,7.10714765013843,0.6654748351047717
1041,3.094753136809493,7.107191857527433,0.6655176307935036
1042,3.0948095171003565,7.107236123015932,0.6655617580287629
1043,3.0948657952423426,7.107280250054532,0.665606714131044
1044,3.0949215627932714,7.107324103997322,0.6656525220013445
1045,3.0949764380549167,7.107367201646032,0.665700934933646
1046,3.0950305636223026,7.107409695786433,0.6657523980468041
1047,3.0950845127441036,7.107452026381691,0.6658067426093075
1048,3.095138499699039,7.107494460713043,0.6658629110310116
1049,3.0951914239717833,7.107536104882295,0.6659215338066616
1050,3.0952442717846065,7.107577652499251,0.665982914374729
1051,3.095297068362179,7.107619130691901,0.6660460358729225
1052,3.0953763909309915,7.107681438860215,0.6661425839320982
1053,3.095402313970321,7.10770186223247,0.6661754068835196
1054,3.0954281317440007,7.107722195778611,0.6662089759405888
1055,3.0954794573851876,7.107762577526029,0.6662782189753181
1056,3.095530096367226,7.107802332616313,0.6663514043215284
1057,3.095580806198869,7.107842121528482,0.6664274336251618
1058,3.0956309961872504,7.107881633545337,0.6665055999580741
1059,3.095680560990324,7.107920686701068,0.6665873350062362
1060,3.095730097311749,7.107959665267263,0.6666716840733529
1061,3.0957787040672837,7.1079978794328005,0.6667593666788758
1062,3.0958272878956707,7.1080361081402295,0.6668506137723129
1063,3.0958757440770484,7.108074340508844,0.666944083650302
1064,3.0959242617162057,7.108112612147204,0.6670389458027143
1065,3.0959717994519944,7.108150026347731,0.6671364617442729
1066,3.0960193771416393,7.108187376541204,0.667237217894309
1067,3.096066447174552,7.108224585731082,0.6673361966578932
1068,3.09611325448422,7.108261517489882,0.6674144401508162
1069,3.0961599959927124,7.108298319959686,0.6674759093167039
1070,3.0962289412705206,7.108352558750655,0.6675520755529727
1071,3.0962747642460795,7.108388655595304,0.6675975533263573
1072,3.0963206484583723,7.1084249164310345,0.667640320805146
1073,3.096388444245189,7.108478396889396,0.6676978644475495
1074,3.096433344270095,7.10851383713288,0.6677284798583201
1075,3.09647823857778,7.1085492321426305,0.6677548794204834
1076,3.0965224762220265,7.108584107769517,0.6677768164283903
1077,3.096566689763277,7.108618935816842,0.6677943278165007
1078,3.096610546098198,7.108653530076233,0.6678104199833947
1079,3.0966538459453345,7.108687692356701,0.6678340076228148
1080,3.0966970976911607,7.10872191228492,0.6678637616795835
1081,3.0967403512292297,7.108755985996847,0.6678976481221054
1082,3.0967828620574234,7.10878942916669,0.6679301079044205
1083,3.0968251394474637,7.108822835765559,0.6679578745176009
1084,3.0968674854700784,7.108856303565184,0.6679825055051917
1085,3.096909044617604,7.108889076330578,0.66800935079522
1086,3.0969506425997495,7.108921909525836,0.668041390562212
1087,3.096991361350384,7.108953988342404,0.6680769472252782
1088,3.0970320685279367,7.108986181303604,0.6681148474061025
1089,3.097072688276059,7.109018205005847,0.6681542964799884
1090,3.097112645723039,7.109049719564809,0.6681929307220095
1091,3.097152477097886,7.109081166150879,0.6682293676501906
1092,3.097192373487825,7.1091126847442965,0.668264304750951
1093,3.097231744331123,7.109143860014292,0.668298424173343
1094,3.0972708558127686,7.109174746321121,0.6683334678192844
1095,3.0973099411301432,7.109205411691842,0.6683693178955369
1096,3.0973482479912082,7.109235704829949,0.6684065062542561
1097,3.097386388862937,7.109265911715868,0.6684454099572203
1098,3.0974246160909993,7.109296156436849,0.6684854312785706
1099,3.0974621366899253,7.109325751477677,0.6685271404981816
1100,3.0974808267484017,7.1093404935317785,0.6685487549367555
1101,3.0975182823696903,7.10937013805991,0.6685929998777711
1102,3.097555031406944,7.109399250522984,0.6686390306330906
1103,3.097591929020869,7.109428301848329,0.6686870152555159
1104,3.0976470324126972,7.109471776221966,0.668761035862899
1105,3.0976834922131418,7.1095006705866695,0.6688113918736077
1106,3.0977014268888516,7.109514923151723,0.6688373231513722
1107,3.0977374024075055,7.109543439886294,0.6688905126683696
1108,3.09777351814726,7.109571838836408,0.6689449695885904
1109,3.0978089127820745,7.109599543149637,0.6690013174806596
1110,3.0978441832945935,7.109627487397068,0.6690597009920749
1111,3.0978788081880646,7.109655283622833,0.6691196204790871
1112,3.0979133470911875,7.109682625762506,0.6691823996555877
1113,3.097947964570699,7.109709652045735,0.6692472790716497
1114,3.097982340200866,7.109736631908267,0.6693136831749131
1115,3.0979991671761713,7.109750012426953,0.6693478616044028
1116,3.0980327042180575,7.109776957873226,0.6694178495919231
1117,3.0980664621684704,7.109803687298483,0.6694895423020923
1118,3.098099545210388,7.109829772552538,0.6695635550215164
1119,3.0981326204966826,7.1098559798804475,0.6696401412587027
1120,3.0981821805353458,7.109895205932322,0.6697579037474376
1121,3.098214870287581,7.109921141423601,0.669837819444618
1122,3.0982471393032225,7.109946805077017,0.6699203750771033
1123,3.0982792862507025,7.109972092682495,0.6700053828402708
1124,3.098295119899037,7.109984544924454,0.6700492851602015
1125,3.0983267812984363,7.110009655944208,0.6701392535322778
1126,3.0983582619578103,7.1100348894535825,0.6702311675098623
1127,3.098389246781753,7.110059408821443,0.6703260362875275
1128,3.098420339861169,7.110083843987919,0.6704241260408806
1129,3.0984512459220883,7.110108377497561,0.6705240999239473
1130,3.098482013268587,7.110132922087138,0.6706210697034461
1131,3.098512513929388,7.11015712238884,0.6706938815308785
1132,3.0985431096755405,7.110181430379167,0.6707472368780949
1133,3.0985731292262884,7.110205229345446,0.6707923706863865
1134,3.098603176657928,7.110229052861994,0.6708361933193775
1135,3.098632938452965,7.110252641483304,0.6708799544667454
1136,3.098662333388509,7.110275963402807,0.670928275764126
1137,3.098676966922339,7.110287576791384,0.6709538969106864
1138,3.0987059367672067,7.110310732553407,0.6710061525473141
1139,3.098734714365194,7.110333694667513,0.6710545651725848
1140,3.098763590254271,7.110356384560744,0.6710997036768694
1141,3.0987924921112864,7.11037916537406,0.671142511137004
1142,3.0988206383666306,7.1104016704205115,0.6711836521604949
1143,3.0988486829862794,7.110424118044978,0.6712237663854567
1144,3.0988763806260398,7.110446078739369,0.671259046832765
1145,3.098903993808641,7.110467843982168,0.6712873354754048
1146,3.0989316419937394,7.110489841909298,0.6713108480964793
1147,3.098958938117108,7.110511544648583,0.671331295180593
1148,3.0989859903741492,7.1105331635985385,0.6713502674395624
1149,3.0990130017347437,7.11055464748995,0.6713683791077268
1150,3.099040194164338,7.110576142926765,0.6713859124938382
1151,3.099066686462926,7.110597237094596,0.6714035914213693
1152,3.0990932541919904,7.110618371562341,0.6714219663535395
1153,3.0991322250208606,7.110649327879773,0.6714515110005284
1154,3.0991452495783913,7.110659683190956,0.6714618962375279
1155,3.0991712109694234,7.110680275854167,0.671483172219204
1156,3.0991969623247373,7.110700851301734,0.6715056195595837
1157,3.0992223670178145,7.1107210677241905,0.6715328302075634
1158,3.0992478203907523,7.110741252621033,0.6715637824222004
1159,3.099260566994127,7.110751334744077,0.6715802386942986
1160,3.099285456648378,7.110771039868,0.6716102920274999
1161,3.0993103642344364,7.11079092683062,0.6716350613890095
1162,3.09933516191892,7.110810681532499,0.6716563095292044
1163,3.0993597466785325,7.1108302193386885,0.6716784250090346
1164,3.099371966056443,7.110839934359658,0.6716908230243288
1165,3.099396430167533,7.110859326828157,0.6717175434410074
1166,3.0994209534456085,7.110878871283008,0.6717460018702837
1167,3.0994451180322566,7.11089816378051,0.6717747597141887
1168,3.099469151041718,7.110917244352975,0.6717993380757565
1169,3.0994930414270847,7.110936201502794,0.6718204142436439
1170,3.0995166259170928,7.110955001000382,0.6718435511141565
1171,3.09954006129178,7.11097359660793,0.6718719577531812
1172,3.0995636046967623,7.110992294826672,0.671903825165152
1173,3.0995867680080504,7.111010812468099,0.6719367485431705
1174,3.0996097524559105,7.111029134515236,0.6719643134354488
1175,3.099632722243346,7.111047351337162,0.6719873806356048
1176,3.0996440068118494,7.111056317753968,0.6719988498427
1177,3.099666594025485,7.111074251814211,0.6720257342061521
1178,3.0996890284457157,7.111092128004164,0.672056336430066
1179,3.0997113882246725,7.111109966478836,0.6720899291434885
1180,3.099733388441786,7.111127422576422,0.6721283320080421
1181,3.099755413297779,7.11114498172097,0.6721702629518241
1182,3.099776941812704,7.111162186316564,0.6722151654789403
1183,3.0997985051034713,7.111179334972645,0.6722626515057323
1184,3.099820106099434,7.111196425321684,0.672311794773456
1185,3.0998411603366476,7.111213288547868,0.672362726986304
1186,3.0998517272800004,7.111221722758473,0.6723889751698063
1187,3.099872828851495,7.111238522747637,0.6724425423056175
1188,3.0998937366109613,7.111255097309407,0.6724962110918
1189,3.0999144226376414,7.111271620928026,0.6725451297388823
1190,3.0999350384970383,7.111288058984885,0.6725901714308442
1191,3.099955841630986,7.111304552288151,0.6726326094484861
1192,3.0999659505493073,7.1113125739567895,0.6726545096080301
1193,3.099986178179476,7.111328763686154,0.6727041919787785
1194,3.100006289379456,7.111344852200523,0.6727594862826834
1195,3.1000262365700024,7.1113607004625425,0.6728192711228218
1196,3.1000361545422654,7.111368567987695,0.6728505888545128
1197,3.1000460424476315,7.1113764718462775,0.6728825903933461
1198,3.100065888631957,7.111392361320472,0.6729481789307988
1199,3.100085295798996,7.111407831770837,0.6730162012652017
1200,3.100104737633135,7.111423253968142,0.6730866088761834
1201,3.100124076699643,7.1114387608114,0.6731584529602131
1202,3.1001430906200484,7.1114539294691,0.6732323864636637
1203,3.1001526480021337,7.111461561842883,0.6732702700223658
1204,3.1001715872250015,7.111476637153215,0.6733473045208569
1205,3.1001902591269577,7.111491518684297,0.6734267165471675
1206,3.1002087640323377,7.111506282948655,0.6735086971321237
1207,3.100227375293813,7.1115211234089415,0.6735923081958676
1208,3.1002458855055415,7.111535979412103,0.6736768650517457
1209,3.1002551397608142,7.1115434056031654,0.6737193789153176
1210,3.100273384982853,7.11155797364063,0.6738060292014224
1211,3.100291536218657,7.111572352976675,0.6738949284317898
1212,3.1003095132541665,7.1115866652515365,0.6739667527760956
1213,3.1003273799764615,7.111600997086169,0.674010820164006
1214,3.100344971004483,7.111615130460263,0.674052987770882
1215,3.100353682640648,7.11162209299907,0.6740794009615537
1216,3.100379941909418,7.11164306699899,0.6741728124995884
1217,3.10039726059813,7.111656925088946,0.6742412379929261
1218,3.1004058606494946,7.11166377781167,0.6742732262144908
1219,3.10042310332751,7.111677497696735,0.6743325800067235
1220,3.1004401888116675,7.1116911698549945,0.6743874095777561
1221,3.1004570563508618,7.111704726862446,0.674432661813626
1222,3.100465406868853,7.1117114078110975,0.674450441687774
1223,3.1004822493067357,7.111724869786338,0.6744790644312323
1224,3.1004989666310663,7.111738230374388,0.674502155930879
1225,3.1005154950785676,7.111751416219625,0.674527652891986
1226,3.100531979527457,7.1117646769458,0.6745555745601626
1227,3.1005564519705917,7.11178420725836,0.6746003693327721
1228,3.1005725712043297,7.111797141547099,0.6746313886777555
1229,3.100588704661832,7.111810153417333,0.674662938018009
1230,3.100604807978165,7.111822933635229,0.6746932013406789
1231,3.10061275500149,7.1118292285930025,0.6747046311123202
1232,3.10062872250561,7.111841956250804,0.6747207539081103
1233,3.100652183152666,7.111860829731397,0.67473987296631
1234,3.100667786153549,7.111873310388856,0.6747598643547924
1235,3.1006833314945856,7.11188574907476,0.6747840439004038
1236,3.100698644074457,7.1118979657236325,0.6748110297328257
1237,3.100706222745578,7.111904071890156,0.674825245502769
1238,3.100721315662762,7.111916250747309,0.6748535845515562
1239,3.1007362001714043,7.1119281264452265,0.674876156827815
1240,3.100751150277993,7.111940020196224,0.6748939690110486
1241,3.100758652037316,7.111945991813781,0.6749015963563625
1242,3.1007732377965964,7.111957657273983,0.6749150128807325
1243,3.1007878831661166,7.111969465137804,0.6749266772461564
1244,3.1007951251981316,7.111975287308072,0.6749320425314353
1245,3.1008097293483248,7.111986965284253,0.6749421393484822
1246,3.100824103982417,7.1119984026437875,0.6749516185966628
1247,3.1008383984051453,7.1120099202922535,0.6749606542594849
1248,3.100852606772852,7.112021307696734,0.6749705767481328
1249,3.1008666330681045,7.112032473724971,0.6749872143243852
1250,3.100873669818823,7.112038116600411,0.6749976435109477
1251,3.1008876253209396,7.112049347910002,0.6750215027647036
1252,3.1009014224960705,7.1120603505854065,0.6750449681052376
1253,3.100908332594002,7.11206585885299,0.6750554170838948
1254,3.100915166423414,7.1120713726801945,0.675065186744756
1255,3.100928854473976,7.112082410163478,0.6750832133859084
1256,3.10094244095331,7.112093247964632,0.6751031593126753
1257,3.100955904859821,7.1121039783666005,0.6751272938656191
1258,3.1009626726152906,7.112109389600045,0.6751404558553629
1259,3.100982595184529,7.112125336505068,0.675182874019808
1260,3.1009892338137584,7.112130696660011,0.6751977035471549
1261,3.101002426415115,7.112141278628057,0.6752280489424224
1262,3.1010155227214753,7.1121517145616195,0.6752590471534214
1263,3.1010285039518495,7.112162056882593,0.6752904620599238
1264,3.101041385759744,7.112172390307404,0.6753220968345508
1265,3.1010541163766856,7.112182660863248,0.6753538733913134
1266,3.1010667053567187,7.112192796581158,0.6753857481475509
1267,3.101079371332239,7.112202889455123,0.6754176856536296
1268,3.1010918759111266,7.112212906855434,0.675449586326237
1269,3.101104327506056,7.1122229199333304,0.6754814716148891
1270,3.1011167064393357,7.112232776011906,0.675513349336311
1271,3.101129048172355,7.112242688093338,0.6755451456730973
1272,3.1011411015005326,7.112252416537126,0.675576882628026
1273,3.1011532787405,7.112262194530805,0.6756085903673694
1274,3.101165152791745,7.112271648004291,0.6756405475525097
1275,3.1011771235374854,7.1122811706862965,0.6756728890484176
1276,3.1011889737123677,7.112290736249043,0.6757053881922579
1277,3.1012007713222682,7.112300254596695,0.6757381546745149
1278,3.101212339718344,7.112309528894169,0.6757719231817418
1279,3.101223981510572,7.11231886497669,0.6758064406567316
1280,3.1012355128020523,7.112328085566283,0.6758415745156324
1281,3.101241193710892,7.112332627705678,0.6758596138057392
1282,3.1012526116123365,7.112341856785221,0.6758964592850659
1283,3.1012639498503254,7.112350919350413,0.675934045787753
1284,3.101275117891827,7.112359865854078,0.6759846452607494
1285,3.1012806303548213,7.112364348789347,0.6760177852230346
1286,3.101291608403062,7.112373179036388,0.6760952673337339
1287,3.101302686494119,7.112381978670698,0.6761803713961009
1288,3.1013135294853584,7.112390658596702,0.6762543807479332
1289,3.1013244526097767,7.112399501231007,0.6763185461995262
1290,3.1013353075566763,7.11240820941046,0.6763761247276308
1291,3.1013460705109335,7.112416829107019,0.6764303578626145
1292,3.1013567677912914,7.112425380158495,0.6764832672837896
1293,3.1013673892610814,7.112433935897939,0.6765342467979546
1294,3.101372625909738,7.112438203254412,0.6765572620299486
1295,3.1013830212432616,7.112446636131332,0.676598955970198
1296,3.1013935934140155,7.112455098018408,0.6766364968656776
1297,3.1014038204458,7.11246322078995,0.676677041096516
1298,3.101408966643277,7.112467324898436,0.6767001358916811
1299,3.1014192081151215,7.112475608625078,0.6767502633253362
1300,3.1014291795023454,7.112483699869787,0.6768182225624999
1301,3.1014392032308913,7.112491750039584,0.676910435911142
1302,3.1014491237467943,7.112499649307638,0.6770187072182497
1303,3.1014590691175594,7.112507575674759,0.6771342040267487
1304,3.1014639128168624,7.112511503102142,0.6771870951326485
1305,3.1014736320933185,7.112519387713193,0.6772830962338725
1306,3.101483244877269,7.11252717246126,0.6773700831757066
1307,3.1014928512316127,7.11253484032941,0.6774531958704695
1308,3.1015024163725857,7.112542526234082,0.6775338898503324
1309,3.1015119559413997,7.112550271265693,0.6776128757945863
1310,3.1015213879222405,7.112557813209365,0.6776922126301553
1311,3.1015307128431444,7.112565313568863,0.6777730034691936
1312,3.1015400081056663,7.11257289428191,0.6778583059421478
1313,3.1015491114384135,7.112580239432081,0.6779659458985712
1314,3.101558324604865,7.1125875970058345,0.6780912213339167
1315,3.1015673300469673,7.112594796454105,0.6782291918583808
1316,3.1015718282004965,7.112598394444556,0.6783037024685348
1317,3.1015806859668524,7.112605626648505,0.6784613724903621
1318,3.101589382471056,7.112612682406006,0.6785948768301634
1319,3.1015981540134776,7.112619716750193,0.6786836456526605
1320,3.1016025492739256,7.112623220464251,0.6787160972931385
1321,3.1016113623108605,7.112630394127917,0.678763879659515
1322,3.1016199641928677,7.112637386481203,0.6787952909536832
1323,3.101628732015726,7.112644463728921,0.678815785759251
1324,3.1016374281878005,7.112651433502399,0.6788289569870765
1325,3.1016460869759426,7.112658395501363,0.6788350875480182
1326,3.1016503412019696,7.112661814285716,0.678835516056872
1327,3.1016631657674583,7.1126723204253794,0.6788296740279655
1328,3.1016717336082094,7.112679202403907,0.6788218622086597
1329,3.10167594835395,7.112682577242155,0.6788172693902585
1330,3.101684491832238,7.112689383028745,0.678807374881662
1331,3.1016928625267686,7.1126960895119735,0.67879677720868
1332,3.101701149364715,7.112702889621341,0.6787875875865372
1333,3.1017093242953546,7.112709512398158,0.6787810571874315
1334,3.101713444031535,7.112712828336575,0.6787785128000617
1335,3.1017256473753148,7.11272253853844,0.6787728400682638
1336,3.1017337421357514,7.112729132413764,0.6787700999968046
1337,3.101741797853829,7.112735689772869,0.6787678921178062
1338,3.101749722763124,7.112742143201398,0.6787641660448223
1339,3.1017575916654185,7.112748458427608,0.6787577770905846
1340,3.1017654942663024,7.112754780469229,0.6787496375317787
1341,3.101773275923942,7.112761091212137,0.6787403691550448
1342,3.1017810061664846,7.112767417449029,0.6787303711428975
1343,3.1017888036829016,7.112773721641161,0.6787199426737679
1344,3.101792581851222,7.112776720279009,0.6787235464590203
1345,3.1018001453849915,7.1127827579226155,0.6787748814348974
1346,3.101807555670358,7.112788767596809,0.6788683935646816
1347,3.1018148977653093,7.112794647805023,0.6789563786996967
1348,3.1018222288585955,7.1128006704259885,0.6790109243257326
1349,3.1018295562226106,7.11280660400275,0.6790431829328447
1350,3.1018368971332446,7.112812466199416,0.6790668875112683
1351,3.101844096442814,7.112818208517564,0.6790903971290114
1352,3.101851342812753,7.112824155827732,0.6791137012584713
1353,3.1018584046410913,7.112829842143249,0.6791325403097167
1354,3.101865558205079,7.112835645727408,0.6791445149757485
1355,3.1018725721662146,7.112841252226346,0.6791519860831307
1356,3.10187959985171,7.1128469198815,0.6791567415470586
1357,3.1018865387287007,7.112852489807935,0.6791597316571428
1358,3.1018935413072963,7.112858190822043,0.6791615148680398
1359,3.101900314321218,7.1128637420167635,0.6791627129358495
1360,3.101907187053693,7.112869290452117,0.6791637824416833
1361,3.101913978713893,7.112874700379537,0.6791647769648912
1362,3.1019207586645483,7.11288009476222,0.6791658677349061
1363,3.101927458109082,7.112885556666434,0.6791669759191576
1364,3.101934149853052,7.112891035495851,0.6791681215916068
1365,3.1019407317575136,7.112896355844761,0.6791694261076447
1366,3.1019472758178663,7.112901611712801,0.6791709018344034
1367,3.101953864532627,7.112907010843913,0.6791724513457083
1368,3.1019602874367114,7.112912157600127,0.679174212649893
1369,3.1019668045510795,7.112917374309754,0.6791761800879632
1370,3.101973219986884,7.112922496148848,0.679178272345504
1371,3.101979577982396,7.112927656964325,0.6791797424240906
1372,3.1019827041995973,7.112930222700683,0.679180062450729
1373,3.101988957635768,7.11293534324747,0.6791801417919944
1374,3.1019952330594798,7.112940361376736,0.6791799435170882
1375,3.102001366815772,7.112945269609139,0.6791807923720887
1376,3.102004531889383,7.112947827412684,0.6791815617041559
1377,3.102010653329835,7.1129528243920594,0.6791835660470562
1378,3.102013642647323,7.112955271899776,0.6791845271251652
1379,3.102019739277685,7.112960210782501,0.6791855984230701
1380,3.1020257483179186,7.11296498711246,0.6791858567937916
1381,3.1020317777126154,7.112969871951586,0.6791858032801609
1382,3.1020376254565476,7.112974648576934,0.6791870114443319
1383,3.1020405854385396,7.11297702829587,0.6791880550391253
1384,3.102046557170358,7.112981861997635,0.679190733362499
1385,3.1020494633971736,7.11298416833802,0.6791920469406496
1386,3.1020553193218237,7.112988816844691,0.6791936659667078
1387,3.1020610228749645,7.112993449847989,0.6791945731512985
1388,3.102066688359137,7.112998089069816,0.6791967249215295
1389,3.1020723240445354,7.113002672634283,0.6791999564010399
1390,3.1020779429470684,7.1130072013353365,0.6792111711061537
1391,3.10208347471241,7.1130116318863275,0.6792660565046827
1392,3.1020888838980447,7.1130160265533116,0.6793556252302976
1393,3.1020941867475504,7.1130203903001314,0.67944118439
1394,3.1020996681931736,7.113024627781828,0.679500322918009
1395,3.102102482741868,7.113026767426275,0.6795228274009228
1396,3.1021078680011276,7.113031040310543,0.6795576292897826
1397,3.102113106678364,7.113035659641985,0.6795828620543669
1398,3.1021182414767394,7.113040016758575,0.6796034697056366
1399,3.1021237433945243,7.113044227212654,0.6796213360320943
1400,3.102129163958723,7.113048327269501,0.6796372663712037
1401,3.1021343991797665,7.1130525969360585,0.6796776835334646
1402,3.1021392932448957,7.113056963545873,0.6797571614092836
1403,3.1021444160403076,7.113061063170285,0.6798628621923077
1404,3.102149453309618,7.1130649822441905,0.6799609879446403
1405,3.1021545142653335,7.11306895860786,0.6800319911850708
1406,3.102159574864427,7.113073121087996,0.6800847855333909
1407,3.102164550525051,7.1130771960434584,0.6801256653870439
1408,3.102169490701589,7.1130812524890175,0.6801598375013009
1409,3.1021744392294974,7.113085235858603,0.6801897054780259
1410,3.102179437946173,7.113089260936866,0.680216998554495
1411,3.102181845884374,7.113091198714943,0.6802306108838758
1412,3.1021867290050245,7.113095219746237,0.6802580513188141
1413,3.102191526737958,7.113099105063079,0.6802858596271187
1414,3.1021963357324513,7.113102964752824,0.6803147498841036
1415,3.1022010966878093,7.1131067939007435,0.680344556615235
1416,3.1022057937343352,7.113110561004701,0.6803756053367672
1417,3.1022104172450153,7.113114382225746,0.6804074882892388
1418,3.1022149931725225,7.113118175763534,0.6804381326875458
1419,3.10221959802599,7.113121871283357,0.6804584471822762
1420,3.1022218688339316,7.11312367007489,0.6804652915536932
1421,3.102226556939953,7.113127384877566,0.6804742350754736
1422,3.1022310554228936,7.11313108146542,0.6804862153453587
1423,3.1022332758624263,7.113132916708401,0.6804957106180369
1424,3.1022377962970173,7.113136649054181,0.6805196930841194
1425,3.102242169323987,7.11314019092175,0.680548531979286
1426,3.1022444132055345,7.11314196770765,0.6805644023401041
1427,3.102248821018846,7.113145504990109,0.6805982113893272
1428,3.102253213173692,7.113149065633185,0.6806339837728049
1429,3.1022575852843093,7.113152564318569,0.6806713910391862
1430,3.102259705354629,7.113154266561072,0.6806906319926871
1431,3.10226402117066,7.113157789249196,0.6807298383579939
1432,3.1022681405400307,7.113161239008291,0.680769824868125
1433,3.1022724709548952,7.113164669985122,0.6808111449281553
1434,3.1022745655710695,7.113166299079279,0.6808321747436197
1435,3.1022766823551233,7.113167969716756,0.6808533822056866
1436,3.1022808693381565,7.1131713844510385,0.6809014061670506
1437,3.102282846538189,7.113173023973499,0.6809374454116264
1438,3.102284848532317,7.113174683504671,0.6809811470137895
1439,3.1022888455193387,7.113178047844366,0.6810860539297243
1440,3.102292700266353,7.113181234063686,0.6811891190029181
1441,3.10229479924584,7.1131828073950905,0.681233661009815
1442,3.1022968589067603,7.1131843523827,0.6812746120305129
1443,3.1023008914717614,7.113187445151306,0.6813482032283561
1444,3.102304754934611,7.1131907703964234,0.6814140289332311
1445,3.1023065711866136,7.113192413685797,0.6814455157523983
1446,3.1023084408331654,7.113194053364153,0.6814764576840849
1447,3.1023124366555916,7.11319725210386,0.6815370680014712
1448,3.1023163888142964,7.113200176179609,0.6815850237160299
1449,3.102318403100738,7.113201723604501,0.6816015969870899
1450,3.1023222543283246,7.113204932622328,0.6816240880590432
1451,3.1023259944262667,7.113208142479613,0.6816364064671862
1452,3.1023278901883913,7.1132097875597475,0.6816334133619053
1453,3.1023298271072224,7.113211356529724,0.681617730467798
1454,3.102331765058466,7.113212925468866,0.6815916372948707
1455,3.102335665939813,7.113216043991772,0.6815256772454862
1456,3.102339504427344,7.113219132321637,0.6814973320474625
1457,3.102341371840362,7.113220595598197,0.6814963355218208
1458,3.102345150147797,7.113223683856902,0.6815130774973477
1459,3.10234873377975,7.113226666159898,0.6815472424437634
1460,3.102350561217934,7.1132281463107425,0.6815688060766524
1461,3.1023524038528065,7.113229637168706,0.6815926286554084
1462,3.1023542497951317,7.113231103670113,0.6816182877984731
1463,3.102357802200249,7.113233955413505,0.6816737897809401
1464,3.102361421878563,7.113236862690244,0.6817333245819248
1465,3.1023631526958546,7.113238309806573,0.6817641442641729
1466,3.10236487006192,7.113239736968752,0.6817954996640014
1467,3.10236841279369,7.113242687882483,0.6818594102272671
1468,3.1023718370874858,7.11324539243807,0.6818867979847125
1469,3.1023754691860557,7.113248285777646,0.6818565825072269
1470,3.1023789973816807,7.113251214034842,0.681787925784685
1471,3.1023845262933776,7.113255663003683,0.6815370432714807
1472,3.102388299570726,7.113258720158026,0.6812684135461619
1473,3.1023921740632776,7.113261947261864,0.6809498964838129
1474,3.10239406832558,7.11326354852618,0.6808007672539546
1475,3.102395948124572,7.113265063520035,0.6806860755299098
1476,3.102399705925672,7.113268031135425,0.6805362246569849
1477,3.102403135610072,7.113270766684744,0.6804592899177002
1478,3.1024066036131037,7.113273544281002,0.6804282590717982
1479,3.102409824456666,7.113276226372319,0.6804247766367132
1480,3.102413149162614,7.113278923489043,0.6804234848004317
1481,3.1024163742202164,7.113281473346074,0.6804212536350803
1482,3.10241965804217,7.1132841750365206,0.6804183762276947
1483,3.102422846287805,7.113286691936817,0.6803668111982303
1484,3.102426255470186,7.113289432756264,0.6802402606617985
1485,3.102429595148193,7.113292107588518,0.6800638045600378
1486,3.1024328593119943,7.113294955286807,0.6799793303189816
1487,3.1024343788891806,7.113296225887352,0.6800056397981085
1488,3.1024358504968608,7.113297431437823,0.6800666620649847
1489,3.102438761591634,7.113299706712329,0.6802620324920375
1490,3.1024415104186778,7.1133018137017165,0.6804951260368929
1491,3.1024428458716344,7.113302850475539,0.6806196338560263
1492,3.1024455639402766,7.113305113988742,0.680879846643845
1493,3.1024481221789624,7.113307186285946,0.6811386586026592
1494,3.1024494534255025,7.113308300604289,0.681243759565929
1495,3.1024508093608714,7.113309437547807,0.6813329651655992
1496,3.1024521576801236,7.113310512079596,0.6814091864654825
1497,3.102453553048296,7.113311600248636,0.6814748001467927
1498,3.1024563938449647,7.113313890497896,0.6815851218850751
1499,3.1024577624083776,7.113315012154241,0.6816331149551266
1500,3.1024591130399477,7.113316166182388,0.6816774591748932
1501,3.102461951273478,7.113318492835237,0.681757752032237
1502,3.1024647290559524,7.113320723547048,0.681820472657526
1503,3.1024675989314114,7.11332304961811,0.6818213570826912
1504,3.1024705330548783,7.113325400695248,0.6817736403601689
1505,3.1024734742439053,7.113327841411126,0.6817039978147468
1506,3.1024749272774645,7.113329064147941,0.681684228089948
1507,3.1024777065923104,7.11333132367228,0.6816749588790787
1508,3.1024805965580655,7.113333625600562,0.681694607024992
1509,3.1024831142984333,7.113335833995818,0.681819875512466
1510,3.1024843322755595,7.1133368715233365,0.6819410119731301
1511,3.1024855674789102,7.113337870909458,0.6820917440464742
1512,3.102487838725678,7.113339659337123,0.6824611214377386
1513,3.1024889084455416,7.113340433257163,0.6826587563897133
1514,3.102490023193989,7.113341304113685,0.6828466608049392
1515,3.1024921597368476,7.113343060441549,0.6831997825555949
1516,3.1024943187170266,7.113344898794777,0.6835309804164816
1517,3.1024954585340163,7.113345834914696,0.6836842329311084
1518,3.102496551211129,7.113346718478492,0.6838231111050886
1519,3.102497668063697,7.113347612077408,0.68395018505275
1520,3.1025000402943874,7.113349468536857,0.6841770717703535
1521,3.102502326531916,7.113351387147299,0.6843479746345641
1522,3.1025034933802575,7.113352375128423,0.684408048890033
1523,3.102504739357066,7.113353442379245,0.6844552491835857
1524,3.102505992753688,7.113354450629028,0.6844919398223833
1525,3.102508442089325,7.113356445376211,0.684541286145751
1526,3.1025097284155243,7.113357464721278,0.6845572173482765
1527,3.102512293997039,7.113359534739097,0.684576738867993
1528,3.1025147972862053,7.113361622293439,0.6845854817219194
1529,3.102517228899099,7.113363719825544,0.6845925979749143
1530,3.1025198280105966,7.113365724361439,0.6845995571089923
1531,3.102522416699559,7.113367659876635,0.6846063547407062
1532,3.1025247637075415,7.11336977464891,0.6846521993328274
1533,3.102526824801856,7.113371651076092,0.6849323390236873
1534,3.1025286540826142,7.113373067151419,0.6853990772208565
1535,3.1025304864527663,7.113374293322291,0.6859506709725305
1536,3.1025321929192886,7.11337573196405,0.6863506334578311
1537,3.1025341399382906,7.113377488352079,0.6866185851753209
1538,3.1025360443645074,7.1133791358475005,0.6868477449062546
1539,3.102538066458446,7.113380831556126,0.68709433337484
1540,3.1025400858522927,7.113382357845971,0.6873523161083757
1541,3.1025420943807176,7.113384017176221,0.6876176428003906
1542,3.1025430982947935,7.113384842366604,0.6877523248605895
1543,3.1025449662577413,7.113386378880205,0.6880244608033806
1544,3.1025468674989707,7.113388008608735,0.6882924539081827
1545,3.1025477464020965,7.11338878601164,0.6884121790934276
1546,3.102548697704028,7.113389591558599,0.688522710690555
1547,3.102549740637247,7.113390415556729,0.6886257168274227
1548,3.102550804505326,7.113391245350839,0.6887225353448593
1549,3.102552770159009,7.113392832078587,0.6888690334631787
1550,3.1025549174073834,7.113394690615781,0.6889509227850228
1551,3.1025569867637657,7.113396432079107,0.6889896560337033
1552,3.1025592621146494,7.113398230938671,0.6890026624211644
1553,3.102560335336102,7.1133990842806964,0.689003359200371
1554,3.102562548632521,7.113400991273821,0.6889964505001639
1555,3.102564573491134,7.113402934653215,0.689062581002238
1556,3.102566141214372,7.113404160086077,0.6896066510447858
1557,3.102566702070443,7.113404591184082,0.6900308958791055
1558,3.10256707501743,7.113404940506238,0.6905320635492369
1559,3.1025677017482396,7.1134052178546465,0.6916304141171832
1560,3.102568068469092,7.113405541338405,0.692064374569967
1561,3.1025685649997925,7.11340596448409,0.6924158492464618
1562,3.1025691174622887,7.11340636322614,0.6926999593117074
1563,3.1025697689147695,7.1134069275605025,0.6929289938014639
1564,3.102571499303223,7.1134081667846925,0.693179438620222
1565,3.1025725341529062,7.1134089760957195,0.69307338967335
1566,3.10257525454535,7.113411386943094,0.6924636224691095
1567,3.102578580758413,7.113414202876909,0.6914742363302145
1568,3.102582003637995,7.113417315099038,0.6905350509517328
1569,3.1025836394208155,7.1134186445108245,0.6901856811416545
1570,3.102586554497547,7.113420995135579,0.6896588451990142
1571,3.102589284132957,7.11342321445841,0.6892995552330585
1572,3.102591592030888,7.113425229551501,0.6890665430713228
1573,3.102593930668069,7.113427147504108,0.6889202104693782
1574,3.1025959821990505,7.1134288638804275,0.6888703360078116
1575,3.102597826456526,7.113430216514085,0.689088830851768
1576,3.1025985970075296,7.11343082864095,0.6892813911648371
1577,3.1025992360711103,7.1134313929236095,0.6895160814282716
1578,3.1026004397841875,7.113432354321433,0.690055610001097
1579,3.1026015962871183,7.113433324123731,0.690528399334192
1580,3.102602187720363,7.113433812159936,0.690738608364886
1581,3.102603560471888,7.113434960819357,0.6911214721840278
1582,3.10260492111247,7.113435999734889,0.6914548138159807
1583,3.1026064246433442,7.113437359289645,0.6916842861792872
1584,3.1026079965799753,7.113438674394112,0.6918339161457844
1585,3.102608838485034,7.113439365220417,0.6918891418198491
1586,3.1026097264835406,7.11344010724893,0.6919365341084811
1587,3.1026114003352094,7.113441493231788,0.6920141536440442
1588,3.1026131016534455,7.1134430411324905,0.6920798051348677
1589,3.1026139673797504,7.113443783417448,0.6921097275337207
1590,3.102614838315519,7.1134444756512965,0.6921381812851434
1591,3.1026166766588315,7.113445875975741,0.6921916567189714
1592,3.1026188300590634,7.113447270186499,0.691898778135481
1593,3.10262012171826,7.113448354743729,0.6915394428831947
1594,3.102621595919724,7.113449744052272,0.6910724148263699
1595,3.1026249400231323,7.113452568931538,0.6898910646574998
1596,3.1026285478081603,7.113455845953633,0.6885650550013092
1597,3.1026318928794607,7.113458531935526,0.6876276718251957
1598,3.102634739523029,7.113460775328983,0.6870216065951852
1599,3.1026371040432896,7.113462753198042,0.6866368557396942
1600,3.103867343490631,7.1144742482115975,0.6871191139404585
1601,3.109156987185299,7.11882698456901,0.691243160061083
1602,3.1179658247706743,7.126159255748921,0.6983883929531244
1603,3.1301912848156253,7.136502677556999,0.7074861695933026
1604,3.1371384940352973,7.142461662483128,0.7120314638608432
1605,3.1516651527019315,7.155064452154363,0.7169292818845595
1606,3.1669395169913437,7.168336086626609,0.7112017329231627
1607,3.182476598312153,7.181585691576676,0.6985204049172796
1608,3.190312070751733,7.18813402370015,0.6917258366376859
1609,3.206122028115654,7.2010690989660695,0.6774870055951877
1610,3.2221488847321886,7.213755884525323,0.6580293014158404
1611,3.238437648328883,7.226108843955968,0.6364152516978303
1612,3.2549938083890426,7.2381038117287995,0.614326449440769
1613,3.271813764564137,7.249727994915689,0.5918334706089052
1614,3.2888940818852377,7.260968872780848,0.5690002477426829
1615,3.306228740971736,7.271815765819735,0.5459598054248405
1616,3.3238058412781775,7.28226474800037,0.5236072650673997
1617,3.341606081831765,7.292326403147085,0.5024391313828634
1618,3.3596104183110485,7.302016016640025,0.48207225817628696
1619,3.368684883930114,7.306717354230482,0.4710974490209318
1620,3.3869862924706937,7.315809873576988,0.44753140328266167
1621,3.396209021864398,7.3201985888486325,0.43751807368356005
1622,3.4147564676046365,7.32873354046556,0.42473853040582826
1623,3.4333436523834187,7.337132577731944,0.42674940293773694
1624,3.45186408086996,7.3456404694312925,0.43668428359554856
1625,3.469396208330209,7.353913605314397,0.4480381520837135
1626,3.4827887056936033,7.3604798859247555,0.4694451726653199
1627,3.4919110443962778,7.365237108054388,0.4986618211695224
1628,3.496846596612097,7.368007091165531,0.5328953410663588
1629,3.4977880065876583,7.368571572906367,0.5513064177072552
1630,3.497735168448459,7.3685392061748995,0.5703550446368171
1631,3.4967160096158625,7.367877267495746,0.58991282459613
1632,3.494755817983662,7.366546847878802,0.6098743432926313
1633,3.4881143118376543,7.361720153276585,0.650676755330309
1634,3.483495915864416,7.358151612194891,0.6713869315218658
1635,3.4780539919286992,7.353762241812185,0.6922358952250909
1636,3.4648296820145394,7.3423746522581315,0.7341947923614758
1637,3.4571172611681296,7.335305918782212,0.755243588458216
1638,3.4440961368005567,7.322615975306046,0.7973354465509875
1639,3.4389793857138247,7.317295929896084,0.8183431485882718
1640,3.4346377758013085,7.3125863127518205,0.8391730310135633
1641,3.4272351603984026,7.3040507250353395,0.8778443281295844
1642,3.420969557832953,7.296290828206235,0.9072292973274964
1643,3.415862538683103,7.28965126364593,0.9228776747975481
1644,3.413784653915681,7.286900626727643,0.9248884441296851
1645,3.410615568735092,7.282710513170147,0.9168690733962089
1646,3.4087965059936653,7.280374630321277,0.8927315224700876
1647,3.4084143034601864,7.27990698083403,0.8746640530456108
1648,3.4084033213405767,7.279904448179906,0.8287026931009573
1649,3.4084558194876853,7.279966058152992,0.7807334481975567
1650,3.408484762709039,7.279996671385215,0.7567660180710833
1651,3.4085151259828743,7.280026130236654,0.7328356803463271
1652,3.408546369653666,7.280054239843776,0.7089598945080667
1653,3.408674590632077,7.280158265272155,0.6614306782827343
1654,3.408744381065824,7.28021004093862,0.6378019034468302
1655,3.4088896848953776,7.280309268074277,0.5908614294402025
1656,3.4089649284835613,7.280356425428631,0.5675614224174877
1657,3.409117006891525,7.280443629396151,0.5213163462935309
1658,3.4091931038961594,7.280483201009318,0.4983712271279114
1659,3.409270352372578,7.280520996941834,0.47554142789431403
1660,3.409348776457186,7.280557071660887,0.45282262932750067
1661,3.409510511637084,7.280624968559786,0.4076938986561982
1662,3.4096321908196714,7.280668377175405,0.3629243679934185
1663,3.409755336495383,7.280706491372068,0.31843709400910913
1664,3.409882747607539,7.280740370293584,0.27414295985514453
1665,3.40898181199191,7.280482985753352,0.2502344849275431
1666,3.4038014753159405,7.279290582860919,0.19367198949849868
1667,3.394026007919523,7.277645133207874,0.12906867981283465
1668,3.379581614221208,7.276194074811534,0.05931224870063267
1669,3.3604595278425906,7.2756418919707135,-0.013873312577086414
1670,3.33674227312705,7.276718056658912,-0.08951099039806251
1671,3.314878180282502,7.279362561193969,-0.1671043461145684
1672,3.2977785618605777,7.282812316656933,-0.24637267010617805
1673,3.2839213198823254,7.286805262748849,-0.32517191108602944
1674,3.2715876250956297,7.29141734354017,-0.3968302643721388
1675,3.2660029846453633,7.2938453665725556,-0.42815885817874183
1676,3.2562079789066867,7.298614407709369,-0.4799334918691107
1677,3.2484150493347634,7.302850045810501,-0.5162018540972384
1678,3.242659268052987,7.3062023873556035,-0.536622939942513
1679,3.2388963504490476,7.308456941343537,-0.5411582170374177
1680,3.2370884489576595,7.309531785477085,-0.5298863781485491
1681,3.2369124994736507,7.309626446031976,-0.518343258970161
1682,3.2368656839371464,7.309641870926737,-0.5050530474308551
1683,3.2368032021026565,7.309662053152519,-0.47934778274657425
1684,3.236745987418466,7.309678951579515,-0.4545687538417295
1685,3.2367177702701295,7.309687071960704,-0.44244905590113137
1686,3.2366610281652677,7.309702394607751,-0.41863492036023114
1687,3.236526878476028,7.309745839865936,-0.3895814206719069
1688,3.236456342312392,7.309760624262721,-0.361396093321023
1689,3.236389795003475,7.309773652611832,-0.33536210336195527
1690,3.2363250808889292,7.309785430570484,-0.31066916851816295
1691,3.2362609981798207,7.309795964146539,-0.28677994085287883
1692,3.2361422625425216,7.3098182974288575,-0.25456882624059257
1693,3.2361118597698906,7.30981546513845,-0.2342578473150251
1694,3.2360571086684113,7.309808449276724,-0.19365724926080896
1695,3.236034318472746,7.309806743717869,-0.17587563227737324
1696,3.236012401283732,7.309805710926723,-0.1604580926237489
1697,3.235935981472074,7.309813255214272,-0.13279666232744272
1698,3.23585791903253,7.309816804532744,-0.10625802169472556
1699,3.2358193831722244,7.30981766112432,-0.09319817173756742
1700,3.23574272178954,7.309818085233563,-0.06721843889433006
1701,3.2356660298075064,7.30981736497787,-0.041175385690037765
1702,3.235588874847631,7.30981539449919,-0.014865729098710877
1703,3.2355500571752773,7.309813949663221,-0.0015680444508985644
1704,3.2354716755689013,7.309809959382346,0.025372022610009995
1705,3.2353924777320646,7.309804339865324,0.05282571816822678
1706,3.235352629808534,7.3098009043827545,0.06676000076988346
1707,3.235272675683746,7.309792989022408,0.09506372918771938
1708,3.235192106366089,7.3097837565050545,0.12396379897286401
1709,3.2351517486189554,7.309778542995142,0.1386407047373047
1710,3.2350712919146334,7.309766838961567,0.1684487802490383
1711,3.234990602711613,7.309752007738832,0.1988548126441703
1712,3.2349095582292873,7.309736420574942,0.2298401299862708
1713,3.2348295485947474,7.309720099351677,0.261372927825357
1714,3.234760622853172,7.309709855619428,0.29342169678458085
1715,3.234710431804057,7.309715509037265,0.3259663069166751
1716,3.2347696453758186,7.3097613655131735,0.34152929573631985
1717,3.2346082887980803,7.310025189213061,0.37174124643273926
1718,3.234527590494818,7.3100167990006435,0.40270108197654464
1719,3.235061181649315,7.310260485664075,0.42877194856974726
1720,3.2351581120698016,7.310313795652382,0.4483326872498267
1721,3.235162393786552,7.31031773559992,0.45638423008399787
1722,3.2359762799793987,7.31073914107001,0.47215297857551325
1723,3.2406201620274513,7.313142672786139,0.4805310716970473
1724,3.2491766564275637,7.31762377497609,0.4825866084095306
1725,3.2617248566943444,7.324190017925194,0.4801584067764615
1726,3.2780625302025137,7.332651079819392,0.4747323279593594
1727,3.2869647544038703,7.337215299841131,0.47192166428400883
1728,3.3050423060298506,7.346405747670604,0.468802083629612
1729,3.3232890363720156,7.355629112476353,0.4679835352861641
1730,3.332427251571234,7.36024686309701,0.4681595271806077
1731,3.3415721069210482,7.3648722153358195,0.4686445659201684
1732,3.3598610621372793,7.374137844963692,0.4704074338224951
1733,3.3689949253522933,7.37878654807106,0.4717098199390651
1734,3.3781300885364236,7.383450806124338,0.4732501016557944
1735,3.396391784100822,7.392834358298745,0.4768925897122533
1736,3.414616716092482,7.402289597296383,0.48104706544735065
1737,3.432848307221423,7.411841722677748,0.4848232361755147
1738,3.45104105726195,7.421453487452827,0.4877204263643371
1739,3.466510630998083,7.429680014411729,0.48965370269784747
1740,3.472702486347701,7.432982311647267,0.4900263316201299
1741,3.4820002282954414,7.437942613847738,0.4898681093290284
1742,3.4872191867832765,7.440724428012941,0.4887624496244034
1743,3.4882933288434814,7.441295975236984,0.48793385122845373
1744,3.488343129116462,7.441322974895436,0.48696060018327186
1745,3.485368258428753,7.439753036465822,0.48467139208967674
1746,3.4782886979781784,7.436035974260499,0.4820440362704047
1747,3.4732210583196474,7.433332477382936,0.4806357102780918
1748,3.459838028765248,7.426049582739798,0.4774747704952675
1749,3.4421240121349883,7.416918137686017,0.4737900365324775
1750,3.4202625419815216,7.405749322942101,0.46977174766651025
1751,3.4077661605789222,7.399411918846008,0.4676834074700441
1752,3.379632758390841,7.385255842485132,0.46340507662311275
1753,3.347364818899509,7.369208651841846,0.459045281453654
1754,3.3297396539257726,7.360488141362612,0.4569395118123011
1755,3.3109728940263787,7.351280506948752,0.45492045992160357
1756,3.2701923702421456,7.331421017176929,0.4508627031617915
1757,3.22694720881592,7.310586093962553,0.4467204304841772
1758,3.2067137862619806,7.3009164043028605,0.44460065718120384
1759,3.187499780416288,7.291784196905957,0.4424469062182653
1760,3.152125265445866,7.275110421872563,0.43808218663282456
1761,3.1208536907654714,7.260530571643207,0.43371057705742194
1762,3.1067676164301448,7.254019151280379,0.43152599260477487
1763,3.093716095440098,7.248021221056377,0.42933708802415027
1764,3.081709465333065,7.2425358455727755,0.4271407361164598
1765,3.060823121024393,7.233077237846197,0.4227463026475539
1766,3.044102796317317,7.225594953697587,0.41837402999866496
1767,3.0373203040968413,7.222586092365829,0.416203906613511
1768,3.03158787341377,7.220056392463311,0.41403611151550324
1769,3.0232834264683777,7.216421788033272,0.4096838769714644
1770,3.020719898070413,7.215311521400554,0.4074983418155244
1771,3.0192125992126915,7.2146626558098355,0.40531172989537545
1772,3.018762489918287,7.2144701301321845,0.40313177525594296
1773,3.0210635198325786,7.215442482151053,0.3987865940600261
1774,3.023813149415427,7.216598063959263,0.39660588708549954
1775,3.0276353154518665,7.218194298745023,0.3944191119447821
1776,3.0325244538146063,7.220224107236763,0.39223374400802474
1777,3.0384867017774124,7.222684822817367,0.39005621379284694
1778,3.0455273858726275,7.225572104928241,0.3878843333975838
1779,3.053646297843503,7.228879614291744,0.3857131310143588
1780,3.071516376887492,7.2361072083313545,0.3834276789961829
1781,3.090353411641034,7.243744186425839,0.3894765355509983
1782,3.1091613468801933,7.251571520691189,0.4022466343526101
1783,3.1278483813355016,7.259652337063013,0.41703291607022497
1784,3.137143260406729,7.263799983956274,0.42508417945575927
1785,3.155626584905186,7.272327500273946,0.442132929260521
1786,3.1739603102473635,7.28117524121675,0.4600122171109128
1787,3.183082843756599,7.285730490349933,0.4694640090470732
1788,3.1921582988146615,7.290368912064003,0.47911629722177024
1789,3.210176942781431,7.299901099333219,0.4958129425238057
1790,3.228053004807928,7.309705800888822,0.5088870581514328
1791,3.236953286418512,7.314686521296951,0.51252906085969
1792,3.2458352598407307,7.319697758627284,0.5151163271302125
1793,3.25470637733588,7.3247291990892665,0.5179519537380808
1794,3.2724084462412386,7.334868672082289,0.5225218025722407
1795,3.290086897015417,7.345054877703134,0.5226458397658803
1796,3.307763102779886,7.355238419507565,0.522873482883982
1797,3.3165999149199012,7.360330524811219,0.5230121701376637
1798,3.3342689431727797,7.370519809414116,0.5233216994986648
1799,3.3431153399627718,7.375614522526304,0.5216958611738209
1800,3.3519683627539427,7.380694037071032,0.5184349677527164
1801,3.369728055822841,7.390760915798055,0.5122008751525942
1802,3.3875517809555262,7.400720424302013,0.5062784483195183
1803,3.40544503919385,7.410572229517082,0.4983593663939268
1804,3.423477204614144,7.420199289579522,0.47832423806452273
1805,3.4408352854272857,7.429002297629414,0.45647377613783613
1806,3.4481103975225866,7.432529239980116,0.44168313289832006
1807,3.4596888435745,7.4378049371754775,0.4051059279207082
1808,3.4674673495818285,7.440985041693819,0.3623421080555369
1809,3.472793512210773,7.442902046607456,0.3191795024891889
1810,3.473885412336551,7.4432526536550565,0.29834195684950215
1811,3.47273631161556,7.442929777595038,0.25764505137302596
1812,3.4671068011545114,7.441553938020072,0.21765861234248846
1813,3.4625705443222126,7.440577564240972,0.19779163726247856
1814,3.4568867189603454,7.439472451519875,0.1779668102164176
1815,3.442022853091512,7.4370525935827345,0.1383065423250114
1816,3.432831441592665,7.435830256048028,0.11839205813629436
1817,3.422483453314549,7.434663917305328,0.09837332428435093
1818,3.41097179666621,7.433598132851315,0.07821267795676128
1819,3.398275729465787,7.432680787639973,0.057898919241200456
1820,3.3693791118345797,7.43149053801507,0.016794157988612335
1821,3.3358208440979698,7.431499086932575,-0.025034348157658568
1822,3.297694321840776,7.433120322591729,-0.06771215544093541
1823,3.255073652744958,7.436787181273761,-0.1113304086251367
1824,3.214419331813425,7.4424254264763015,-0.15590961559788363
1825,3.1785750261917007,7.448733685437673,-0.20097091951203178
1826,3.1475290699720158,7.455666613240289,-0.24661167834573844
1827,3.1212642372602755,7.462820471985682,-0.2929423159005171
1828,3.1099150186784255,7.466352817595714,-0.31637181300916617
1829,3.0997415012501723,7.469783337226467,-0.3399700324546774
1830,3.0828743525306166,7.476142098208042,-0.3876204440226842
1831,3.0703270402658225,7.4811551787333865,-0.4357402334047609
1832,3.065374617587383,7.483527887274478,-0.4595256888196847
1833,3.0608895383290675,7.485773069105582,-0.48247895036106947
1834,3.053012127493637,7.490233493097418,-0.5236119723742167
1835,3.0464821445696235,7.494143362318245,-0.5553662414731573
1836,3.041525357134283,7.497284701525852,-0.575409291505554
1837,3.0383291403557764,7.499017537987753,-0.5824204503057662
1838,3.0380056841176315,7.4990768488218515,-0.5729301090279858
1839,3.0382203642318695,7.498897336062227,-0.5460608850466121
1840,3.0382022170912415,7.498897189615285,-0.5282185728437642
1841,3.038095256711847,7.498891210922967,-0.4901186761571531
1842,3.0380786141138656,7.498852884348189,-0.4556119565899467
1843,3.038135628606977,7.498805418737669,-0.4410680022996055
1844,3.0381118095152146,7.498430577088928,-0.4148756188451356
1845,3.0383251858206966,7.4994502184503045,-0.39040564301684866
1846,3.037987590008714,7.499620433170004,-0.36738834740766074
1847,3.0379384852892324,7.49965879079558,-0.3457513809495712
1848,3.0375823166887597,7.49981263138643,-0.32554280486283216
1849,3.0373733373852754,7.4998929174748845,-0.3148443634951727
1850,3.0369819493849683,7.500038407763182,-0.2925081164204204
1851,3.036795699131205,7.500100023167254,-0.2807952263560605
1852,3.036471924718129,7.500445359865613,-0.25810554085191106
1853,3.0364088849617183,7.49986731904624,-0.23293730253967307
1854,3.036417027717819,7.499436709861459,-0.20255723847430762
1855,3.0364906461681866,7.499456100863458,-0.18811446970497006
1856,3.036648642248416,7.499370415845376,-0.1611127934658442
1857,3.0368460988618633,7.49930580034631,-0.13579455328602977
1858,3.0370832336579086,7.499242345800419,-0.11139157221464005
1859,3.037206619176685,7.499209816676023,-0.09937268570046096
1860,3.0374520592180163,7.499153989570775,-0.07547922049311921
1861,3.037687064732343,7.499039823617995,-0.051556191935648095
1862,3.037902612944247,7.49912068712287,-0.03825859689025462
1863,3.0375928060955246,7.499806165103541,-0.006200661675536595
1864,3.037500302516167,7.49980645374213,0.027441083440102154
1865,3.0373906058676794,7.499829998340454,0.05834229310907047
1866,3.037308883791575,7.499835328481495,0.07325251943077646
1867,3.037135450763733,7.499852585661783,0.10268205308692108
1868,3.0369604770139498,7.499857080420031,0.13193286854010625
1869,3.036875392180517,7.499859383484399,0.14659145496517442
1870,3.036713266930837,7.499856434595524,0.17610190943135068
1871,3.0368561347796015,7.50010403887429,0.20560888630948887
1872,3.0375703658428197,7.500035876367149,0.23510761618110282
1873,3.037817983618789,7.500287524249395,0.250303625341594
1874,3.0384279998618138,7.500339660793523,0.2812944132736124
1875,3.0393463082505066,7.500620198068232,0.30890818132259673
1876,3.0397439398162724,7.500748680103427,0.3197195931456031
1877,3.0404250876964443,7.500981724510291,0.3401484427772557
1878,3.0411133007990303,7.501239066106253,0.36171151411459335
1879,3.0420420835610953,7.5016046189304655,0.3796267088214518
1880,3.0428898412747105,7.501953296679126,0.392523413836512
1881,3.0436378351922655,7.502270770760477,0.405642879552266
1882,3.0445105567088,7.502648544105781,0.41550536354250617
1883,3.045282175926132,7.502995314965803,0.4258111124142222
1884,3.046086267518245,7.503366734926021,0.43755439599392904
1885,3.0469224468619416,7.503765629774045,0.4502545855980906
1886,3.047353272668891,7.503976114298303,0.456848087713644
1887,3.04822731206992,7.504409001303517,0.4643943772362487
1888,3.048891559572833,7.504742691826938,0.46554351815105904
1889,3.049199553187278,7.504897195364522,0.46610774867836824
1890,3.0498577385726797,7.5052283987559925,0.4703028249562745
1891,3.0513974134749624,7.506019352412904,0.480967624419899
1892,3.052400104300141,7.506542591771791,0.4853907335017668
1893,3.053363519462978,7.5070503451359745,0.4878463098388761
1894,3.054292320329618,7.507542543113249,0.4905580836859528
1895,3.0552362741674823,7.508045320894126,0.4939336052423248
1896,3.0557120562091655,7.508300609778758,0.4957999599674359
1897,3.0566852984726762,7.508825769298881,0.4989762582974619
1898,3.0576111484218997,7.509327799354629,0.5005830272457686
1899,3.0585358756071432,7.509831152629861,0.5031018097913463
1900,3.0594717425698086,7.510344160666118,0.5062519968198329
1901,3.0604161262487386,7.5108662138541,0.5098313806090677
1902,3.0613858862463825,7.511409372537405,0.5127303647174881
1903,3.062288250337166,7.511917066243807,0.5136668310255434
1904,3.063186607391075,7.512425978780811,0.515614122813207
1905,3.0640995343019988,7.512946376543756,0.5182627705960741
1906,3.0650253744847,7.513478048214221,0.5213864786174902
1907,3.065959161775241,7.514016936785427,0.5248251112284794
1908,3.066895550144742,7.514558470904952,0.5284624893267206
1909,3.0678585178712288,7.515124857959073,0.5311071216844583
1910,3.069178120762626,7.515898699497662,0.5318768041154702
1911,3.0700644915552293,7.51642173086275,0.5335923064567529
1912,3.070969339476541,7.516959091285945,0.535930751306381
1913,3.0718828468323323,7.517503272507026,0.5386903124714156
1914,3.072797947285228,7.518052356939194,0.5417276222453519
1915,3.073256156647203,7.518328144390873,0.5433162343674808
1916,3.0741730934731866,7.518882974728884,0.5465820675461911
1917,3.075092003063675,7.51944559044759,0.5499170422224581
1918,3.0760122580295906,7.520011978261337,0.5532719981857701
1919,3.0769288603407485,7.520579803674061,0.5566158734775138
1920,3.0778446934398827,7.521148633902216,0.5564832011188776
1921,3.078681122205036,7.5216711329684065,0.5563456973491068
1922,3.0795415119413887,7.522205841405899,0.5571710734740009
1923,3.0804166918723155,7.522750996851309,0.5586704958332521
1924,3.0813016893238694,7.523307501481963,0.560630499375745
1925,3.082195132997663,7.52386894520838,0.5629066824024425
1926,3.083088308493433,7.524432871614264,0.5653870932042158
1927,3.0839792516217033,7.525000154061942,0.5679898057338374
1928,3.0848694784017687,7.525569902156157,0.5706569103765122
1929,3.0857601794108045,7.526143341438052,0.5733518347642512
1930,3.086649071943608,7.526719049944363,0.57603941012852
1931,3.087536530065705,7.527296584839889,0.5787032753566159
1932,3.0884217203319477,7.527877862619645,0.581325361692343
1933,3.089308691300663,7.528463095797187,0.5838916170337942
1934,3.0901916903236204,7.529048378041145,0.5863956587220055
1935,3.091074051406282,7.529635624887334,0.5888349863882623
1936,3.091955432599722,7.530226151919923,0.5912034623089317
1937,3.092394933922583,7.530520548429772,0.5923609313080317
1938,3.0932721669510066,7.531111309148216,0.5946245514605704
1939,3.0945715372477243,7.531993342555414,0.5979091097899589
1940,3.0954330780339996,7.532582543628848,0.6000305831022661
1941,3.0962999469492716,7.533177323747012,0.6020894879031055
1942,3.097174623407394,7.533778722300744,0.604062182408198
1943,3.0980446737280936,7.534382313636435,0.6059529546295205
1944,3.0989157463131884,7.5349846827708,0.6077689263673578
1945,3.099350505203217,7.53528889916158,0.6086484941741791
1946,3.1002194311951228,7.5358941329271705,0.6103542378634003
1947,3.1010845822119086,7.536500552543181,0.6119937443320315
1948,3.101950648095063,7.53711132531283,0.6135683139799185
1949,3.1028161391548585,7.537720205314271,0.6150796732828929
1950,3.1036795500743715,7.538330842539349,0.6165319454988724
1951,3.104541986284642,7.538943711803525,0.6179254283555364
1952,3.105402397204471,7.539556907002242,0.6192642962423048
1953,3.1062614380419453,7.540168468901215,0.62055245080603
1954,3.107107054814846,7.540773992639937,0.6218053221570355
1955,3.1079496011880483,7.5413800724360645,0.623031803937758
1956,3.1087915960573587,7.541984719195765,0.6242282652601928
1957,3.1096432256906708,7.542598171513233,0.6253794335688926
1958,3.1104933647299244,7.543213249958656,0.6264773021987993
1959,3.1117656704391066,7.544135311516556,0.6280361155637273
1960,3.112614277131897,7.544753538757215,0.6290201282411483
1961,3.1134675233041564,7.545373719517564,0.6299538144891973
1962,3.114319583083567,7.545993856952314,0.6308435762977908
1963,3.115151247832962,7.546603845173855,0.6317168652885852
1964,3.115980661131601,7.547212365862554,0.632587659928148
1965,3.1168289981892476,7.547832848375522,0.6334271897801501
1966,3.117252621025973,7.548146150734281,0.6338293800785519
1967,3.118522840514595,7.549082677099544,0.6349742917866043
1968,3.1193710878853724,7.549707412570365,0.6356915451368051
1969,3.1202229515070266,7.550333083037141,0.6363670551410353
1970,3.121074606474933,7.550958154613922,0.6370057353548051
1971,3.121915170065896,7.551590432071899,0.6376155966217328
1972,3.1223406855958125,7.551893343531558,0.6379136761377935
1973,3.1227570978142847,7.552209307150374,0.6382088744425881
1974,3.123602009458141,7.552832961387628,0.6387831410767872
1975,3.124451092400281,7.553464573403843,0.6393226649497193
1976,3.1248745112918646,7.5537813389901025,0.6395804105065102
1977,3.1257248960511963,7.554409035163665,0.6400736842542438
1978,3.1265739672589516,7.555032987652762,0.640542250779156
1979,3.1269870262292887,7.5553570409931625,0.6407699581161391
1980,3.127835959967148,7.555976165296391,0.6412118794118297
1981,3.129095932192794,7.556924243359604,0.6418425735363927
1982,3.129949611088881,7.557544806778388,0.642230459502064
1983,3.1307904421241446,7.558173082328273,0.6425852691796358
1984,3.131629774114956,7.558810653861538,0.6429203062580727
1985,3.1324701754481667,7.559443622007368,0.6432353252929074
1986,3.1333112921530035,7.5600782694065725,0.6435298762600256
1987,3.134132415144674,7.56069526013666,0.6438250755739836
1988,3.1353699978439287,7.561607939368036,0.644286367964067
1989,3.1361871171474687,7.562235669225676,0.6446025222860682
1990,3.1374332029211573,7.563170372969631,0.6450853673182787
1991,3.1382784875585004,7.563805847357775,0.6453715355022841
1992,3.139124368422252,7.564442384332567,0.6456267211689821
1993,3.1399665548206754,7.565076616621838,0.6458601018917915
1994,3.1408075770860346,7.565705261820319,0.6460817600919879
1995,3.1416435300151155,7.566340243595564,0.6462938973170239
1996,3.142486590671499,7.566965158548792,0.6464964887192153
1997,3.1433060830822472,7.567580354514365,0.6467151216595496
1998,3.144122334282189,7.568196487183256,0.6469579580540484
1999,3.144950003119686,7.568826915808856,0.6472088070807769
2000,3.145799949419247,7.569468903347858,0.6474182545609767
2001,3.146642482529629,7.570109117913101,0.6475938038535207
2002,3.1474794928039267,7.570742839860264,0.6477570355364543
2003,3.1483173530098014,7.571375068041935,0.6479117309604733
2004,3.1491655122160274,7.572021439416773,0.6480429130447709
2005,3.150020153690228,7.572660858872092,0.6481441830921613
2006,3.1504400318987424,7.57298834582927,0.6481848894609625
2007,3.1512947281294434,7.573632104719734,0.6482518696768108
2008,3.1525703870660737,7.574587803377233,0.6483117560327749
2009,3.153914362058426,7.5753878199726525,0.6482971364179093
2010,3.1547896993286693,7.575884479223501,0.64811646647585
2011,3.155597976910164,7.576491165528939,0.6479972060893525
2012,3.1564089666677773,7.577095645115523,0.6479242778026343
2013,3.1572177755554907,7.57770159469355,0.6478813018002398
2014,3.15800625270588,7.5782978568152926,0.6478804951309888
2015,3.158789584775828,7.57889438004784,0.6479277774482999
2016,3.1595709493870094,7.579492420406205,0.6480050908368267
2017,3.1607722139524235,7.580402276200536,0.6481163559654857
2018,3.1619945370833653,7.581321100645078,0.6481231534803095
2019,3.16280589799304,7.581938210248393,0.6480880301281224
2020,3.1636175154478985,7.582555405961538,0.6480302680393482
2021,3.1644306685194863,7.583170104975277,0.6479576196293534
2022,3.164838881792138,7.583475640990427,0.6479175636279648
2023,3.1656378553496194,7.584080483200511,0.6478531375267517
2024,3.1664346642841927,7.584687610079606,0.6478159385134225
2025,3.1676336982249436,7.585591680311327,0.6477940113957266
2026,3.168451429309206,7.5862107989229095,0.6477628586662075
2027,3.1692701861056003,7.586832810175305,0.6476929013014754
2028,3.170092358111453,7.587453474241982,0.6475984923104054
2029,3.1709155597750205,7.58807558096043,0.6474831486674807
2030,3.17173794917774,7.588699123650333,0.6473527459964714
2031,3.172558777726099,7.589319089175023,0.6472198299969077
2032,3.1733800976089546,7.5899382725390305,0.6470897683482024
2033,3.1741931645118036,7.590553816301992,0.646966830156183
2034,3.17499707075336,7.591161625015432,0.6468823614114435
2035,3.175814535075783,7.591777947127539,0.6468179343822874
2036,3.1766496965342608,7.592407694456625,0.6467116860857727
2037,3.177901318770509,7.59335468658483,0.6464899726322884
2038,3.1787409218251392,7.593986223652531,0.6463167254124637
2039,3.1791611810810108,7.594301367862194,0.6462237954704165
2040,3.179998654839709,7.5949344760054744,0.6460294270530539
2041,3.180835501145119,7.595567861566927,0.6458330629993304
2042,3.181667666459982,7.596193201928319,0.6456457951387679
2043,3.1829005261868604,7.597121492061905,0.6454320337850123
2044,3.1833109130483033,7.597431527875617,0.6453743765875432
2045,3.184132704198069,7.598050173704619,0.6452738835806043
2046,3.18539777314851,7.598999735660618,0.6451076063498934
2047,3.1862521357448146,7.599645203522005,0.6449308244483346
2048,3.1871110040453057,7.600291436592759,0.6447201762841138
2049,3.1884073007869107,7.601262878713793,0.6443535971906453
2050,3.1892698815375984,7.601912516405193,0.6440878708689788
2051,3.190133412939999,7.602561230456951,0.6438185610567534
2052,3.190998583532533,7.603208043707763,0.6435516449509934
2053,3.191861908168455,7.6038563709838005,0.6432861931089155
2054,3.193134175447243,7.604811074272702,0.6429437258109775
2055,3.1939829635055306,7.60544440198441,0.6427600028048798
2056,3.1948472491540447,7.606092742699374,0.6425848752260086
2057,3.1957343703471266,7.6067580735503295,0.6423556043020656
2058,3.1966237889542324,7.607421127366906,0.6420845079530553
2059,3.1975168304693375,7.6080888618600175,0.6417842330015068
2060,3.1984149059473808,7.608761626130535,0.6414566437288052
2061,3.198864576962849,7.609097298947565,0.6412865477877806
2062,3.199765327123031,7.609766974924531,0.6409392974878398
2063,3.2011185844416197,7.610778039328767,0.6404063778276485
2064,3.202023596660849,7.611452086009102,0.6400496894673221
2065,3.202929825818379,7.612124505331014,0.6396955945037518
2066,3.203821721790599,7.612789163073879,0.639363496893667
2067,3.2047126088516773,7.613452656777294,0.6390664910620771
2068,3.2056051390062827,7.614113481845507,0.6387958988999765
2069,3.20648158175483,7.614764232992047,0.6385663113721812
2070,3.2073556438590503,7.615415216582718,0.6383857810084538
2071,3.2082627648493998,7.61608683253944,0.6382197882391989
2072,3.2092122781860404,7.616789359073917,0.6379564658788658
2073,3.210160372944872,7.617494107640633,0.637614438887205
2074,3.211117194017007,7.618203073084211,0.6372233885631767
2075,3.212085981582771,7.618917416047431,0.6367867575469348
2076,3.213053449279128,7.619633647147107,0.6363190093130027
2077,3.214014356277115,7.620344705638474,0.6358423801709622
2078,3.214491128295938,7.6206955987844145,0.6356161626461132
2079,3.2154450315224774,7.621397257308978,0.6351872104548622
2080,3.216389926326137,7.622095436742381,0.6347882853001878
2081,3.217326090665543,7.622785312689039,0.6344485151463046
2082,3.218263690148018,7.623472638584282,0.6341560979970294
2083,3.2192409903585615,7.624191890664642,0.6338701803612964
2084,3.2202719490863463,7.624951218550297,0.6334645440687575
2085,3.2218231691323767,7.626086741429594,0.6326956639382371
2086,3.223384797449262,7.6272331240365085,0.6318199151987798
2087,3.2244478678081276,7.6280104007330936,0.6311834078536479
2088,3.225512351787768,7.628785799512868,0.6305197741463916
2089,3.226561077636976,7.6295524575240306,0.6298658929283629
2090,3.2276093005592656,7.630317180458777,0.6292463674059471
2091,3.2286594528544947,7.631078588275512,0.628655378728919
2092,3.2296932064879926,7.631829822255834,0.6281117019647309
2093,3.2307249387644617,7.632581041246096,0.6276255933758976
2094,3.2324019998153704,7.633794234130505,0.6268571716563373
2095,3.2335721868920255,7.634642496458117,0.6261619928170988
2096,3.2347431892815144,7.635489667736138,0.6253759364881138
2097,3.235959734331414,7.636364770379998,0.624508603988772
2098,3.2371791905314433,7.637243392889564,0.6235682261047959
2099,3.2383985248974736,7.638121772903683,0.6225887994885364
2100,3.239614343521528,7.638992079873848,0.6216002452331911
2101,3.2408219984822075,7.6398547089799695,0.6206445007603117
2102,3.2420282122953155,7.640718553487946,0.6197211490589338
2103,3.2432292405857064,7.641575329157826,0.6188352836497379
2104,3.2444234908080616,7.642422502357402,0.6180177682313699
2105,3.2456167140407155,7.643270255879732,0.6172547588748087
2106,3.246901742256104,7.644183854078693,0.61648896794281
2107,3.247607673984605,7.644683544311058,0.6160192160969196
2108,3.2490215638365076,7.6456807764957775,0.6149253840147352
2109,3.2504681787360767,7.646702109435332,0.6136805753809315
2110,3.2519581326386318,7.64775223299559,0.6122840904156803
2111,3.253452425346926,7.64879787801546,0.6107930680272248
2112,3.254947474892154,7.649841867797856,0.6092513004405474
2113,3.256426824341944,7.650874734778249,0.607714692666179
2114,3.2579072246682865,7.651903143130195,0.6062193424312977
2115,3.2588989264239467,7.652581232876543,0.6031613205009093
2116,3.2596941789192617,7.65312872230737,0.5981533058389994
2117,3.2615751833765967,7.654394861819811,0.5842267606970921
2118,3.263547886909335,7.655686614081708,0.5718959648359646
2119,3.265529104476288,7.656947344964338,0.5635971077506398
2120,3.2675157809508013,7.658193874927882,0.5574849087091734
2121,3.2692169786664826,7.659251963019189,0.5529969800762011
2122,3.2708978340424917,7.660284199432569,0.5497362885529107
2123,3.2717385157044503,7.660797436706734,0.5484340279208593
2124,3.27342021900719,7.661821374288584,0.5462934373479476
2125,3.2751298743599255,7.662861722983811,0.5445703936579204
2126,3.2759870378500326,7.663380404060983,0.5438107671571246
2127,3.277702935200439,7.664413737068855,0.5424397959694952
2128,3.2803298512517816,7.665994672521353,0.5406001359323711
2129,3.2821043919495656,7.667059151305107,0.5394207590576652
2130,3.2838814384045216,7.668120015449638,0.5382678183110335
2131,3.286145287117785,7.669468263848183,0.5367388659141679
2132,3.2872337730436985,7.670116467374443,0.5355574309483795
2133,3.289413030607895,7.671407402525748,0.5331656705889979
2134,3.2918475959280884,7.672837545242901,0.5294925718667723
2135,3.2943043090461206,7.674268529005059,0.5256243704782896
2136,3.295534709366927,7.674980968805051,0.5237669509344529
2137,3.297999425004427,7.67639967358478,0.5201698711522463
2138,3.3009448850428464,7.678077498239777,0.5159442196902648
2139,3.3046589080812896,7.680165855300169,0.5071602723729219
2140,3.3084030684720402,7.6822262063252,0.4982031330798265
2141,3.3123858102815076,7.684368046113269,0.4887051491951726
2142,3.3145305592430905,7.685504641933742,0.4826408212867024
2143,3.318843460003625,7.687736337764933,0.4712206034922601
2144,3.3235160069591276,7.690081280578605,0.4591251773163899
2145,3.3260898808077877,7.691346783510131,0.45131451103015996
2146,3.331273189737776,7.6938161808774534,0.43615990045110614
2147,3.336494063578962,7.6962082023188,0.4214820542482614
2148,3.3416750737111363,7.698467566841712,0.39900611683943504
2149,3.346337733670727,7.700347647569675,0.36155108788625034
2150,3.3510501794638534,7.70204220979028,0.3235889020069881
2151,3.354752201905412,7.70320552619763,0.2801396714062045
2152,3.3584564598518862,7.704198124523137,0.23743071510629918
2153,3.362167836750271,7.705022250946717,0.19528774023076495
2154,3.3658763938421274,7.705688094400768,0.1496012725298945
2155,3.3677340765788473,7.705959013992315,0.12911331967010226
2156,3.3711931146165393,7.706371518211289,0.09888270654901962
2157,3.371161091214606,7.706372223179858,0.08327961158372364
2158,3.369411013632254,7.706228415694809,0.0792174357362828
2159,3.3624439883618016,7.70568742094944,0.07596240828289261
2160,3.350857915414295,7.704802730247327,0.07698749785581895
2161,3.334657222655636,7.7035289267207885,0.0805984554946953
2162,3.3138530509763715,7.701804407509855,0.08579435052420337
2163,3.290460025496609,7.699737833014305,0.09197454866622881
2164,3.2713513395708276,7.697926339648843,0.09877496877056681
2165,3.256839438386628,7.696449965198603,0.10600156838888018
2166,3.2469362301997347,7.6953691162182105,0.11354851413860499
2167,3.241635183381225,7.69475049179963,0.1213490177702848
2168,3.2396818019016362,7.694507576813523,0.13088150591521844
2169,3.2392121235355495,7.694445305670093,0.14820264551895887
2170,3.2391481174943504,7.694431432743207,0.1760366911760446
2171,3.2390673054528363,7.69441583465225,0.20599134153942844
2172,3.238985577035495,7.694399479275218,0.23658917227687715
2173,3.2389033989505656,7.694381283076746,0.2677525118128224
2174,3.238821456259797,7.694361395499307,0.2994058442987195
2175,3.2387731969199476,7.694348522676246,0.33149606673005466
2176,3.238949808486397,7.694414106041263,0.35649056084681713
2177,3.2398700800624973,7.6947726635151605,0.3696930356769181
2178,3.2410133402742476,7.695219644681158,0.37509368924323555
2179,3.2415813073708297,7.695444737383637,0.3769657345519044
2180,3.2427174283874485,7.695897257246253,0.3810565053759745
2181,3.2438927858715685,7.6963673092675275,0.37983481525056284
2182,3.2451501978816504,7.696869687843936,0.3792111960419852
2183,3.2464135757535524,7.697374009145735,0.38040901367543745
2184,3.247674036084963,7.697879297711413,0.3827413481018595
2185,3.2489614788438206,7.69839922309623,0.38576255749918975
2186,3.2496052963481015,7.698661204416025,0.38743891335742425
2187,3.250891038366559,7.699188537270176,0.3910122774432329
2188,3.252195896788429,7.6997254778268625,0.38857960537050823
2189,3.2528724232094866,7.7000022563146295,0.38735924558123735
2190,3.2542234810530983,7.700552893162415,0.3867595369625575
2191,3.2555950592664353,7.701111657054028,0.3878199177901136
2192,3.2569947496566414,7.701684611144522,0.38987003348523314
2193,3.258391858867947,7.702260709717406,0.3925302459049701
2194,3.2597480100364242,7.70281602379613,0.3930940513901705
2195,3.2611862014539463,7.703404980386963,0.38088657079654104
2196,3.2626434546581855,7.703981738466271,0.36621366458042165
2197,3.264100626286266,7.704536138096294,0.35916102067511035
2198,3.265634574981535,7.705108199615228,0.3581502324107561
2199,3.26717122336069,7.705682564951742,0.3587652174337914
2200,3.268704706785269,7.706258571474062,0.36039839413655
2201,3.2694363152290826,7.706534534053535,0.36150185399248996
2202,3.27088635517527,7.707084930636623,0.36420224679691576
2203,3.272333421985786,7.70763924370089,0.36734896878529666
2204,3.273839494397721,7.708222747500683,0.3721770910759576
2205,3.2745985919152387,7.7085187908152815,0.3746051455701743
2206,3.27611390913263,7.7091177232796255,0.3773932700373541
2207,3.277740026042602,7.709763427374329,0.37816130119269253
2208,3.2785545845505157,7.710087511090713,0.3786372184900459
2209,3.2801822025214964,7.710736492591216,0.38028237462358233
2210,3.28186719922472,7.7114086555179036,0.3816319143253899
2211,3.2836179224891917,7.7121135621283035,0.38134042842485516
2212,3.285366778363348,7.712815400907389,0.38223710371491193
2213,3.2871134442318453,7.713518916432074,0.38387712947870883
2214,3.289046620587107,7.714298854534268,0.3828646128459193
2215,3.2909861885836706,7.7150794432239405,0.3822794669832994
2216,3.2930115055522196,7.7158897099694075,0.3815080428722973
2217,3.2951355207645427,7.716741532714795,0.378601819595431
2218,3.2972588932417737,7.717584223009127,0.3774639794137691
2219,3.299380511429053,7.7184250690950895,0.3774361497894896
2220,3.3016745995434427,7.719330661295386,0.3740970480670925
2221,3.3051244730054243,7.720677517287282,0.37073749217811897
2222,3.308922596264763,7.722145521115113,0.3656431111817684
2223,3.3115923807676633,7.723162177109658,0.36173394470838277
2224,3.3146617703634464,7.724312716695513,0.3548102831826715
2225,3.3177592787616588,7.725451095943615,0.34911472084378653
2226,3.320859129324184,7.7265725433003,0.3454312455430966
2227,3.3241953117564393,7.727761062733278,0.34116412358343934
2228,3.327838090946713,7.729045454352961,0.3336681358621252
2229,3.3333127174555655,7.730921325042919,0.3266553062657445
2230,3.337502481361973,7.732326254030511,0.321530427908586
2231,3.339948136205131,7.733140025147219,0.31659939950770716
2232,3.344854198560608,7.734728514057234,0.3086633645574208
2233,3.3506903871853364,7.736562971496525,0.30047112337534004
2234,3.3545995688965635,7.737760695692728,0.29232113068649684
2235,3.362571866645663,7.74008409510138,0.2704883041480419
2236,3.3705982393543166,7.742233623313185,0.24915416104900853
2237,3.379009459836725,7.74431168277642,0.23355195212114344
2238,3.3834555017298764,7.745357741251688,0.2270371837701513
2239,3.3913967884644958,7.747146377329596,0.21329581472840803
2240,3.3950012799095113,7.747908197966184,0.19817012792315328
2241,3.394086729807486,7.747734856637661,0.18212678378563507
2242,3.384170297128735,7.746038740675606,0.15690090594300812
2243,3.3718231421384726,7.744177988351576,0.13951675750045522
2244,3.354864227436749,7.741923575255712,0.12175870041308262
2245,3.3332674424510222,7.7394442229909135,0.1036585726166551
2246,3.307032243440682,7.736914002132005,0.08523118337411831
2247,3.276140032331117,7.734511933091834,0.06648298080908382
2248,3.242614838982212,7.73253323142045,0.047406123846993484
2249,3.213351498912467,7.731369356117863,0.02796621016483517
2250,3.1886772973910125,7.730871315515395,0.00817705024704605
2251,3.1686245479750785,7.730865198535248,-0.011984945605414169
2252,3.1532041401079227,7.731174678986589,-0.032541769877087755
2253,3.1424068997488845,7.731614632736388,-0.0534853081818592
2254,3.135672553719895,7.732034687044992,-0.074298807465055
2255,3.1306217713123923,7.732451089109716,-0.08975826344583004
2256,3.1285764400138274,7.732640022761199,-0.093335067120319
2257,3.1257186183459456,7.732908561348878,-0.08968185381439349
2258,3.1248592930284453,7.732974757343052,-0.07032872349062493
2259,3.1247640589524432,7.7329696637016045,-0.04321903088715767
2260,3.1246841284573112,7.732966571676071,-0.016210814341296335
2261,3.124605569783441,7.7329630877925855,0.010952368657421899
2262,3.124526539466619,7.732958262968483,0.03842060609090983
2263,3.1244068597562844,7.732948174513077,0.08038452603112627
2264,3.1243270771295437,7.732939475271761,0.10894174290693424
2265,3.124287047649456,7.732934629294694,0.12340562665105002
2266,3.124207327835201,7.7329234529838855,0.1525658089052794
2267,3.1241301139772055,7.732911821578871,0.18138737671074795
2268,3.124054208543463,7.732898641509702,0.21008225215796208
2269,3.124225168915512,7.732943985817459,0.24002867491592353
2270,3.1247842178979313,7.733086914274945,0.27291642519610315
2271,3.1257443226327695,7.7333696985228295,0.29782712567351344
2272,3.126984915311732,7.733767414241116,0.31168994632141167
2273,3.1283031936587165,7.734198745337125,0.3198863774322634
2274,3.129606903295432,7.734637407432536,0.32782564405401604
2275,3.1309294077198593,7.735093528042145,0.3368286355336781
2276,3.132277380924113,7.7355725000013145,0.34647951339377414
2277,3.132949537047132,7.735817029817468,0.35146896500220376
2278,3.134290038579992,7.73631639934594,0.3616731410891095
2279,3.136314381412994,7.737095729845634,0.3710489663088011
2280,3.1376798163904365,7.737630172032605,0.37393135948917927
2281,3.139043083203513,7.73816782366563,0.37737499978854033
2282,3.140453600497456,7.738726104188796,0.37548734984954674
2283,3.1418746582939843,7.739285365888072,0.37424874161315974
2284,3.1433004414335763,7.739845383771542,0.37495217922194934
2285,3.144723666211594,7.7404067736457485,0.37685797360753315
2286,3.1461440474326077,7.740970836531477,0.37951529750879337
2287,3.1475619787009106,7.741538558270593,0.3826416699516862
2288,3.148977359438064,7.74211086347433,0.3860619735932594
2289,3.150390522819873,7.7426881721797125,0.3896623800598871
2290,3.1518071995125614,7.743265296643007,0.39108654439252766
2291,3.1532510168814185,7.743864934546981,0.3877026915588855
2292,3.1546954754726437,7.744453710391533,0.3869579104936172
2293,3.1554163239770947,7.744747630098745,0.3872532415017186
2294,3.156865913825658,7.745339538702038,0.3887422636753642
2295,3.1583259094065728,7.745939086922659,0.39101681872479416
2296,3.1597834273780934,7.746541970035962,0.3937764743601655
2297,3.16124167508431,7.747150285790789,0.3968376634968172
2298,3.1626976722771913,7.747763196405611,0.4000840532625153
2299,3.1641515066300934,7.748380812105738,0.4034402400375134
2300,3.165617331422556,7.748995667293898,0.39773956819546336
2301,3.1671208718606754,7.749619610179936,0.3824619114932478
2302,3.1686298115472114,7.750219767863116,0.37070705393700826
2303,3.170154423921839,7.750808505103984,0.3676570021385088
2304,3.171681430542108,7.7513945896565435,0.3675479649420482
2305,3.17319145416486,7.751975986464819,0.3687214111367568
2306,3.17468060265698,7.752552837787607,0.37078196188305457
2307,3.175424018884579,7.752842396438121,0.3720398551161236
2308,3.1776688355129976,7.753723690521501,0.376371056324909
2309,3.1791629136795505,7.754316473975181,0.37954470148051306
2310,3.1806547080318563,7.754914057993128,0.3828445720810009
2311,3.1821439241958203,7.755516849696003,0.38621820982951194
2312,3.183658222846619,7.756137055931279,0.39118519296724247
2313,3.185170459273785,7.75676270910823,0.3953875819678255
2314,3.1866946792938564,7.757402460866109,0.39792011178968106
2315,3.188236213025931,7.758052939520669,0.4006854917891328
2316,3.1897753955741037,7.758707686869912,0.40358486561818446
2317,3.1913203245783532,7.759369785909156,0.40655582265210893
2318,3.1928736712026757,7.760040939022341,0.40953443788930716
2319,3.194424615584675,7.760716983830407,0.41250569772066586
2320,3.1959795777498385,7.7613978409948166,0.41475887813343615
2321,3.196780678673457,7.761752899579617,0.41499177066969395
2322,3.1983896259904037,7.76246251295475,0.41608014838753044
2323,3.200006164404168,7.763178113801841,0.417736545200173
2324,3.2016334264293675,7.763902030869808,0.4197167074109702
2325,3.203258468608642,7.764629253728454,0.42189077223749416
2326,3.204884234432211,7.7653580958670885,0.4232699911363387
2327,3.2065739036574854,7.766121257678716,0.42272514007028905
2328,3.2082676540040205,7.766883310115514,0.42318765330812896
2329,3.2099592962647394,7.767646154304113,0.424285369993125
2330,3.2116933195885315,7.768430743987936,0.4257465996034537
2331,3.213429089290101,7.769219339102863,0.42740255698289115
2332,3.215184597881864,7.770020610711104,0.42916675496943235
2333,3.2169671799133486,7.770838105500397,0.43094643344100825
2334,3.218748238654792,7.7716587276061375,0.4327225761396252
2335,3.220537267557057,7.772486843538555,0.4344852174765329
2336,3.2223373120454575,7.773323872404175,0.43621010556001727
2337,3.2250346239921774,7.774585320458934,0.43873525815328857
2338,3.2268455758502994,7.775433945670123,0.43733097754265254
2339,3.2278002580779623,7.775880075987357,0.4365486346813347
2340,3.22971009682336,7.77677003651696,0.4357676972634301
2341,3.2316428693034904,7.777669739910178,0.43569303984746516
2342,3.2336065071393856,7.7785838583842315,0.43600813226157975
2343,3.236550441680172,7.77995653819804,0.4368933345372587
2344,3.238461414742483,7.780845493892533,0.4363491898187141
2345,3.2405181355997996,7.781804159852486,0.4330512731688418
2346,3.2425933313200583,7.782760905760868,0.43117603765691853
2347,3.244705240396828,7.783731118980953,0.43019060463347897
2348,3.2468666021304164,7.7847218425835045,0.4296859128316946
2349,3.248948734842024,7.7856695647329275,0.4280111357210626
2350,3.251217213479134,7.786703268945972,0.42333028527903255
2351,3.253511613120977,7.787733021118441,0.42034252146515116
2352,3.2558074220591666,7.788756155982931,0.4184326388816197
2353,3.2581845823965487,7.789811296423748,0.41715856952410296
2354,3.2605688473357395,7.790866426210045,0.4162461656302459
2355,3.2629539113277706,7.791919587862882,0.4155609480593357
2356,3.2652580329186054,7.792929084566021,0.4133506798394152
2357,3.267837789087313,7.7940479963155065,0.40210786715263663
2358,3.2705594431710314,7.795187395003965,0.38818184913965176
2359,3.273431694560545,7.796345991836679,0.3779574119709868
2360,3.276311809049404,7.79747806076501,0.3709906969133303
2361,3.2791951756721356,7.798590847801529,0.3659899361093428
2362,3.2821874667258153,7.799731275882975,0.3622970300704041
2363,3.2851901419045775,7.800864266226264,0.3594865658187549
2364,3.2882558744676746,7.8020122820748155,0.35714076291239516
2365,3.291519965887581,7.803226235889054,0.3548844402309418
2366,3.2947957719379883,7.804436418625945,0.35283622103314005
2367,3.3005033819016756,7.806522020097699,0.346885379654352
2368,3.304388598605094,7.807917670501553,0.34238322969632684
2369,3.308279650999382,7.809296424126677,0.3383183957090322
2370,3.31312105080699,7.8109851403238,0.3320703350607396
2371,3.3180479491338577,7.812667783361136,0.32525141911693783
2372,3.3243088075049925,7.814746160313011,0.31443872270663253
2373,3.3341482069511224,7.81784470253943,0.29348143225015566
2374,3.337442820984068,7.818832108515389,0.28694245559209985
2375,3.3440504179736594,7.82074300776897,0.2742549565525422
2376,3.3505366629423565,7.822525464365916,0.2605006570367095
2377,3.3568673992839857,7.824167919483905,0.24335983889460885
2378,3.360042627626672,7.824946850355708,0.23509668078313156
2379,3.3664104362633913,7.826426683365643,0.21894797985639716
2380,3.37188895882638,7.827605647193336,0.20178607992687347
2381,3.3744437153605613,7.828101979079183,0.17545191567347054
2382,3.375061615504235,7.828199123578543,0.13652883395046597
2383,3.375189225680021,7.828221193766643,0.09098737897230141
2384,3.3721160473778937,7.828011394117127,0.03996658206612495
2385,3.364439135053298,7.827906594154701,-0.019674489175816094
2386,3.352171702374417,7.828491225458909,-0.08491952779027738
2387,3.3353863783221964,7.830420747159829,-0.1539940268235585
2388,3.3253487014624414,7.832098925401358,-0.18962131814308947
2389,3.302111510863226,7.837315459643833,-0.2626078071383754
2390,3.2889851768104243,7.841019788845012,-0.2998262653169942
2391,3.2599171715503714,7.85105040085498,-0.37541242224940446
2392,3.233232293549777,7.862586384745477,-0.452128995294766
2393,3.2117288637347823,7.874291441948215,-0.5288701374207053
2394,3.202772259992284,7.879709764904265,-0.5671271495150861
2395,3.1883393862330216,7.889589553533453,-0.6431930423859803
2396,3.176721126444193,7.8984590232868355,-0.7168181168636802
2397,3.171656719786647,7.902970800055224,-0.7513428136476992
2398,3.1627199697939887,7.911819162627103,-0.8131096480126592
2399,3.1523966975670357,7.923492900694365,-0.8825613721652003
2400,3.147536678503472,7.929568949605823,-0.9113399697240491
2401,3.1441887345895134,7.933947843246935,-0.9255194118181282
2402,3.142264580700517,7.936502010824808,-0.9250678551540927
2403,3.141711249252949,7.937218377289927,-0.9101482137248093
2404,3.141648855600591,7.937284410878973,-0.8866794863267052
2405,3.1416133379247464,7.93732425318114,-0.860750554432721
2406,3.141584224988276,7.937353111148454,-0.8332027472607861
2407,3.141556601696698,7.93737358211934,-0.8046897744446396
2408,3.1415311638783843,7.937388219719678,-0.7757280866626485
2409,3.1415184575494797,7.937394294464168,-0.7612119616578096
2410,3.1414969950290694,7.937403354415263,-0.7323210117818769
2411,3.141478389040977,7.937410817853553,-0.7038391009952849
2412,3.141461987796552,7.937415836893875,-0.6759698645368435
2413,3.1414470811746824,7.937416711269548,-0.648855665298015
2414,3.141433395999167,7.937415015275332,-0.6225873279799811
2415,3.141422351265775,7.937412845941725,-0.5972130622055754
2416,3.141417090304679,7.937411753501403,-0.5848656209713049
2417,3.1414072991293915,7.937408024841943,-0.560842133195648
2418,3.1413987359360744,7.937402373033408,-0.5376878571410239
2419,3.1413951697455875,7.93739977631858,-0.5264226409100176
2420,3.141385374479825,7.937391520588404,-0.49378216497989075
2421,3.141379639760007,7.937384931686689,-0.4728979504057779
2422,3.141374170484369,7.937377959172739,-0.45262767973026524
2423,3.141343705929182,7.937383256441188,-0.4277859506687636
2424,3.1412965889585327,7.937386615718853,-0.39724623302829254
2425,3.1412874335340133,7.9373732415966165,-0.3666690655634987
2426,3.1412924184352287,7.937365284452769,-0.35253121021131656
2427,3.141304446074319,7.937347205622569,-0.31451083559410403
2428,3.141305459952128,7.937342893069113,-0.30290226576162255
2429,3.141305103026812,7.9373385615003516,-0.2916914985011353
2430,3.141298582907584,7.937328587894893,-0.25982764723990276
2431,3.1412895522301305,7.937324007061465,-0.2395679747896538
2432,3.141283874150196,7.937321984802613,-0.22961679153142123
2433,3.141254883646501,7.9373187926604665,-0.19942705788569742
2434,3.141242319273969,7.93731640356021,-0.18904506979586566
2435,3.1412253572460864,7.937313623604324,-0.16850340084969187
2436,3.141206180824739,7.937310913353881,-0.14807919375789735
2437,3.14119582297477,7.937309449852511,-0.13785512690103624
2438,3.1411736417577316,7.937306742681008,-0.11729472849627075
2439,3.1411498892332133,7.9373042490735655,-0.09649030861769888
2440,3.1411249739703404,7.937302296711593,-0.07534948869063185
2441,3.1410851015439385,7.937298223917152,-0.04284737804818619
2442,3.141042729608696,7.937293603029971,-0.009225930847488146
2443,3.1410282053689937,7.937292142848259,0.0022570922889505033
2444,3.1409985517933734,7.937289387881551,0.025666787213530193
2445,3.140967711589726,7.937285990445164,0.04969555956539439
2446,3.140951982789841,7.937283989831354,0.06195090894679416
2447,3.1409193630043246,7.937280094265772,0.0869586576924069
2448,3.140910638588003,7.937276182746049,0.11157389039651555
2449,3.1409334759304084,7.93727962843644,0.13202682600096152
2450,3.14136850649008,7.937341670076805,0.1488694598587049
2451,3.1436306214787852,7.9377053988095,0.16584037918239258
2452,3.145130573963982,7.937964602538174,0.17683439775299414
2453,3.1458796868504115,7.938100046709855,0.182416038817599
2454,3.146627802859062,7.93823948844539,0.18805506202549419
2455,3.14815259945231,7.938531639353447,0.19845549611975088
2456,3.1489156595847927,7.938692810938154,0.2023480089354857
2457,3.150398758930281,7.939002830124291,0.21064331669814818
2458,3.151877417422751,7.939325316294423,0.21950757008919322
2459,3.153409205662455,7.939672486323921,0.22571244011921654
2460,3.154878116421393,7.940013541704336,0.23210934237526057
2461,3.156344317420434,7.940365718097138,0.2395235266634776
2462,3.1578090876846274,7.940729034223663,0.24775130229331657
2463,3.159271442724267,7.941104472902541,0.25660532040825806
2464,3.1607783088129477,7.941498875020438,0.26449557889064773
2465,3.162271478001201,7.941915176167742,0.26880150758181753
2466,3.163828471938285,7.942339368325137,0.2684085771020965
2467,3.1653382667224794,7.942753127176749,0.2622874383020084
2468,3.1660785246828715,7.942952536959992,0.25893648174124595
2469,3.1675425580843206,7.943340179704345,0.2541751684494846
2470,3.169005666502336,7.943716480403261,0.2524066750518075
2471,3.1704810221256596,7.944095244274971,0.25261393473301375
2472,3.1719591339854785,7.94447746882111,0.2542372646519396
2473,3.1734411951502275,7.9448698533440805,0.25688789895942865
2474,3.174928155413282,7.945263575497589,0.26030735015329654
2475,3.176416009304839,7.945659920523041,0.2642931084925369
2476,3.177908745793755,7.946071096778336,0.2686133892663494
2477,3.179420706552902,7.946486954293468,0.2727926486297182
2478,3.180927703562948,7.946916857041595,0.27670014919805763
2479,3.1824416890421663,7.94734409294084,0.2806296342379941
2480,3.183948476998364,7.947785783847508,0.2839313841408481
2481,3.18544807369803,7.948228407761139,0.2878299367012252
2482,3.1869712176881673,7.948678864952292,0.29157721116823593
2483,3.188495864413312,7.949140750791186,0.29430146801194945
2484,3.1892511431941477,7.949375261778166,0.2959516581854666
2485,3.1907650844663737,7.949838064335331,0.2996969721858099
2486,3.1930580224587106,7.950546833608591,0.3029380942012502
2487,3.1945603572178554,7.951020049351431,0.30581163585979104
2488,3.196075546501843,7.951502205738813,0.30934558286836966
2489,3.1976016288791937,7.951986704633197,0.3108387707658589
2490,3.198344791484667,7.952259103462077,0.31161207142166225
2491,3.199742733172635,7.953113182642443,0.31401743680264094
2492,3.201795283445705,7.953753189924521,0.3126482959975124
2493,3.2033581850298485,7.95426013872073,0.30626917404730136
2494,3.204120999967928,7.954504660209373,0.3028627430713313
2495,3.205675387241151,7.9549966705149115,0.29791126958313485
2496,3.20729621866017,7.955503589980621,0.2958438167985575
2497,3.2089695352538166,7.956023680945467,0.29582771098370575
2498,3.2106895694621858,7.956560128243989,0.29721716614035215
2499,3.212450249580887,7.957110140011547,0.2995871437113256
2500,3.2142115562193725,7.957676371924428,0.30182859804865014
2501,3.216082682292337,7.958317692999224,0.3046453999480542
2502,3.217886618666532,7.958856043165632,0.3066270007520963
2503,3.2196837074916203,7.95942553409215,0.3089714592827582
2504,3.221476584615688,7.9599950726246576,0.31012114202388663
2505,3.223261459254378,7.960563393126236,0.3117231163187661
2506,3.224162047974028,7.9608517705957835,0.312845659370298
2507,3.2259715374096434,7.9614339674905095,0.31329976443003166
2508,3.2277774302122686,7.962016840484007,0.3142365625233676
2509,3.228689993531068,7.962312214751748,0.3150804880193614
2510,3.2305203085425576,7.962906220479035,0.3163323021227636
2511,3.2323734143359686,7.963507789980626,0.31592124602356486
2512,3.234242303160443,7.964114662467565,0.3167772318895978
2513,3.2361463142167723,7.964732117461224,0.3184970363559381
2514,3.238010065004668,7.96534102683164,0.3176423185787246
2515,3.23893914151793,7.965644862308905,0.317275284841288
2516,3.240822690276731,7.966262303109399,0.3175533413441325
2517,3.2437001462671207,7.967208547926443,0.3183616286983784
2518,3.244663114443153,7.967525070961651,0.3170731693135332
2519,3.247557516402544,7.968473303552885,0.31576210313848674
2520,3.250609866120465,7.969473933395418,0.31686428242005193
2521,3.252545525669215,7.970107146003406,0.31435534870538584
2522,3.255596454629279,7.971093290818559,0.31190116450553496
2523,3.2577027090439947,7.971771226970977,0.31179695561108867
2524,3.260733997044696,7.972739989863313,0.30615949808421367
2525,3.2628838572893164,7.973417682051683,0.3038345871412612
2526,3.2662212216890176,7.974460580871391,0.3026978402297017
2527,3.2682258067296304,7.975081698012851,0.2979975628138505
2528,3.270439504146606,7.975757046521571,0.29389682072198253
2529,3.274091172225836,7.976857178090456,0.2906632242681667
2530,3.2763371827358894,7.977518417266546,0.2877267627730699
2531,3.280169927786268,7.978631644533262,0.2784948611041409
2532,3.2828024675911287,7.979382825539002,0.27476142427257666
2533,3.285471130985415,7.980133748504639,0.2722456552668445
2534,3.289196632383352,7.981154567846927,0.2547778369271344
2535,3.290361060285531,7.981451034760362,0.24577457073521486
2536,3.293042026393487,7.982102551782422,0.22936492764947156
2537,3.2978752941380125,7.983186059390021,0.2155118966565508
2538,3.299546329148547,7.983560401903944,0.21260080242487997
2539,3.302920925389842,7.984273958971432,0.20773904899447604
2540,3.30878621597327,7.98550073639613,0.20332904779505168
2541,3.3129777898389516,7.986358142677619,0.20172161791808954
2542,3.317114573218551,7.987193125715033,0.19847039177004824
2543,3.325105391960772,7.988436558750742,0.19094520978603172
2544,3.333147464926659,7.989955010780891,0.1836217148802881
2545,3.3425541804529613,7.9916456650539995,0.17236245716539103
2546,3.351306964240838,7.993070781534051,0.1423791448369845
2547,3.3534356162082024,7.9933426725906065,0.09355776931988713
2548,3.3504075114165617,7.993209345799303,0.019026621247984318
2549,3.3427262821592727,7.9932648538523186,-0.04075875738296564
2550,3.3226576526934117,7.99505629638971,-0.13941028437563685
2551,3.293382130588563,8.000992867685829,-0.24343234010568082
2552,3.2686603444761455,8.007950444193387,-0.3140598598681305
2553,3.235645309926502,8.01996134623342,-0.4218011046126747
2554,3.219507068283418,8.027799181971707,-0.49362015216297134
2555,3.2073209706484684,8.03485356185281,-0.5648813004987195
2556,3.191736815035704,8.045751009003096,-0.6610894709062922
2557,3.179736810323088,8.055771981382982,-0.7327785174030369
2558,3.174018465820943,8.061117905544597,-0.7772876785966276
2559,3.173642243912136,8.06149483171008,-0.7962094627017596
2560,3.1736701777825367,8.06146952852472,-0.8210023929774735
2561,3.1736885592948476,8.061454677366138,-0.8402749816269821
2562,3.173699678345887,8.061443202358644,-0.8717247486664552
2563,3.1737069856527187,8.061433755495722,-0.9034007609410178
2564,3.173698977483713,8.061444583609406,-0.923974161434184
2565,3.1737023435052625,8.061437657536393,-0.9559729888226556
2566,3.1737072213518,8.061427924613483,-0.9873460202828108
2567,3.1736957482848407,8.061428175169846,-1.0178286337921199
2568,3.1736977789932954,8.061435185666669,-1.0390741571535091
2569,3.1737053022858515,8.061413593307629,-1.0703462179283771
2570,3.1736985161453077,8.061412000662703,-1.09130267649725
2571,3.1737120081843844,8.06139443238438,-1.1225024583369172
2572,3.173685831326106,8.061458190633198,-1.1336909852749755
2573,3.1736019729166407,8.061638770639822,-1.123155730218438
2574,3.173543420684472,8.061742168240952,-1.1006727100708662
2575,3.1735039488592522,8.0618167614068,-1.0736801920757826
2576,3.1734671932790173,8.06188185853619,-1.0434237256687124
2577,3.1734289135516285,8.06194426445901,-1.0073848377040242
2578,3.1734036391091784,8.061972665435002,-0.9499230577906693
2579,3.1734028117014668,8.061970672105268,-0.9008567555861774
2580,3.1733901209524205,8.06198873460752,-0.8706402743659276
2581,3.1734475207007313,8.06190968242995,-0.8355704570834295
2582,3.1735397687970677,8.061804219682108,-0.8292896188820267
2583,3.1736457647467673,8.061683253683887,-0.8406520048217817
2584,3.1737197055921156,8.061599661875372,-0.8779622238913234
2585,3.1737516909227645,8.061570994076813,-0.9317396979257736
2586,3.173734204858792,8.061602821548043,-0.9639796583941674
2587,3.173707429637411,8.061640977048032,-0.990686208860995
2588,3.1736858994287074,8.061673639550499,-1.0135394069123893
2589,3.1736662945904346,8.061703243168594,-1.033351909810628
2590,3.1736579428939176,8.061710506599512,-1.0508667100495765
2591,3.173657977497337,8.061715274255528,-1.0679185215010634
2592,3.1736302413716904,8.061770915869804,-1.0802400660975862
2593,3.173575457485576,8.061881624530393,-1.0816338574798483
2594,3.1735001576417994,8.062023192068231,-1.067794114184106
2595,3.173440592235759,8.062120632476935,-1.0434431062457463
2596,3.17340102327707,8.062190266587862,-1.0151023960255263
2597,3.1733670445809428,8.062254172767396,-0.982945438576822
2598,3.1733240157306666,8.062313506492755,-0.9448919998200087
2599,3.1733215447254937,8.062319026702879,-0.8910337993542788
2600,3.173412693260908,8.062213260220773,-0.8583830064872751
2601,3.173564663213645,8.062029441293758,-0.8621362836679142
2602,3.1736457253140116,8.061930340605233,-0.8950583075084859
2603,3.173680041535592,8.06188198848171,-0.9483963923140589
2604,3.173650445698319,8.061928067351506,-0.9958521229378924
2605,3.1736213919618605,8.061967903793732,-1.0202207761006594
2606,3.1735929484140195,8.062011526478935,-1.0501331734298824
2607,3.1735823879634486,8.062018468487674,-1.0671117670833732
2608,3.1735808135223444,8.062022306960506,-1.084484414911051
2609,3.1735493823175847,8.062083121753412,-1.1048728464823871
2610,3.173499696397396,8.062188316771046,-1.1068740675858149
2611,3.1733893226976697,8.062386031405145,-1.0828533319721843
2612,3.173347456256677,8.062472832753215,-1.056810394824111
2613,3.1733083465074037,8.062546278980552,-1.0270214989314934
2614,3.1732694518209668,8.062610967480033,-0.9915016824696131
2615,3.173245821645559,8.062647151046207,-0.9530741116387202
2616,3.1732487614484577,8.062649775195597,-0.9180388890601662
2617,3.173276942193681,8.062615089318886,-0.8906265480570484
2618,3.1733448203407835,8.062532033278691,-0.876017247893735
2619,3.1734878324606273,8.062350576245208,-0.8862262692567616
2620,3.1735121313304315,8.062299857108671,-0.9080702165220677
2621,3.1735748704395528,8.062227581032007,-0.9408509905188762
2622,3.1735769397153724,8.062228067799978,-0.9939419226598788
2623,3.17354732934734,8.06226937239526,-1.0227662957767023
2624,3.173505842137381,8.062334132480071,-1.0570008833026174
2625,3.173487871017594,8.062360415272217,-1.0755272033311984
2626,3.173479967631264,8.062361583256276,-1.0926581821150767
2627,3.1734525310987896,8.062425215350713,-1.1130836047161827
2628,3.173399283880446,8.062537750424854,-1.1141704167223458
2629,3.1733271815329895,8.062682718699309,-1.0999182815308597
2630,3.173266443173495,8.062792443443795,-1.0749610466620285
2631,3.1732246766122705,8.062872044015146,-1.0457756897668282
2632,3.17316852141438,8.062971587179904,-0.9936125702631224
2633,3.1731477739740925,8.063007025643307,-0.9546892862580144
2634,3.173163136520218,8.062996532893674,-0.9046737473178091
2635,3.1732142119778723,8.062936013041732,-0.8834519048537358
2636,3.1732993358490744,8.062830217758576,-0.8774150995979351
2637,3.1733758664172487,8.062712209152126,-0.8960093898510727
2638,3.17344905827158,8.062626079393374,-0.9248896995431682
2639,3.173454109672622,8.06261796494998,-0.9781803627069996
2640,3.1734311139536264,8.062650558062376,-1.0089408423048838
2641,3.1733845460697356,8.062716513883277,-1.0446831188917869
2642,3.173366053317768,8.062744415527318,-1.063784505386601
2643,3.173357077209568,8.062761830966027,-1.0802174448285289
2644,3.1732975085118458,8.062884037845436,-1.090697213220321
2645,3.173229055843705,8.063019541421928,-1.0805415109940848
2646,3.1731746897449895,8.063128608898527,-1.0578360113535341
2647,3.173093194591257,8.063253308453657,-1.004896687632862
2648,3.173083225582787,8.06327948616503,-0.9499269726416023
2649,3.1730782958175214,8.063311976572185,-0.9013375016329861
2650,3.1730879919306276,8.063289859918752,-0.8741777475313335
2651,3.17043598127349,8.062583606455515,-0.8567008832588476
2652,3.1705520422382656,8.066099991784965,-0.8639457603647218
2653,3.170636502243254,8.06593243214081,-0.8945763855080273
2654,3.1706813773834504,8.065887159382203,-0.9263217134843869
2655,3.170676768059814,8.065903776354125,-0.9741170207854529
2656,3.1706178905708664,8.06598285252976,-1.012006147979041
2657,3.1705751526069537,8.066037968235086,-1.0325176903727202
2658,3.170557428192727,8.066051560271212,-1.0510929892823098
2659,3.1705360196756205,8.066068386835193,-1.068879680055496
2660,3.170531394441231,8.066079061264762,-1.0855750088301457
2661,3.1704946200941544,8.066147875091353,-1.0949142423979694
2662,3.1704346838218083,8.06626362249746,-1.0913759722439689
2663,3.17033194537629,8.066449557441778,-1.0609526476721403
2664,3.170272170745623,8.066565120314179,-1.0184152710000078
2665,3.170249834689134,8.066621268309616,-0.9853571013178613
2666,3.1702138407886835,8.066671474506913,-0.9280708013254262
2667,3.1702258761722226,8.066664971955307,-0.8934713712118458
2668,3.170257676300232,8.06662843645933,-0.8667243906247752
2669,3.1702870099904965,8.06659115075957,-0.8579368939123889
2670,3.1703704328093285,8.066492213984251,-0.8522066026791504
2671,3.1704548587769943,8.06637615582242,-0.8712428089167306
2672,3.1705260462506866,8.066296668788253,-0.9003216298728501
2673,3.1689088917197292,8.06501559949909,-0.9538990294804923
2674,3.170331840894887,8.06612082298109,-0.9868197709497373
2675,3.170417211910966,8.066230562054304,-1.0140713387489506
2676,3.1703941551619903,8.066288133433309,-1.0472929206506763
2677,3.1703992010892685,8.066276575291893,-1.065512850506668
2678,3.170384543208018,8.066289166294196,-1.092150833222441
2679,3.170377101641164,8.066283799932059,-1.101153172732399
2680,3.1703726605808904,8.066283454944173,-1.1189557658242404
2681,3.170317166802114,8.066386746559338,-1.1315915643304555
2682,3.1702524741639935,8.066514210441158,-1.1228050006369164
2683,3.1701665901676113,8.066653972020005,-1.0989299780172503
2684,3.170120798431068,8.066749526016254,-1.0695157597022626
2685,3.1700776712740435,8.066833077288665,-1.0335494162850396
2686,3.1700553364306994,8.066890781442153,-0.9752179808952487
2687,3.1700580135960355,8.066906572608797,-0.9250245177854949
2688,3.170060262137075,8.066914790417771,-0.8952057310493171
2689,3.170156988573033,8.06680965501302,-0.8688854723524898
2690,3.1703055612999926,8.066624505668267,-0.8789072246552917
2691,3.1703705049713733,8.066537552783856,-0.9156454739411223
2692,3.170394216977666,8.066502056439676,-0.9510231091281196
2693,3.170364914970638,8.066541218013965,-1.0006027984323758
2694,3.170327388918472,8.066592112012383,-1.0264993185204263
2695,3.170280696660317,8.066660001415995,-1.0576349000627356
2696,3.1702694461337586,8.066668331734656,-1.074943953105823
2697,3.170266558741485,8.066659956550344,-1.092515592521545
2698,3.1702498963952985,8.066696196373021,-1.1171054440405188
2699,3.1702148008141195,8.0667729709535,-1.125744119929577
2700,3.1701216911834105,8.06697412000866,-1.1137026351242252
2701,3.170036023245993,8.067135649515231,-1.0772401811443295
2702,3.1699832584492285,8.067253766248259,-1.030482507809432
2703,3.1699403195428,8.067317424928833,-0.9924042070329474
2704,3.1699321608323303,8.067336841213137,-0.955067091835182
2705,3.169924203306552,8.067355854190744,-0.906101789619978
2706,3.1699106938174286,8.067390881591471,-0.8755674126918737
2707,3.1672582019185134,8.066505184002855,-0.8395710613937633
2708,3.1676768720248902,8.0703590497662,-0.8315269195313846
2709,3.1667976763397485,8.070742897790783,-0.8247809206521973
2710,3.166543494192414,8.070969080391164,-0.8433668633128296
2711,3.1665636420757304,8.070931734600828,-0.8543242930141123
2712,3.166633996125834,8.070858269229975,-0.8851859393596893
2713,3.1666431204657446,8.070856011786493,-0.9367710315096274
2714,3.166610799731948,8.070898596676036,-0.9657623617309118
2715,3.1665684963462954,8.070949393256738,-0.9901588161554638
2716,3.1665171524447877,8.071008995144602,-1.0203630051348256
2717,3.1664981081817256,8.071021529551325,-1.0383617711045878
2718,3.166472579612182,8.071052706682769,-1.0647124137887474
2719,3.163034046871982,8.071019850290734,-1.092437103067657
2720,3.1648496083306545,8.073638473194807,-1.1109858583932097
2721,3.164706556988667,8.07408750731463,-1.1250729862006026
2722,3.1644635953729106,8.074602105772394,-1.1279818328348519
2723,3.164238636741902,8.07504869581641,-1.1041902683562896
2724,3.1641874905247103,8.075124914402668,-1.078161308690094
2725,3.164120309504943,8.075223327679977,-1.0314559327308066
2726,3.164048844003984,8.075304688127552,-0.9738331328525235
2727,3.1640421128603653,8.075304718143828,-0.9384187783591575
2728,3.1640222594276186,8.075320030099569,-0.9062234998242868
2729,3.164013103033257,8.075323987376578,-0.8772753445229813
2730,3.1641198153396273,8.075203570813787,-0.8555518156264059
2731,3.164216694778708,8.075084096918797,-0.8623400165438457
2732,3.164293250222575,8.075002021815184,-0.8947204308832318
2733,3.164333025593096,8.074953350922142,-0.9295215123010487
2734,3.16432791322044,8.074968973888922,-0.9650289573693375
2735,3.1642953740825024,8.075022953746847,-1.007723102380483
2736,3.164272002680858,8.07506345255379,-1.030143715433057
2737,3.1642566308145224,8.075090606014271,-1.0492446651510383
2738,3.1642338315512126,8.075138122482667,-1.0715318249793222
2739,3.1641518121576553,8.075300474951792,-1.0722922558916257
2740,3.164053894292604,8.07547791253443,-1.0421425783720215
2741,3.1639654455001747,8.075604120078554,-0.9892536723805839
2742,3.163947483919749,8.07562802267876,-0.9345463428294933
2743,3.163934299509506,8.075639665043814,-0.9018060206687114
2744,3.164016301500585,8.075538593743332,-0.8691074363172933
2745,3.164118032507867,8.075411669122788,-0.865891325428425
2746,3.164200008219967,8.075292662736729,-0.8882674175120757
2747,3.164270404155244,8.075215715281942,-0.9184475620916219
2748,3.164276973264694,8.075213105567176,-0.9716237744233356
2749,3.164235986560239,8.07527476731345,-1.0143510335544514
2750,3.1642061159967216,8.075322396328616,-1.0366568879377762
2751,3.1641797466283452,8.075357036284663,-1.0640563766559212
2752,3.1641740332680444,8.075366602324797,-1.0805901182479338
2753,3.164119304459382,8.075474281291697,-1.093817359087262
2754,3.164051151057147,8.075607941312194,-1.086645021204278
2755,3.163948515915927,8.075786734072516,-1.0512798137532295
2756,3.1638936149416383,8.075897130585316,-1.0046899490932397
2757,3.163848578290586,8.075958196095865,-0.9663619713238911
2758,3.163846142251559,8.075972317222003,-0.9116621696681629
2759,3.163837816812748,8.075984881779515,-0.8796090577039967
2760,3.1639203308877764,8.075896607726843,-0.848704681788985
2761,3.16396616896673,8.07584332460555,-0.8456982963309817
2762,3.1640652053181446,8.075724436264176,-0.8531118709209716
2763,3.1641402878005054,8.075631856776246,-0.8860103519265559
2764,3.1641716147851486,8.075584823876934,-0.9207384053966728
2765,3.164146342083226,8.075616265266367,-0.9715192506457241
2766,3.164112376580867,8.075658405545191,-0.9978621508582151
2767,3.1640819396637916,8.075701897035813,-1.0197681013539424
2768,3.1640559365103607,8.075733718584951,-1.0466588879820498
2769,3.1640510850435564,8.075730315213443,-1.063604751327229
2770,3.1640509212565315,8.075724277885568,-1.0900500533365578
2771,3.1640218006374625,8.075782625895187,-1.110022049884646
2772,3.1639360432653896,8.075962957917238,-1.1033495046609418
2773,3.1638566871791935,8.076097355630212,-1.080093559811212
2774,3.1638130725825144,8.076192035832808,-1.0510319655068936
2775,3.1637551991546276,8.07630058329867,-0.9985273072491342
2776,3.163733695888394,8.076339597761153,-0.9590735984813076
2777,3.163741064155622,8.076357739054574,-0.9070906667669631
2778,3.1621097488207557,8.07502499126642,-0.8767096988312781
2779,3.164752832886774,8.074140649334792,-0.8349425406941322
2780,3.165691173050952,8.074177348230968,-0.8193629757970048
2781,3.1658695702493813,8.073991640538374,-0.8311760475981798
2782,3.165932298258251,8.073927172214843,-0.8636236750714692
2783,3.165997359263408,8.073865018779646,-0.8968007894334675
2784,3.1659876017543715,8.073903411513323,-0.9503806528857458
2785,3.165924786163317,8.073960116961578,-0.9794534517529628
2786,3.1658732084887,8.074074179584091,-1.0142711272275968
2787,3.165835891327301,8.074128151062888,-1.0333720840404939
2788,3.1658112901802933,8.074151696016543,-1.0506814076642617
2789,3.1673992488274276,8.075803689817892,-1.07378833855348
2790,3.1652429558404886,8.075106454339064,-1.0758538999354892
2791,3.1651637821169425,8.075208279366203,-1.045480408779672
2792,3.1651136749321735,8.075267175511746,-1.0039684747033497
2793,3.1650791811427386,8.075303001749068,-0.9717869880937763
2794,3.165007779454963,8.075365843138323,-0.9139513174449264
2795,3.164979356856589,8.075387736509638,-0.8623093885901081
2796,3.1649430058461037,8.075439376771062,-0.8323483124180086
2797,3.1648871087531347,8.075486477359913,-0.8026394792541668
2798,3.164915399044431,8.075450772057845,-0.7718034697828271
2799,3.1650034542321417,8.075365729159728,-0.7709350333288089
2800,3.1651004291701716,8.075253789096811,-0.7975102545198556
2801,3.165185524757677,8.07517303074808,-0.829801459385425
2802,3.165210235023211,8.075150003537159,-0.8667956055560848
2803,3.1652003012069385,8.075169701106944,-0.914695309733519
2804,3.1651873534773087,8.075187125329805,-0.9397961024881331
2805,3.165179376065209,8.075200335300671,-0.9618915918261605
2806,3.1651671512813944,8.075216187196153,-0.9898648352937938
2807,3.1651624901485005,8.075221006839,-1.0069884123181188
2808,3.1651516052019844,8.075234605581501,-1.0255158982021042
2809,3.165145342175516,8.075242218780751,-1.0446720978510253
2810,3.1651416521613744,8.075241284704793,-1.0648499434583085
2811,3.1651315189242175,8.075246341291724,-1.0843764922365737
2812,3.165106270967891,8.075295530858696,-1.098902950815047
2813,3.165055022679015,8.075398806270352,-1.1022915691577673
2814,3.164983905943353,8.075542596615703,-1.090169175883184
2815,3.16492517936441,8.075647000055763,-1.0669942637645922
2816,3.1648719121228797,8.07576516733938,-1.0243348259122076
2817,3.1648488993879624,8.075825919673125,-0.9913996280912729
2818,3.1648103840853046,8.075877685955891,-0.952905992854281
2819,3.1648137037693096,8.075880980323774,-0.8987419370935305
2820,3.164810389724834,8.075887780158322,-0.8672445979183595
2821,3.164892439486534,8.075791399340565,-0.8371011959430247
2822,3.164991053220748,8.075675369272979,-0.8359158222667239
2823,3.1650689361737427,8.075597740739878,-0.8504320287986877
2824,3.165130288871091,8.075502954547842,-0.8922985167022917
2825,3.1651202739615196,8.075514389343876,-0.9456045006307109
2826,3.1650743017521514,8.075571875159165,-0.9879291111197219
2827,3.165047612119606,8.075609941937088,-1.0103296264793111
2828,3.1650270447595825,8.075636223544494,-1.0380990855797452
2829,3.165025143471106,8.075638519771267,-1.0639767156434072
2830,3.165030578508457,8.075620582716857,-1.0820028978146958
2831,3.165002586005812,8.075679680279658,-1.1017520287239995
2832,3.1649501000383458,8.075787637599975,-1.1009113378694257
2833,3.1648758863407527,8.07592987545933,-1.084048435710674
2834,3.1648122786623794,8.07603979277374,-1.0569242231507143
2835,3.164757703398556,8.076151410319794,-1.008967789301425
2836,3.164711340660755,8.076213367728899,-0.9699422136029996
2837,3.1647117564522627,8.076236796522426,-0.8984277368087574
2838,3.1647103154038003,8.076247735338258,-0.867994539389298
2839,3.1646771353979752,8.07627118266775,-0.8229826587670545
