index,x,y,orientation
0,1.9999996125975892,1.9999997135376175,1.5700001565924002
1,2.0000005260352784,2.000017640013488,1.570001781850565
2,2.0000018407178386,2.000062146026749,1.570005113836974
3,2.0000027211096683,2.0000959949366477,1.570008813742124
4,2.000003680584787,2.000116744726121,1.570013820245558
5,2.0000046753818075,2.0001242322907156,1.5700194848937392
6,2.0000056639389747,2.0001184400064456,1.5700252483074062
7,2.000006708383681,2.0000856455792753,1.5700328540546207
8,2.0000058359966726,2.00006388397005,1.5700359830075974
9,2.0000056834511284,2.000056938208865,1.5700398216254996
10,2.0000061700846516,2.0000778954521015,1.5700439976015523
11,2.0000054581785545,2.000101445762045,1.5700472447125697
12,2.000004791124223,2.0001155646475652,1.5700536421783964
13,2.0000041696763238,2.00010133603357,1.5700602802349402
14,2.0000007017942147,2.0000914514607313,1.570064349015395
15,1.9999996665805297,2.000105330764114,1.5700682812759335
16,2.0000002125499967,2.0001131764474795,1.5700742031000472
17,1.9999994728469153,2.0001094278397096,1.570081616443159
18,1.999999769852395,2.0001143585774996,1.5700871237295977
19,2.000000751124904,2.0001196486649597,1.570093162666142
20,1.9999999748022084,2.0001210086825294,1.570098519387242
21,1.9999998836508446,2.0001234472851466,1.5701040462253775
22,2.0000002830803814,2.000126110021541,1.570107911788558
23,2.0000003334601875,2.0001295137419013,1.570113519093662
24,2.0000000890090086,2.0001320302600507,1.5701190016487614
25,2.0000049296494224,2.0066043730787535,1.5701031091681588
26,2.0000182264328394,2.0234626797238886,1.5700681204853162
27,2.000031913103667,2.0404830863211427,1.5700374641416477
28,2.0000964243357133,2.070681471456382,1.564642583308178
29,2.000292910197734,2.091104666728359,1.5552409033163146
30,2.000970800519724,2.1217418706038442,1.5395230583603061
31,2.001697344084106,2.1421612134558763,1.5284251250236827
32,2.0032185067937633,2.172774182545199,1.5112850737121932
33,2.0052671189722746,2.2033567059454837,1.4940200262237318
34,2.0078375837431146,2.233897718795773,1.4771915265672622
35,2.00983515805157,2.2542319970064657,1.4661142935513543
36,2.013247902836813,2.2846879731131446,1.450007955231762
37,2.017142694645716,2.315084234024995,1.4344804187831204
38,2.019999030999117,2.3353127370753763,1.4243185685582536
39,2.0246636230413233,2.3655978237108317,1.4094683383694755
40,2.028021464167149,2.3857476412271525,1.39973321668288
41,2.03157462817674,2.405863410991032,1.3900701641688054
42,2.035321647512739,2.42594372539018,1.3804489547971133
43,2.041299316610539,2.4559937495762,1.3664535449879436
44,2.0476892132957976,2.4859568732587096,1.3529859773138824
45,2.0544749981574917,2.5158312519255244,1.3401640704207156
46,2.06163381806089,2.5456163716137423,1.3279670414524167
47,2.0691491186014326,2.5753120271093013,1.3162689681386928
48,2.0743494402995553,2.595059302333993,1.308706272047916
49,2.0796969791470654,2.6147665400666127,1.3014353420702653
50,2.0851843998094926,2.634434143216591,1.2945061776176057
51,2.090806217412414,2.6540630361732394,1.2878152767954365
52,2.096557152207514,2.6736537568157113,1.281401439722882
53,2.1024316879511944,2.6932071630169596,1.2751790586918532
54,2.1114682046674855,2.722468119036305,1.266055135313558
55,2.120768111416381,2.75164562668195,1.2572584534350872
56,2.1271084876860056,2.7710513827057053,1.251580688774509
57,2.133558028353263,2.790420975046274,1.2459885213578923
58,2.1434305106663385,2.819407307220507,1.2380769351516567
59,2.1535239889087623,2.8483156843526913,1.2307257605131885
60,2.163824660784438,2.877149904463425,1.223746647697737
61,2.1673023048639672,2.886745250420276,1.221525953056418
62,2.1743206463440483,2.9059126833682787,1.217193638908994
63,2.181420686466534,2.9250494243043486,1.213051688451212
64,2.1922145661573853,2.9536999981548036,1.2071886778589231
65,2.203171228450645,2.982287791961756,1.2017476579375612
66,2.2142781298046255,3.0108164820526975,1.196674846340175
67,2.2255266358959003,3.0392890558300536,1.191789664179956
68,2.2369124277595756,3.067706587102213,1.1870240537737948
69,2.252296891581943,3.1055133872373824,1.1811471141412233
70,2.263976753697156,3.1338100882242714,1.176992320536657
71,2.271826867066957,3.1526477486475493,1.1744254030752292
72,2.2797242966437357,3.1714652299309933,1.1719927920657112
73,2.2876668625712258,3.190263553611507,1.1696463559840298
74,2.2956526448559744,3.2090432907982387,1.1673557029860915
75,2.3036809385178083,3.227804855320197,1.1651011444421304
76,2.311751361089804,3.2465480870095047,1.1628699180906816
77,2.3198637147047507,3.26527320541741,1.160677529479568
78,2.3280157972794027,3.283980631126635,1.158634569159721
79,2.3362050730401944,3.302671756160199,1.1567061957984754
80,2.340312968341792,3.3120113512389775,1.1557716838948728
81,2.3526883918576185,3.340007473792371,1.1530453956040534
82,2.3651391161963775,3.3679698770008213,1.150390460380503
83,2.3734805762055924,3.3865930600297904,1.1486429338370467
84,2.3818544841386493,3.405201626304257,1.146906477066642
85,2.394475647256636,3.4330871741403244,1.1443145976905453
86,2.4029298261760723,3.451659332014753,1.1426155277995895
87,2.4071684022857682,3.4609399359548294,1.1418199536316744
88,2.4156671689503266,3.479491174385436,1.1403234712606585
89,2.419926829890031,3.4887621047460975,1.1396106746998047
90,2.428465510250029,3.507294848380697,1.1382345750700222
91,2.441320476639479,3.535072278361862,1.1362521338235172
92,2.449920477433202,3.553576389063456,1.1349871477427984
93,2.4585427361351324,3.5720697538556285,1.1338770739947506
94,2.467184459011624,3.5905537978068827,1.1328856572606039
95,2.4758437213851545,3.6090294187849867,1.1319712384651996
96,2.4845194646903552,3.6274971045397715,1.1311069171976238
97,2.493210959696973,3.6459573422336122,1.1302752776633713
98,2.5019175050835574,3.6644103061128948,1.129465138556024
99,2.510638974115254,3.6828563990900043,1.1286693138558872
100,2.5193749195314132,3.7012956227442877,1.1278830103276054
101,2.5281253919666833,3.7197281647782825,1.1271031212871463
102,2.5368903157981273,3.7381535818243115,1.1263277998821348
103,2.545669574663008,3.7565722675695725,1.1255558145022386
104,2.5588645635701477,3.784187604027993,1.1244022713893378
105,2.567678234439979,3.8025894663668027,1.1237231410606985
106,2.5809198744503314,3.8301816129487856,1.1229418819939567
107,2.5941805390957953,3.8577641657100026,1.1223229245923931
108,2.6030298741667517,3.876148260520119,1.121960983824328
109,2.6163159150422626,3.9037186626853972,1.1214612917562818
110,2.6207476104712653,3.9129072546188732,1.121302286190122
111,2.634051344717289,3.9404689621831217,1.1208395771652322
112,2.642927454551903,3.958839986561971,1.120539443873489
113,2.651808984958301,3.977208370836687,1.1202436613715394
114,2.6651413463084244,4.004756019816835,1.1198053323894364
115,2.6784857933550588,4.032297610079031,1.119371354858662
116,2.687388841734343,4.050655627003184,1.119083996976333
117,2.700753170655196,4.078187942125847,1.1186552871299376
118,2.709669216757345,4.096539703028334,1.1183707283256106
119,2.718590480292521,4.114888862637079,1.1180871464788031
120,2.72305305667785,4.124062467221449,1.1179457513751656
121,2.731982162061197,4.142407666487301,1.1176638223746858
122,2.7409164384877687,4.160750526030956,1.1173828903532876
123,2.749855710592661,4.179090766623936,1.117102772194237
124,2.754327291627697,4.188260006702318,1.11696723812082
125,2.758800069292208,4.197428566098191,1.1168393121022584
126,2.7632739842351586,4.206596514205144,1.1167175718800462
127,2.7677490367722077,4.2157638566156415,1.1166008748080074
128,2.776702370387152,4.234097194071465,1.1163790327614134
129,2.785659628005313,4.252428575393507,1.1161682418489227
130,2.790139683300818,4.261593654515328,1.1160657774549723
131,2.7991025965290017,4.279922477601764,1.1158651148989944
132,2.8080690718854986,4.298249328237327,1.1156686954579307
133,2.8170391505144914,4.316574438572663,1.1154755119030388
134,2.826012834499664,4.334897704585775,1.1152849306504675
135,2.8349899120016997,4.353219422257757,1.1150962085649128
136,2.843970346085874,4.371539334471528,1.1149088695398666
137,2.8529541954459603,4.389857550403203,1.114722612905824
138,2.8619415015876295,4.4081740145340635,1.1145373651343093
139,2.870932319545604,4.426488986524626,1.1143530832347446
140,2.8799264910918914,4.444802244268295,1.1141695693738145
141,2.888923999732389,4.4631140519162065,1.1139867009625775
142,2.8979247164496775,4.481424086757284,1.113804500378402
143,2.9024263624924287,4.490578551422613,1.1137137077436208
144,2.911432142581587,4.508886074530686,1.113532858037153
145,2.9204413049633255,4.527191899415671,1.113352983809774
146,2.9294537786152732,4.545496183363264,1.1131738925163326
147,2.9384693672176936,4.563798757675782,1.1129953839820823
148,2.947488227335567,4.582099866860599,1.112817455290109
149,2.9565102919592428,4.600399255841307,1.1126402370908584
150,2.9655356584368198,4.618697137120576,1.1124638212946714
151,2.979079967798054,4.646141036525592,1.1122006397069868
152,2.9925854962683665,4.673479447789078,1.1109959201584836
153,3.001547392433588,4.691498352522879,1.1062823636638832
154,3.0105800540855587,4.709474665021911,1.1043049903691164
155,3.0196188456036994,4.727443571473126,1.105835033752619
156,3.0284330625615183,4.745083396394597,1.1104460818733268
157,3.0371384119509703,4.762739396288417,1.116282457067183
158,3.0499945933426846,4.789318962319832,1.1256249123763118
159,3.0584245301379505,4.807105723136088,1.1320917994828872
160,3.0665347662536555,4.824539253080527,1.1408256237279104
161,3.078374317395187,4.850772094376537,1.1547057286349371
162,3.0858023539800423,4.867778324568302,1.1660338083436463
163,3.0930080554761363,4.884817396329646,1.1778273565047153
164,3.1034412876558806,4.910529134481779,1.1951727858812988
165,3.109994042353324,4.927368785390589,1.2065982670262076
166,3.116342749746785,4.944249709848668,1.2179543425587955
167,3.122499606660714,4.96120041931198,1.2292639233221074
168,3.1313749778259328,4.986753725615071,1.2461723063538137
169,3.139667249041346,5.011997109970073,1.2631016307873917
170,3.147523359727013,5.037352174754003,1.2800858475827839
171,3.1524598072270895,5.054119642367707,1.291412440806031
172,3.157129429974101,5.0706685472400155,1.3026754809938836
173,3.161611697330948,5.0872664353903,1.3138880504649948
174,3.167954045353077,5.11212505597545,1.3306598740880196
175,3.17189894394005,5.128543208282406,1.3418644079553155
176,3.1774700764923285,5.153248344038168,1.35871155510674
177,3.1809183716434486,5.169605381869016,1.3699590916023512
178,3.18413935078287,5.185786615861177,1.3812041563697284
179,3.1873513044843795,5.202934719917263,1.3923426819750364
180,3.1906122055885895,5.221331121878805,1.3988226488541944
181,3.1937583918917194,5.239287614784442,1.3921220190663313
182,3.1988333751516076,5.26605676688541,1.3713431480004066
183,3.2025321177288983,5.283871171873356,1.357671095074569
184,3.2064743603674115,5.3016327600906425,1.3440564306982914
185,3.2105881441376902,5.3190339098285735,1.3300802489465429
186,3.214942758855541,5.33635314586348,1.3155332312050902
187,3.219437268676516,5.353087509900536,1.296114119906413
188,3.2242225015832666,5.369572094842522,1.275986393358647
189,3.2293383385297405,5.385968815289547,1.2565624800984703
190,3.2347724917762415,5.402282254547214,1.2380085645479015
191,3.2405040042828257,5.418491702609499,1.2200543316377614
192,3.246467305516372,5.434431432088945,1.2010148464552821
193,3.252248398490806,5.448941282041961,1.17480419315384
194,3.256696216489039,5.459264615163817,1.143956108400702
195,3.2621614365479426,5.470712047124565,1.0995719413655025
196,3.265373031866994,5.476911297216398,1.0818154517573664
197,3.2678217560442664,5.4814850703039,1.078418054014143
198,3.26944532316267,5.484528992456796,1.1020567561865662
199,3.269827097534504,5.485277087171128,1.1294534484739849
200,3.270399238902402,5.486512223460513,1.1729439856642716
201,3.2709561734576953,5.487864950751034,1.2073482939904014
202,3.2713208817322803,5.488820326971938,1.21009130194852
203,3.2717883615841488,5.490066018398249,1.1859096772334479
204,3.272121670638718,5.49088934028647,1.1691673844197463
205,3.2724660853183667,5.491691378480209,1.1481502292262922
206,3.273000908687025,5.492875689481667,1.1209067173312592
207,3.2733591665040658,5.493623051182922,1.1201797991581992
208,3.273713119854163,5.494342727747738,1.1400168920566562
209,3.27405144491998,5.495065815444645,1.1763631674339603
210,3.274356196440063,5.495781412191666,1.2161991539542407
211,3.2746293913957447,5.496518390509594,1.2489004407954019
212,3.274865723148119,5.497241030943109,1.2759343798117562
213,3.2752218148619203,5.498420187593673,1.297110016168274
214,3.275451947658074,5.49926715435673,1.2887487177038062
215,3.275709982096766,5.50015864986224,1.277027364421406
216,3.2759796619022574,5.501051039754841,1.2646301057543128
217,3.2763991916944977,5.50235470057944,1.2415766338562126
218,3.2766855807567556,5.503204932066614,1.226688402522531
219,3.2771175312154246,5.504414673412861,1.2302760497690004
220,3.2775262079495793,5.505559538102994,1.266341137948303
221,3.27776878067331,5.506328255402527,1.2897445603245914
222,3.278099436550996,5.5075029431871725,1.322515700326392
223,3.2782986554531317,5.50829336060103,1.343450391606418
224,3.278481682086362,5.509088102891376,1.363987930567549
225,3.2787364712093274,5.510342649462429,1.3935257647092287
226,3.2788859911478623,5.511186401032252,1.412431392743437
227,3.2790746847012215,5.5124221547016266,1.4456184504933234
228,3.2791785313700412,5.51323014080578,1.4695013892768618
229,3.2793062337800585,5.514555777668157,1.4816806616813827
230,3.2793880922379945,5.515544534979341,1.4795144006722245
231,3.2794744868243852,5.5165227059554045,1.483839204864465
232,3.2796029650756666,5.518021604271129,1.497394797468843
233,3.2796756002577307,5.5190246671848575,1.5058540695381195
234,3.279739323358902,5.520032349192997,1.5140651554498261
235,3.2798195503857546,5.521552144930219,1.5260077142366233
236,3.2798632960295175,5.522566308529288,1.5338453145640445
237,3.279900166375094,5.523589603352457,1.5427188416042696
238,3.279931968115165,5.524646349054921,1.5462367990861239
239,3.279954639421762,5.525712534724507,1.5438927228581496
240,3.2799997921401642,5.527341694903748,1.5378124894482832
241,3.2800341678581044,5.52842748558927,1.5377660544419898
242,3.2800704833630485,5.529500320473186,1.542282983172065
243,3.280100468558251,5.530562464615259,1.5476557369471566
244,3.280123701645364,5.531622347277189,1.5535680623575252
245,3.280147515363865,5.53322538297473,1.5629024965275105
246,3.2801571737824124,5.534303076872772,1.5641885800211495
247,3.2801733525232573,5.536508459565818,1.5582542353247641
248,3.2801878936291584,5.537613347748569,1.554876772408144
249,3.28020633756032,5.5387136880385786,1.551340317448661
250,3.2802413749297887,5.540355563037594,1.5457876904559744
251,3.2802854610223386,5.541997614528224,1.5400439108239181
252,3.2803368569102647,5.543617085847146,1.5341525538194234
253,3.2803957143886597,5.545207457672075,1.5374124652772962
254,3.280446127532568,5.546775178620443,1.5455556522037455
255,3.2804734934631985,5.54782608789925,1.5469080838332914
256,3.2805098749451034,5.54940798031394,1.5426868017328932
257,3.280537926350658,5.5504537234360285,1.5437280731534322
258,3.2805666759799688,5.551487073190725,1.5485223756452753
259,3.2805979563468206,5.553033128329476,1.5566468431805844
260,3.2806110068234378,5.554062631211981,1.562433853412549
261,3.2806221711407497,5.5556286118128515,1.569677829794257
262,3.2806226060521446,5.557210116194151,1.5668682444778652
263,3.2806308225367404,5.558818505968656,1.562480330396215
264,3.2806466384092956,5.560424064030952,1.557886815314373
265,3.280669590174351,5.562018493306266,1.553117676269508
266,3.280700338326824,5.563613022908597,1.5482277485381342
267,3.2807351747290623,5.565174824595113,1.5456685447517242
268,3.280761578083748,5.566198752688525,1.5513984960062395
269,3.2807884354236667,5.567716856205025,1.5621481115771878
270,3.2807960295082705,5.568734354598519,1.5640642773261935
271,3.2808054327137075,5.570275490355486,1.5639158003896976
272,3.2808098911375034,5.571309573752972,1.564597845054219
273,3.2808175163437197,5.572838783261355,1.573107221404269
274,3.2808093935416447,5.574359020220092,1.583353887104481
275,3.2807947674134583,5.575371205312217,1.5905296280027967
276,3.2807601054347555,5.576911307517848,1.601012527036064
277,3.280727784086152,5.577947634539468,1.6035234080069107
278,3.280710142940739,5.578466886408135,1.603842891960848
279,3.280657122867841,5.580050049067787,1.6032747161148475
280,3.2806058949044483,5.581649658145928,1.601679821096642
281,3.2805571180603437,5.583245713309656,1.599443045979278
282,3.2805261258934935,5.584310729201544,1.6001131757595888
283,3.280478632999221,5.58589695444351,1.6040390783259906
284,3.2804440022745665,5.586947921120388,1.606203464231478
285,3.2804051161181853,5.587997217684908,1.6082501400807416
286,3.280343753990917,5.589565811329125,1.6131216533090644
287,3.280274574838793,5.591130449884093,1.6191626991059207
288,3.28019515852352,5.592699420129333,1.6257106068564802
289,3.2801362620474186,5.593744887418179,1.6301962709085789
290,3.280038107264474,5.595329587594064,1.636929410398842
291,3.279966804823399,5.5963862650723515,1.6413909769671495
292,3.2798507538610693,5.597970642034059,1.648084457233609
293,3.279766440073854,5.599040063998966,1.652494225711299
294,3.27967736266421,5.600110260908442,1.6568229390264226
295,3.2795836056552057,5.601180350104411,1.6611107580540774
296,3.2794844916892414,5.602262454681192,1.6650317958092102
297,3.2793805883581477,5.603346610480338,1.6684326753439869
298,3.279218517692541,5.604987202659186,1.6704277653823962
299,3.2790517203772183,5.606651237308118,1.6705410713622066
300,3.278882845159099,5.608331077792677,1.6711816468612732
301,3.278769879309093,5.60944912151504,1.6723710665925149
302,3.2785980249778106,5.611122897590149,1.6747326244220884
303,3.2784812116780535,5.612237274936182,1.676490292996094
304,3.2783623266672395,5.613351284642655,1.678331545202403
305,3.278240935641876,5.61446968586017,1.6801759965406127
306,3.2781174303874354,5.6155883326588025,1.6819811564899068
307,3.277991947981284,5.61671114951509,1.683570082791324
308,3.2777990038587093,5.618407698237991,1.6838981395132897
309,3.277670404936239,5.619541683128534,1.6831996691308584
310,3.277477077681204,5.62125431288694,1.6827114354437023
311,3.277348825996784,5.62239456501265,1.6830859450334152
312,3.277220701531164,5.623534819532796,1.6836054053398508
313,3.277026611774359,5.625250004323441,1.6829375870903331
314,3.276897878362116,5.626395686890259,1.6818208903126322
315,3.2767058692947124,5.628125906517826,1.6801370737315122
316,3.2765796430643577,5.629279575383568,1.6792073254337077
317,3.2764542692876026,5.630436103294272,1.6782932091540064
318,3.2762677887995393,5.632171878933156,1.6768306892270315
319,3.2760837726268948,5.633911523480251,1.6752768683377093
320,3.275901857781245,5.635660740184076,1.6734002174450717
321,3.275721804497323,5.6374222596498385,1.671180686215798
322,3.275545278258297,5.6391921241488605,1.6684952404982845
323,3.2754304162410284,5.640372822321568,1.6665534629606038
324,3.2752612651027833,5.642159007420382,1.663169175133307
325,3.275151164005485,5.643357457155597,1.660237461160535
326,3.274940586215217,5.645784674400182,1.6530328007742718
327,3.274841498024475,5.647005890348958,1.6487755492400804
328,3.274702302294587,5.648847749948373,1.6419270748058976
329,3.2745747330602315,5.6507117784854035,1.6344610966519382
330,3.2744974072442443,5.651955711370804,1.6292466004479156
331,3.274392264415402,5.653850737246836,1.6209668112546418
332,3.27430224571643,5.655771044061526,1.6120843035794352
333,3.274251313913426,5.65706134773183,1.6057839910519818
334,3.274190016716069,5.659010436581673,1.595957659653808
335,3.274147710936883,5.660990168355459,1.5855712749363693
336,3.274130948886184,5.662311096551689,1.5784223886661655
337,3.274123332348336,5.664321376011651,1.56741790245017
338,3.274130723999756,5.665673649663313,1.5598536602851378
339,3.2741485220736544,5.667026170560764,1.5521625323767607
340,3.2741772202448045,5.668404099775567,1.5442320858315313
341,3.2741956137899466,5.669094203037581,1.5401518306704876
342,3.274268405603021,5.671178760983411,1.5276419962663335
343,3.2743689651233288,5.6732963417572,1.515275311033096
344,3.2744504263052243,5.674707255236363,1.507107928606927
345,3.274544921454132,5.676143941496235,1.4990494014820395
346,3.2746511068375743,5.677581402651084,1.4911220639752973
347,3.2747686986981583,5.679017744261605,1.483259779089388
348,3.2749682635388444,5.68119309900776,1.4716547556567785
349,3.2751158740320294,5.682650568805118,1.4641839565513435
350,3.275274270370737,5.684106705049696,1.4568309172110772
351,3.2754450421683017,5.685577767817933,1.4497196379374049
352,3.275626534191228,5.687047964452193,1.4429020222999873
353,3.275817700233433,5.688516240294503,1.4362533188203848
354,3.2761241079442294,5.690729255858734,1.4268300852428997
355,3.276339715849257,5.692202289981724,1.4208908112126177
356,3.276564029881862,5.6936744823614065,1.4151443359557525
357,3.2767967039825137,5.695145430100862,1.4097638947831712
358,3.277160127399634,5.69734827555219,1.4021368329578812
359,3.277411018840718,5.698812574959757,1.3972417447177594
360,3.2776685728685537,5.700272392945001,1.3925918400212665
361,3.2780652892757765,5.7024493559230915,1.3860072688049387
362,3.278336821255908,5.703894586157356,1.38189762772075
363,3.2786125939057484,5.705331933134215,1.3780184156610586
364,3.2790335848643095,5.707470866753159,1.3733818661373112
365,3.279319234196777,5.708894310018829,1.37080912865097
366,3.27974911681295,5.711003815873379,1.36750974389227
367,3.2800392643956044,5.7124079339787786,1.3655805182361136
368,3.2803305122339173,5.71380484131579,1.363785405684558
369,3.2807694045726223,5.715886507820986,1.3613562581743308
370,3.2810645917768135,5.717273318039185,1.359845327498351
371,3.2813607568584304,5.71865443277553,1.3583981283126378
372,3.2816574198565838,5.720027961725547,1.3570694584471035
373,3.281955751519733,5.721400922737421,1.355825448738321
374,3.282255761591397,5.722773254654533,1.3546337709518323
375,3.2825544103915387,5.72413151429386,1.3534736116752395
376,3.2828542566308037,5.725488208935798,1.3523319493458374
377,3.283155736566377,5.726844653152727,1.3512014344936363
378,3.28345555990512,5.72818657548651,1.3500652265534518
379,3.2837567275980604,5.729527237735779,1.348914397184703
380,3.2840577825983,5.730860788431467,1.347764746060925
381,3.28435847119783,5.732185054692489,1.346671725413514
382,3.2846606276567467,5.7335088693076495,1.3456218511889277
383,3.284960039339974,5.73481664175888,1.3449516421515213
384,3.285260130922648,5.736121754848202,1.3448245322136885
385,3.2855601112665647,5.737425731935115,1.3450387464963065
386,3.2860050248247297,5.739361361473756,1.3445850163802202
387,3.2864501622293183,5.741293278984999,1.3429416190238233
388,3.286895911484301,5.743211226032444,1.3412566787162281
389,3.287194987490338,5.744489357341991,1.340199424188698
390,3.28778896003974,5.747012643280047,1.3384495262264233
391,3.288234872964385,5.7488959092270155,1.3374712873480892
392,3.2886781960831435,5.750759566931862,1.3374047280077577
393,3.288973338665629,5.752000917851206,1.3377421890146994
394,3.289414734956987,5.753862587337458,1.3385595694355266
395,3.2897068584296103,5.755098210624124,1.3392273116620546
396,3.2899965494401022,5.7563270391386725,1.3399509652611516
397,3.2904261390292073,5.758155195646226,1.340379283934354
398,3.290712129986399,5.759375072813711,1.340137693799159
399,3.2911413272291647,5.761201079504344,1.3393545556276327
400,3.2914265852498565,5.762411197562576,1.3386782908329897
401,3.2917127532676407,5.763621228170566,1.337933722869125
402,3.292139411051918,5.765417337102801,1.3367293223183352
403,3.292423367050177,5.766607636906501,1.3358869590206386
404,3.2928482406370976,5.768380306179236,1.3345851024149757
405,3.293131348608822,5.7695554454628475,1.3336969611059841
406,3.2934134502489667,5.7707220459954875,1.3327725820770704
407,3.2938385824141063,5.772471645431126,1.3313394811910892
408,3.2942663370217704,5.774220527947879,1.3298759970991756
409,3.294552913135167,5.775386187738012,1.3288912606407226
410,3.2949815168723147,5.777120628274705,1.3274112329861276
411,3.295267332774527,5.778270922007587,1.3264297910916278
412,3.2955510217278445,5.77940754052993,1.3254571449987547
413,3.296120873407369,5.78167767733493,1.323539506559532
414,3.2964041406351714,5.782799122734378,1.3225833438195007
415,3.2968307043645204,5.784479438830447,1.3211408453077933
416,3.2972595690576085,5.786159026608611,1.3196929760027896
417,3.297686066154896,5.787818801418624,1.3182147857975366
418,3.2979716027011725,5.788924431501385,1.317207107870992
419,3.298256706951333,5.790024121870961,1.3161867740864557
420,3.2985411497598136,5.791116408603986,1.3151460182469006
421,3.298823775220357,5.792196947604987,1.314065901484514
422,3.299107376052336,5.793276500164104,1.3129395631555967
423,3.2995336350663353,5.794890311412626,1.3111919873492952
424,3.299817364347004,5.7959578011472574,1.3099650936202045
425,3.300102420115378,5.797024845890324,1.308698726442468
426,3.3005290354718624,5.798612104612169,1.3067679807221555
427,3.300814971241893,5.799669285494537,1.3054732078088163
428,3.3012426732586886,5.801240182120675,1.303479045296651
429,3.3015294617462825,5.802286603128557,1.3021116249459979
430,3.3018166214943956,5.803328895620122,1.3007170477830952
431,3.3022481211880006,5.804884245223995,1.298507002517433
432,3.3025377388775015,5.805920746710592,1.296980571558483
433,3.3029721851267655,5.80746440764445,1.2945642754299531
434,3.303263906209712,5.808492638736827,1.2928718268335841
435,3.303702542519813,5.810026032793238,1.2902138298992594
436,3.3039971003759043,5.811047451154252,1.2883745285532606
437,3.3042935894512957,5.812068570677833,1.2865033399707269
438,3.3047403270667988,5.813593434001215,1.2835702720178606
439,3.3050406818053024,5.814609289771862,1.2815303373317155
440,3.3054943521402405,5.816129709427766,1.2783262733934209
441,3.3057995557608755,5.817142553144888,1.2761046518387296
442,3.306262144787793,5.818661680373038,1.272618985723465
443,3.3065736696019217,5.8196741898960305,1.2701162925213956
444,3.306887722388619,5.820686346462413,1.2675212654628873
445,3.3073659095418795,5.822208955433423,1.2633752115691408
446,3.3075267780326696,5.822716376543262,1.2619257351522557
447,3.30785067496655,5.823730498922188,1.2589622352910306
448,3.308345874558361,5.825261040000028,1.2542715613993354
449,3.308680324333448,5.826280668560329,1.2509930801979972
450,3.3090180958532427,5.827299593905128,1.2476423333352606
451,3.3095358885509567,5.828839161026273,1.242388973624788
452,3.3100622403731865,5.830377197585142,1.2368879023786703
453,3.3106022655879017,5.83192693962487,1.2311737653297454
454,3.3111656286592046,5.83351296391567,1.224509032182382
455,3.311547834717787,5.834570559374008,1.2194735716629146
456,3.311741021001272,5.835098850464019,1.2168436952270947
457,3.3121358905580527,5.836165254952039,1.2114115053999865
458,3.312747869110699,5.837783061284917,1.2028288592954839
459,3.3131742312942216,5.838886582134396,1.1970753108128533
460,3.3138265921847574,5.840539808055634,1.1886974921832862
461,3.3140471407051,5.841089565264104,1.1859467407327797
462,3.314492722795346,5.842187005698532,1.180483981830676
463,3.314950736824773,5.843297341051644,1.1750469705174866
464,3.3154230740441557,5.8444253868441525,1.1695781605811095
465,3.315901721288989,5.845551103232134,1.1640811774081459
466,3.3166387537052944,5.847251492269936,1.1558096906256405
467,3.317150482710453,5.848409871703768,1.150329269887155
468,3.3176684296173042,5.8495655147663435,1.1448768145894732
469,3.3184840484363707,5.851352580914321,1.1368450898087845
470,3.3190368065812716,5.852542198904019,1.131594217976446
471,3.319894401641894,5.854358147917136,1.124393421382935
472,3.320774210215852,5.856188131888188,1.1191225346188352
473,3.321373432512101,5.857420527112393,1.1161615186905935
474,3.321986918880155,5.858673516262091,1.112920935170262
475,3.3229153496468,5.860550226373611,1.1076078241995082
476,3.323867261228309,5.862447849315985,1.1019407646206452
477,3.324513355740751,5.863720930594969,1.0979796008758005
478,3.3251697926264216,5.865001960008788,1.0939920557034504
479,3.3258385782383866,5.8662940952619556,1.0903312147587771
480,3.326515202321999,5.867590043784535,1.0869779224261895
481,3.3275446390194072,5.869542216805563,1.0827211012279325
482,3.3282349400387394,5.870840714215388,1.080229361481092
483,3.3289284343157015,5.872137187768477,1.0779059308168837
484,3.3299782900308057,5.874088042286485,1.0757082339311281
485,3.3310300458436903,5.87603470870764,1.075112437342739
486,3.3317311833687318,5.877331342452929,1.0752164655914624
487,3.332433481890431,5.878629407296153,1.0749928999232314
488,3.333135567102151,5.879927294102492,1.0741181988479653
489,3.333837878670336,5.881222596291088,1.0731449911672921
490,3.334541498055629,5.88251720481934,1.0721559349038183
491,3.3352464164542317,5.883811087396367,1.0711573403964543
492,3.3359490706434114,5.885097458970183,1.0699931194206576
493,3.337005936403515,5.887025243520364,1.0678106165026573
494,3.3380649746368602,5.888946603064815,1.0653346480391623
495,3.3387695381517926,5.890218614786697,1.0636152578796043
496,3.339476228814539,5.891489234940975,1.0618696956345453
497,3.3401821738183206,5.892753433251771,1.0601082570515858
498,3.340886337747865,5.894008988431891,1.058338126088692
499,3.341592749050769,5.89526337520284,1.0565634880565078
500,3.3426465728286505,5.8971260508580094,1.0544877631497045
501,3.343350527801066,5.8983652244880185,1.05357214034306
502,3.344055129922021,5.89960326242584,1.0528842927960727
503,3.345101715739755,5.9014388095556605,1.052145897172562
504,3.3457994630377947,5.902661104599314,1.0517852888980195
505,3.346489254360349,5.9038689802512145,1.0519469477451564
506,3.3471774166727886,5.905074321500099,1.0528529253219003
507,3.3481982768374543,5.9068682787578135,1.0551456423364807
508,3.3488727015111763,5.9080590901642775,1.0571613593064435
509,3.3498720409708658,5.909833898810969,1.0600888547030192
510,3.3505330059138725,5.911014506526543,1.0612355175101307
511,3.351515456589407,5.91277432002108,1.0620998641812451
512,3.352492831356947,5.91452734006404,1.0621837189704453
513,3.353137143328128,5.915682970523208,1.061983331944156
514,3.3541033175057566,5.91741472063919,1.0614556207852868
515,3.354744722878576,5.918562706344236,1.0609690235269105
516,3.355701361551212,5.92027216391259,1.0596965018873479
517,3.356340638537659,5.921411427749012,1.0585973144503538
518,3.356981286202199,5.922550296181417,1.057377778116415
519,3.357932976950703,5.9242360570650545,1.0554067434357524
520,3.358569032006354,5.92535817143567,1.0540344987295045
521,3.3595159221041664,5.927021831469728,1.0519119587941559
522,3.360465830043791,5.92868265250928,1.0497368378460883
523,3.361093262413019,5.929775119933012,1.0482597370180258
524,3.3617215706880716,5.930865368856392,1.0467578994585012
525,3.3623516973248004,5.931954754889941,1.045240970603892
526,3.3632998730585237,5.933586882087586,1.0429503614187075
527,3.3639260377266837,5.934660480768059,1.041668881633281
528,3.3645524681645007,5.935731274337145,1.0407701173448074
529,3.365171866495053,5.936787890713274,1.0400886242133283
530,3.365481372924237,5.937315366532796,1.039792924777281
531,3.3661008951131044,5.93836995635782,1.0392656180607223
532,3.3667134159859935,5.93941104990822,1.0386170799680459
533,3.367019618875787,5.9399310636249085,1.0381971693210466
534,3.367936218387626,5.941484923833976,1.0366850516565973
535,3.3688467301133285,5.943022510134543,1.034931576782349
536,3.369451670359858,5.944040758904862,1.0336846408034939
537,3.3703545441627023,5.945554924767279,1.0317269137592566
538,3.3709580831894335,5.946563246442735,1.0303858030168267
539,3.371559453456491,5.947565171007364,1.0291103763911156
540,3.372455822056358,5.949053613086348,1.028063098341004
541,3.3730537501340856,5.950044743761405,1.0277792780678545
542,3.3739391386035407,5.9515112181264325,1.0277107382851234
543,3.3745286402497103,5.952487824343595,1.0278120160654562
544,3.3754063695133825,5.953942508193929,1.0280835917260085
545,3.3762797113038543,5.9553907807874396,1.0284201222878948
546,3.37685819981477,5.9563507378416,1.0286662535648656
547,3.377718461819793,5.957779390263546,1.0290688088080358
548,3.378291574645507,5.958731911983937,1.0293523696344213
549,3.3791396739039086,5.960142082534909,1.0297618142456335
550,3.3797042055156403,5.9610818314830025,1.0300170133238211
551,3.380543421257959,5.962479530392591,1.0300964169601046
552,3.381100363692216,5.963407183457026,1.0296036664882287
553,3.3816581383883983,5.964334910669686,1.0288173491060135
554,3.3822134295065798,5.965257160157015,1.0278998758566147
555,3.3827648372729118,5.966170875346481,1.027220261876532
556,3.3835928345681845,5.967540144622383,1.0265615866991766
557,3.3844107190579718,5.968890642045889,1.0256718788716668
558,3.384956502044388,5.969790469810104,1.024774385857671
559,3.385766166069389,5.9711215218491,1.0231639265033017
560,3.38630679828051,5.972007565725577,1.0219811947640598
561,3.386848486146114,5.972893213784751,1.0207463872505773
562,3.387383912171084,5.973766524822339,1.019774276256498
563,3.3879162314314573,5.974632220590678,1.0192364849650768
564,3.3887081100332233,5.975918749921131,1.0189405285681872
565,3.3892358297872716,5.976775983866326,1.0189536909022354
566,3.3900202113128532,5.978050231035472,1.0191496697835771
567,3.3905399841936066,5.978894857747193,1.0193444040084068
568,3.3910596672766165,5.979739624143517,1.019570238752015
569,3.3918316270164337,5.980995559878959,1.0199499706514612
570,3.392087411935722,5.981411986574562,1.020086356628355
571,3.392598716898402,5.982244738777324,1.020369448274924
572,3.393354653212326,5.983476720581005,1.0208091318122916
573,3.3938578409811946,5.984297475321163,1.0211077160869566
574,3.3943576992497433,5.985113423707598,1.0214090008045629
575,3.3951005270205696,5.986327134324502,1.0218611832357007
576,3.395595509394813,5.987136401449693,1.0221629988226788
577,3.396090217615917,5.987945752386384,1.0224653870881526
578,3.3968230842845237,5.989145646747914,1.0227876247298113
579,3.397311156523257,5.989945470617873,1.0228976370092928
580,3.3980335250344806,5.991128973079871,1.0225186250692857
581,3.3987567027539134,5.992312513302107,1.0214646661376623
582,3.3994750397161995,5.993485001355186,1.0200582132319174
583,3.4001909946171924,5.9946499127157535,1.0184812377523638
584,3.4006663766348373,5.995420984621109,1.0173769342613819
585,3.4013748728308038,5.996566696889126,1.0156650950781918
586,3.4020746453247415,5.997694397199778,1.0144919729192097
587,3.4025412675728677,5.998444323388525,1.0141589152264632
588,3.403240839235081,5.9995683220749125,1.0140466384882612
589,3.403700570480576,6.000306986604757,1.0141181133923913
590,3.404386203234606,6.001408842113859,1.0143308767712211
591,3.4048380817774424,6.002135213645847,1.0145367131375642
592,3.4052897649035128,6.002861710541235,1.014779706028292
593,3.4059603897411166,6.003941195653688,1.0151772842997822
594,3.4064045924335207,6.004656669224915,1.015440528891582
595,3.407064233321137,6.005719931987006,1.0158298347968995
596,3.4077194881982185,6.006776989775618,1.0162090275911613
597,3.4083692732610165,6.007825932591026,1.016322886634308
598,3.4088006426091693,6.008522581528731,1.0159106102576057
599,3.4092297864056977,6.009214827276058,1.0152364223585673
600,3.4098689319880457,6.0102440375081985,1.0139366588718066
601,3.410295951421865,6.010929677691743,1.0129540250762041
602,3.4110042491386903,6.012065685510521,1.012162911254644
603,3.4114217883002858,6.012733441415259,1.0153735791309488
604,3.412034342635509,6.0137208424024955,1.0201716347396879
605,3.4124404974274345,6.0143824948901585,1.0221739929459994
606,3.41284563575989,6.015046146280732,1.0235932613505914
607,3.41324435510486,6.015700925952815,1.0245482235180032
608,3.4136424917179915,6.01635603658043,1.0251262691581366
609,3.414235904017587,6.01733476156198,1.0287682723050247
610,3.4148108645138664,6.018292129477175,1.036441879049958
611,3.4151894762983326,6.018931870391467,1.0420437596225225
612,3.415749791080921,6.019893330050881,1.0530438267620308
613,3.416113495330673,6.0205328846152035,1.0579189900070716
614,3.4164722981610485,6.021170158663667,1.0607777360951236
615,3.4170038863367664,6.0221229960829294,1.0627059778912327
616,3.4173585867402045,6.022760306689581,1.063005476085791
617,3.4177092614154936,6.0233905945604,1.062830710022002
618,3.418060043637814,6.02402058884701,1.062348479589644
619,3.418411218555655,6.024650976329148,1.0616652666817077
620,3.418933763206719,6.025586876428527,1.0604101454461834
621,3.4192807237305054,6.026206564131174,1.0594810707912694
622,3.419797229597693,6.02712644420754,1.0580116237201387
623,3.4201400933899517,6.027735378208094,1.0570037788290731
624,3.42048367822347,6.028344064171749,1.0559833242247636
625,3.420822615622548,6.028943264789808,1.0549507729142342
626,3.4211618221364186,6.029541410621702,1.0539070582108743
627,3.421501556137969,6.0301391089353285,1.0528568161615153
628,3.4220073574309735,6.031026123165514,1.0512829565944244
629,3.4223431437571543,6.031613168629898,1.0502460576685315
630,3.423005795596685,6.032767846171768,1.0482285887251195
631,3.423499086748084,6.033623680401502,1.046746857134352
632,3.423990622347352,6.034473247194289,1.0452514222752016
633,3.424318813013087,6.035039309892036,1.0442502608140856
634,3.4248045682841877,6.035874706726678,1.042735305922751
635,3.4251288787368046,6.036430603592741,1.0417165910405397
636,3.425611546640396,6.037255699181365,1.0401676792456183
637,3.4259319984260115,6.037801801776057,1.0391055742792805
638,3.4262531020058162,6.038347623102809,1.0380285399035043
639,3.426754174047839,6.0391998343841955,1.040080700766455
640,3.4272181833011754,6.039989836043192,1.048370478512669
641,3.4276716937090868,6.040777334321781,1.057869115434824
642,3.42796940017262,6.04130624781917,1.0609928255607017
643,3.4284068709592432,6.042090340542376,1.0629269411606606
644,3.4288442918574265,6.042877315988119,1.0632610458304361
645,3.42928048834509,6.043661928365603,1.0627455226089024
646,3.4295683008385436,6.044178820382522,1.0621345018952197
647,3.429856589997415,6.044695817224721,1.0613941227502324
648,3.4301432046928086,6.045208985766232,1.0605696245861815
649,3.430425361089774,6.045713370514794,1.0596975590034678
650,3.4307051853091814,6.046212439697137,1.0588316198352796
651,3.4311257354476354,6.0469605431446825,1.0575506282448703
652,3.4314065265818012,6.0474589075268455,1.0567049059101878
653,3.4316858752451638,6.047953537726937,1.055861755131586
654,3.4319629469857675,6.048443151661518,1.0550086591549632
655,3.4322403830270636,6.04893254430087,1.0541479168344323
656,3.4326506571573216,6.049654529276839,1.0528006275538107
657,3.4329246684355375,6.0501352372723245,1.0518616561786946
658,3.4331970189357945,6.050612156188876,1.0509051763204285
659,3.4336023802905857,6.051320229948745,1.0494658423724381
660,3.433873228811964,6.051791887272315,1.0485065185447453
661,3.434278389906912,6.052495463186816,1.0470711197440703
662,3.4344120149501034,6.05272704544914,1.0465974546614538
663,3.434679566953934,6.053189905635708,1.045658145700333
664,3.4350801272746225,6.053880927232918,1.0442626545618963
665,3.4353448710919965,6.054336496328014,1.0433318385630506
666,3.435610149078359,6.0547919270076545,1.0423996760628544
667,3.4360021680847312,6.0554634429040295,1.0410148965025547
668,3.436394842949038,6.056133713019598,1.0396503631849374
669,3.4366530554274233,6.056573160350662,1.0387534405818146
670,3.436911241239606,6.057011720269816,1.0378689567209396
671,3.4371697504150363,6.05745014715477,1.0369932912152389
672,3.437424336177614,6.057881235807719,1.0362250326621478
673,3.437678854161813,6.058311194145778,1.0356165553231584
674,3.4380570974061175,6.0589486159826755,1.0347777559923206
675,3.4383078932416473,6.059371007613139,1.0340853633730325
676,3.438680753678766,6.059997564544197,1.0329007199995641
677,3.438928156077406,6.060412388705479,1.0320323954560418
678,3.4391759029120847,6.060827094431026,1.031125216863685
679,3.4395422206904764,6.061438456741225,1.0297961578700658
680,3.4397868096562387,6.061845314070745,1.0289531934181733
681,3.440031474235415,6.062251866091386,1.0281318244981255
682,3.4403949929276525,6.062854961948445,1.0269487450683266
683,3.4406362261677574,6.063253892112617,1.026213983760468
684,3.4409945108942845,6.063845369946761,1.0252336816302348
685,3.4412319411228762,6.064236647945493,1.0247332535875857
686,3.4414694025221406,6.064627493550498,1.0243151187205786
687,3.4418201825182035,6.065203885676262,1.0237159088294814
688,3.442053973606818,6.065587592592163,1.0233019869832174
689,3.4422863948253917,6.065969000043728,1.0229017666955895
690,3.4425168308991796,6.066346757024719,1.0226176921037813
691,3.4427473250290346,6.066724318088673,1.0224261613098444
692,3.443089586114175,6.067284332311561,1.0220855943441236
693,3.44331653359552,6.067655537879224,1.0216012610161465
694,3.4435437143102297,6.068026920928135,1.0209758248666434
695,3.4437712684177586,6.068398360140345,1.0202580569270996
696,3.4439953344616905,6.068763644428978,1.0194897857308816
697,3.4443278090284855,6.069304554860607,1.018364900479686
698,3.444548305137957,6.069662083650272,1.0177291306456135
699,3.4448757252406224,6.070192119163227,1.0169277627916442
700,3.4450924830429246,6.070542813663427,1.0165157435863417
701,3.44541768414836,6.071068315409042,1.0160112795444431
702,3.445737817177407,6.071584727555516,1.0155774282693497
703,3.4460542359214474,6.072094829580405,1.0151798136215395
704,3.4463685424797097,6.072601121201894,1.014816622790621
705,3.446578209635929,6.072938563373263,1.0145865728686838
706,3.446891348189385,6.073442072987571,1.0142362374774971
707,3.4470975805086916,6.073773559936069,1.0139034021801028
708,3.4473025736351497,6.074103069053408,1.0135253289388069
709,3.447607376932729,6.074592328201468,1.0131939266797256
710,3.447810812246111,6.07491812423531,1.013091909266521
711,3.4481108683045347,6.075398876484433,1.0127263789364729
712,3.448310667440482,6.075719432974227,1.0122737327206641
713,3.4486060253469284,6.076192239561198,1.0114152881400602
714,3.448803099694976,6.076507018639061,1.0107695744972343
715,3.4491515527528027,6.0770637022375125,1.0100184874632478
716,3.4493508277467764,6.077383877967172,1.0135496349932982
717,3.4495377570730366,6.0776778826891995,1.0211972700572665
718,3.4497195467980637,6.077970762964643,1.0302573004748485
719,3.4499019394765473,6.078269768330716,1.0368102671169177
720,3.450164617937237,6.07871722706002,1.040804250723261
721,3.4504265887016863,6.079165524716418,1.0423969577707468
722,3.4506870786401502,6.079611074925141,1.0426980219312152
723,3.4509455072111543,6.08005489424403,1.0423086797916994
724,3.4511182511551004,6.080351239486762,1.0418325507954134
725,3.451375361824858,6.080790557987913,1.0409370220470378
726,3.451545651964281,6.081081550644839,1.0402705897234485
727,3.451798337645916,6.081512904503336,1.039211279719415
728,3.4519661364706575,6.081798308615597,1.0384786421082413
729,3.4521330664282464,6.082081716563943,1.037733726613074
730,3.452381639887516,6.0825029737024,1.0366046084488274
731,3.452547554415109,6.082783749532163,1.035847945392351
732,3.4527939977889472,6.08319980202372,1.0347116658994606
733,3.452957355089963,6.08347511665026,1.0339553220634747
734,3.453201640410374,6.083885650567228,1.032828695832448
735,3.45344308501415,6.084290270765776,1.0317652866428066
736,3.4536030077265165,6.084557793312578,1.0310934072275084
737,3.4538404947583334,6.084954518883494,1.03019686547777
738,3.4539988872571965,6.085218657894088,1.0296511879792476
739,3.454234343971534,6.08561021829881,1.0288323818464369
740,3.4543904093294087,6.085869326853322,1.02821956838253
741,3.4545438867994718,6.086124194737063,1.0275638686700646
742,3.4547740710329733,6.086505732715363,1.0265221990219333
743,3.454927910762515,6.086759972701854,1.0258048012990608
744,3.455156399846319,6.0871369230227845,1.0247159442163025
745,3.4553835358664404,6.087510909209768,1.0236340861393405
746,3.455607057312613,6.087878005363385,1.0225414410913523
747,3.4557562875227763,6.088122479267197,1.0218021952910377
748,3.4559770510186247,6.088483660266594,1.0206862444461176
749,3.4561980721657095,6.088844159824756,1.0195676428390994
750,3.4563445080544355,6.089082554141416,1.0188370390289467
751,3.4565619929113303,6.089435737797421,1.017905111656929
752,3.4567058908633084,6.089669137397748,1.0173500166859857
753,3.4569197450725113,6.0900154727195766,1.0164505199911151
754,3.4570625597881497,6.090246171880957,1.0158151338501922
755,3.4572253755312317,6.090509997058539,1.0154555606518358
756,3.457364340545079,6.090737641715118,1.0197156965702459
757,3.4574968007773927,6.090942538531684,1.0318811680147468
758,3.457620356030289,6.091143972752098,1.0451361178312526
759,3.457746544877003,6.091354691432987,1.059023749427333
760,3.4578710318408943,6.091566706664191,1.067927861640377
761,3.4580522775789317,6.091904306663449,1.0679141593588775
762,3.458174790852318,6.09212891898373,1.0668721824025418
763,3.4583589666482784,6.092463761765523,1.065126660563472
764,3.458480534333237,6.092683242671342,1.0640753812258563
765,3.458601980581965,6.092902607788362,1.0631309135502165
766,3.458782325156942,6.093227311001747,1.0617845860780322
767,3.4589021693099107,6.09344223649644,1.0608375538144665
768,3.4590222561746935,6.093656950799021,1.0598618282717998
769,3.4592003242417797,6.093975345956117,1.0584146392400033
770,3.4593775340503825,6.09429082668113,1.057102072310912
771,3.4594952514119104,6.094499344837964,1.0562343995782313
772,3.459612150023863,6.094706462115515,1.055150155319469
773,3.4597293207331905,6.094913654220627,1.0538933128286427
774,3.4599022869615434,6.095218683850695,1.0521448836694487
775,3.460017653269941,6.0954211806515195,1.0511655106132651
776,3.4601322953655727,6.095621826009887,1.0502760165530136
777,3.460245805694721,6.09582004334627,1.0494403287534138
778,3.4603594289102295,6.096018140183576,1.0486396971189322
779,3.4604730765534213,6.096216058122023,1.0478626479755593
780,3.4605851129690626,6.096410583877604,1.046990024542144
781,3.460697197069305,6.096604885988237,1.0459572461986026
782,3.460863719847251,6.096893222772628,1.0443281397984958
783,3.4609741329323462,6.097083579186367,1.0433621897393972
784,3.4611371066304817,6.097363471232186,1.0420552783605672
785,3.4612458197981644,6.097549696308877,1.0412503019821757
786,3.4613545294935255,6.097735773926775,1.0404781608433473
787,3.461514906788197,6.098009729786661,1.0393603054694127
788,3.4616218105332504,6.098191927173663,1.0386327762606493
789,3.461782526963295,6.098465011404919,1.0375580258843529
790,3.4618882731621237,6.098643913497136,1.0367567366073942
791,3.4620456926881937,6.098910845413501,1.0353349813491748
792,3.4621494452569253,6.099086254116626,1.0344304071651893
793,3.4622532341368935,6.099261238095921,1.033584254336165
794,3.4623566345241343,6.09943496075762,1.0327803694811848
795,3.462459146203981,6.0996068049638605,1.0320220625502712
796,3.462561754873857,6.09977869546871,1.0312967622684603
797,3.4626635217515975,6.099949012760947,1.0305907794204685
798,3.4627643383568247,6.100117478004054,1.0298825184021518
799,3.4629157770978596,6.100369794945691,1.0288146501046365
800,3.463016103027645,6.1005365875609,1.0281035249959727
801,3.4631153873887714,6.10070149629081,1.0274057150258762
802,3.4632130071827048,6.100863355066793,1.0267193623483917
803,3.463310599098936,6.101024898089411,1.026041394443047
804,3.4634082854381774,6.101186326029351,1.0253694782981306
805,3.4635052998306515,6.101346400684487,1.0247021699307743
806,3.4636012842888584,6.101504608225161,1.0240389038776476
807,3.4637434780557768,6.101738808021752,1.023280153648286
808,3.463837352438539,6.1018927302414285,1.0232080050506809
809,3.463931146949007,6.1020462717240544,1.0233707745170073
810,3.4640699822510106,6.102273573231824,1.0236545610758094
811,3.4641619652884694,6.102424712540014,1.0235189789912433
812,3.4642541050614084,6.102576217482576,1.0232020075335668
813,3.4643898345236424,6.102799049117861,1.0228168824080734
814,3.464480296800205,6.102947100740583,1.0227139359974429
815,3.4645687502057236,6.103092226417455,1.0227777796253843
816,3.4647012049058326,6.103308972599733,1.0232098655057613
817,3.4647892647058036,6.103453114586709,1.0236361202170674
818,3.4649635918430737,6.103738758763323,1.0241772467980612
819,3.465050467450496,6.103881933460235,1.0240262233822133
820,3.465179344640342,6.104094150707539,1.023685046622012
821,3.4653072117768327,6.104303862250447,1.023734256894364
822,3.465432890555434,6.104509886964428,1.0236423546777282
823,3.465516616667644,6.104647573193299,1.0233531423984439
824,3.4656410912193434,6.104851939075868,1.0227254074616081
825,3.4657238120434966,6.104987266800298,1.0222291877718142
826,3.465846891150089,6.105189176366377,1.021417868779285
827,3.4659684319962127,6.1053883175346,1.0205502694310822
828,3.466099276350122,6.105604344132005,1.0197469965712107
829,3.4662296047047163,6.1058150822870045,1.0325072133089015
830,3.46629598428051,6.1059106853619705,1.0493874909658623
831,3.4663908108327672,6.106061957314158,1.0752363391971138
832,3.466458442486019,6.106176562579822,1.0874140739132332
833,3.4665238490974075,6.106305210328144,1.0895741446116753
834,3.4666220790180025,6.106497148924174,1.0898271731778597
835,3.4666880548622707,6.106623969478782,1.0896246101611882
836,3.4667536068802924,6.106749787499568,1.0892470442990323
837,3.4668522364700975,6.106938751218593,1.0884815969224664
838,3.466950525843939,6.1071271078419604,1.0875801517751291
839,3.467048030293783,6.107313408843858,1.086603386282855
840,3.4671458107146593,6.107499513719073,1.0855872874883596
841,3.467241935365817,6.107682235586348,1.0845373478126787
842,3.4673055241032715,6.107803035040659,1.0838206494602547
843,3.4673999295319433,6.107981887878892,1.082733037917514
844,3.467463064946467,6.108100976014014,1.0820037328279573
845,3.4675257315810826,6.108219182862621,1.081273859059807
846,3.4675877039159864,6.108335941421888,1.0805489292825634
847,3.4676494501492674,6.10845170089058,1.0797759665125308
848,3.46774132136418,6.1086243238713855,1.0780584688223158
849,3.467802996019682,6.108739936177731,1.07665012919475
850,3.4678945707572315,6.108911278413896,1.074512604403677
851,3.46795526278775,6.10902396134398,1.0733660793321589
852,3.4680149379249188,6.109134181684769,1.072372104586929
853,3.4681043537634673,6.1092988146053635,1.0710543549490956
854,3.468193408934313,6.109462325072797,1.069818777219327
855,3.4682815359747754,6.109624043033971,1.0682133122840038
856,3.468340592147163,6.109732006864543,1.066967473637502
857,3.46839992030016,6.109840237662019,1.0656374342827042
858,3.468487446926635,6.109999640349569,1.0638604097667383
859,3.468545331051694,6.110104383560212,1.062885238505952
860,3.4686313229994026,6.11025920158417,1.0615872686222168
861,3.468688675542779,6.110362211827259,1.060788788200537
862,3.4687453733688005,6.110463694031365,1.0597349380192926
863,3.468830766899732,6.110617092630429,1.0574151878033977
864,3.4688875759756153,6.110719064655189,1.0556471983457656
865,3.4689718314338736,6.110868820114147,1.0535852420076015
866,3.4690279414279486,6.110968026354554,1.0525083436121216
867,3.469110600344834,6.1111133789319725,1.051149554203556
868,3.469165635559904,6.1112098477100165,1.0503495412614432
869,3.469246765695053,6.111351683778411,1.0492419854333959
870,3.469300710157674,6.111445994325763,1.048542327943271
871,3.4693537964702563,6.111538599936541,1.0478664561524713
872,3.469433411005549,6.111676944096907,1.0468880071105808
873,3.469512273162048,6.11181365974761,1.0458848058528916
874,3.4695906648110593,6.111949677931461,1.044734814319526
875,3.4696682814797657,6.112083929890015,1.0435469461723876
876,3.4697454402280163,6.112216827488944,1.042465918313518
877,3.4698223271553754,6.11234891003051,1.0414168974148477
878,3.4698984413513725,6.112479697709838,1.0400198371372253
879,3.4699494954191086,6.11256700766654,1.0389261007607422
880,3.470000740863891,6.112654566595742,1.037754129428314
881,3.470051062291406,6.112740631602529,1.0366597748612465
882,3.470126594787513,6.112868863609736,1.0353082393289048
883,3.4702007628146805,6.112994239573945,1.034159651249451
884,3.4702748833613373,6.113119136672578,1.0331213850634926
885,3.4703474834019894,6.113241311827873,1.0322389940286976
886,3.4703958619310398,6.113322498954624,1.0317465660020673
887,3.470443383259295,6.113402065142771,1.0312565935417115
888,3.470490956738338,6.113481718728813,1.030729449796684
889,3.470538488757174,6.1135612276545395,1.0301783185818427
890,3.4706089943127187,6.113679167243871,1.0293249049219688
891,3.47065580198065,6.113757197106888,1.0287459739404525
892,3.4707251358724736,6.113872606342998,1.0279149283200033
893,3.4707480380146114,6.113910760512471,1.0276718217918395
894,3.4708163332350583,6.114024294747563,1.0270142923485364
895,3.4708838286683377,6.114135948728679,1.0264254626902793
896,3.4709288235152447,6.1142103215950945,1.026055246705098
897,3.4709954238673655,6.114320545810687,1.0255201145229196
898,3.4710395212231555,6.114393505153337,1.0251723534779074
899,3.4711052611516946,6.114502019760133,1.024659463422982
900,3.471170267135462,6.114608993017245,1.0241540275747227
901,3.4712346621427037,6.114714948445538,1.0236065029234187
902,3.4712986793062464,6.114820516200022,1.0229111852893076
903,3.471362515274886,6.114925449632445,1.022154859955843
904,3.471404525328625,6.114994225825665,1.021777662657778
905,3.471446381815249,6.115062674472627,1.0215025997746345
906,3.4715080584534994,6.115163600785683,1.0210497181311062
907,3.4715491518470287,6.115230870382728,1.0206699615602428
908,3.4715903490037023,6.115298257602557,1.020252757999059
909,3.4716308005843244,6.115364305023641,1.0198425846689634
910,3.4716712634176687,6.115430289378765,1.019464885725615
911,3.4717104942331307,6.115494464903509,1.019418481124836
912,3.471768704371044,6.1155887398704705,1.0202137441860502
913,3.4718257666918366,6.115680895022937,1.0215662403311214
914,3.4718632400495335,6.115741626487523,1.0225750326072054
915,3.4719005551859783,6.115802309438989,1.0236316218329993
916,3.471956157599048,6.115892614756013,1.0249625253938173
917,3.4719932318078013,6.115953414884887,1.0252936038681548
918,3.4720305015724353,6.116014968371531,1.025322658431145
919,3.4720672001781083,6.116075670458268,1.025137242883496
920,3.4721040503690612,6.116136715839021,1.024796974646957
921,3.472141032284703,6.116197753382878,1.0243550986987597
922,3.47219573536781,6.116287932229332,1.0235777019160726
923,3.472232198266791,6.11634798769475,1.0230140443457796
924,3.4722686589786806,6.116408128113056,1.022428718715652
925,3.472304588073177,6.1164673267795,1.02182492746869
926,3.4723407006685223,6.116526520353365,1.021205396513499
927,3.4723941074544613,6.116614017131569,1.020322222816805
928,3.4724292619671835,6.116671570931735,1.0198457731292179
929,3.4724641743561895,6.116728667552929,1.0194309754345632
930,3.4725160744763826,6.116813020598092,1.0188815429041422
931,3.4725678247920686,6.11689719031866,1.0183836816947758
932,3.4726174918114263,6.116978395807439,1.0187519925561206
933,3.472650440848529,6.1170310755046895,1.019675545080085
934,3.4726989918066433,6.117108997122488,1.0216435274179694
935,3.4727450255741448,6.117183354087424,1.0247606981923778
936,3.4727754378471176,6.117231192903264,1.02735158523805
937,3.4728057294661085,6.117280229128952,1.0290560053751763
938,3.472851690146426,6.117356166711689,1.0302963285077122
939,3.4728822249026403,6.117407275376105,1.0305672409751916
940,3.4729278501274026,6.1174837506283515,1.0304882482734044
941,3.4729737112731986,6.117560238792993,1.0300731331382589
942,3.4730043617601694,6.117611468655161,1.0296908760089947
943,3.473049558388345,6.1176872340720445,1.0290566313301204
944,3.4730797718577215,6.117737639774672,1.0286206667081563
945,3.473124701747774,6.117812369141707,1.0279428177881744
946,3.4731544486459556,6.11786176868716,1.0274619128477316
947,3.473184199084677,6.117911383644231,1.0269659242651734
948,3.47322854767906,6.117985222517076,1.026205946794291
949,3.473257751468135,6.118033700181628,1.0256970510975914
950,3.473287062816025,6.11808207722347,1.025188572680627
951,3.4733304936231426,6.118153984490516,1.0244201934170503
952,3.473373660419367,6.118225216185186,1.0236318185165705
953,3.473401734294156,6.1182716703835585,1.0231486270980759
954,3.473429829218184,6.118318039849859,1.0227377338646266
955,3.4734579491070514,6.118364158526248,1.0223748883308903
956,3.4734856781260195,6.118409547920085,1.0219809881097128
957,3.4735132540700997,6.118454887275433,1.0215115924383233
958,3.4735408872067683,6.1185001370367065,1.020925702909559
959,3.473568490517059,6.118545565583739,1.0199087361024963
960,3.4735964044995464,6.1185917655241475,1.0185562568047826
961,3.473636568886165,6.118658102806236,1.0174541806186594
962,3.4736628771534686,6.118700432732682,1.0176098121587152
963,3.473688723501711,6.118741926499661,1.0181998428495391
964,3.4737558309547563,6.118850551481166,1.0176488081529258
965,3.4737889743267996,6.118906349765522,1.0240711515842553
966,3.4738230013448095,6.118944656969497,1.0413525427110695
967,3.4738482082856943,6.118981837725286,1.0461167626545071
968,3.473869337928705,6.119024529110266,1.046512828762518
969,3.4738921191171057,6.11906504226572,1.0465973087590335
970,3.4739273058866837,6.119126394975851,1.0463548815862571
971,3.473962390967447,6.119186906100441,1.045853544705707
972,3.4739971366013145,6.119247418402439,1.0452142664475004
973,3.4740314729422366,6.119307274529842,1.0445029428495964
974,3.4740545436319095,6.119347072250979,1.044006814137914
975,3.4740886699944595,6.119406004025426,1.0432893417887288
976,3.4741223658857088,6.1194643082948685,1.0427034620469828
977,3.4741446870713943,6.119502654656982,1.042345281944945
978,3.4741668444221117,6.119540760706521,1.0419270502917117
979,3.474199769147627,6.119597229816537,1.0412190727142003
980,3.4742323625774234,6.11965335364127,1.04047413697189
981,3.4742541683843853,6.1196908364292515,1.0399672235017565
982,3.4742863803879525,6.119746325578222,1.0391810473938061
983,3.47431868852559,6.119801406457716,1.038333402634722
984,3.4743513043430396,6.119857121392265,1.036539001298892
985,3.4743734641229365,6.119895691290832,1.0346064077089066
986,3.4744068647625173,6.119954317797712,1.0312000250212798
987,3.4744288631800386,6.119991828282505,1.0294369426398462
988,3.4744501321125103,6.12002782301666,1.0280957284347634
989,3.474481790194292,6.120080856338163,1.0265368778778274
990,3.474502733106252,6.120115747507138,1.0256839641919941
991,3.474533651729278,6.120167112548423,1.0246261239120127
992,3.4745539418423332,6.120200771557049,1.0241004331641372
993,3.4745741268997925,6.120234192809049,1.0236687729062468
994,3.4746035392089807,6.1202827754748474,1.0233164037881266
995,3.4746230662531237,6.12031466018239,1.0232747186664786
996,3.4746520873676037,6.120362331478656,1.0233787775730778
997,3.474671173574415,6.1203935160149285,1.0234293972610968
998,3.47469973760454,6.120440151511,1.0233121724236358
999,3.474718573450208,6.120471253995819,1.023062717756907
1000,3.4747374642929922,6.120502456127478,1.0227044550692148
1001,3.474764920757498,6.120547922153074,1.0225361933892807
1002,3.474783043516059,6.120577394270024,1.0227675636342983
1003,3.474809673013692,6.120620397852967,1.0232255097094651
1004,3.4748273003416768,6.1206492746084376,1.0235048870573726
1005,3.474853616918743,6.120692141209662,1.023755740564219
1006,3.4748800024188164,6.120735706649635,1.023521699715632
1007,3.474897475174792,6.120764569484111,1.0232014448898956
1008,3.4749237666997916,6.1208078958743135,1.0225854208392622
1009,3.474950046222143,6.120851259969216,1.02187513862855
1010,3.474975988395875,6.120894289436167,1.0211060507290934
1011,3.4750022752316276,6.120937167788379,1.0200030251175403
1012,3.4750200648361047,6.120966548044294,1.0186943025791266
1013,3.475029024425912,6.12098155568322,1.0179162731646023
1014,3.475047137932839,6.121011927431174,1.0161859203108559
1015,3.475072579438417,6.121054552040831,1.0147986262150255
1016,3.475088913874209,6.12108072434051,1.014951250768601
1017,3.4751130247448203,6.121118201737438,1.0156650202857676
1018,3.4751289687607234,6.121143873338454,1.015693790775166
1019,3.4751529871853672,6.121183037327657,1.0152744113520826
1020,3.475169110508516,6.12120917445555,1.0148055164637302
1021,3.4751986611617744,6.12125701271544,1.013897081600804
1022,3.47522744615423,6.121305035927116,1.0220140059381428
1023,3.4752324955257126,6.121297655222725,1.041195081607319
1024,3.4752464064203608,6.121294213210833,1.0756812760810703
1025,3.4752563983590803,6.121303479519396,1.0975648354798218
1026,3.475279136348378,6.121333087898089,1.106143380807405
1027,3.4752905378661065,6.1213691777821015,1.1020777347483144
1028,3.4753057885655956,6.121403874642009,1.097561877392478
1029,3.4753280077131796,6.121452630220737,1.0921280313178432
1030,3.475342639888607,6.121482002138945,1.0897670020474806
1031,3.4753638531994078,6.121523375865421,1.0870186988544928
1032,3.4753775656813883,6.121550602563212,1.085403264538252
1033,3.4753980524514754,6.121590874189155,1.0831658989219217
1034,3.4754114169333823,6.121616891835082,1.081872295215329
1035,3.475431244023976,6.1216548041885925,1.0803257818025263
1036,3.4754505730693346,6.1216918112164596,1.0789598176243629
1037,3.4754699273381595,6.121728892983911,1.0774469605108001
1038,3.4754827224002787,6.12175340795858,1.0764111772943228
1039,3.4755016759941886,6.121789188595617,1.0750993262251092
1040,3.4755201068763637,6.121823955813107,1.073976884026391
1041,3.475538510638288,6.121858478324311,1.0729475256632919
1042,3.4755566259232795,6.121892259912848,1.0720196318799058
1043,3.475568470408591,6.121914378059403,1.0715119991716051
1044,3.4755862335548278,6.121947200921068,1.070844583503875
1045,3.4756037555891077,6.121979529750298,1.0701315466326184
1046,3.4756152802674203,6.122001019132951,1.069624111799035
1047,3.4756266901102393,6.122022301838615,1.0690915710366389
1048,3.47563821226838,6.122043601967575,1.0685416589311925
1049,3.4756554473029495,6.1220753370528875,1.0677101503823858
1050,3.4756667766928793,6.122096056275769,1.0672265159213579
1051,3.475678025243768,6.122116779169075,1.0667977120807628
1052,3.475694567520363,6.122147261824738,1.0660911811610285
1053,3.475705732641179,6.122167752290152,1.0655457421235974
1054,3.475722449317542,6.122198301340918,1.064669298223784
1055,3.4757333965293644,6.122218504192508,1.0640856623220292
1056,3.4757527966650015,6.1222433696232414,1.0616228592796566
1057,3.4757731666066674,6.12229632326275,1.0503659498976363
1058,3.475803094321544,6.122351264490402,1.0357538150911683
1059,3.4758216443050527,6.122399144000706,1.0204045503901424
1060,3.4758472463893115,6.122439353049815,1.0115500650427522
1061,3.4758728935566316,6.122484651144931,1.0006488965243645
1062,3.4758905130964095,6.122516054813624,0.9927406386071099
1063,3.475901022629644,6.122534121310343,0.9948720741037176
1064,3.4759063069519653,6.122537373457631,1.0012354905884926
1065,3.4759151918789364,6.122545773698986,1.0090375730433536
1066,3.4759248116704886,6.1225597225666215,1.0143132258463248
1067,3.4759323695006983,6.122570407338186,1.0169289135146213
1068,3.4759451062132327,6.122590003169026,1.019067272301038
1069,3.4759526896824267,6.122600102555799,1.0265460101866257
1070,3.475955574408838,6.122596279679029,1.0400958612332074
1071,3.4759574814110485,6.1225944427849806,1.048991396149286
1072,3.475960183725855,6.122591629861887,1.0622147275158376
1073,3.4759630004674946,6.122590923643537,1.0756235615292085
1074,3.475970362663029,6.12258752129721,1.0894773926509325
1075,3.4759820909524635,6.122609907385578,1.094824298456494
1076,3.4759891390431,6.122626567216963,1.0949937438004758
1077,3.4760007947806932,6.122650244617434,1.0950627382421505
1078,3.476009216762336,6.122666602127818,1.0948315700682874
1079,3.476017952335226,6.122683113129842,1.094453199299381
1080,3.4760264721705023,6.122699865527654,1.0939494355823762
1081,3.476038915962519,6.12272530300508,1.093005150219948
1082,3.476047467426512,6.122742305529472,1.0923001163142128
1083,3.4760560692649674,6.1227589905805715,1.0915688603939078
1084,3.476064550912672,6.122775779974423,1.0908292488545566
1085,3.476072786731762,6.122792220458426,1.0900963782465662
1086,3.476081094595406,6.1228086773615695,1.0893786872192137
1087,3.476089285353646,6.122824810971483,1.0886736974202877
1088,3.4761015331585363,6.122848717461861,1.0876535618849048
1089,3.476109725700229,6.122864626796233,1.0869909804729863
1090,3.4761177629794213,6.122880250130956,1.0862890216065717
1091,3.4761257497102305,6.122896107193448,1.0855194812625026
1092,3.4761376499580336,6.122919552191144,1.08432879962049
1093,3.47614565828259,6.122934951615571,1.0835794381031878
1094,3.4761535846355343,6.122950231949009,1.0828560815306898
1095,3.476165196516601,6.122972833234255,1.0818197583610478
1096,3.4761728479657354,6.122987727791787,1.0811562610412357
1097,3.4761842400621266,6.123009727632236,1.080197327763649
1098,3.476191928130014,6.1230242331860065,1.0795906913350617
1099,3.4761994159903904,6.123038674739093,1.079001488939919
1100,3.47621066201694,6.123060186627972,1.0781293684191469
1101,3.4762180573424337,6.123074334083529,1.0775394597640497
1102,3.4762291800868326,6.123095556715596,1.076646897136368
1103,3.4762364857928767,6.123109442608507,1.0760928727936714
1104,3.4762474256864904,6.123129793551953,1.0753260266406237
1105,3.4762546606024944,6.123143841311022,1.0745375750939605
1106,3.476262034079141,6.123158248670545,1.0735316135007584
1107,3.476273162975421,6.1231798847068,1.0719228236891138
1108,3.476280538182267,6.1231937255569955,1.0710280656777367
1109,3.4762876730078474,6.123207145602159,1.070241731628564
1110,3.4762981858656232,6.123227028543547,1.0691990864687275
1111,3.476305085125986,6.123240031378202,1.068560443257442
1112,3.476315387715394,6.123259268428038,1.0676271418712076
1113,3.4763222277448533,6.1232720111538255,1.0670061556000985
1114,3.47632908374586,6.123284809060686,1.066386321790069
1115,3.4763391292012753,6.123303575100998,1.0654517473776464
1116,3.4763489284503932,6.123321885079493,1.0646085632387592
1117,3.476358541196993,6.123339427154667,1.0640769453792034
1118,3.4763648675676566,6.123351013523804,1.0638302926800525
1119,3.476383725656855,6.123387503868844,1.0561362405891295
1120,3.4763952982875237,6.123412047697731,1.0491407940029114
1121,3.4764136858456047,6.1234503446118795,1.0377160732783404
1122,3.4764284843526596,6.123479351889558,1.0281063268597315
1123,3.4764384461441087,6.123507126796474,1.019491767262752
1124,3.476449332331403,6.123519424294584,1.0199540359253148
1125,3.476457058171751,6.123529851263113,1.022137853311395
1126,3.4764708479355293,6.12355168501203,1.0187901062192055
1127,3.4764810703818583,6.123572134105083,1.0131225109284328
1128,3.4764948065713464,6.1236021748491805,1.0035283859990334
1129,3.4765002271530125,6.123613540923801,1.0020376759222138
1130,3.476498600981002,6.123600760249876,1.0177479346724747
1131,3.4764919149121662,6.123578632124724,1.0329864497040764
1132,3.4764860688798356,6.123562411768963,1.0492910646413693
1133,3.4764894777872324,6.123551029090125,1.0662198557080305
1134,3.476493437937545,6.1235491736004,1.0752624811186233
1135,3.476493415743684,6.123554647695333,1.080178976529002
1136,3.476498577125314,6.123563589690688,1.0825885061883032
1137,3.4765051786903687,6.123575940308876,1.0833252043413255
1138,3.4765098296066155,6.1235852429223625,1.083325697176435
1139,3.4765147895402198,6.123594871516799,1.0830921250856973
1140,3.476530949784191,6.123627198421143,1.075635898292619
1141,3.4765407912455264,6.123650594790424,1.0686391718215618
1142,3.4765539618802412,6.1236761038525485,1.0604991638897008
1143,3.4765635928880516,6.123708256166086,1.0481021417287701
1144,3.476579377376465,6.123735275630794,1.0397037084777576
1145,3.4765948598180936,6.123766641377986,1.0296967565208353
1146,3.476600838778848,6.123784338903782,1.023615181620883
1147,3.47661261993301,6.123801895364944,1.0197265264205557
1148,3.4766191475791817,6.123813446447406,1.0176990656608202
1149,3.4766255478120724,6.123824463538844,1.0159490346750273
1150,3.4766315494387507,6.123834937391751,1.0144047395331517
1151,3.476637370651437,6.123844723611234,1.0131119096517247
1152,3.476635808530014,6.123848244180626,1.0171228565739456
1153,3.476634420524255,6.12383292940003,1.0277444016922332
1154,3.4766303642065894,6.123818253985664,1.0385204032825885
1155,3.4766243466235394,6.123800162522384,1.0529090561248424
1156,3.4766209291678303,6.123789843303204,1.0616241379903517
1157,3.4766214494179417,6.123778500369457,1.0796963032513163
1158,3.4766246605072397,6.123776399214671,1.0903745974410253
1159,3.4766263394840395,6.123779201892464,1.09474696987324
1160,3.476628405217364,6.123783643931711,1.0963569548101646
1161,3.4766336978468586,6.123792209252897,1.0976134114703369
1162,3.476639456561367,6.123803333577646,1.0978180565608568
1163,3.476645172624695,6.123815857714744,1.0974035894225493
1164,3.4766493101659224,6.123824317163713,1.096934004709838
1165,3.4766538805026435,6.123833039193805,1.0963719000863983
1166,3.4766583492391137,6.123841795074699,1.095749622123456
1167,3.476662504241141,6.123850732058685,1.0950872154963298
1168,3.4766688071725875,6.123863951848474,1.094014517210091
1169,3.476675770734886,6.123877891404795,1.092529953055298
1170,3.4766803828310198,6.123887434614489,1.091388573898219
1171,3.476686928365389,6.123901261354463,1.089836380056509
1172,3.4766911263583298,6.123910417755326,1.0888879442147612
1173,3.4766976798052016,6.123923473267218,1.08757035910892
1174,3.476701905696752,6.123931927424905,1.0867791745237536
1175,3.4767080352189654,6.123944355119592,1.0856443730827572
1176,3.476712092605669,6.123952536476143,1.0848986929408313
1177,3.4767182645296617,6.123964856982792,1.0837908468491053
1178,3.476724453421032,6.123977087618909,1.082629943325385
1179,3.4767385054675857,6.123998201778613,1.076519249864228
1180,3.4767543604463067,6.124043156843444,1.0592990901257622
1181,3.4767742869996128,6.124089427921449,1.0404210025873575
1182,3.4767838421372215,6.124112607266672,1.0257987227290748
1183,3.4767916112820343,6.124136730696765,1.0129374216307871
1184,3.4768003041315856,6.124151869737468,1.0055185621035876
1185,3.4768061925103813,6.124163508625599,1.0011609974380562
1186,3.4768053548325586,6.124166685161478,1.0010037991991938
1187,3.476799381250764,6.12414444428497,1.0167166354859514
1188,3.476792103765752,6.124124609806719,1.0291906999297453
1189,3.4767840059361483,6.124104011947531,1.042139152446718
1190,3.4767732357970287,6.124071944137219,1.0633904969221142
1191,3.4767729136645538,6.124058151630844,1.0730499658037544
1192,3.476786036684648,6.124084171008859,1.0618907986967014
1193,3.4767895920385685,6.124111977670745,1.0461487905609166
1194,3.47679592194367,6.124132151393392,1.035811349503754
1195,3.4768019552677694,6.124141439797897,1.0332585601894075
1196,3.4768069218651414,6.124149981447865,1.0313590136064903
1197,3.476812822188864,6.124160314671185,1.029964432731267
1198,3.4768159626160524,6.124165954730926,1.0296824889771468
1199,3.476820613425045,6.124173124102977,1.0297293586147684
1200,3.4768235473280034,6.124177786447884,1.0298258387114747
1201,3.476827798814659,6.124184768838814,1.03001205252551
1202,3.4768301271690025,6.124188877688144,1.0304581010471359
1203,3.4768320743680823,6.124191884209777,1.0313805100158064
1204,3.4768342021158505,6.124194237698855,1.0326165541230141
1205,3.4768354369642673,6.124195582705826,1.0343637633372986
1206,3.4768364665499996,6.1241955154959165,1.038048687557455
1207,3.4768368976251183,6.124194543394489,1.0409399094865666
1208,3.47683896153664,6.1241951394345655,1.0439716943880664
1209,3.476841933217858,6.124200208306744,1.0449992400634467
1210,3.476844129232611,6.124204483815386,1.0452821472144802
1211,3.476847872207147,6.124210451727662,1.045736286018388
1212,3.4768507056667355,6.124214981763288,1.045777854851062
1213,3.4768534661804766,6.1242199308181275,1.0456170393797553
1214,3.476857096009407,6.124227296332438,1.045495113073826
1215,3.476859391112056,6.124230865853375,1.0459773698340333
1216,3.4768625966336533,6.1242351095394305,1.0472105998989414
1217,3.47686450371054,6.124238003220753,1.0480350391773685
1218,3.4768665876366693,6.124238875652192,1.0498340814466163
1219,3.4768743979212293,6.1242497461512855,1.046533102129635
1220,3.4768825989992522,6.1242713719789,1.0380151692575008
1221,3.4768920820264433,6.124293072334165,1.027967573011124
1222,3.476896967362404,6.124315352408741,1.0170858390992321
1223,3.476902801711099,6.124320294472638,1.0158176754534514
1224,3.476905887340928,6.124324896593651,1.015295809084389
1225,3.476908634690845,6.124328769422864,1.0152589950397126
1226,3.476905267586894,6.124329715514201,1.0170684380612869
1227,3.4768959967205513,6.124294104270384,1.0420992254948171
1228,3.4768739683818914,6.124232389900129,1.0739279902038419
1229,3.476856273312029,6.124176487988174,1.1077542528604767
1230,3.4768527234614717,6.124139359844845,1.1334029988387184
1231,3.4768514869049003,6.124150000353413,1.1347762190390327
1232,3.476853423479748,6.124156009008409,1.134181799622248
1233,3.476857285081836,6.124165765544291,1.1331973992032698
1234,3.476858695151372,6.124168983954781,1.132857119950794
1235,3.476862908431882,6.124178831609857,1.1317572495142683
1236,3.476867309737296,6.124189078534268,1.130457205635966
1237,3.476870259229982,6.124195922660272,1.1295244336298778
1238,3.4768743350444473,6.124205864032037,1.1282937413637937
1239,3.4768771497939337,6.124212077428074,1.1276279687566817
1240,3.476881915156569,6.124222451158997,1.125930017516034
1241,3.476885187898725,6.124230953476355,1.1241973313243236
1242,3.4768883339047485,6.124239694207923,1.1222831481800375
1243,3.476893189084313,6.1242509576620945,1.1202083462441248
1244,3.4769063732286374,6.124266683495581,1.1165178881890376
1245,3.476922544724914,6.124323321766862,1.0918599248480647
1246,3.4769367626959085,6.124362869582235,1.0746195342399576
1247,3.4769529731498006,6.124401640795086,1.0547230423325231
1248,3.4769631322270578,6.124437498532484,1.0376288384823524
1249,3.4769679346901636,6.12444602712075,1.0327921288416688
1250,3.4769703767846623,6.124446766921774,1.0339965514659766
1251,3.476971759954571,6.124448607699241,1.0346511800240619
1252,3.4769670547011096,6.124447719458985,1.0371000985625685
1253,3.4769656448449036,6.124433169428229,1.0450030839106499
1254,3.4769584707241914,6.124412747476802,1.0571012142882468
1255,3.4769514164711315,6.124392245616168,1.0691745612205144
1256,3.476945415929859,6.124375836243746,1.0792207436759378
1257,3.476942532643064,6.1243666714090255,1.084985709390601
1258,3.4769377177880854,6.124355152634466,1.0951563400907254
1259,3.4769397183996906,6.124343381579374,1.1072253700157182
1260,3.4769443885793923,6.124341469787228,1.1122496864785372
1261,3.4769596446283604,6.1243862663504816,1.0940150963511683
1262,3.4769741816793163,6.12442861133159,1.0753933863637404
1263,3.47699872274817,6.124490976514027,1.046042850063265
1264,3.477016976656604,6.124532524131749,1.0258591747867625
1265,3.477047665139339,6.12459553766739,0.9927315021673716
1266,3.477064995202327,6.124643727689512,0.9675721660351759
1267,3.4770645310556616,6.124643740200211,0.9672864647361256
1268,3.4770563257354987,6.12461926189402,0.9828404751827325
1269,3.477033598435094,6.124566524425173,1.0108586288124601
1270,3.477017187844358,6.124530520486343,1.03003401661899
1271,3.4770013891688234,6.124493436292824,1.0492469039608279
1272,3.4769790994408516,6.124436752912552,1.0777509769782194
1273,3.4769566945220167,6.124380558441412,1.1072078377064665
1274,3.476947866222174,6.124335900235425,1.1308087360741383
1275,3.4769420954616286,6.124305809404453,1.1471274290286477
1276,3.47693953711022,6.124306807245314,1.1513474996831854
1277,3.4769398945050076,6.124309296983937,1.1517031449099815
1278,3.4769412459936295,6.124313422661044,1.151413740608153
1279,3.4769443044793116,6.124321248779764,1.1502377172526863
1280,3.4769477012758485,6.124330325160959,1.1485866201405088
1281,3.4769498818768545,6.124336285313348,1.1474982936600975
1282,3.47695340076479,6.124344907765152,1.1459311483271164
1283,3.476956760036897,6.124353774081579,1.1441753721577372
1284,3.4769591055233047,6.124360038734139,1.1429137945995396
1285,3.4769613549378375,6.12436592907297,1.1416934997961512
1286,3.4769637188731384,6.124371572400687,1.1405737095698856
1287,3.476967086913136,6.124379988274177,1.1388924841943882
1288,3.4769704631446414,6.1243891183808,1.1369190302636498
1289,3.47697285164132,6.124395234489949,1.1355039091741836
1290,3.476976508293532,6.124404512078616,1.133323320317485
1291,3.4769800521050773,6.124413821371133,1.1311213067644568
1292,3.476982459859933,6.124419992262154,1.1296484611655653
1293,3.4769861118843477,6.124429118929812,1.1274426106783624
1294,3.476988396887686,6.124435125818368,1.1259767893778003
1295,3.4769919966685396,6.124444239494163,1.123784776773094
1296,3.4770098158743252,6.1244644197273574,1.1133447040533628
1297,3.4770302907727033,6.124538466417131,1.0696481718355786
1298,3.4770405315853767,6.1245875534398255,1.040590427335627
1299,3.4770434333997993,6.124610640977416,1.0240732261585703
1300,3.4770488233904913,6.124610048020859,1.0225674124768183
1301,3.4770515882965127,6.1246127164042115,1.0218646319319649
1302,3.4770533720015577,6.124616426127449,1.0209525690140882
1303,3.477055484550739,6.1246218691427154,1.0192089584509705
1304,3.4770574535111245,6.124625427890047,1.0178940238697922
1305,3.477051269230494,6.124613583540747,1.0242713621345922
1306,3.4770443599334553,6.124595588292689,1.0337246201884378
1307,3.4770329847454513,6.124567537118682,1.0487298370333
1308,3.477020778198561,6.1245365887948395,1.0662614961272865
1309,3.477006991833189,6.124496122348375,1.085615450252964
1310,3.4769997624222664,6.124453625737003,1.1220420814436418
1311,3.4769992697040837,6.124433771865655,1.1413345152791985
1312,3.4770013769167187,6.124429442179268,1.1479835411940047
1313,3.476997842252775,6.124435304212736,1.1476962608545789
1314,3.476999165823876,6.124441598198367,1.1463864017536793
1315,3.477001743807553,6.124448732100886,1.1448892816075489
1316,3.4770042831089927,6.124455258764268,1.1436375190598702
1317,3.4770066554894714,6.1244613899815254,1.1425167079692375
1318,3.477008300382281,6.124465421961335,1.141811279536523
1319,3.4770100374023327,6.124469298910705,1.1410722767209542
1320,3.4770117759049874,6.124473986687268,1.1400247876842053
1321,3.477013612121099,6.124479092725742,1.1387373147168542
1322,3.4770166875831214,6.124487380647296,1.1365128970630471
1323,3.477018750569511,6.1244930844667245,1.134905060212836
1324,3.477021704170933,6.124501124567491,1.1327410379290408
1325,3.4770235052975558,6.12450583640297,1.1315342300038154
1326,3.4770263821386207,6.124513137782357,1.1295973480365658
1327,3.4770293563284613,6.124521049060332,1.1273645939310841
1328,3.477031887952053,6.124528475032244,1.1253281295482496
1329,3.4770335006694495,6.124532061961949,1.124568994229661
1330,3.477034999433411,6.124534917495855,1.1240414884999352
1331,3.477037260092084,6.124540691477411,1.1226539905827915
1332,3.4770389712521133,6.124545100054943,1.1214268650260633
1333,3.4770407853791054,6.124549926920116,1.1200540273057915
1334,3.477042570916046,6.124554840953911,1.11857299246241
1335,3.4770445812337476,6.124559990207331,1.117020959293322
1336,3.4770630197198846,6.1246001331676725,1.0972851493301945
1337,3.47707833032478,6.124645244181477,1.0765292415173364
1338,3.477110082279074,6.124732479539511,1.0288968253270514
1339,3.4771166476172084,6.1247610437245745,1.012521153031734
1340,3.477122471478659,6.124765587278465,1.0090612653384852
1341,3.480490000318537,6.130162917198201,1.0199571708154793
1342,3.489060245508815,6.144510308895986,1.0485478377494852
1343,3.501347323836128,6.166676249537499,1.0845786634275834
1344,3.5098923978639696,6.183158155762806,1.1022843631516652
1345,3.518816915104954,6.200930511812411,1.1074534141187282
1346,3.527986351424905,6.2191784884184536,1.0996809744153202
1347,3.537325789744598,6.237336669079201,1.0897354728837843
1348,3.546849373635307,6.255401237923424,1.0795035750714872
1349,3.5565610706705937,6.273366550072873,1.0687972877693626
1350,3.5664774662365506,6.291222577491536,1.0563153530489595
1351,3.576627594053465,6.308949013908183,1.0424675261871328
1352,3.5923296048473223,6.335262859355447,1.0201892953658867
1353,3.6031282394662316,6.3526062253845375,1.0048085005478358
1354,3.614194692064322,6.369780625135975,0.9892471495071288
1355,3.6255249137775727,6.386780521744341,0.9738938374151469
1356,3.637113893721269,6.403604175823661,0.9587380297020041
1357,3.6489525987317455,6.4202514861732505,0.9441597706065631
1358,3.667147847567677,6.444902584679505,0.9236704136104569
1359,3.685840761262085,6.469186716585538,0.9031249807516238
1360,3.698605615986797,6.485134688964314,0.8852323128245303
1361,3.718215665529239,6.508656782981564,0.8676049595255617
1362,3.7314460502219924,6.524197756801236,0.8629936453587309
1363,3.7514151834771483,6.547398796450174,0.8577571068852559
1364,3.76474936938387,6.562835831590475,0.8595817981446449
1365,3.7846822886156475,6.586047226715462,0.8635537055563147
1366,3.804436097298434,6.609390199191401,0.8761024021538589
1367,3.8174195304293375,6.625103201716918,0.8860850457931887
1368,3.832537651090105,6.643961597844139,0.9112020052916575
1369,3.8387943984216752,6.652180826008008,0.9358396577367698
1370,3.842131788181441,6.6567979650663425,0.9643028893462868
1371,3.8420988886330445,6.656658755264753,1.0113564047898538
1372,3.83906411724662,6.651621834938376,1.0444380301201228
1373,3.830658934206312,6.636254916984686,1.0953946645842125
1374,3.8229079736622884,6.62060206902607,1.129833367762263
1375,3.8139389374575057,6.6004688346975735,1.1817211976897632
1376,3.8100703073015514,6.590624741432752,1.2144112776327023
1377,3.806961170659525,6.581966309755184,1.2387944683213807
1378,3.803536710265013,6.571791404845594,1.2492918523664995
1379,3.802086745236217,6.567488436505959,1.236385522235159
1380,3.8013149274959304,6.565365037965311,1.1869699615550389
1381,3.8014704608111174,6.565768878683205,1.1374912629054432
1382,3.8020972946364036,6.567034253386907,1.0571717251878225
1383,3.8030319441619156,6.56860246586803,0.973491416211362
1384,3.8037343959996868,6.569606261057855,0.9241347781639508
1385,3.8046442020907465,6.570772407087868,0.8761412762745221
1386,3.8064897400480873,6.572859102827969,0.806467502444591
1387,3.807803761067732,6.574179128376405,0.7591514497232771
1388,3.809131082964033,6.575404264189176,0.7186111502315499
1389,3.8109261933804324,6.576939744179289,0.6925385726614551
1390,3.810965750671532,6.576969116991395,0.7149841865866655
1391,3.8109107325081846,6.576905037766291,0.7602404064316902
1392,3.8101671011587683,6.576147426046044,0.8054852554407473
1393,3.806456046249086,6.572112141439626,0.8496644735790466
1394,3.7999677301590205,6.564336208197781,0.9043190848486049
1395,3.7860671678849327,6.544909937076778,0.9977847881649794
1396,3.774834304937432,6.526309692540947,1.0643229404024577
1397,3.7592197029475662,6.49493955602068,1.1670426569663779
1398,3.752677045219134,6.478321235681553,1.2364590488929161
1399,3.7486919466728783,6.465694880035309,1.3063367778985546
1400,3.7465094024877232,6.456587736657408,1.3759194770625962
1401,3.745220223615102,6.448947135940774,1.439933451529401
1402,3.7443835832451713,6.440424056189943,1.51357512462908
1403,3.744238325899567,6.437187733703234,1.5444245008490332
1404,3.744246671380316,6.4385423163198325,1.5658896337226764
1405,3.7442658879271042,6.442414483679898,1.564359195678503
1406,3.7443364627187172,6.448363171690481,1.5481074416463605
1407,3.7448708108863458,6.460609400428862,1.4953006027043032
1408,3.7461866254664815,6.473567023002132,1.432772523178108
1409,3.7483748006821673,6.4866525502357515,1.366285922628907
1410,3.7504525795899135,6.495750314107241,1.3115273674516266
1411,3.75302948266648,6.504713024101407,1.255693576967694
1412,3.7555597197558623,6.512016857974646,1.2053656634547247
1413,3.758377537814312,6.518992471567046,1.1564179426787549
1414,3.7615013919027764,6.5257731505697745,1.1061296821750948
1415,3.764380523450242,6.531257831471188,1.0602998473784762
1416,3.767376839963119,6.536461758861307,1.0116097383774807
1417,3.7702426838188736,6.541428300419769,0.961185129729136
1418,3.774180233294489,6.5468347644988025,0.9155791412444244
1419,3.7784417137456163,6.552179847091515,0.8690066014280312
1420,3.787354025246314,6.562030710647143,0.801178157734196
1421,3.7966243347634143,6.571301622016643,0.7647043094791667
1422,3.8117985232733913,6.585376420973326,0.7299326076760211
1423,3.82059977556999,6.593210760745788,0.7249562340886886
1424,3.8267772060626477,6.5987201317784425,0.7344050408212479
1425,3.829949231512355,6.601634212563003,0.767382074907295
1426,3.8259567882886008,6.59757393943656,0.8142735355371091
1427,3.815362272058643,6.585726446266363,0.8685768317882377
1428,3.8050321236016007,6.573083573652682,0.9067989386227543
1429,3.7924121159656217,6.556366419342788,0.9456709072918876
1430,3.769848312607941,6.523206581779956,1.0040687454957433
1431,3.752844717342765,6.495465262291234,1.042589141616502
1432,3.7309316232436425,6.455865931322987,1.0984836735247983
1433,3.720074995410696,6.434168210856926,1.1346774422565054
1434,3.7121136385879994,6.416012847662916,1.17018046793904
1435,3.706460332975728,6.4020919308130795,1.2055092174140636
1436,3.7021734715293526,6.392085248186609,1.240911409180714
1437,3.701821775785228,6.386888627466048,1.2941055484378465
1438,3.7022933119138086,6.38897674053816,1.3303537302803767
1439,3.703358580262765,6.394877388274921,1.3775295919415003
1440,3.704558095619674,6.3991056172386935,1.3966755823249282
1441,3.7054758722734764,6.404309340942934,1.4002040242731721
1442,3.706775387391305,6.411659794460345,1.387670527201555
1443,3.708579141219529,6.420754196335595,1.3588416541978392
1444,3.7119417608668694,6.437501114462974,1.2863754165808952
1445,3.7168824617122045,6.452570328327044,1.2016658096959378
1446,3.7208699308496263,6.46239133585634,1.1508802808719327
1447,3.727769122268236,6.475966176861057,1.0843517563500953
1448,3.7325246865339388,6.484612684769661,1.0403339760074988
1449,3.741537285815808,6.499001141036136,0.9772865533179848
1450,3.7448633597249765,6.5038721261873444,0.9580371909552389
1451,3.760794355402885,6.524939888028392,0.8918770624294605
1452,3.779539905999619,6.547360912045972,0.8570339102262945
1453,3.79307981411614,6.562694387290131,0.8359581475359398
1454,3.8137618713044676,6.585202110630158,0.8233872174365964
1455,3.827588006805996,6.600135108987781,0.8261874154790632
1456,3.8461621008714646,6.620576597160167,0.8465630842103841
1457,3.8546105417549437,6.63028874364339,0.8682563447781178
1458,3.8614566373124197,6.638626052596966,0.9085314834585626
1459,3.8623226747082438,6.639745258295847,0.9386562884045566
1460,3.860457033601481,6.637100271834872,0.9704069406712543
1461,3.8530821990760766,6.625704869952587,1.0196921473228584
1462,3.845539832096467,6.6129890184554485,1.0530796068156982
1463,3.830906671271369,6.585771256713676,1.103374046760297
1464,3.8193811384184864,6.562062000812189,1.136754393368798
1465,3.806752242860751,6.53372850156048,1.1700268836049577
1466,3.7884913271844596,6.487858478893329,1.2198459348328519
1467,3.7793680898856263,6.461832915501055,1.2530989060223308
1468,3.769821250123987,6.430567969730603,1.3034050214180606
1469,3.7658050553970344,6.41507470925917,1.3374670745864918
1470,3.763326663830457,6.403967906352278,1.3721512201946762
1471,3.7617246709776744,6.395079963468969,1.4250481374674207
1472,3.761364712176511,6.3923329135280715,1.45813394508261
1473,3.7613164520073994,6.391916638787036,1.4954844182611808
1474,3.7614525251426834,6.393873524793904,1.508442636520835
1475,3.761702515627289,6.397959594519701,1.5096597883518768
1476,3.762459500996534,6.408928122288225,1.4890321686061476
1477,3.7634004823438945,6.418959640184132,1.459166431353718
1478,3.7647643438968132,6.429672888763712,1.4197470180493656
1479,3.766568757458642,6.440215019470857,1.3710409635255105
1480,3.7688927717344494,6.450624879669329,1.3187195384154051
1481,3.7715410991535774,6.460173834124284,1.2682280265925197
1482,3.7741662803942155,6.46806988984583,1.220356541699366
1483,3.7771410165431822,6.475776377547581,1.1733389528716456
1484,3.7803303139160893,6.483015920660669,1.12552277492866
1485,3.7836142007163827,6.489576379536143,1.0779395010495711
1486,3.787168986307335,6.495915947697743,1.0312377205861218
1487,3.7930523675387384,6.505103112457055,0.9617669589534289
1488,3.7977255856884318,6.511570652678135,0.9198306766823385
1489,3.8027585343245764,6.51796548862637,0.8821180026238996
1490,3.814683008039064,6.531678738073316,0.8273534726200783
1491,3.825793119393819,6.543413417004875,0.7934858902159482
1492,3.8439413329026304,6.561186776192016,0.7561368428283227
1493,3.856270059623131,6.572705130249142,0.7473000567361051
1494,3.873423611077168,6.588735116151428,0.7629034824710726
1495,3.885464275428467,6.6005860325212335,0.8014513284917729
1496,3.889230857254143,6.604582651453299,0.839498188966183
1497,3.8898211875630504,6.605244729911637,0.8840408407003171
1498,3.8875308207641717,6.60230242527979,0.9329036216772965
1499,3.879483478339361,6.590496640711091,1.0108658566957425
1500,3.867189086667393,6.569071745781065,1.0913200239916858
1501,3.857397012168264,6.549091367589534,1.1453815487347034
1502,3.846884120707755,6.524358699674387,1.199533329433649
1503,3.8361315822689033,6.49471984113966,1.2538337334643326
1504,3.8229939238863837,6.45108230167966,1.3361699086202532
1505,3.8182147882331896,6.428142539394979,1.392627019372083
1506,3.815313794328242,6.40957025049142,1.450612371992462
1507,3.8134554281329973,6.387352927773845,1.5376236477171237
1508,3.8133374571245695,6.377046350673811,1.593574673078571
1509,3.814053997058855,6.366509093242068,1.6709236118937991
1510,3.814381805515279,6.361642832219146,1.7177958552709682
1511,3.815066626868888,6.359412722025306,1.7569228134018724
1512,3.8151259598105574,6.358893842005981,1.7935649267930638
1513,3.8146179597129652,6.361057076441299,1.801989645885934
1514,3.812945015105738,6.368306176965308,1.78943347494578
1515,3.8115323124857072,6.374977538821771,1.764127793195706
1516,3.81047425222243,6.380828089638322,1.7308693659579335
1517,3.809636798589352,6.386560346512718,1.6975872188442565
1518,3.8090101635227884,6.392096789738388,1.6688095168485417
1519,3.80852989735212,6.397666009407058,1.643117448618182
1520,3.8081703741329544,6.403509408111845,1.6191222926539004
1521,3.807867777016889,6.4129089779170885,1.5833742549466028
1522,3.8079210490313677,6.42351518785797,1.5426898597550913
1523,3.8082074493116695,6.430613099493621,1.5126743257643767
1524,3.8090815704947847,6.441569568844436,1.4640797789310864
1525,3.8106266809422022,6.453367413050143,1.408043162424283
1526,3.8127311753197026,6.464415342927482,1.3453629925990929
1527,3.814461956838514,6.471384046185508,1.2995314020873134
1528,3.8172057383074076,6.480253863737087,1.2260601569001386
1529,3.81913662233936,6.48531620181947,1.1761812819082744
1530,3.8223602743343648,6.492393194788144,1.1019108711071397
1531,3.8259424378274822,6.498952890658777,1.0297663610627175
1532,3.828615890564588,6.503185034787696,0.9822889462376818
1533,3.8330258900477268,6.507072329627433,0.937136565183677
1534,3.8343777082883146,6.515178483855796,0.8956033850281441
1535,3.840305137304488,6.5186343264043805,0.8532626976425346
1536,3.8527676818860077,6.5318116070646886,0.789007274414509
1537,3.8583351514412794,6.53733297362394,0.7679505391823161
1538,3.876323200533083,6.553842856296379,0.7128324673701906
1539,3.8887319466932313,6.564203196714834,0.6721509492365612
1540,3.8932989678343652,6.5677785126869255,0.6520027450359478
1541,3.894397005527352,6.568640326212773,0.6368987404046896
1542,3.889139837288525,6.564796869748331,0.6211986770385781
1543,3.8808465447350526,6.558903095631201,0.6144110844879593
1544,3.861258970692485,6.545179722230042,0.6081980279663675
1545,3.843426888687803,6.532790702398467,0.6060130037263799
1546,3.809522155281107,6.509329947065215,0.604781374551169
1547,3.7684367688629394,6.480922485678373,0.605217305408465
1548,3.732994684275956,6.45638225193836,0.6066242002110467
1549,3.714129240301393,6.4432809503229205,0.6078864516480014
1550,3.6929727605763416,6.428536090163204,0.6100870867185438
1551,3.6836146171811563,6.421986147830916,0.6116836759053339
1552,3.6766606271017412,6.41709725134425,0.6141650809169708
1553,3.6767505995107075,6.4171628439695265,0.6158438074525189
1554,3.680219293874868,6.419627423674604,0.6178266770244026
1555,3.6892020278675255,6.426062653158555,0.6266070926584691
1556,3.700844265931011,6.434684040094418,0.652314732504543
1557,3.714333833292411,6.445443195545307,0.7016511480663887
1558,3.723223871923307,6.4532193518291585,0.7394028430065579
1559,3.736652586999489,6.4661919099366205,0.8032672330948016
1560,3.745187142678615,6.47538185736185,0.8462572000909551
1561,3.7533456376125343,6.484934611330042,0.8848766759090563
1562,3.7666340186259073,6.502050099642052,0.9356677928999226
1563,3.7787725550097178,6.517143758227915,0.9641703221123188
1564,3.7893212117787605,6.53462405581021,0.9897058808202762
1565,3.80606884804127,6.5605599069268115,1.0079384096029058
1566,3.8170138278308667,6.5779265017160595,1.0069321204961688
1567,3.830325705365158,6.598741381798717,0.9901014294620789
1568,3.836235970467306,6.607592299128258,0.9686895852427158
1569,3.8404396024082175,6.613524526953127,0.926655074538852
1570,3.840963433012081,6.614185150800005,0.8739356564058012
1571,3.839104245367043,6.612061774029236,0.8314007458499271
1572,3.8339595024650435,6.606649250847527,0.7848032906581833
1573,3.819392471513664,6.593090830636918,0.7107375507312917
1574,3.795713583600529,6.574120137339636,0.6351666304505568
1575,3.7620659681195256,6.551061436691974,0.5607124156152679
1576,3.734798459241797,6.532322968271436,0.5122992124792579
1577,3.705313144637698,6.518639110713193,0.46476887008162265
1578,3.680704057929165,6.506839750232455,0.4182363537246972
1579,3.6508921815772903,6.4946101300903765,0.350458656883222
1580,3.630219178732806,6.487668714197685,0.2845397624298001
1581,3.6203510617512142,6.484957619412773,0.2424206941526374
1582,3.6117587887319873,6.482968467375231,0.20603638839456573
1583,3.604498811417134,6.481535305793838,0.17917014198016518
1584,3.596894079827899,6.480227797442018,0.161326524910062
1585,3.5943687917691993,6.47981272710547,0.16586156075044617
1586,3.5937487846893417,6.479692434983831,0.19648074873819493
1587,3.5936846096693107,6.47968484406982,0.22293677265564416
1588,3.593631203429008,6.479676981316669,0.2509458500011263
1589,3.5935834574524095,6.479670160206853,0.28023717739337844
1590,3.59355940716611,6.479676865688309,0.3115736412599841
1591,3.5935099012026086,6.479667429892286,0.36558032784227545
1592,3.5935141249244493,6.479680446013968,0.3983894855708067
1593,3.5961230798319024,6.48088459470087,0.4423091721841014
1594,3.601259098790745,6.4834073685096145,0.4686723795815347
1595,3.606825786870017,6.486324801687632,0.4980026324407581
1596,3.6122922400773114,6.489409602297038,0.5314652644537085
1597,3.6198619496086057,6.494041278303173,0.5681561875391721
1598,3.6283599092093106,6.4996869722143025,0.6079107378378151
1599,3.640683725299542,6.508811308356402,0.670190117109058
1600,3.64895271037096,6.515629383737137,0.7122339573584039
1601,3.662922956924029,6.525109058316555,0.7748289669618242
1602,3.6706694451909008,6.536375797677377,0.8160420702700719
1603,3.6795663323912784,6.546326994429695,0.8527372595039242
1604,3.6887484718662473,6.557158692663545,0.8862094139090977
1605,3.70008061782283,6.5714195841311644,0.9154810245790553
1606,3.712293524645019,6.587664423960017,0.9389112895062449
1607,3.7242715355437883,6.604280124697541,0.9533740313964225
1608,3.7360842423547553,6.620940389685051,0.9559490172210888
1609,3.7474352268467093,6.637007564814315,0.9489905260678733
1610,3.7601264970517687,6.65435375054942,0.9206348210749902
1611,3.763074893232664,6.658194667813267,0.9077015242875359
1612,3.7705212973406224,6.66734302830585,0.8623705365106691
1613,3.77425818654279,6.671546522134194,0.8108392114980782
1614,3.7743489796789134,6.671621813554643,0.7727126349633021
1615,3.7699539936363733,6.667616628411893,0.7097601191429886
1616,3.762428949988646,6.661395569583032,0.6657389597375496
1617,3.743633770157731,6.6475730589840545,0.5990010423942915
1618,3.7257665269356846,6.635863250939565,0.5549511722437372
1619,3.703411303074997,6.622569123126196,0.5117018532336653
1620,3.6611310804752084,6.600417630366958,0.4487088466362536
1621,3.626967110740508,6.584687157250474,0.40799095916676736
1622,3.572003239324649,6.562587072309855,0.3485343608290309
1623,3.5397059438548872,6.551415231787303,0.3096699351839305
1624,3.5114232997442327,6.542838164323344,0.2711679560120073
1625,3.476889465436131,6.53410290289174,0.21353491286314882
1626,3.4585355247799816,6.52912628006818,0.17483887387179411
1627,3.4451972318251585,6.52798580131794,0.1360934505736073
1628,3.4354379749815918,6.526767006629666,0.09716130238675648
1629,3.4270969984245294,6.52607187007933,0.06252597463058736
1630,3.4200337223972435,6.525713947016174,0.03648259497648357
1631,3.4146312521374265,6.525556151545274,0.021649346135566638
1632,3.4111816954586085,6.525484583877088,0.019438006690964016
1633,3.4098371958449953,6.525448341746927,0.03063633424805012
1634,3.4096791136961633,6.525422420681689,0.05341267047282923
1635,3.4096296314276406,6.525411132112286,0.07828296071715207
1636,3.409562708634771,6.525401234553648,0.11695955288585189
1637,3.4094897321070556,6.525395249024935,0.15736828973697944
1638,3.4094148405092057,6.525390879027663,0.19954550741115934
1639,3.4093649187384476,6.525386384630958,0.22863659981070267
1640,3.4092917476668707,6.5253780841934,0.2736736412635533
1641,3.409221301357227,6.525366236048343,0.3268813265235274
1642,3.411933900588665,6.526349554579549,0.36425494833673316
1643,3.4188642124476627,6.529134901952166,0.4017894873696832
1644,3.429666341237658,6.533942042350987,0.4396181348422667
1645,3.4481317647467686,6.543250992635035,0.4999882358501886
1646,3.466019085498942,6.553723564376043,0.5651830710279918
1647,3.4843960091460677,6.566179523496091,0.6307794944002955
1648,3.496223108123894,6.575172547846191,0.6738764511831069
1649,3.5076662100172333,6.584672001457447,0.7160993582234475
1650,3.527750426928058,6.603189025863397,0.7746672444125594
1651,3.5485387567613293,6.624481179336977,0.8220467424959579
1652,3.568340199532116,6.646644874607702,0.8633224097977894
1653,3.5812974757728924,6.662107357184495,0.8842569730030504
1654,3.6006448302589167,6.686031223692861,0.8925204376387087
1655,3.6070724369463885,6.694012026493312,0.8896495869135967
1656,3.626511109024098,6.717742474366514,0.8768978812340873
1657,3.6444946833603047,6.739027818701179,0.8557707517182396
1658,3.6531201985641224,6.748780636411871,0.8319834160231644
1659,3.6605259093527525,6.756636425782435,0.7862639470168
1660,3.662474678720876,6.758523187507996,0.7507539024339365
1661,3.6577885319334578,6.754595843666793,0.6686637684715455
1662,3.6498214275545844,6.748538438244661,0.6247426734958594
1663,3.6301788616445614,6.735278310159328,0.5580152669607524
1664,3.6116344880492077,6.724174491864179,0.513876393350433
1665,3.5935568759383805,6.714366189386843,0.4703764295882325
1666,3.5728961462403457,6.704293676758274,0.4062736151541943
1667,3.563576232598051,6.700555324152853,0.36548550625852033
1668,3.5554991551989588,6.697523880503316,0.32967276690559855
1669,3.5485816364320133,6.695246683657188,0.3034278467352173
1670,3.543298166772829,6.693633103461111,0.2890838556374042
1671,3.539942276250109,6.692637814697613,0.28780715455233635
1672,3.538654443353297,6.69225061830729,0.30015402294630067
1673,3.538506994381818,6.692194267467579,0.32435993217273923
1674,3.5384442120830464,6.692171365156954,0.35199936125980125
1675,3.538392244725451,6.6921532137430235,0.38131964011088326
1676,3.5383583548629995,6.6921482408773185,0.4127792744595677
1677,3.538298220667791,6.692120604872114,0.46648402128343674
1678,3.538293080852477,6.692127757680616,0.4990853039506701
1679,3.5382562064563174,6.692119360707117,0.544106367133865
1680,3.5382253225389575,6.69211732687833,0.5722536568197523
1681,3.5381661877817607,6.692098855808362,0.6154023977994941
1682,3.538122883448012,6.692089597484333,0.658467687722199
1683,3.538767406464714,6.692612081235626,0.6858095194056711
1684,3.545990408729491,6.698755959238422,0.7164990789947674
1685,3.559563709120183,6.710862589036274,0.7390090206456337
1686,3.5799896784136997,6.729823998586214,0.7576527945585584
1687,3.602027402611523,6.751053840326096,0.7781396652710126
1688,3.6236025668782688,6.772750020152345,0.7996589834060287
1689,3.6447031988447045,6.794892874513784,0.8208868126378905
1690,3.665371536640227,6.817491920184004,0.8394070067898524
1691,3.6789450937979047,6.832754373160716,0.8488520087732204
1692,3.6951417936398974,6.851355789129148,0.8606831771471628
1693,3.7020677663193364,6.859465578558848,0.8677148712644072
1694,3.7067837421983185,6.865073045617455,0.8771647652621873
1695,3.704808647497171,6.862669605715205,0.88549506369432
1696,3.696305839145503,6.852180602067075,0.8928767509900369
1697,3.6813823463031032,6.83351096430198,0.899480714309576
1698,3.6601501674635712,6.806606852075638,0.9054474601076329
1699,3.6425094896398282,6.784038115293943,0.9091055751253035
1700,3.623132569559308,6.759071280530845,0.9125333545766724
1701,3.592261120943303,6.718913507465201,0.918645764214855
1702,3.581117723595375,6.704282244647691,0.9213550384508055
1703,3.569697793940803,6.689190223417637,0.9250511155616452
1704,3.5645196375114008,6.682299024201357,0.9282913320249797
1705,3.5655156859426933,6.6836372279450575,0.9308904400338789
1706,3.57065070863188,6.690530362555764,0.9290802508875277
1707,3.578579672037971,6.700998581379625,0.9127868422903709
1708,3.5880116958584796,6.712830170634826,0.8768368191629554
1709,3.596668422327581,6.722805587341694,0.8294283448906887
1710,3.6067402077131314,6.733278023336656,0.777369529980989
1711,3.618520852437082,6.744340196973576,0.7283593458907406
1712,3.6308283655069755,6.7549214686725065,0.6913841371754774
1713,3.6433303709548883,6.765111687981026,0.6803619110889537
1714,3.6552809429216704,6.77493859181221,0.7005236331372686
1715,3.660510660261093,6.779466961436162,0.7451500417011863
1716,3.6580835889627243,6.777042617237955,0.8080933058691879
1717,3.648920114254528,6.766729033878214,0.8810113710195548
1718,3.634234236005144,6.747512568539411,0.9582885525940879
1719,3.6211192901856175,6.728405415671324,1.0112668969825733
1720,3.602101666335302,6.694678625016891,1.0918802479538217
1721,3.587884904653338,6.665079138981041,1.171256060397187
1722,3.5796723467992764,6.643654426233974,1.2490030388408764
1723,3.5754039391941674,6.629297076983055,1.3228825135882236
1724,3.5735315903095803,6.621390143026086,1.3649849137872372
1725,3.5721775423883897,6.6141122648535005,1.4116513732557376
1726,3.571821252361861,6.6117848751993265,1.4301303198352053
1727,3.5693355519024617,6.6138887680986915,1.4390539714310724
1728,3.5723991618130397,6.616872233461229,1.4379405816219233
1729,3.5737494381069856,6.626279972587255,1.4066679526501487
1730,3.5762333634990395,6.639371421416214,1.3472996563325812
1731,3.5783451918650364,6.648031123239165,1.3031783813827496
1732,3.581826307189104,6.659487971208618,1.228855374015407
1733,3.5844060869950036,6.66632063287839,1.173782537062707
1734,3.5873334654414504,6.672952195487033,1.1215407352405515
1735,3.5903260343091827,6.678891659603231,1.0718135399735067
1736,3.5944894232551596,6.685988848146992,1.0009099329959308
1737,3.5991231704795412,6.692742834658393,0.9328515732477236
1738,3.603819307197236,6.698713105702664,0.8743233448332816
1739,3.60888432479792,6.704428420597245,0.8148935610361911
1740,3.6134193462222526,6.709058347663005,0.7732887352049399
1741,3.6208146182607153,6.715866468675928,0.7101353239672752
1742,3.633294976550386,6.725929770807329,0.6483627123985166
1743,3.6420724302387026,6.732362992488893,0.6089184796104834
1744,3.648904252346396,6.7369743257525245,0.5729429227704227
1745,3.6546001157489707,6.740553000883905,0.5445164282953923
1746,3.6573219355219133,6.7421714754109185,0.5187119800138165
1747,3.654193734766526,6.7404042419281005,0.5099581802197479
1748,3.6419015438848654,6.733566138822963,0.5055145511724344
1749,3.628643876253332,6.7262207160905305,0.5066654692761947
1750,3.6113678364825783,6.716601829350395,0.5101067947348381
1751,3.5885008085303345,6.703710599022266,0.518174803909392
1752,3.578293597154914,6.697857912472149,0.5248362876613683
1753,3.5705365698369067,6.693328633802537,0.5359758896344817
1754,3.569033743517342,6.692437212545509,0.5451072582271749
1755,3.56861710052613,6.692192792841457,0.5701569874957441
1756,3.5685492757991097,6.692157627887956,0.6063048801310313
1757,3.5685203374311576,6.692148493734054,0.6319449321494474
1758,3.5684998013819182,6.692143636048967,0.6581333316434962
1759,3.568479538644732,6.692141109739793,0.6974966559566947
1760,3.570603490277939,6.694033195560393,0.7383946833302043
1761,3.5760279599647498,6.699118944797069,0.7695026636782895
1762,3.5931096226857284,6.716794133704097,0.8342146309905832
1763,3.6110566483595883,6.737505703450145,0.8810738793375267
1764,3.6290130068778343,6.760014851845034,0.912636305831545
1765,3.6445784261022593,6.780323927522808,0.9163155571736176
1766,3.6531459759019476,6.791377578729755,0.9018532276768557
1767,3.6591073222031425,6.798773161852245,0.8763218101658485
1768,3.6627081089520495,6.802958668183942,0.8237988143333507
1769,3.662819162832703,6.803066644565899,0.7612623768283071
1770,3.662175306799765,6.802505209115188,0.6961040223798521
1771,3.654600759310661,6.79661287134894,0.6280539062363543
1772,3.6380040656231114,6.785379681754228,0.5591041214633555
1773,3.611652144798867,6.770034184507522,0.49118979398653423
1774,3.588384221994322,6.758141839243754,0.4469570225470196
1775,3.5446168697806506,6.738731676834918,0.3823018340142312
1776,3.489944533810486,6.718530272354478,0.31939804480501094
1777,3.435819118994105,6.702182269081796,0.2575135499271811
1778,3.4047545363272986,6.691277947896955,0.2161642344718022
1779,3.3654370137514005,6.686606641611683,0.15419523730392617
1780,3.345334106443657,6.683828384705889,0.11170134775216346
1781,3.323666256774102,6.681962932892294,0.046243605678980566
1782,3.3087854653435236,6.681686061183891,-0.017737779068681226
1783,3.2967982278902173,6.682169562033223,-0.0663143749245932
1784,3.288590826030578,6.682817112085024,-0.08981585429385795
1785,3.285633764812844,6.68308335075491,-0.08948582225892839
1786,3.2847418914264956,6.683139444347309,-0.0653306879967736
1787,3.2846995849904985,6.683139803729431,-0.03351374267421783
1788,3.2846624567201657,6.683136059039057,-0.0003278462600356106
1789,3.2846381479684044,6.683134339589835,0.022645310911466925
1790,3.28459928367419,6.68313307574452,0.05848348692827669
1791,3.284570780424722,6.6831322641214355,0.08334370662324879
1792,3.2845220576171443,6.683130341112865,0.12214869118185
1793,3.284465893806987,6.683127589135451,0.16281771916199406
1794,3.2844226229500366,6.683125720957696,0.19097229562248716
1795,3.2843525914839895,6.683120828878015,0.23473770132272967
1796,3.2842871673378506,6.683127738467134,0.28150262571914103
1797,3.2842115827461247,6.683115983672911,0.3377557588972816
1798,3.2868864194381917,6.684186855894514,0.3873530617770739
1799,3.2937777647701054,6.687118842722892,0.415795823345605
1800,3.3035165940828923,6.691571073464061,0.44286338146494125
1801,3.321412157145571,6.700527917568207,0.4894530986020277
1802,3.3401250774542564,6.711138726807986,0.5487382537656029
1803,3.359842442465645,6.724012785532705,0.6131355972597163
1804,3.3726747093176384,6.733397696438767,0.6535063568580821
1805,3.3991682860906387,6.755928504675051,0.7237995287307747
1806,3.4073159874024626,6.762232949781739,0.739238410398121
1807,3.4222456897994116,6.77628802639011,0.7643999888662074
1808,3.451219424417963,6.805187091309365,0.8018910925543812
1809,3.4653990970230666,6.819953365383953,0.8087374735903946
1810,3.4832016803228854,6.838543011129485,0.8007223547850718
1811,3.4936567601860187,6.849179698138695,0.7837773037820364
1812,3.502177422630568,6.857515120757482,0.7606753377687875
1813,3.508978449662236,6.863768532049339,0.7145056206871772
1814,3.510653296640558,6.865161588944766,0.6782413377720049
1815,3.511499486319548,6.865820269052139,0.6385138823701091
1816,3.506086691370395,6.862075177022842,0.5727695055061081
1817,3.491485609714819,6.853316988177703,0.5033850273697923
1818,3.4763182210994157,6.845339704778738,0.4564697538037649
1819,3.4449714411408423,6.831172134769252,0.3861786968429034
1820,3.4029236507711698,6.815596373651161,0.3163882631602931
1821,3.3558736329423757,6.799223534602714,0.24677253204496574
1822,3.3159873380092946,6.792627092096039,0.1769632398136877
1823,3.287185799005004,6.788274414116243,0.1052200698644847
1824,3.267948490080547,6.786819432868149,0.03168689440372911
1825,3.2530243580913005,6.786795583323098,-0.03534731432107184
1826,3.244700264039086,6.787212516482587,-0.06937935038704467
1827,3.23552843666011,6.78798550968159,-0.09878941063069718
1828,3.230932877106577,6.788449001195671,-0.09929656509791018
1829,3.230365283815297,6.788497679506899,-0.08277081760320086
1830,3.2302661636986247,6.7884941936334995,-0.037298975514724705
1831,3.2302183049800366,6.788495021822361,-0.002909847110833693
1832,3.2301781785525128,6.788495446980114,0.03245502867854662
1833,3.2301545069471236,6.788495790565157,0.05678060406582607
1834,3.230117914879926,6.788496804040696,0.09459774399178207
1835,3.230073445227182,6.788497469779082,0.1341680707758667
1836,3.2300173539500983,6.788495656443123,0.17559150914627228
1837,3.2299726812745613,6.788493672727748,0.20425285515246938
1838,3.230759641438708,6.788702811666272,0.2502201321120024
1839,3.234648013024451,6.789770211656288,0.2903123969492543
1840,3.2388328435716094,6.791114561669295,0.3344277943937442
1841,3.249830846646683,6.7953669644547565,0.4003482541437431
1842,3.2597234289034804,6.796423730553775,0.445525149973083
1843,3.2795116532721065,6.810395008038007,0.5391016693031433
1844,3.2972559403319366,6.8218987776886975,0.6093049104440184
1845,3.3200713015414816,6.83888263595169,0.6743496265150007
1846,3.3357923942870977,6.851858160918386,0.7099652449752187
1847,3.3511439444050586,6.865394207637333,0.7376226088650609
1848,3.366183896633264,6.87927326713958,0.7528498627306773
1849,3.3809922799743877,6.893211777834236,0.758669279679238
1850,3.3958413799610554,6.907312781490373,0.7561643224193666
1851,3.410724114148012,6.921273068723023,0.7493041452328685
1852,3.425725143079713,6.935114112471219,0.7391653790718848
1853,3.4402593276061117,6.948237642064738,0.7273986471782908
1854,3.45267612131597,6.959148064775025,0.7117549622184196
1855,3.464764056859361,6.969393560248269,0.6910731589279075
1856,3.4826333912852188,6.983726758389119,0.6571835017715077
1857,3.4940769015505686,6.992266492529238,0.6166565145650181
1858,3.4972361876931037,6.994441944310264,0.5712098922793488
1859,3.491495337777528,6.99095610458784,0.523511833154634
1860,3.4764285895541436,6.982721696331236,0.47521853329482444
1861,3.4519263754159555,6.970801227401255,0.4272442632247601
1862,3.4171439956141514,6.955865365953298,0.3799241350844107
1863,3.373582815480931,6.9394907647155275,0.3332706957144934
1864,3.3358803469628895,6.9272499663877305,0.2869305451015997
1865,3.3076880476709873,6.919502571923112,0.24046622675983434
1866,3.2893383914651015,6.9153504853576715,0.19347473126668918
1867,3.277678562221582,6.913296835116816,0.14944526481880535
1868,3.2714833312084726,6.912424348728364,0.12856990711756186
1869,3.266831599309001,6.911851581326923,0.11841737600815816
1870,3.264065566921718,6.9115253941692405,0.12071552842694482
1871,3.2633093548616814,6.911438066582405,0.13634033384589514
1872,3.2632090801199403,6.911422779757516,0.1720778341042904
1873,3.263162260881595,6.911417764330671,0.19817201918513336
1874,3.2631143034909837,6.911410836255414,0.2257068141477139
1875,3.263039634941464,6.911397249440288,0.26923214919956906
1876,3.2630034931134,6.911395133085857,0.30047862628021127
1877,3.2629449712885963,6.911375185590382,0.3543908396862483
1878,3.262948791586864,6.911382140247684,0.38715875435768843
1879,3.262935344583697,6.911381775463791,0.41710180853639306
1880,3.2628960273071965,6.9113738209243145,0.44583438802282227
1881,3.268312906163799,6.914115982166738,0.48419284864448636
1882,3.276412316263775,6.91847741901388,0.5050966683418036
1883,3.285735900812153,6.923751326628858,0.5269072107782319
1884,3.2976506037807387,6.93086171123532,0.5530324492510236
1885,3.313056954668518,6.9406449504801575,0.5824612604606403
1886,3.329218750139022,6.951608995113728,0.613585119323981
1887,3.345554723084715,6.9634484967435215,0.6437801104075365
1888,3.3617576109566167,6.975905946068846,0.6685068174226777
1889,3.3855632563622335,6.995242157997631,0.69456762206912
1890,3.393406889340726,7.001814343424836,0.6994474290610717
1891,3.409015593060313,7.0150264718270225,0.7045916113276859
1892,3.432383480476089,7.034925899951698,0.7032229315187586
1893,3.448066096927473,7.048092841271377,0.691008800132999
1894,3.472007452389733,7.067315811015187,0.6568476488050635
1895,3.4917530193797117,7.082019278079523,0.6167492901194452
1896,3.5005071758714648,7.088077508077175,0.5890299319241833
1897,3.5070945670897045,7.0923290814174935,0.5464394467459907
1898,3.506638087172278,7.09206315525316,0.5176718988958401
1899,3.498290393255555,7.087549520899341,0.4747018882681763
1900,3.4874206289894705,7.08212667877337,0.44639545067048236
1901,3.462975792126825,7.071001953317131,0.4046231471901763
1902,3.4410941557575665,7.061921670250931,0.3772741522755408
1903,3.414638045298169,7.051778624491224,0.3502488877912114
1904,3.3662699766977147,7.035098023135851,0.31013036558633383
1905,3.3281490406968235,7.023338802090684,0.2835188811165084
1906,3.290911467206922,7.012917089064839,0.25685641966332934
1907,3.257843473987005,7.004607114275741,0.23002247511883253
1908,3.22907494994458,6.998194779058795,0.2029254230263099
1909,3.20469020406017,6.993447912012305,0.17544922115964204
1910,3.184740679111252,6.990130365588979,0.14749832708953764
1911,3.1693020490214288,6.988002485666843,0.1189700483488852
1912,3.1542948971699536,6.986465445407971,0.07514726886438333
1913,3.147184562517201,6.986011307488043,0.048501193924295874
1914,3.1412881248780025,6.985779845711657,0.02927495141716733
1915,3.135469921498604,6.9856514707471264,0.02097561190191272
1916,3.1340481003128837,6.985622731534733,0.03137419665005928
1917,3.133890680668494,6.985615426533349,0.06540419083681967
1918,3.1338626246599817,6.985617094282916,0.09018723117436653
1919,3.133814756142336,6.985616652705291,0.1290263317146961
1920,3.1337781095085018,6.985614047723887,0.15601349595160563
1921,3.133784524360666,6.985619663073118,0.19811632711716792
1922,3.133911919479307,6.98564940461092,0.22730171945564825
1923,3.1340969924768096,6.98570076668918,0.27267090011705625
1924,3.134188744166302,6.985734806191029,0.3261316198414386
1925,3.134340807671068,6.985792864863312,0.36176108933952106
1926,3.1345671746963903,6.985892643869454,0.4080933878607188
1927,3.134683604225138,6.9859607336806295,0.4370959654013519
1928,3.1348627569201826,6.986054494617057,0.4816676950614935
1929,3.1350133148035133,6.986144986258017,0.5073106678634286
1930,3.1351335516982077,6.986235979313295,0.5305717278385557
1931,3.1353277256775773,6.986360050940037,0.5658409335260423
1932,3.1355013602118236,6.986481526469668,0.5832094928152106
1933,3.1357676370770236,6.98668272020857,0.5948503443429384
1934,3.135913071336462,6.986786448581481,0.5990367657907981
1935,3.136044382819018,6.986879130999505,0.6044691877351503
1936,3.1362421857301506,6.987020465997174,0.6155749439315759
1937,3.1363735087498235,6.987117205262085,0.6241461484537252
1938,3.1365030934475504,6.987215161336965,0.6332657960324439
1939,3.136693095713126,6.987360883858938,0.6474412385242905
1940,3.136818673359746,6.987460349574914,0.6569670636358633
1941,3.137007092754241,6.987613193423699,0.6710770512291163
1942,3.137133793949773,6.987718231867775,0.6802658243558589
1943,3.1372621422143,6.987826306452607,0.6891973324623499
1944,3.137404705542145,6.9879439120571245,0.6964622709655586
1945,3.1376216548632176,6.988133296067228,0.70183406040404
1946,3.1377607532859835,6.988249823816825,0.7034614201956505
1947,3.1378959648286977,6.988364790530513,0.7044700012495536
1948,3.1380291358618,6.988478468874467,0.7049984560187946
1949,3.138222669236232,6.988643843090796,0.7051355452136674
1950,3.1384138406464577,6.988806933319876,0.7047341290801322
1951,3.1386018681345216,6.988966798826487,0.7039864019785471
1952,3.138726590735065,6.989072480529292,0.7033641104409175
1953,3.138912301029531,6.989229314767103,0.7023237707821866
1954,3.1390366078285963,6.989334020023964,0.7015922782689048
1955,3.139160229573936,6.989437995909802,0.7008511053796509
1956,3.1393432202942955,6.989591663961951,0.6997551534206687
1957,3.1394640652475836,6.989693039357586,0.6990457992994052
1958,3.13964261773484,6.98984267137754,0.698018998351404
1959,3.139701998214549,6.9898923878401416,0.6976885027196678
1960,3.139877582344619,6.990039232163719,0.6967415472453862
1961,3.1400515159069933,6.990184416715367,0.6958737347545091
1962,3.140225942305785,6.990329722422284,0.6950821206778486
1963,3.1403408636698065,6.990425301571595,0.6945904930727909
1964,3.1404556915497146,6.990520703926029,0.6941227782386852
1965,3.1406260922218254,6.990662116446954,0.6934667959094828
1966,3.1407386790170424,6.990755466905993,0.6930601527222212
1967,3.1409064773402298,6.990894511596703,0.6924953413747482
1968,3.1410162853453154,6.990985430939381,0.6921533183977643
1969,3.1411809000978406,6.991121662585174,0.6916893091073184
1970,3.14134390308373,6.991256460067919,0.6912740649684848
1971,3.1414518364101687,6.991345660662644,0.6910169425278654
1972,3.141613158144081,6.991478895720239,0.69065857548525
1973,3.1417192469792607,6.991566454079509,0.6904359438477771
1974,3.1418784589750204,6.991697785880404,0.6901248657958539
1975,3.141983986814559,6.991784794704378,0.6899320488755244
1976,3.1421405771691098,6.991913848396658,0.6896623226304816
1977,3.1422942862561625,6.992040480408163,0.689416586933506
1978,3.1424476672174384,6.992166794870815,0.6891944266016634
1979,3.142598310936858,6.992290813538012,0.6889938421606535
1980,3.142698581293495,6.9923733370113315,0.688871147044737
1981,3.1427981761998747,6.99245528780185,0.6887563715881142
1982,3.1428965486364864,6.992536210300566,0.6886481317337896
1983,3.1429949415355596,6.992617133897991,0.6885460093363949
1984,3.1431392736857715,6.992735827917333,0.6884184620777548
1985,3.1432352801784496,6.992814760855903,0.6883530270870042
1986,3.143329701757482,6.9928923857649234,0.6882994528568039
1987,3.1434238618776145,6.992969794019156,0.6882551718281887
1988,3.143518023751165,6.9930472004315485,0.6882183907579258
1989,3.143656791012765,6.9931612709884625,0.6881743789300895
1990,3.143749142112575,6.993237182773601,0.6881508904469005
1991,3.143839950380065,6.993311824546087,0.6881313562765353
1992,3.1439758028311475,6.99342349032152,0.6881082860071112
1993,3.144066387731731,6.993497945338233,0.6880960943897036
1994,3.1441563397659658,6.9935718831149165,0.6880859703998367
1995,3.1442451613752573,6.993644884013931,0.6880780895542906
1996,3.1443783921680604,6.993754386501237,0.6880695556711299
1997,3.1445092259232528,6.993861920611021,0.68806487973178
1998,3.1445962822343962,6.9939334722731585,0.688063741476024
1999,3.1447255536735637,6.99403970784995,0.6880505217148359
2000,3.1448116377131523,6.994110453977601,0.6880309213008152
2001,3.1449393101163925,6.994215366854226,0.6879910526853869
2002,3.145023700944756,6.994284708223925,0.6879600546696604
2003,3.1451074911535057,6.9943535535511066,0.6879269718652029
2004,3.1452315822166685,6.994455494232484,0.6878756307619801
2005,3.145314305560859,6.9945234473132984,0.6878411570313373
2006,3.1453964448585463,6.994590916521355,0.6878068331238797
2007,3.1454775517994475,6.9946575299387375,0.6877721294913824
2008,3.1455580732755712,6.994723663596774,0.6877376216390391
2009,3.145637566372313,6.9947889403886965,0.6877048540168251
2010,3.1457170574680067,6.994854214012402,0.6876739439777968
2011,3.1457959879762614,6.994919027128756,0.6876448099277244
2012,3.1459128934986182,6.99501501012704,0.6876044686062209
2013,3.1459908317666816,6.995078998410355,0.6875796201237804
2014,3.146068220605811,6.995142535707122,0.6875562862283044
2015,3.146182840961716,6.995236629032173,0.6875241313391852
2016,3.1462592543114405,6.995299357056867,0.6875043961197912
2017,3.1463733350535152,6.995393004302127,0.6874769772558078
2018,3.146485707137569,6.995485239961409,0.6874512627995035
2019,3.146559353171015,6.995545686237434,0.6874340587759139
2020,3.1466327898519113,6.995605960239037,0.6874160615425585
2021,3.14674294315279,6.995696364923458,0.687388382066044
2022,3.146851444031391,6.995785409210702,0.6873614210252335
2023,3.1469236629900954,6.995844674213513,0.6873443771785593
2024,3.147031471650874,6.995933146543613,0.6873203556497041
2025,3.1471022512998363,6.995991224274816,0.6873063376240048
2026,3.147172517105221,6.996048884659932,0.6872940223176027
2027,3.1472418787890386,6.99610579693034,0.6872836773206418
2028,3.147311238271947,6.996162708599644,0.6872749859741051
2029,3.1473794362130136,6.99621866341349,0.6872657145438127
2030,3.1474814431207294,6.996302359187608,0.6872481340490666
2031,3.147548920025303,6.996357723177798,0.6872348009273885
2032,3.147648740132067,6.996439614978979,0.6872133845344586
2033,3.1477152816818297,6.996494205060953,0.6871986188896388
2034,3.147814020693754,6.996575209462039,0.6871787044044528
2035,3.1478466644308845,6.996601991003888,0.6871740369953983
2036,3.147911956873188,6.996655553636924,0.6871672334570094
2037,3.148008813690098,6.9967350071672625,0.6871594150019429
2038,3.1480408299783527,6.996761271390648,0.6871557791755026
2039,3.14813687154748,6.996840055692764,0.687142230787821
2040,3.1482318069815616,6.996917928923396,0.6871264091825828
2041,3.14829454526486,6.996969390677495,0.6871157640752171
2042,3.148387181910039,6.99704537997922,0.6871050192554155
2043,3.1484488393648857,6.997095954427837,0.6871024255950396
2044,3.148510499532309,6.997146532535797,0.6871024467556763
2045,3.1486013219812423,6.9972210336417975,0.6871061082976033
2046,3.148661755584211,6.997270607005767,0.6871102549385761
2047,3.1487221900035665,6.997320181907231,0.6871152773500506
2048,3.1487815271001693,6.997368859073118,0.6871224521480611
2049,3.148840682013115,6.997417387726105,0.6871325365925725
2050,3.1489574753731833,6.997513202137102,0.6871550575388137
2051,3.149015511444126,6.997560815689659,0.6871646412165439
2052,3.1490735454487373,6.997608428220986,0.6871731702101138
2053,3.149130578092191,6.997655219412635,0.6871808485707195
2054,3.149215463391511,6.997724865444018,0.687191013613945
2055,3.14927118664567,6.997770582591551,0.6871966679772924
2056,3.1493269051851844,6.997816297270042,0.6872014665702368
2057,3.149382620989773,6.997862010078411,0.6872055302195422
2058,3.149437372417902,6.99790693134135,0.6872093102520714
2059,3.149491962569451,6.997951720015753,0.6872131047783872
2060,3.1495461483829503,6.997996178801517,0.6872169729122852
2061,3.1495996189013984,6.9980400445809465,0.6872215654064969
2062,3.149626353070137,6.998061976808278,0.6872240903809281
2063,3.1496798208938905,6.998105842131268,0.6872294418382877
2064,3.1497585417229663,6.998170426825534,0.6872387426944039
2065,3.1498371063748314,6.998234884369597,0.6872493808447137
2066,3.149914456674246,6.99829835001079,0.6872612675702657
2067,3.149991678723034,6.9983617123404365,0.6872741975956485
2068,3.1500431592866116,6.99840395488495,0.6872829951746484
2069,3.150093737294745,6.998445457690716,0.6872921638957554
2070,3.150144164823134,6.998486838153016,0.6873018454465384
2071,3.150218398846847,6.998547755767267,0.6873176789557032
2072,3.15026779014012,6.998588286802829,0.687329001694979
2073,3.150317181195614,6.998628818732025,0.6873405712529672
2074,3.15038988600564,6.9986884855485965,0.6873588385905084
2075,3.1504382591744213,6.998728184435067,0.6873715688465428
2076,3.150509464808249,6.998786625360091,0.6873917521650608
2077,3.1505796977935674,6.998844269826803,0.6874133862597142
2078,3.150649307608643,6.998901406979477,0.687436582490695
2079,3.150717636671293,6.998957497835494,0.687461185023541
2080,3.1507630999834073,6.998994820336242,0.6874782415981796
2081,3.1508085630063962,6.999032145219414,0.6874954040850014
2082,3.1508754864492263,6.999087094041669,0.6875218042758201
2083,3.150942276809905,6.999141935672736,0.6875487471489944
2084,3.1509868039019424,6.999178498525962,0.6875665231425171
2085,3.151030550542208,6.9992144215848615,0.6875843921710356
2086,3.1510738972869405,6.999250019668521,0.6876026167006206
2087,3.1511167666423305,6.999285222763907,0.6876214238769598
2088,3.151159634621992,6.999320420167127,0.6876405032708249
2089,3.1512024639433873,6.999355574718662,0.6876597174727481
2090,3.15126588723744,6.9994076291644465,0.6876889379614608
2091,3.151307889722338,6.999442089464037,0.6877087716980169
2092,3.151349188418064,6.999475923799336,0.6877288195558986
2093,3.1514110420643258,6.999526515904139,0.6877594138777703
2094,3.1514523422094656,6.999560237264685,0.6877796985137756
2095,3.1515132244909516,6.999609855366406,0.6878104311422482
2096,3.1515537882085236,6.99964284553367,0.687831083198149
2097,3.1515940336108925,6.999675596695887,0.6878515733870407
2098,3.1516337845442077,6.999707747423655,0.6878721783931134
2099,3.151673572320739,6.999739941423474,0.6878928175363158
2100,3.151732763208964,6.999787727518906,0.6879149515248528
2101,3.151791313817921,6.99983536137086,0.6879075491727906
2102,3.1518302007405032,6.999867219807823,0.6878910093495538
2103,3.151868238646642,6.999898836653663,0.6878708371941072
2104,3.151924776884059,6.999945910168813,0.6878384151344817
2105,3.1519802705708204,6.999992032871838,0.6878058783713202
2106,3.152017071259421,7.000022495146655,0.6877852436045417
2107,3.1520718247417716,7.000067689472285,0.6877572125560126
2108,3.152108417347839,7.000097853194872,0.6877394122038016
2109,3.152145075587895,7.000128026130809,0.6877221003228321
2110,3.152199362542364,7.000172854410669,0.6876926786466442
2111,3.1522357083717525,7.0002028569616686,0.6876695239566676
2112,3.1522718823014806,7.000232834466609,0.6876449782541509
2113,3.15230766360209,7.00026242724413,0.6876185454988978
2114,3.1523435765055154,7.000292129999516,0.6875907818597605
2115,3.152396766492084,7.000336079969322,0.687549906786807
2116,3.1524145173138227,7.00035073141096,0.6875370687105852
2117,3.15245012038782,7.00038016754885,0.687512796006702
2118,3.1525033843730865,7.000424214712396,0.6874783204908874
2119,3.1525566200886717,7.00046810822676,0.6874432947842807
2120,3.152609847644115,7.0005121856908215,0.6874099368462965
2121,3.152645347404008,7.000541462920663,0.6873880358984082
2122,3.1526988386921664,7.000585594576664,0.6873561566417472
2123,3.1527340945647815,7.000614767852252,0.6873400490913094
2124,3.1527696775935836,7.0006441529161405,0.6873284297290153
2125,3.152822831123688,7.000687801458479,0.6873204448254618
2126,3.152858420672058,7.000717210305473,0.6873211780822652
2127,3.152907485760611,7.00075673269889,0.6873275970088867
2128,3.152948694388665,7.000791408134499,0.6873329001378299
2129,3.152976951125321,7.000814625160769,0.6873357866079897
2130,3.1530055218881876,7.000837765328152,0.687339014422306
2131,3.153033775339528,7.000860850383114,0.687346160057824
2132,3.1530765998500976,7.000895906007206,0.6873616739740905
2133,3.153090849813684,7.000907588860767,0.687364801599216
2134,3.153119231743031,7.000931439628525,0.6873666185859378
2135,3.1531623044541335,7.000966219357105,0.6873657857078973
2136,3.1531909212705096,7.000990267186066,0.6873655612995428
2137,3.153220282433777,7.001014058719773,0.687365435968025
2138,3.1532637294685544,7.001050014184748,0.6873653086193691
2139,3.1532931109157705,7.001073809533797,0.6873658222242262
2140,3.1533511313768585,7.001121606351229,0.6873781847346604
2141,3.1533804997389043,7.001145544948624,0.6873874870220908
2142,3.1534242661606116,7.001181541662377,0.6873907461661678
2143,3.1534536845658145,7.001205813209468,0.6873872581186167
2144,3.1534817620710487,7.001228403432352,0.6873798205969918
2145,3.153519173312022,7.001258694814402,0.6873639567904578
2146,3.1535559139731766,7.00129018137502,0.6873453483688553
2147,3.1535809488079254,7.001309834613187,0.6873378175622373
2148,3.153605697332341,7.001330414662195,0.6873391729168635
2149,3.153643119913547,7.001360797298418,0.6873532273632459
2150,3.1536678136839296,7.001381645125863,0.6873683058946854
2151,3.1537056552089053,7.001412112502418,0.6873929472697821
2152,3.153730366463671,7.001433056784756,0.6874051620467443
2153,3.1537559383784775,7.0014538153685315,0.6874139623971331
2154,3.153806076455813,7.001495224149152,0.6874161456120373
2155,3.153844289451728,7.001526341451618,0.6874060070074406
2156,3.153882145926908,7.001557249682468,0.6873899468528606
2157,3.153907313030131,7.001578142130619,0.6873776166528536
2158,3.153945120257234,7.001608950907241,0.6873574414087048
2159,3.153978998037068,7.001637754975496,0.6873360045765884
2160,3.1540122816560996,7.001664102594852,0.6873192255724644
2161,3.154033899007565,7.0016826316352185,0.687312973364916
2162,3.1540669971811277,7.001709184566425,0.6873084327809177
2163,3.1541003652631794,7.00173593099851,0.6873078075503241
2164,3.1541218582093906,7.001754418139551,0.687306494659874
2165,3.154143904149117,7.001772290962072,0.687302372578583
2166,3.1541769379579256,7.0017997238286425,0.6872926003642006
2167,3.154210249867603,7.001826273608942,0.6872925667933993
2168,3.1542428971473813,7.0018537361177975,0.6873088729428354
2169,3.154275883771503,7.0018806008774135,0.6873247650429825
2170,3.154308953344763,7.001907493638888,0.6873361773336181
2171,3.1543415155864496,7.001934602614751,0.6873366830418388
2172,3.154372238884851,7.001960239910339,0.6873288699191026
2173,3.154402001224261,7.001983592300967,0.6873238852041007
2174,3.154431053911485,7.002008222189643,0.6873231235519824
2175,3.154460321205416,7.0020322048895505,0.687324948331858
2176,3.1544900819611206,7.00205603187566,0.6873284073960444
2177,3.15451914554263,7.002080544997077,0.6873326294007212
2178,3.154538871542795,7.002096067753728,0.6873357371928427
2179,3.1545771786878647,7.00212771860439,0.6873352291387912
2180,3.1546055493803915,7.002151400891834,0.687337475238008
2181,3.154634109580535,7.002174471540508,0.6873696702096023
2182,3.1546528601628463,7.002190176178908,0.6874012071609745
2183,3.154681223437598,7.002213177113004,0.6874369554691411
2184,3.154709280023513,7.00223624486011,0.6874592394447088
2185,3.1547370455721455,7.002258869128875,0.6874678901790324
2186,3.154763661821448,7.002280706985821,0.6874679299400893
2187,3.1547899854925054,7.002302353119092,0.6874663492616532
2188,3.154815496027987,7.002323471646071,0.6874644326576341
2189,3.1548407621848913,7.002344187579994,0.6874627432255591
2190,3.154865873517316,7.002364717103331,0.6874609553468672
2191,3.154890905392242,7.002385147632639,0.6874587210740406
2192,3.154907607886837,7.002398820110375,0.6874572010153234
2193,3.1549326349563533,7.002419276962915,0.6874538478156301
2194,3.1549491624838337,7.002432773136369,0.6874498807303758
2195,3.1549821884446807,7.0024598021500015,0.6874343500002935
2196,3.1549905059401406,7.002466608617391,0.687428821922532
2197,3.1550073489357877,7.00248035015198,0.687416443367127
2198,3.155032315613583,7.002500788268196,0.6873983645444653
2199,3.155048195150005,7.002514079385242,0.6873899538587853
2200,3.1550637279301568,7.002527016427474,0.6873840996735981
2201,3.1550867982316237,7.002545856665877,0.6873794748807165
2202,3.1551102765372896,7.00256467345991,0.6873779704527341
2203,3.1551260519531215,7.002577326992776,0.6873782547221771
2204,3.155149114716952,7.00259606451486,0.6873791184731295
2205,3.1551713198551936,7.002614416596358,0.6873787711637764
2206,3.1551937487465542,7.002632816176007,0.6873715731031801
2207,3.1552085857819163,7.002645005732609,0.6873642879689413
2208,3.1552231910712587,7.00265703649301,0.687357896654474
2209,3.155237773457675,7.002669076551622,0.6873524939483749
2210,3.155252035060887,7.0026808456700715,0.6873479309500151
2211,3.1552734504186795,7.002698586932223,0.6873424950381822
2212,3.155287694887697,7.002710405841458,0.6873395265749008
2213,3.1553017270749875,7.002722059810217,0.6873370509150785
2214,3.1553157170352835,7.002733680542084,0.6873349724196826
2215,3.1553364759292193,7.002750649603249,0.6873326786071163
2216,3.1553570005563305,7.002767467723731,0.6873310812797115
2217,3.1553770610622642,7.002784066871096,0.6873314809898994
2218,3.1553905464825935,7.002795031647251,0.6873334032460523
2219,3.1554039932240534,7.002805930891485,0.6873360888194676
2220,3.1554237677923194,7.002822271708932,0.6873399670879603
2221,3.15543027683124,7.002827713490267,0.6873410051284599
2222,3.1554434635969972,7.002838523076354,0.6873428503034454
2223,3.155463003346004,7.002854407379992,0.6873455584406306
2224,3.1554758861550485,7.002864999934189,0.6873481799768469
2225,3.1554886890052836,7.002875661148625,0.6873511862905071
2226,3.155501402364327,7.002885972251495,0.6873540994242845
2227,3.1555139601479003,7.002896092782523,0.6873566957384866
2228,3.1555324076464593,7.002911328430927,0.6873603433605925
2229,3.155544708900739,7.002921565316164,0.6873626661509254
2230,3.155569061952134,7.00294139962753,0.6873675362318821
2231,3.155587148316383,7.0029561575228225,0.6873711375824644
2232,3.155604794136959,7.002970975819009,0.6873749483356097
2233,3.1556165933719016,7.0029806014144365,0.6873778016362073
2234,3.1556340210455356,7.0029948281699435,0.6873822408197212
2235,3.1556455794044758,7.003004326269182,0.6873853880218908
2236,3.155662756064617,7.003018489001085,0.6873901337395888
2237,3.155674142092263,7.003027826182364,0.6873934784819337
2238,3.155685704592003,7.00303703959993,0.6873969058185684
2239,3.1557023355595892,7.003050876279894,0.68740206186782
2240,3.1557190131698287,7.003064591570719,0.6874075898147263
2241,3.155729951689929,7.003073287800127,0.6874236167140875
2242,3.155740683483914,7.003082243256385,0.6874595508188145
2243,3.1557513535022634,7.003091345990009,0.6875101447819696
2244,3.155767619864798,7.003104371101559,0.6875926936246468
2245,3.1557783751996786,7.003113230811904,0.6876319507972476
2246,3.155789095742147,7.003122090136932,0.6876603789081556
2247,3.155805063790461,7.003135099464889,0.6876851238035256
2248,3.1558206598032723,7.003148117738664,0.6876885209377637
2249,3.1558310362064645,7.003156412117401,0.6876881061686244
2250,3.1558463013230313,7.003169089929835,0.6876874691097791
2251,3.1558613428712765,7.003181467911563,0.6876874990469934
2252,3.1558714632796763,7.003189625176893,0.6876877502015246
2253,3.1558862463526456,7.003202049723337,0.6876881742368478
2254,3.1558961474111165,7.003209935768273,0.6876888275318682
2255,3.155910764702903,7.00322198233884,0.6876899588757655
2256,3.1559203286999433,7.003229899956187,0.6876909833855501
2257,3.1559347258197175,7.0032416145643905,0.6876927831847316
2258,3.1559489021472373,7.003253347961381,0.6876946387076862
2259,3.155962857234097,7.0032648281280405,0.6877078101549662
2260,3.155976516638028,7.00327596807488,0.687758542859707
2261,3.15599011950578,7.003287197981989,0.6878237535593915
2262,3.1560037512716757,7.003298435675213,0.6878673263616724
2263,3.1560128243207277,7.003305734288077,0.6878864228093058
2264,3.1560261764907516,7.003316838921458,0.6879051964223506
2265,3.15603059362212,7.003320501269356,0.6879096493544771
2266,3.156043860665727,7.003331192512539,0.6879187880595885
2267,3.1560524815118707,7.00333856684416,0.6879224746041289
2268,3.1560654945061213,7.003349164776637,0.6879258308003409
2269,3.156078408189699,7.003359529242345,0.6879272495994044
2270,3.1560866648048163,7.003366795863429,0.6879277297424268
2271,3.1560994339727735,7.003376679608874,0.687928398192223
2272,3.1561076530353827,7.003383579825122,0.6879284652315886
2273,3.156115728288177,7.003390562921714,0.6879272002113128
2274,3.1561280031238654,7.0034004001084025,0.687910876467363
2275,3.1561401725240668,7.003410522317568,0.6878824745282114
2276,3.1561522433709848,7.003420309347496,0.6878613770728519
2277,3.1561601585926895,7.003426813140601,0.687852663425733
2278,3.1561716682847947,7.00343641303852,0.6878448812724304
2279,3.156183360365351,7.003446060408473,0.6878416761608858
2280,3.1561952153122528,7.00345536287029,0.6878370268901435
2281,3.156206844305998,7.003465339238859,0.6877804996881559
2282,3.1562185694228484,7.003474658067874,0.6876783768890341
2283,3.1562259899672513,7.0034809829584095,0.687611128003457
2284,3.156233254347424,7.003487069060748,0.6875639435689099
2285,3.156240819861281,7.003492698835368,0.6875321969776633
2286,3.156247968479251,7.003498746557832,0.6875116661378133
2287,3.1562550752422696,7.003504943173632,0.6875001518209793
2288,3.1562623129760645,7.003510733458481,0.6874954199479157
2289,3.156269453726404,7.003516489719823,0.6874950944252676
2290,3.156280001910063,7.003525250022587,0.687500275426966
2291,3.156287046558413,7.003530872902356,0.6875062584722257
2292,3.1562971753958413,7.003539262126197,0.6875409284628242
2293,3.1563070580385264,7.00354738009826,0.687656807775842
2294,3.1563170104636344,7.00355564917712,0.6878009340290164
2295,3.156327112630136,7.0035638151679604,0.6879375499631474
2296,3.156337199323559,7.003572167687891,0.6880513708196991
2297,3.156347331043601,7.003580424534999,0.6881067529807766
2298,3.1563573340719384,7.003588748366907,0.6880931379722816
2299,3.1563673670535968,7.003596871754534,0.688012017562552
2300,3.1563767836648804,7.003604603773245,0.6879278304541188
2301,3.156386086630079,7.003612544772284,0.6878772973627318
2302,3.1563955708288924,7.003619851631957,0.687846496936685
2303,3.156401547700587,7.003625242779918,0.6878276781371399
2304,3.156410980231203,7.0036326443621135,0.6878015317438821
2305,3.156420058620158,7.003640213883356,0.6877723756666902
2306,3.1564260411891576,7.003645232973344,0.6877498963149336
2307,3.156432162204043,7.0036500936471455,0.6877258869320477
2308,3.156438118403088,7.003655048648104,0.6877048174895932
2309,3.156443825075741,7.0036599962089765,0.6877070060010403
2310,3.1564527967545586,7.003666787806615,0.6877448844429536
2311,3.156458411690802,7.003671762508442,0.6877706665466106
2312,3.1564660160661657,7.0036781843505045,0.687902398525545
2313,3.1564713134977254,7.003682209622856,0.6880734756840095
2314,3.1564792289147583,7.003689006171661,0.6884044867565432
2315,3.156487678005985,7.003695792372249,0.6887189579266959
2316,3.156496154827783,7.003702814369162,0.6889762192820706
2317,3.156501798520768,7.003707680675727,0.6890917505990811
2318,3.156507554905618,7.003712209547572,0.6891716576736606
2319,3.1565132251380175,7.003716656515997,0.6892217598448683
2320,3.1565186226081257,7.003721522905166,0.6892381303353003
2321,3.1565242823138298,7.003726034532327,0.6892276274180138
2322,3.156532459988545,7.0037326849025865,0.6891695913685043
2323,3.1565404431390753,7.003739409753027,0.6890740905135172
2324,3.1565463842429846,7.003743965615776,0.688937579384513
2325,3.156552212670822,7.003748869910094,0.6886967112217774
2326,3.1565579270027513,7.0037535373867135,0.6883798416961083
2327,3.1565679463456937,7.00376176206868,0.6877277941312668
2328,3.156574994071837,7.003767705813686,0.6873848205798581
2329,3.156582459843286,7.003773549604312,0.6870716676788252
2330,3.1565898631343416,7.003779668971128,0.686758278698659
2331,3.1565950859662735,7.003783887497685,0.6864936371634116
2332,3.156600396508241,7.003788036965412,0.6861834498527031
2333,3.1566066137197337,7.003793737890954,0.6857646480493518
2334,3.156608532166516,7.003795221767626,0.6856979593290267
2335,3.1566124712717962,7.003797945367021,0.6856585448911579
2336,3.1566185003920753,7.003803372219025,0.6857372338449201
2337,3.156620808070762,7.003805238438957,0.685766468468115
2338,3.156630068670798,7.003812217344948,0.6858783166912226
2339,3.1566367299907,7.003818329981029,0.6859055770399751
2340,3.1566419840746986,7.003821739216644,0.6858674882679744
2341,3.1566491308628772,7.003828378628362,0.6856524561788955
2342,3.156654047032311,7.003832172214011,0.6854287215339318
2343,3.1566605477713083,7.003837069605805,0.6850763554022495
2344,3.156663974244572,7.003840722336272,0.6849280059266581
2345,3.1566679806209645,7.003843494001703,0.6848455532084783
2346,3.1566733333452373,7.00384772444932,0.6848839090357217
2347,3.156676866726409,7.003850790749737,0.6849925521926178
2348,3.156682562382625,7.003855204497026,0.6852382854557998
2349,3.1566866680355274,7.0038586076516784,0.6854087209036763
2350,3.156692931222927,7.003863870480776,0.6856084189410284
2351,3.156699137278067,7.003868691389547,0.6857600779460448
2352,3.156703131667826,7.003872114591134,0.6858420883217791
2353,3.156707079965088,7.0038755519793865,0.6859125385695394
2354,3.1567110607110145,7.003878724987032,0.6859756821666292
2355,3.15671455925175,7.0038814246640015,0.6863571458292792
2356,3.156716748181904,7.003883548944389,0.6868631741853509
2357,3.1567198888697234,7.003886141704748,0.68744648450811
2358,3.1567252502976917,7.003890274669322,0.6883148941401245
2359,3.1567287770182264,7.00389348586859,0.6888816710577775
2360,3.156735355482967,7.003898794890306,0.6895558187124425
2361,3.156739840808368,7.00390230375342,0.6898546683474983
2362,3.156747035219586,7.003908225395839,0.6900784686287024
2363,3.15675401854361,7.00391403238473,0.6897535291189619
2364,3.156760645294125,7.003919246829422,0.6890550727405326
2365,3.1567668041431727,7.003924925466738,0.6877430275409465
2366,3.156770739802683,7.003928028178325,0.6868295441162
2367,3.1567736256567227,7.003930147137209,0.6864066557507364
2368,3.1616062104779603,7.0078700797853495,0.6827263567134955
2369,3.1693169686407665,7.014109942277342,0.6775589544014513
2370,3.1877315073496932,7.028775541586803,0.6671339765634253
2371,3.203640660110763,7.04121765233934,0.6590933497445042
2372,3.2198016745237896,7.053648326774342,0.6512162934089669
2373,3.2360626026983574,7.065956310570462,0.6436911523278895
2374,3.2524130778437845,7.078143066096004,0.6365112232129003
2375,3.2770996874198084,7.096210716381431,0.6263470294915389
2376,3.30197120902829,7.1140396332462075,0.6168246086697136
2377,3.3270105816960127,7.131639102353674,0.6079448642622648
2378,3.3437859117193693,7.143251116477909,0.6023567250959947
2379,3.369064023293282,7.160494104213438,0.5942519963560219
2380,3.3859906914630025,7.171871955222187,0.588790373446913
2381,3.403026190862299,7.183184854958133,0.5830359115274939
2382,3.4286856765167277,7.199917892535914,0.5713608730517755
2383,3.4458813091723455,7.210888458290658,0.5634260980211189
2384,3.4631673870298263,7.221724520752489,0.5556041775175299
2385,3.4781123145725696,7.230932133604151,0.5466755366733546
2386,3.4892185601034784,7.237626141435288,0.5358573498882636
2387,3.496409360298205,7.241852883332187,0.5236935290678774
2388,3.4996426599481785,7.2437003765103025,0.5106089799147734
2389,3.4988512495436295,7.243264384707012,0.4969192929054379
2390,3.489976822364467,7.23857317902539,0.4757176680997991
2391,3.4716941927136418,7.22939337952138,0.45415128740185606
2392,3.454181439811002,7.220975646082811,0.4397302907784048
2393,3.43234607270524,7.210870602323538,0.42533859505632216
2394,3.4061454673084413,7.199192648867441,0.4110041786848758
2395,3.3755249810143075,7.18606309007319,0.39673794131776097
2396,3.3212153396005526,7.163926526495849,0.3754717551041822
2397,3.2567353601722697,7.139219632848335,0.35434565900662623
2398,3.2135329229734984,7.123509363298391,0.3402651854174006
2399,3.1563979652939533,7.103872145093908,0.31907015752472256
2400,3.10877970605078,7.0886229414162365,0.2977767876902462
2401,3.082403383309497,7.080694377284755,0.28346515277755446
2402,3.0509881062945166,7.071858670861451,0.26175590484587186
2403,3.035538089509822,7.067814777608141,0.24710630302138392
2404,3.0245232622709888,7.065102021072781,0.23227944506254466
2405,3.0153272013602304,7.0630150464600625,0.2105549222323735
2406,3.0101486352959057,7.061947638700487,0.19913359613242346
2407,3.0083710701224673,7.061591203962102,0.2104351150328621
2408,3.0091559634263296,7.061761867152986,0.2448010178999654
2409,3.009983739736569,7.0619843892650005,0.284891681140202
2410,3.0108095210405104,7.062247314246439,0.32806118751592034
2411,3.0113545406785973,7.062445604601201,0.3580431862807785
2412,3.0123376127081483,7.062839920666427,0.40717728733935754
2413,3.013168800842885,7.063220557377837,0.4592946886622729
2414,3.013985991128936,7.063654242511664,0.5048971411809321
2415,3.014521887275295,7.063969379881822,0.528448938974895
2416,3.0152518132137986,7.0644163981157115,0.5626152506220605
2417,3.0160331043724637,7.064922062049877,0.5897441045528133
2418,3.016517900233318,7.065261179982293,0.6036722959563928
2419,3.016983271937899,7.065588147562429,0.6181027235924292
2420,3.0174444487660517,7.065921841671932,0.6325655536235207
2421,3.0179027398306153,7.066263840471185,0.6467265227227672
2422,3.0185781408386125,7.066786029679525,0.6673394561770861
2423,3.0190240745970303,7.067142747816669,0.6806154138078462
2424,3.0197410062864054,7.0677336693348725,0.6952156738972605
2425,3.0202517757814245,7.068154315474386,0.6956658521044816
2426,3.020728410196013,7.068554487896926,0.6889534801291105
2427,3.0213864200750646,7.069096053009398,0.6779357303533683
2428,3.0218188988891947,7.069440609492709,0.6733660494923538
2429,3.022256368373397,7.069787624652242,0.6700079266927238
2430,3.0229034047754344,7.070298654225648,0.66669853307858
2431,3.0233362634800107,7.07063827136743,0.6653605501143803
2432,3.023980556106002,7.071142315777401,0.6642802120977267
2433,3.024193902287733,7.071309290705815,0.6641104453849058
2434,3.024618319346216,7.0716419978652825,0.6639870298261068
2435,3.0252500344041646,7.072136160103282,0.664202325217176
2436,3.0256716858918944,7.072465820773603,0.6645343323642936
2437,3.0262945458945523,7.07295405564769,0.6652191688006867
2438,3.026913885680658,7.0734407942658475,0.6660470085959186
2439,3.0275256785459246,7.073921745170576,0.6669569717984354
2440,3.0279334174142636,7.074242747805293,0.6675860862297396
2441,3.0285393737944846,7.07472104371007,0.6685359417008696
2442,3.029141096894075,7.0751970020679495,0.6694682890871374
2443,3.0297371526344112,7.075669033894083,0.6703705018203149
2444,3.0301316913591787,7.075981939565419,0.6709522082187181
2445,3.0305231586849475,7.076292883912914,0.6715181867961241
2446,3.031296228977563,7.07690815146133,0.6726301560192629
2447,3.0318740226165612,7.077368700170928,0.673433265653834
2448,3.0324460593673677,7.077825487994114,0.6741770920636051
2449,3.032636704277898,7.077977827251334,0.6744112227094152
2450,3.0330157852995856,7.078281020374047,0.674861615541501
2451,3.0335785808102145,7.078731883536972,0.6755069871957432
2452,3.033951137028834,7.079031652451535,0.6759163666343498
2453,3.0343212552841092,7.079327835447199,0.6763023101953822
2454,3.0346909047039854,7.079624790954157,0.6766655754587647
2455,3.035059713866153,7.079922897138892,0.6770081756423109
2456,3.0357915798168578,7.08050995875008,0.6776385684900805
2457,3.0361545059765063,7.080803324622868,0.6779295743699626
2458,3.036693267812778,7.081238593130056,0.6783441760498187
2459,3.037050753770735,7.0815253160754015,0.6786142585762293
2460,3.0375830358033267,7.081956525477912,0.6790060601253867
2461,3.037935828113489,7.082238969513698,0.6792492419572365
2462,3.0386293199813084,7.082802341535047,0.6796918941048328
2463,3.0391486249075315,7.083220722056193,0.6799914411495054
2464,3.0394896585099107,7.083495520828205,0.6801790913261372
2465,3.0399984301026026,7.083909150053548,0.6804463997064879
2466,3.040335762499928,7.084182508699204,0.6806163127238181
2467,3.040669780782781,7.0844517586720706,0.6807855465261088
2468,3.0410015707650038,7.084724096272536,0.6809536733080542
2469,3.0414974343452372,7.08512436363236,0.6812040620383245
2470,3.04198914453185,7.085521638943908,0.6814586062327237
2471,3.0424744002630586,7.085918646162479,0.6816931464695962
2472,3.0429623440634455,7.086311370986323,0.6818932281019066
2473,3.043440984703142,7.086701022643834,0.6820673204761551
2474,3.043759812391665,7.086959981289278,0.6821714909562667
2475,3.044078220356711,7.087219956529419,0.6822677435660602
2476,3.044551429609808,7.087605871896599,0.6823998913766679
2477,3.0448648152128097,7.087861243476277,0.6824823426420525
2478,3.045176492725653,7.08811398248622,0.6825615357594489
2479,3.0456382826928907,7.088489721049914,0.682682370890576
2480,3.0460961795299286,7.088860189971557,0.6828062099804346
2481,3.04654972215339,7.089229348098308,0.6829378361528231
2482,3.0468486357226237,7.0894768846507485,0.6830253572514998
2483,3.047147924835853,7.0897182599205095,0.6831025132376431
2484,3.0474464746565055,7.0899603922042695,0.6831694869146343
2485,3.0478851808191307,7.090321442627727,0.6832557899076995
2486,3.048180172234284,7.090558226962039,0.6833052398172278
2487,3.048472560187066,7.090798536303602,0.6833488969175682
2488,3.04876194716998,7.091032747767036,0.6833880591435384
2489,3.0490505399741274,7.091266982972934,0.6834236166652395
2490,3.0493368479427363,7.091504036291172,0.6834557271714682
2491,3.0496253457483244,7.0917359283554475,0.68348434105473
2492,3.0499081741219274,7.091969413171053,0.6835092378578342
2493,3.050194175201613,7.092198521077851,0.6835306113491051
2494,3.0504723225466535,7.092428403415968,0.6835510112287009
2495,3.0507518554238917,7.092655438825477,0.6835718958789829
2496,3.051026769350859,7.092879184500174,0.6835946318919074
2497,3.051436963743465,7.093215147997408,0.6836326088849035
2498,3.051710679958468,7.093439011399115,0.6836590602290434
2499,3.052118403965394,7.093769206879481,0.6837012307679267
2500,3.0525222614760446,7.094097577107462,0.6837499380647682
2501,3.0529242095686535,7.0944254039584385,0.683802038432445
2502,3.053320250969904,7.094749114979031,0.6838602169176882
2503,3.053580217038556,7.094963264604824,0.6838942752205962
2504,3.0538418123999396,7.095174450175505,0.6839174568078904
2505,3.0541012614387957,7.09538802692436,0.6839318061214157
2506,3.054613741128088,7.095805394288685,0.6839441906795235
2507,3.054995022120302,7.096117560792088,0.6839435297470013
2508,3.055371775008784,7.096425120883906,0.6839379979298698
2509,3.055621663877107,7.09662779468374,0.6839327797030054
2510,3.0558684751072955,7.096828748361548,0.6839269387155359
2511,3.05611406216021,7.097030977821567,0.6839205825413406
2512,3.056361491078479,7.09723087197085,0.6839135221184781
2513,3.0567255637245108,7.097526938666216,0.6839010168129374
2514,3.05696495171719,7.097727328152091,0.6838918607000852
2515,3.0572056301100385,7.097919829934962,0.6838825835888415
2516,3.057562555083195,7.0982124629782115,0.6838687533517911
2517,3.0579205041498385,7.098499863472998,0.6838546986819856
2518,3.058270090397722,7.098787320437126,0.6838449265855848
2519,3.058504698775098,7.098976594414493,0.6838404599385519
2520,3.0589626718821057,7.0993530058718335,0.6838403002243043
2521,3.0591919069714235,7.099539991180759,0.6838440797197685
2522,3.05953068995674,7.099816244390107,0.6838544389707684
2523,3.0597556415870657,7.100000292236068,0.6838651924344453
2524,3.0602001283059823,7.100361930211373,0.6838963647451671
2525,3.0604209254388564,7.100541868964231,0.6839167887416425
2526,3.0607478350600825,7.100809040959536,0.6839534598382409
2527,3.0609634378469948,7.100985920530061,0.6839827302710852
2528,3.0612858941668795,7.10124656628631,0.6840235113257838
2529,3.061604431261832,7.101508018763283,0.684042674956032
2530,3.0619214552388954,7.101765516247628,0.6840445204552003
2531,3.062235980115496,7.102018986689191,0.6840328590768072
2532,3.0625442062176043,7.1022739232562,0.6840134104275695
2533,3.0628496186943863,7.102528294164373,0.6839923292090115
2534,3.063057135571956,7.102693517302098,0.6839742626336089
2535,3.0633667468407477,7.1029462548939675,0.6839420834849742
2536,3.0635696949498694,7.1031111227735035,0.6839174063814009
2537,3.0638738518066075,7.10335646235982,0.6838785177749938
2538,3.0640730800028675,7.103523325937401,0.6838516868139262
2539,3.0642725230034,7.103690319217717,0.683821963117507
2540,3.0644767863896467,7.103847884583319,0.6837891027127407
2541,3.0646737991997437,7.104010307432016,0.6837527601588952
2542,3.064867672568493,7.104175898994618,0.683717544493911
2543,3.065068023265908,7.104348435028924,0.6836706030163547
2544,3.065270164391382,7.104508158730709,0.6836134012759206
2545,3.0655726667581367,7.104751181494543,0.683509513886497
2546,3.0657697125885814,7.104899424496425,0.6834420535198708
2547,3.0660553587964507,7.105163085626369,0.6833470877449944
2548,3.0663622900211833,7.105396940659615,0.683211430199712
2549,3.066659588314915,7.1056420305704995,0.6830770525442339
2550,3.066811826579825,7.106292688031402,0.682782922290834
2551,3.0671138775482714,7.1064720198965015,0.6824866923867837
2552,3.067372566928644,7.106695802354251,0.6823551750814527
2553,3.067708213328289,7.106998261216767,0.6823454060403042
2554,3.0678775111644736,7.107147130761797,0.6823879894207758
2555,3.0681297809647847,7.10736945393021,0.6824890123287307
2556,3.068297799711807,7.1075172249024146,0.6825735863877381
2557,3.0686144964440665,7.1072407126365365,0.6823160905139144
2558,3.0689672255574303,7.107116614221875,0.6815912815699451
2559,3.069156325897862,7.107241835899641,0.6813389350128987
2560,3.0693469281845607,7.107362109100832,0.6812261563800829
2561,3.069621400069794,7.107534837952012,0.6812248124868014
2562,3.069793043108547,7.107653319698228,0.6813010025920282
2563,3.069880924682664,7.1087115938009715,0.6813852140303489
2564,3.070193335475512,7.108831133580846,0.6815805050794476
2565,3.0704144703082474,7.109064725132823,0.681904284029479
2566,3.0705619086894296,7.109215297545808,0.6820876904545483
2567,3.070773400272755,7.109434303055235,0.6823546249304759
2568,3.0709122069126438,7.109576062116615,0.6825288993972445
2569,3.0710550940875825,7.109711820659124,0.6826983209217858
2570,3.0711271679172625,7.109875923673966,0.6828421411564444
2571,3.0711938735084288,7.10985825653446,0.6823714162600112
2572,3.0713383826244,7.109982297573122,0.68192099789189
2573,3.0715688954605658,7.110151927992364,0.6814974080808236
2574,3.071724295600145,7.110266044865259,0.6813291647966766
2575,3.0719565689098496,7.110436318174544,0.6811922595844285
2576,3.072109512118613,7.110556155971542,0.6811574109421306
2577,3.0723445444286472,7.110739785566204,0.6811906999926503
2578,3.0724904560114794,7.110857062831858,0.6812532737023517
2579,3.0727109973582936,7.111036831967603,0.6814176212657607
2580,3.072928952951861,7.111216350257351,0.681626844126502
2581,3.073071700978518,7.111334939234316,0.6817605669750959
2582,3.073283161156628,7.111510415741299,0.6819386304916177
2583,3.0734261734191426,7.111631747988165,0.6820493627415294
2584,3.073708056684967,7.111860864964597,0.6822603890484323
2585,3.0739155759965007,7.1120243237294565,0.68237664418602
2586,3.074123414127518,7.11219226841548,0.6824856581857802
2587,3.074263021374013,7.112304934410501,0.6825666089243759
2588,3.074534999335144,7.112528622036256,0.6827398277742651
2589,3.0746707700287086,7.112638450940512,0.6828256890572082
2590,3.0748676467921445,7.112798920041278,0.6829457451828472
2591,3.074999426027039,7.112907884745639,0.6830228822943489
2592,3.0751325550573276,7.113014040725541,0.6831047571463472
2593,3.0753260678595042,7.113173080289273,0.6832293318821497
2594,3.0754569292261205,7.1132796855662574,0.6833165636702875
2595,3.0756483805691714,7.113435106036416,0.683457657788245
2596,3.075774731997596,7.113537082003585,0.6835515823970998
2597,3.075897711412687,7.113638897151152,0.6836436638396344
2598,3.0760225567482613,7.11374089667873,0.6837390968243413
2599,3.0761470146896865,7.1138417888684975,0.6838391697878923
2600,3.076331048524111,7.113989769929756,0.683984423582014
2601,3.076511505500482,7.1141394663257955,0.6841282036904512
2602,3.0766913130819487,7.114285587152096,0.6842620345515891
2603,3.076869513075654,7.114429227570244,0.6843443828410946
2604,3.077042713137459,7.114571265610953,0.6843928319584122
2605,3.0772150475943243,7.114711539963369,0.6844187580696307
2606,3.0773827665627476,7.114848071148371,0.6844293651333392
2607,3.0774938099714513,7.114939367199095,0.684433082381408
2608,3.0776589863131254,7.115075098462352,0.6844313401213205
2609,3.077767317244609,7.115163936576833,0.6844280710153128
2610,3.077877069493411,7.115253427286545,0.6844240016605491
2611,3.0779838690480408,7.115339344163279,0.6844174695747637
2612,3.078091083912064,7.115427855871348,0.6844094776900443
2613,3.078199085768841,7.115514158099328,0.6844014440691754
2614,3.078355589080798,7.115642128281171,0.6843871783789901
2615,3.078459667664844,7.115727606128507,0.6843799811088519
2616,3.078564153752014,7.115813356528282,0.6843718174158266
2617,3.0787188345611516,7.115938711290583,0.6843618769525592
2618,3.0788707696143947,7.116063045363029,0.6843531759673414
2619,3.0790211681774844,7.116187364831221,0.684344142084137
2620,3.0791717372224428,7.116310024941225,0.6843346932261113
2621,3.079321660979795,7.116430874746672,0.6843261401902959
2622,3.079419766919968,7.116510750806874,0.684320358145768
2623,3.0796126686768686,7.116667980336641,0.6843135854947582
2624,3.079754517150096,7.116785308765595,0.6843122813486809
2625,3.0798960504065036,7.11690079584639,0.6843150593293499
2626,3.08003559413492,7.117014134996862,0.6843209192306869
2627,3.0801279645132773,7.117088525740908,0.6843272733804352
2628,3.08026475652239,7.117201194850162,0.6843383864524918
2629,3.080399640856955,7.1173115907734426,0.6843536497175063
2630,3.0805782584219927,7.117456441577537,0.6843783513353487
2631,3.0807098380588984,7.117565171495159,0.6844006578301998
2632,3.0808833499586106,7.117705790227991,0.6844341486927623
2633,3.0810119636530717,7.117810031556012,0.684462657313988
2634,3.0810956936908775,7.117880172042849,0.684483594504248
2635,3.0811812834860284,7.11794752153289,0.6845058051397965
2636,3.081306087888038,7.118049405153115,0.684540894415381
2637,3.0814297079514064,7.1181503865939595,0.6845790255747748
2638,3.081552579753993,7.118250705654531,0.6846183948782864
2639,3.081673262521034,7.118349327998838,0.6846606796187845
2640,3.0817532848195586,7.118414994520296,0.6846892662336377
2641,3.0818712877631387,7.118511233048676,0.6847337707852884
2642,3.081987466524905,7.1186060653061505,0.6847815182761525
2643,3.0821025502372597,7.118699916137783,0.6848327792271408
2644,3.082217662184594,7.118793956619639,0.6848822735745888
2645,3.082332859090467,7.118887997061172,0.684901129502802
2646,3.082446142661492,7.1189805301613225,0.6848921778712947
2647,3.0825580357215996,7.119072041260273,0.6848625365753241
2648,3.0826678808346935,7.119162045960222,0.6848217304344405
2649,3.082776443363104,7.119251007789385,0.6847781724093048
2650,3.0828490859743103,7.119309710081814,0.6847484155837966
2651,3.0829205162076785,7.1193684247581865,0.6847183591979634
2652,3.0829909739510346,7.119427120127441,0.684688474647777
2653,3.083062629513792,7.11948411474883,0.684658949488395
2654,3.0831670984729356,7.119569745286865,0.684615754339937
2655,3.0832013088637176,7.119598611032113,0.6846016651157399
2656,3.083305431881268,7.119682903870242,0.6845596119752312
2657,3.0834080361159333,7.1197661254349045,0.6845173770137847
2658,3.0834757370816317,7.119822559625706,0.6844891052421186
2659,3.0835447154672955,7.11987750818892,0.6844611297327843
2660,3.0836121568835018,7.1199317797945945,0.6844347494233107
2661,3.083680385999971,7.119987384231031,0.6844128771668638
2662,3.083747644742798,7.120044239716347,0.6843953310145743
2663,3.083815377082221,7.12009787790312,0.6843816449329108
2664,3.0838830516156452,7.120152427027084,0.684371566753156
2665,3.083948740458569,7.120207801918396,0.6843650920023336
2666,3.084015201509647,7.1202615746902636,0.68436115041954
2667,3.0840820878661943,7.12031461568013,0.6843595032583569
2668,3.084180027684856,7.120394882586487,0.6843614091484306
2669,3.0842450988885455,7.120448329310966,0.6843641640969528
2670,3.0843430087242636,7.120527710192057,0.6843707581342499
2671,3.084413087338239,7.120573466636157,0.6843746345973213
2672,3.0844696166957366,7.120635691724411,0.6843784106376419
2673,3.084565543652523,7.120712656327323,0.6843829812753384
2674,3.084629255516112,7.120763038045626,0.6843873645596941
2675,3.0847211701740807,7.120841493683314,0.6843965029617753
2676,3.084785396223504,7.120888300068724,0.6844042027473607
2677,3.0848504847471276,7.120934578309432,0.6844125176185021
2678,3.0849392767854114,7.121012927655468,0.6844271048276341
2679,3.0850301540926655,7.121087699386861,0.6844428332589636
2680,3.0850912664158434,7.121135390304693,0.6844531286293288
2681,3.085151024536574,7.121184309892172,0.6844627344869822
2682,3.0852079539122848,7.121236813308044,0.6844719121516506
2683,3.08529791025202,7.121306561727567,0.6844846965640058
2684,3.085361280806733,7.121348320341816,0.6844938776229728
2685,3.085445097637641,7.121421614757056,0.6845084064044239
2686,3.0854702537609215,7.121448501924462,0.6845136971932957
2687,3.085531936203368,7.121489670586816,0.6845240433419638
2688,3.08559563475974,7.121526919935293,0.6845336939671794
2689,3.085652723480285,7.121569136008595,0.684542925122037
2690,3.0856956424944397,7.121626195708851,0.6845448713354366
2691,3.085783430668356,7.121684376167649,0.6845460112987689
2692,3.085865615330954,7.121747496349976,0.6845407017382745
2693,3.0859328075956416,7.121817766019803,0.6845228554727919
2694,3.0859833478539,7.121858140528689,0.6845031362936685
2695,3.0860585234473756,7.121915581642669,0.6844700562769774
2696,3.086106667208587,7.121957955989211,0.6844494960648421
2697,3.0861557258036023,7.121996412131181,0.6844296423877891
2698,3.0862309040133638,7.122051473639719,0.6844004432622904
2699,3.0862785833760213,7.122093970951249,0.6843878072983361
2700,3.0863548750220584,7.1221537900617795,0.684386045878129
2701,3.08640484302818,7.122195765675312,0.6843930221973558
2702,3.0864866045756467,7.122250751776485,0.6844132307683467
2703,3.086533523699432,7.122297167188032,0.6844324687822432
2704,3.0866116004348703,7.122354142724966,0.6844628408090958
2705,3.0866845369890625,7.122417199878592,0.6844941030984518
2706,3.086759813055065,7.1224776379585055,0.684533188710948
2707,3.08683229341587,7.12253934935661,0.6845833702926513
2708,3.086882190731386,7.122574712731771,0.6846151367745374
2709,3.0869559041546584,7.122633171580043,0.6846684100686788
2710,3.0870006256082947,7.122676543446731,0.6847038664031339
2711,3.087048885967733,7.122713673481036,0.6847400865400923
2712,3.0870978973176255,7.12274952383572,0.6847773824832771
2713,3.087146535529311,7.122785417060476,0.6848142876363684
2714,3.0872149856690685,7.122848543616277,0.6848721224826009
2715,3.0872595855749734,7.12288946268462,0.6849127710578696
2716,3.0873290870484182,7.122945402094837,0.6849771329828886
2717,3.0874036226141848,7.122997556693455,0.6850489131316536
2718,3.0874696021421695,7.123054466193535,0.6851219481089624
2719,3.087537326287711,7.123108979767362,0.685192012357135
2720,3.087608920022347,7.1231467929473755,0.6852576248083108
2721,3.087638139349378,7.123200660343337,0.685285415332302
2722,3.087847461157691,7.12290295858555,0.6852196721940503
2723,3.0878833888969495,7.12298613633533,0.6850530095353119
2724,3.0879307753801375,7.123015256665171,0.6850354715733528
2725,3.0879981243529966,7.123062338101128,0.6850886052850385
2726,3.0880376955484814,7.123095558235803,0.6851525064989379
2727,3.08807393172391,7.123129250208504,0.6852292069949881
2728,3.0881272921217184,7.123179583296967,0.685359209512531
2729,3.0881684023806573,7.123209316860481,0.6854533087127442
2730,3.0882104873199374,7.123240030990502,0.6855502067663967
2731,3.0882665418409605,7.1232907692517164,0.6856953537475554
2732,3.088303650140327,7.123322270725268,0.6857927784987901
2733,3.0883619116676435,7.1233639795963954,0.685943995144728
2734,3.088398629703678,7.123395225841554,0.6860448024033935
2735,3.0884530124684817,7.123443851248968,0.686166400100507
2736,3.0884926174987903,7.123471127696948,0.6862254037699956
2737,3.0885452467522883,7.123517931416645,0.6862890233654911
2738,3.0885804687069713,7.123548437371405,0.6863138142858797
2739,3.0886186032933147,7.123576107343408,0.6863292353883755
2740,3.0886710119494056,7.123621582522725,0.6863482299109376
2741,3.088706270782388,7.123651238997722,0.6863634450098837
2742,3.088760512394622,7.123692568227528,0.6863899859297656
2743,3.0887939479205677,7.123722905269243,0.6864067326791518
2744,3.0888291648372297,7.123751416421577,0.6864245340098936
2745,3.088881553393143,7.123793046175351,0.6864517052838937
2746,3.088915136088972,7.123822095299462,0.6864682832272536
2747,3.0889498126390884,7.12384990711596,0.6864854385198591
2748,3.0890008212898485,7.123890761302278,0.6865003206378096
2749,3.089033248692032,7.123919491470456,0.686500857232007
2750,3.089085074610675,7.123956780341115,0.686507291144282
2751,3.0891163650015088,7.123985742400712,0.6865157993721043
2752,3.089165502684901,7.124026732155172,0.6865326887546479
2753,3.0891988498722913,7.12405257398911,0.6865450944838848
2754,3.0892305497956607,7.124079427789598,0.6865493796794424
2755,3.089277583291247,7.124118792772569,0.6865569592391105
2756,3.08931083510039,7.124142662427273,0.686566951033785
2757,3.089340999063375,7.1241702650224905,0.6865775501475818
2758,3.0893714927302045,7.124196244290418,0.686589438853425
2759,3.0894036821670694,7.124220334880357,0.686603242987521
2760,3.089448951108208,7.124259019243088,0.6866212345168159
2761,3.0894788593027953,7.1242840503872324,0.6866257081860727
2762,3.089510604472266,7.124307194169321,0.6866251471202355
2763,3.089553807557227,7.124345523180556,0.6866155328432929
2764,3.0895835573370065,7.124369666605081,0.686607374097867
2765,3.089628446256341,7.124404724303967,0.6865947489083183
2766,3.0896423220241083,7.124417307136993,0.6865905976664816
2767,3.0896708627359604,7.124441721312659,0.6865842778099118
2768,3.089700919306814,7.124464049765503,0.6865809245476331
2769,3.0897291649752083,7.124488126541138,0.6865825139670467
2770,3.089756973168653,7.1245123346683625,0.686588801787483
2771,3.08980031913292,7.124545310912813,0.6866052890398566
2772,3.0898139965636564,7.124557117026011,0.6866109732251873
2773,3.08984098768306,7.124581093942037,0.6866232947239514
2774,3.0898837277881053,7.124613550339797,0.6866447294397507
2775,3.089910935776253,7.124636452466464,0.686658073957852
2776,3.089936840582214,7.1246599705339335,0.6866704196920205
2777,3.089978324945261,7.124691270433631,0.6866855483492943
2778,3.090004468764949,7.124713782165031,0.6866918239696895
2779,3.0900433089723065,7.124746753066039,0.6867053203459779
2780,3.0900703021778018,7.124767477533312,0.6867166693863987
2781,3.09009674814022,7.124788953716501,0.6867280673609905
2782,3.090121640821861,7.12481122095494,0.6867392187221845
2783,3.090161674938668,7.124841153764274,0.68675809644142
2784,3.0901986659394844,7.124874072494289,0.6867744187550126
2785,3.0902368116681047,7.12490471722863,0.6867895279975941
2786,3.090274374134188,7.124934373256763,0.6868041582894661
2787,3.0902979718902066,7.12495577996572,0.6868134578651045
2788,3.0903232632355673,7.124975006773194,0.6868244147069025
2789,3.0903478863339946,7.124994357546046,0.6868353689387756
2790,3.0903828529314885,7.125025535444727,0.6868502725338389
2791,3.09042024506415,7.125053241290763,0.6868674809642203
2792,3.0904543148856822,7.125084070757541,0.6868810632577189
2793,3.090490606362562,7.125111455473413,0.6868962522057702
2794,3.0905248768686584,7.125140887797313,0.6869091623953982
2795,3.090559234268088,7.125169192106824,0.6869236064392885
2796,3.09058300889859,7.125186711029251,0.6869360858531754
2797,3.090614948181472,7.125215813213726,0.6869517693256252
2798,3.0906380333035384,7.125233076106094,0.68696222526213
2799,3.0906704935367055,7.125260347944646,0.686979471860036
2800,3.090691913623166,7.125278581853721,0.6869940289692453
2801,3.090714146619652,7.1252955473620325,0.6870105594052804
2802,3.09074585621548,7.125322399819801,0.6870364064967345
2803,3.0907669470740604,7.12534030738134,0.6870545584390956
2804,3.0907896596623696,7.125356216242796,0.6870741378364358
2805,3.0908098773860906,7.125373815767564,0.687092441862423
2806,3.09084053898832,7.125400175208688,0.687121182517449
2807,3.090872163649621,7.125424437851914,0.6871522400201402
2808,3.0908915159375843,7.125442515401807,0.6871721804258782
2809,3.090912174165373,7.125458726804948,0.6871936745291084
2810,3.090933268490635,7.125473908489958,0.6872163867682847
2811,3.0909522320265554,7.125491348225614,0.6872378519574662
2812,3.090971467283897,7.125508315924271,0.6872597030287532
2813,3.0909924351226428,7.125523079887921,0.6872834069758577
2814,3.0910120042728573,7.125539206750524,0.6873063064309227
2815,3.0910403895571292,7.125564554660384,0.6873399347387501
2816,3.0910607958138008,7.125578957969354,0.6873642544328582
2817,3.091079332522114,7.125595519250151,0.6873872936573009
2818,3.0911074561489325,7.125619093940794,0.6874231591857175
2819,3.0911364612005556,7.125641679716832,0.6874604462190274
2820,3.0911537638802997,7.125658164223013,0.6874848385952979
2821,3.0911729038082107,7.125672401477106,0.6875114627219182
2822,3.0912004109491713,7.125694100318242,0.6875518939627222
2823,3.0912172404622456,7.1257102217137085,0.6875785048771487
2824,3.0912361053938042,7.125724183196733,0.6876066956808519
2825,3.0912632474448305,7.125745563389441,0.6876486465060466
2826,3.0912796465111496,7.125761501295468,0.6876760421789875
2827,3.091307223731997,7.125781366469575,0.687720037466873
2828,3.091332290578342,7.125803671251505,0.6877630805941242
2829,3.091349101034952,7.125818410609545,0.6877921543194351
2830,3.091376115073348,7.12583793119825,0.6878365549841181
2831,3.0914001261620645,7.125860420884696,0.687879286025761
2832,3.091427058082639,7.125879549362375,0.687924525505745
2833,3.091450537234702,7.125901527689771,0.6879678646111064
2834,3.091476178987523,7.125920841307215,0.6880135582270074
2835,3.091492605336921,7.12593390343231,0.6880438953287199
2836,3.0915157313485526,7.125955392051385,0.6880890907122701
2837,3.09153314265564,7.12596709613457,0.6881208247400865
2838,3.0915488562510665,7.125980197938483,0.6881519325263705
2839,3.0915710886575978,7.126000897505787,0.6881985008301684
2840,3.091587882539413,7.126012215683213,0.6882319580584004
2841,3.0916100611725645,7.126032200611692,0.68828098613091
2842,3.0916172846745487,7.126038877605639,0.6882976521410799
2843,3.0916415464192872,7.126055862940731,0.6883499772198222
2844,3.091662439282989,7.126075865677012,0.6884013142623477
2845,3.091677498185589,7.126087881384121,0.6884366614403159
2846,3.091700298927186,7.1261049284059235,0.688490452719563
2847,3.091720857001081,7.126124327240173,0.688543453194441
2848,3.0917365606945393,7.126134507083703,0.6885757958512134
2849,3.0917572922420016,7.126153072917419,0.6886089971190732
2850,3.0917786372036566,7.126170300187499,0.6886056221120982
2851,3.0917934657503476,7.126180990410635,0.6885787129144448
2852,3.091806505179326,7.1261938836843814,0.688538301261158
2853,3.0918200360947163,7.126205779477223,0.6885069232088808
2854,3.0918352376439526,7.126215364633906,0.6884962809316396
2855,3.091854625228849,7.126233236185791,0.688477635989839
2856,3.09186762093339,7.1262451074549995,0.6884322236074047
2857,3.091889565283616,7.126260166454053,0.6883361273195725
2858,3.091901756874314,7.1262725504550115,0.6882703572719077
2859,3.091914894572206,7.126283579044138,0.6882099082782953
2860,3.091929242544577,7.126292401466834,0.6881460737934002
2861,3.091941583282079,7.126303471859931,0.688071074765884
2862,3.091953466821202,7.126316155961102,0.6879901056030427
2863,3.091974911673597,7.126330121777956,0.687874149606213
2864,3.0919816309401735,7.126335099986887,0.6878513624024644
2865,3.091998513841578,7.126352787256687,0.6878329044801333
2866,3.0920115585923944,7.126362626816035,0.6878456735484122
2867,3.0920184434220714,7.12636684231883,0.6878472244085696
2868,3.092031458897873,7.1263767366469155,0.6878381807163776
2869,3.092048478605235,7.126393815517867,0.6878211529804258
2870,3.0920619494213892,7.126401971128401,0.6878356105348047
2871,3.09207926391961,7.1264175003702235,0.6878773780973572
2872,3.0920903406947633,7.1264281923223205,0.6879143364015917
2873,3.0921034547969968,7.126436603321429,0.6879567842875945
2874,3.0921205669534513,7.126451733283607,0.6880532268769574
2875,3.0921373058314634,7.126466388598107,0.6881921736335137
2876,3.0921554122081885,7.126478446291438,0.688351947360404
2877,3.092165143676777,7.126489516333635,0.6884610884368174
2878,3.0921827758085807,7.126502427446877,0.6885627087940577
2879,3.092194848474709,7.1265105774687205,0.6885779529153694
2880,3.0922093918988445,7.126526267671882,0.6885579993794825
2881,3.0922273771482462,7.1265381640233905,0.6885257857242504
2882,3.092238113468095,7.1265476240203665,0.6884989828480608
2883,3.0922479315457627,7.12655780643287,0.6884595860404218
2884,3.092260065691242,7.1265652614673485,0.6884052957190465
2885,3.0922712552723204,7.126573979065353,0.6883398255117446
2886,3.0922849875105793,7.126588886876571,0.6883177168484781
2887,3.0922904832623463,7.12659247866835,0.6883393162178018
2888,3.092302182881551,7.126599387339418,0.6884097231384557
2889,3.0923166671371907,7.126613664297436,0.6884664681609396
2890,3.0923272255819167,7.126622154092144,0.6884511162732666
2891,3.092338859925977,7.126628930339218,0.6884109456328968
2892,3.0923479404912975,7.126638093588709,0.6883533483157015
2893,3.092356953620288,7.126647762144351,0.6882862242550768
2894,3.0923738174916235,7.126658501836665,0.6881889805776392
2895,3.092383594219963,7.126667351526313,0.6881397992605408
2896,3.092392302686476,7.126677164169034,0.6880967692813141
2897,3.092403271614429,7.126683450043696,0.6880444719737568
2898,3.0924134146134827,7.126689750942013,0.687983166488999
2899,3.0924259918117283,7.126703836009053,0.687889912824841
2900,3.092436238797437,7.126712265574763,0.6878474446712606
2901,3.092455911995178,7.126726213212734,0.6877789290690304
2902,3.092463643952062,7.126735326187837,0.6877259719531125
2903,3.0924794207631563,7.1267449530450255,0.6876887201467238
2904,3.0924928640857283,7.126757484874238,0.6877129761068069
2905,3.0925048067295675,7.126768654780675,0.6877701932741078
2906,3.0925188481543606,7.126777813348279,0.6878443945478101
2907,3.0925311346884663,7.126790784430417,0.6878973098256254
2908,3.0925461435424677,7.1267990457258,0.6878732445534521
2909,3.092556838968059,7.126810977400951,0.6878015067014984
2910,3.0925709634089023,7.126821505751,0.6877104020865088
2911,3.09258365505156,7.126831718231384,0.6876357463986209
2912,3.0925910760956077,7.126839699739309,0.687603741680516
2913,3.0926005437800903,7.126845686292572,0.6875824725901635
2914,3.09260542855507,7.126848635887011,0.6875743502207039
2915,3.0926130982642213,7.1268564380457144,0.6875733277271127
2916,3.092619641431503,7.1268643287529425,0.6875950780825478
2917,3.092623733140506,7.126866768864309,0.6876128976648874
2918,3.0926335698582634,7.12687141006024,0.687657458185348
2919,3.092641241824428,7.126878456503538,0.6877210276597686
2920,3.0926483325560126,7.1268866272132385,0.6878091373474715
2921,3.0926569955801186,7.126892523630783,0.6879036839811837
2922,3.092665985066103,7.126897174742596,0.6879454651009554
2923,3.092672344185307,7.1269044709044564,0.687941690022029
2924,3.092675309376389,7.126908893651197,0.6879281613459565
2925,3.0926878935365436,7.1269180091314,0.6878232683782624
2926,3.0926970177422155,7.126923157854062,0.6877084021238439
2927,3.0927065347150235,7.126934977849297,0.6875371530001804
2928,3.0927192011382685,7.126942635383871,0.6874085556269186
2929,3.092726637066642,7.126948018191746,0.6873758933021856
2930,3.0927326698819786,7.126955950900362,0.6873785936897221
2931,3.0927405763672935,7.126962580907043,0.6874067221714703
2932,3.0927495661856392,7.126966356759964,0.6874508920058213
2933,3.0927556153588758,7.126972018184819,0.6875019870410805
2934,3.09276097451876,7.126979601159695,0.6875568439961905
2935,3.092773272365085,7.126987099512671,0.6876476502927197
2936,3.0927771749084023,7.12698973976149,0.6876784983381475
2937,3.092783330887067,7.1269970019119615,0.6877391717584559
2938,3.0927931501790136,7.127004590883493,0.6877877694344658
2939,3.092801173510041,7.127008992159298,0.6877384227080444
2940,3.0928103137914555,7.127020134110259,0.6875902528408291
2941,3.0928141106760414,7.1270231274707,0.6875410608088262
2942,3.092826162480421,7.127029221585334,0.6874108819766628
2943,3.092831157890279,7.127035625965063,0.6873705300450744
2944,3.092833773921323,7.127039315950907,0.6873759294616892
2945,3.0928450606765114,7.127046485687067,0.6874625300924332
2946,3.0928523622337543,7.1270511308136815,0.6875301978830791
2947,3.0928575223607226,7.1270583217814965,0.6875726102787352
2948,3.0928629773894305,7.127064023190496,0.6876001085440877
2949,3.0928708714283384,7.127066686593694,0.6876140427353855
2950,3.0928779633542143,7.12707119375157,0.6876125225812397
2951,3.0928829219905825,7.1270781386924735,0.6875996527918815
2952,3.0928888464263857,7.127084416176963,0.6876129703005412
2953,3.0928968738617217,7.1270875441143895,0.6876718215876332
2954,3.092903012519857,7.127092580671829,0.6877573452854356
2955,3.09290690017621,7.127099669245749,0.6878199523883503
2956,3.092912580307485,7.127104460279639,0.6878353644777448
2957,3.0929202595005516,7.127107156243603,0.6878377656557013
2958,3.092926116773192,7.127112004180916,0.687921204115658
2959,3.092930708111317,7.127118496773166,0.6880700513773774
2960,3.092940556597076,7.127124281794397,0.6883428760799155
2961,3.092947025745927,7.127128295563759,0.6885026609178994
2962,3.092952718024604,7.127138134530325,0.6887130555379185
2963,3.092958546311293,7.127141693862685,0.6888072669336956
2964,3.092965801957696,7.127144212814172,0.6888408358041782
2965,3.092970975630214,7.127149401093907,0.6888317851633781
2966,3.0929753927275816,7.127156356297452,0.6887729669305489
2967,3.092982387800277,7.127160550662328,0.6886651380170138
2968,3.092991882604441,7.1271658869974726,0.6885050554209954
2969,3.092995427440685,7.127172036190424,0.6884826988599074
2970,3.0930010860603314,7.127176047555641,0.6885095996062285
2971,3.0930104533324703,7.127181627819582,0.6885335103314135
2972,3.0930145183860995,7.127188063010401,0.6885124550850663
2973,3.0930196240341026,7.127192119592343,0.6884761102901555
2974,3.0930263929046733,7.127194374556393,0.6884302921217452
2975,3.093031341979389,7.127199276985659,0.6883764065831343
2976,3.0930385865537753,7.127207382870338,0.6882122709141877
2977,3.0930459599269002,7.127210087883294,0.6879603237556171
2978,3.093051098691868,7.127214644388098,0.6876532872524155
2979,3.0930545483125345,7.127220741517916,0.6874242126269313
2980,3.0930602801235474,7.1272247281213446,0.6872674269386446
2981,3.093069287636604,7.127230214794879,0.6871088938960975
2982,3.093072789989915,7.127236416072624,0.687023476218599
2983,3.093078016119391,7.127239442301541,0.6869503875463007
2984,3.093084277146937,7.127241843521935,0.6868920776681703
2985,3.0930884319058065,7.1272468543855485,0.6868763518445785
2986,3.093092752361783,7.127251926381622,0.6868947487726214
2987,3.0930991806812265,7.127254237458475,0.6869407859712271
2988,3.093101964801062,7.127255727354353,0.6869776938109982
2989,3.093105563797155,7.127260674909385,0.6870727464585663
2990,3.093108213615976,7.127265860736854,0.6871841572828898
2991,3.093113223761575,7.127267551177552,0.6872867466821885
2992,3.0931191220358736,7.127269926684003,0.6873780716252708
2993,3.0931243696923683,7.127277778962997,0.687498974542266
2994,3.0931326476494463,7.127281892890291,0.6876142551476722
2995,3.093137592445321,7.127285345947249,0.6876869361620581
2996,3.093139936338369,7.127290798768656,0.6878744718257084
2997,3.093145546590773,7.127293639442552,0.6884730735878417
2998,3.093150105538652,7.127295840741089,0.6889739597278172
2999,3.09315434608086,7.127302712361102,0.6895911652894103
3000,3.093159499621096,7.127304933548349,0.6899302765285603
3001,3.0931636239659617,7.127307028141522,0.6902136989575064
3002,3.093167537695596,7.127313653107022,0.690417921289652
3003,3.0931727603189083,7.127316102957425,0.6905394440075443
3004,3.0931765877415436,7.127318425299865,0.6911233494318298
3005,3.0931780396570105,7.127322541667646,0.6920718406158772
3006,3.093181523037013,7.127324532774881,0.6926872187216155
3007,3.0931873570619843,7.1273257394842,0.6925841087148137
3008,3.0931923936756838,7.12733001141119,0.6915497953883751
3009,3.093197583073271,7.127337630828898,0.6895143699293439
3010,3.093205654003991,7.127344344207254,0.6870448537509862
3011,3.093213741464997,7.127347697824733,0.6853769104486643
3012,3.093218054390898,7.127352855041467,0.6844059285146455
3013,3.0932213948778515,7.12735871668994,0.6838959784081079
3014,3.093229295643752,7.127361484915316,0.6835677083023582
3015,3.093233615302783,7.127364458690773,0.6834848277747516
3016,3.0932359082032908,7.127369670018296,0.6834691657606986
3017,3.09584007505866,7.129488868703421,0.6837340677798194
3018,3.102024687943945,7.134528801421331,0.6843009396233911
3019,3.1180022054082457,7.147579212230749,0.6855206015077298
3020,3.1326295742986887,7.159546507503806,0.6859278691641078
3021,3.148391292905957,7.172405337654874,0.6812649466683874
3022,3.1723443006343186,7.19150186716133,0.6618540426987716
3023,3.1885290725433015,7.203956152769414,0.6479074479663877
3024,3.213139157954904,7.222212799108781,0.6264417182064157
3025,3.2297698739055067,7.234086971764303,0.6112380434571123
3026,3.255060652678955,7.251412629767125,0.5879992646781561
3027,3.27214063813759,7.262635885629298,0.5727106468507801
3028,3.2893852569361517,7.273600748127685,0.5576600791403048
3029,3.315546142958897,7.289561749744681,0.5364430249608948
3030,3.3331635322502304,7.29989962963589,0.5233112705148376
3031,3.350908353001259,7.310013866180822,0.5109448533461876
3032,3.3687716137632266,7.319914986882246,0.5001047085201803
3033,3.386735997576287,7.329629396298558,0.49044201832284345
3034,3.4138450823168394,7.343899553248152,0.47766335405588656
3035,3.4229197089071013,7.348583482672155,0.474382521146818
3036,3.4411073303194226,7.357867062227192,0.46927019261589065
3037,3.4584557114134227,7.366614991212795,0.4640419807188695
3038,3.4718949416186415,7.3732639439862115,0.45107046628996883
3039,3.4812873105975917,7.377731208778406,0.43203230342125126
3040,3.486547839884877,7.380101114806899,0.40912074522949726
3041,3.4876303839622866,7.380560394485168,0.38385323062480264
3042,3.4843958105482558,7.379301263180374,0.35713588817712344
3043,3.476792244578892,7.376567417692191,0.3294440984525105
3044,3.4647197142053834,7.372599007611677,0.30113280413379634
3045,3.448093587509633,7.3676529514598545,0.27245128251101436
3046,3.4268812260925,7.362001714152068,0.24343934195452852
3047,3.4010066983989367,7.355905129386911,0.21409597436717676
3048,3.370426579284216,7.349643311873941,0.18446323876629514
3049,3.3351116032962214,7.343500294720168,0.1545262874887415
3050,3.2732589098527627,7.335144446904425,0.10890339727069324
3051,3.2260811001711893,7.330581651852495,0.07797366243063829
3052,3.1593935666189843,7.326709306400022,0.03061570317216416
3053,3.1029681148084753,7.326134908979583,-0.018015640373087845
3054,3.056991046936173,7.32792567614192,-0.06807832207127021
3055,3.0321686299624897,7.3299552684299485,-0.10227121240040529
3056,3.012024653900869,7.33230586003789,-0.1371605708188148
3057,2.996539476237525,7.334669367312169,-0.17274913836472422
3058,2.9856910833206918,7.336726535577451,-0.20901585440907472
3059,2.9743614171559303,7.33941236308966,-0.258670106032102
3060,2.9684907178377884,7.34103430519673,-0.27928713298178287
3061,2.962943895763576,7.342653709721228,-0.2825469259821805
3062,2.961815440871635,7.342966271268077,-0.26495231783985307
3063,2.9617309040138853,7.342969553936889,-0.23473978891039096
3064,2.96161615297911,7.342979087782837,-0.1921693558647689
3065,2.961544860278136,7.3429845449499,-0.16594360068004557
3066,2.961438922765901,7.342989665317176,-0.12790028298854175
3067,2.961403854454167,7.342990731684231,-0.11533907701254369
3068,2.9612977708566244,7.342992267959738,-0.07753602918373463
3069,2.961188913663653,7.342991143885141,-0.03912828738957548
3070,2.961392518381223,7.342985239604189,-0.010843760457665056
3071,2.9621302461479555,7.342981596056118,0.04950242719770953
3072,2.9623773591181184,7.342992034739078,0.06910705871432993
3073,2.9630937830177797,7.343059272190079,0.11907429895149241
3074,2.963564038253458,7.3431225018549116,0.15092984602251672
3075,2.963799019157059,7.343160089655502,0.16680894997172338
3076,2.964267649473085,7.34324576693366,0.19866344531794344
3077,2.9649869206836708,7.343409657009563,0.2469717659490187
3078,2.965478170060843,7.343555961774824,0.27961415431311704
3079,2.96630816572951,7.3438787597945225,0.3281464532279186
3080,2.966876105599073,7.344381351692806,0.3525886174902244
3081,2.9678407022963853,7.344770334172186,0.37973429471428805
3082,2.9687777553763914,7.345167444613799,0.4078446388496316
3083,2.969717519080038,7.345597048273435,0.43237296948138104
3084,2.9703704300019473,7.345910364768033,0.44914715225992013
3085,2.970991206646764,7.346222465529159,0.46319420118271243
3086,2.972236917701426,7.3468774254024565,0.49279909161033936
3087,2.9732298354113103,7.347426600633189,0.5166500039690676
3088,2.9742436555576037,7.348020402664395,0.5409946789912264
3089,2.975248504744367,7.348640071710999,0.5653685326643694
3090,2.9762447262642695,7.349291947785227,0.589664886605677
3091,2.9768944072309647,7.349736464953853,0.6056841667631236
3092,2.97784357874571,7.350412817594612,0.6292471085238527
3093,2.979129932074031,7.351361393883265,0.6390550120933972
3094,2.979849409788067,7.351898804226721,0.6410734169379401
3095,2.9805803259956383,7.352444716972243,0.6428698808752947
3096,2.981705757435928,7.353290047242617,0.6451846772009937
3097,2.982454885109514,7.3538562633746025,0.6465253190254622
3098,2.9832090083563103,7.354425899074376,0.6477263718217849
3099,2.9843318772946184,7.355275814455169,0.649325172359039
3100,2.985446098883283,7.356123782671749,0.6507282178964636
3101,2.9861867572677387,7.3566869088238915,0.6515833978502735
3102,2.9869105315398303,7.357239203714197,0.6523980418456607
3103,2.9876319869339083,7.357792426017186,0.6531853306314603
3104,2.98871721975517,7.358622668230373,0.6542967276069869
3105,2.9894375827771067,7.359175965173913,0.6549821081927649
3106,2.990155351532703,7.359728645823514,0.6556258066161244
3107,2.991228396976836,7.3605528569734755,0.6565250898953108
3108,2.9919407958916935,7.361101729847487,0.6570789527359995
3109,2.992994760325326,7.361917316114204,0.6578490432837057
3110,2.993695302769451,7.362456854420013,0.6583408556409697
3111,2.9943928573822878,7.362997356348381,0.6588145788129441
3112,2.9954350501566496,7.3638055181906745,0.659470813556303
3113,2.9964750277553955,7.3646116496340985,0.6600744115816279
3114,2.9975028541116226,7.365409923432752,0.6606266987678898
3115,2.998525629777672,7.3662045514033245,0.6611482830748099
3116,2.99952631829872,7.3669853666188665,0.6616705021511214
3117,3.0001962549031793,7.367505346898311,0.6620214055802951
3118,3.0011996359155297,7.368288969464027,0.6625265988080347
3119,3.0018704907668434,7.368811326382663,0.6628284317142453
3120,3.00287394034724,7.369594835659492,0.6632375087859306
3121,3.003203756125757,7.369852378403642,0.663366198158066
3122,3.0038595676643953,7.37036676938573,0.6636198988537895
3123,3.004843591892159,7.371136121318726,0.6639861549785778
3124,3.0058233146418947,7.371902979759649,0.6643160134807001
3125,3.00679285132456,7.372661204253176,0.6646132006302796
3126,3.0074367450278383,7.373167755501229,0.6647954910510805
3127,3.0080821112211216,7.373672139211426,0.6649672160865288
3128,3.009031462191767,7.374416303832524,0.6652230817709467
3129,3.0096623697901363,7.374912621409328,0.6653955833007702
3130,3.010606533661372,7.375654902823673,0.6656379156781778
3131,3.011236430515341,7.3761471484322705,0.66578300438792
3132,3.0121735744088975,7.376883680410476,0.6659819213781997
3133,3.0131063646323453,7.377616509179675,0.6661607830613017
3134,3.0140305923507307,7.378343857963245,0.6663270138493507
3135,3.014642663577032,7.378826680826892,0.6664335526343992
3136,3.01525620062374,7.379307044556488,0.6665374284982335
3137,3.015855513958581,7.379780552407591,0.6666477985168152
3138,3.016454772435424,7.380251927098433,0.6667687979605736
3139,3.01705457970352,7.380722184249298,0.6668960402820906
3140,3.017653199208314,7.3811939871159655,0.6670232841102791
3141,3.0179532661471677,7.381429750243711,0.6670810088229338
3142,3.0185515083664507,7.381901632275547,0.6671839073953625
3143,3.0194427395443024,7.382603532482119,0.6673141184722589
3144,3.019738441495726,7.382836356230413,0.667352489583049
3145,3.0203288861293722,7.383301693968527,0.6674229837964019
3146,3.020914330573056,7.383764954777519,0.6674877630037969
3147,3.021495319682768,7.3842213773185685,0.6675547648543517
3148,3.0220753656047523,7.384678162884894,0.6676227823740385
3149,3.0229275202494206,7.385350016898167,0.6677434440860327
3150,3.0234944987472065,7.3857976062429564,0.667837599547921
3151,3.0240612259346316,7.386245983001475,0.6679374638585932
3152,3.024914168610956,7.386919003811665,0.66806498828729
3153,3.0254830241480923,7.387366714122604,0.6681281807213069
3154,3.026324736970248,7.388031698140362,0.6682019878680947
3155,3.026885813102152,7.388473427850865,0.6682407582150621
3156,3.027445783983357,7.388915691922353,0.6682729867995023
3157,3.028275408773083,7.389570442805602,0.6683181991190187
3158,3.0288271559002307,7.390007571390288,0.6683483807445727
3159,3.02937538958953,7.390439398613599,0.6683808616417265
3160,3.029916782272415,7.390866044528095,0.6684273301112109
3161,3.0304584487085653,7.391294008802634,0.6684860481783411
3162,3.0312721278139927,7.391934824414936,0.6685799876435082
3163,3.0318137705865777,7.392363725855993,0.6686319326225997
3164,3.03262496319077,7.393007475334818,0.6686963209719072
3165,3.0331611946688812,7.3934298614918745,0.6687341688787727
3166,3.033690315298127,7.393846776221105,0.6687699668317436
3167,3.0344823734648614,7.394473273067951,0.6688215605815782
3168,3.0350105006169237,7.394890196950231,0.6688541865238891
3169,3.0357866526076647,7.3955041680213,0.6689171478959772
3170,3.036307651559504,7.395908175076888,0.668969615438057
3171,3.0368148641403234,7.396320655492423,0.6690302877477513
3172,3.0375753160172447,7.3969191139339685,0.6691494854526618
3173,3.0380808257672576,7.397320993457991,0.669242661759901
3174,3.038840934915014,7.397923105095658,0.6693886284559388
3175,3.0393513922981135,7.398323427967594,0.6694675380901933
3176,3.039860016951103,7.3987244300215105,0.6695293663488537
3177,3.0406120764733684,7.399321981253682,0.6696014481737972
3178,3.0411154626526766,7.399715439608011,0.6696387450666452
3179,3.041861292173428,7.400309329502104,0.6696847203237575
3180,3.0423540888437035,7.40069904525418,0.6697152706024684
3181,3.042852573801831,7.401081530318167,0.6697463841338065
3182,3.0435780952325255,7.401663937659066,0.6697987187272854
3183,3.0443001150116316,7.402240828227993,0.6698696540177098
3184,3.0447817619468127,7.402617040777991,0.6699262748084208
3185,3.0452593138346833,7.402982397482396,0.669995125747475
3186,3.045733033856336,7.40334826567016,0.6700675074427649
3187,3.0464316490537304,7.403916436736372,0.670136777895642
3188,3.0469089486319056,7.404283265279378,0.6701594158127092
3189,3.0473787610661156,7.404653270288372,0.6701692178243362
3190,3.048071142675061,7.405213560743848,0.6701675009099731
3191,3.048542271633361,7.405576496564203,0.6701647926445524
3192,3.04900617368976,7.405940912113966,0.670160964000682
3193,3.0494635302558604,7.406306272674044,0.6701599682407542
3194,3.0501452506889355,7.406850175452161,0.670181907255787
3195,3.0508185585121224,7.407391322161916,0.6702400721003884
3196,3.0512717149925974,7.4077484336990835,0.6702923729896842
3197,3.051715430607202,7.408100239210147,0.670360688212897
3198,3.052160894781197,7.408446472752563,0.6704439099551656
3199,3.052606468746588,7.408796909419603,0.6705214560647047
3200,3.0530519594621834,7.409149475587351,0.6705865316864252
3201,3.0534953929153756,7.409504394675146,0.6706394440574655
3202,3.0539399270061254,7.409858566976246,0.670687192009935
3203,3.054598704586015,7.410382954977219,0.6707499882746945
3204,3.0550380547206513,7.410724735669365,0.6707834180143639
3205,3.055687184659682,7.411241371705744,0.6708263171217406
3206,3.056119939869353,7.411587932333288,0.6708526490126654
3207,3.056550531106241,7.411931589748592,0.670882419552438
3208,3.056978207141122,7.412267205448557,0.6709218574177572
3209,3.057400838812972,7.412607031875628,0.6709662833223593
3210,3.058031418450728,7.413107725903462,0.6710488436767964
3211,3.0584494102519235,7.413436710125391,0.6711199525585211
3212,3.0588609539275593,7.413771429964016,0.6711939908500343
3213,3.0594788579112233,7.414244777596913,0.6713280472252698
3214,3.0600023406623063,7.414273207121615,0.6712437131919813
3215,3.0605986839918606,7.414737984193155,0.6712159710950536
3216,3.0610001428764915,7.415047009257368,0.6712284517006452
3217,3.0615830955419265,7.415505516232341,0.6712711842036685
3218,3.061966595258468,7.415812669013711,0.6713100222807348
3219,3.0625327957583965,7.416271005216763,0.6713767572918072
3220,3.0629122777829942,7.416571922144698,0.6714277075189179
3221,3.0632955267190036,7.416871007205715,0.6714820351184815
3222,3.0638548542242603,7.417318014956443,0.6715798414601823
3223,3.0642258581375765,7.417615110020741,0.6716557191684976
3224,3.0647813362824095,7.418052463232172,0.6717834639320874
3225,3.0653282926247503,7.4184871793936775,0.6719402091456734
3226,3.0656911630051673,7.418780702308912,0.6720542781638954
3227,3.066234682538627,7.419208551079037,0.6722420567275974
3228,3.066592190256408,7.4194916099220105,0.672381434717511
3229,3.0669474849783533,7.419778609086107,0.6725260432516389
3230,3.0674884763052237,7.420209582159248,0.6727038329060487
3231,3.068029656158434,7.420638256308425,0.6728225899803929
3232,3.0685628520863384,7.421067148740043,0.6729063789409834
3233,3.068919603042847,7.4213485312204694,0.6729540005203197
3234,3.0692726672509805,7.4216300318988715,0.6729963305092113
3235,3.069621979199129,7.421911314335297,0.673034581053169
3236,3.0699728956532217,7.422190272574866,0.6730721605060369
3237,3.0704886108452185,7.422599548500983,0.6731434069177173
3238,3.0710017674368597,7.423011558011581,0.6732319905669639
3239,3.0715088079706168,7.423411399475383,0.6733484414399902
3240,3.071843359718151,7.4236809874824585,0.6734391551258239
3241,3.072343836928082,7.42408107818843,0.6735886807989917
3242,3.0726742435551566,7.42434194667125,0.6737054685241815
3243,3.0730020847790502,7.424606135682953,0.6738309930167075
3244,3.073332429208051,7.424870637047297,0.6739414548925562
3245,3.073664905788802,7.425132828222847,0.6740235087717226
3246,3.0739946450050533,7.425398303098467,0.6740842307856914
3247,3.074320476881901,7.425660359808187,0.6741318836450992
3248,3.0746477460683472,7.425919951361277,0.6741725101074322
3249,3.075133528874153,7.426308475739515,0.6742220850401929
3250,3.0754553361798456,7.426567041972067,0.6742513519338608
3251,3.0757782633706543,7.426824197119218,0.6742795919576413
3252,3.076254766306817,7.427204109355052,0.674325806166996
3253,3.076571016547846,7.4274587829104535,0.6743596705164423
3254,3.0768860774707782,7.4277091585640465,0.6743984970107273
3255,3.0771973128941466,7.427956428362308,0.674449500628129
3256,3.0775065980731977,7.428205852740726,0.674508042032704
3257,3.0778109984019157,7.428449754672045,0.6745799168127239
3258,3.078116160911427,7.428691810271534,0.6746666550842569
3259,3.0784200319025437,7.428935390596612,0.6747604470533004
3260,3.078723033601043,7.429179797640625,0.6748582930290291
3261,3.0788726290162356,7.429299077526656,0.6749106824247352
3262,3.079171549158862,7.429535886783845,0.6750264570747289
3263,3.079618853514902,7.429896133119934,0.6751917672739625
3264,3.0799190825717813,7.430135670815355,0.6752678349742157
3265,3.0802176107088473,7.430373630395477,0.6753241561284011
3266,3.080659712248061,7.430730253374111,0.6753844175617804
3267,3.080956235738601,7.430965645898988,0.6754164855406528
3268,3.0813928768083154,7.431316560748121,0.6754559283689621
3269,3.08153813542753,7.431433703877813,0.6754678460765389
3270,3.081829620935187,7.431666979645013,0.675491214825842
3271,3.0822609177696725,7.432010872919233,0.6755278037996466
3272,3.082547385632123,7.43224092019673,0.6755529593013634
3273,3.082831641774461,7.43246941156178,0.6755800887225062
3274,3.0832546026028527,7.432807921763777,0.6756371955074114
3275,3.0836773691211117,7.4331465280422275,0.6757060030374504
3276,3.083959008191701,7.433372622633991,0.6757547805562072
3277,3.0842354435495194,7.433594307495944,0.6758112513887469
3278,3.0845114003224063,7.433815403406391,0.6758780532938884
3279,3.0847851397782446,7.4340346322503255,0.6759528109399038
3280,3.0851904918995645,7.4343597610928605,0.6760898746664118
3281,3.085460506251224,7.434576763759284,0.6761913952674803
3282,3.0858605960112824,7.434897821416209,0.6763573964948616
3283,3.0861252962162755,7.435109895936452,0.6764823985729783
3284,3.086525314088501,7.43543130008078,0.6766309263133654
3285,3.0869254582955827,7.435752858283143,0.6767179888434911
3286,3.087190759411166,7.435965778627464,0.6767561803937786
3287,3.087453915461078,7.4361770953028925,0.6767851577708107
3288,3.0878468950038807,7.436492824019785,0.6768179350302559
3289,3.0882357262073095,7.436805350906676,0.6768452697357341
3290,3.0884949915363293,7.4370136240140186,0.6768619955982612
3291,3.0888802283371413,7.437322996162281,0.6768859221846377
3292,3.0892609319725066,7.437628866289554,0.6769112128521223
3293,3.089636050699301,7.437930399614399,0.6769540005966812
3294,3.090011230922801,7.438231979812401,0.677009641397097
3295,3.090379058474241,7.438527462583845,0.6770837131823267
3296,3.0906239915802614,7.438724342770101,0.6771441250168426
3297,3.090867117428729,7.43891985619834,0.6772106069464053
3298,3.0912282545664875,7.43921032287008,0.6773290741993766
3299,3.091468889429922,7.439403786220921,0.6774156559378315
3300,3.091822855005297,7.439688547874359,0.6775633955178002
3301,3.0920590210528514,7.439878594946965,0.6776676819637395
3302,3.092295933135335,7.440069303132753,0.6777445524319738
3303,3.0925328247366752,7.440259910015742,0.677798624860453
3304,3.0927697828196536,7.440450669820687,0.6778372271308107
3305,3.0930036019114855,7.440638966907851,0.6778666484697902
3306,3.093235538312466,7.440825718470522,0.6778910888695387
3307,3.0935803809439015,7.441103418103756,0.677922801207223
3308,3.093810271590042,7.44128848457266,0.6779418601781988
3309,3.094155226068753,7.441566210456561,0.6779682636705859
3310,3.0944949652802465,7.441839880258539,0.6779936495760902
3311,3.0947213247824346,7.4420222537942635,0.6780104865792974
3312,3.095057629736651,7.4422929713883095,0.6780365877369539
3313,3.095280521514675,7.442472455677776,0.6780557405648452
3314,3.0955017093973645,7.44265062346507,0.678076203841731
3315,3.0957206374985433,7.442826993552165,0.6781001744674313
3316,3.095939636740863,7.443003398271814,0.6781266560511641
3317,3.0962639326087524,7.443264652372544,0.6781741571190708
3318,3.096478394613347,7.443437437350768,0.6782163816399386
3319,3.096798538930617,7.443695322855214,0.6782900973084633
3320,3.0971147283361096,7.4439502293336535,0.6783822524992245
3321,3.0973254043899203,7.444120018913636,0.6784504978897109
3322,3.097637627680527,7.444371646772704,0.6785627693825772
3323,3.097947194984303,7.444621295888902,0.6786938272023925
3324,3.098252747622048,7.444867795800604,0.6788390973770592
3325,3.0984548386485398,7.445030763519305,0.6789480432300264
3326,3.0987578905180606,7.4452754568136434,0.6791202443386184
3327,3.09895605087446,7.44543542501471,0.6792432199037034
3328,3.0992559814863103,7.445677531130824,0.6793903163982548
3329,3.099456139275008,7.445839168453493,0.6794513666268094
3330,3.099654976116416,7.445999731510705,0.6794939731715478
3331,3.0998520520614625,7.446159060278363,0.6795248721303483
3332,3.100049223659907,7.446318365682744,0.6795480126455012
3333,3.1002464048188045,7.446477586261984,0.6795658784596444
3334,3.10053933475405,7.446714323683298,0.6795868210114211
3335,3.100733362358845,7.446871072038927,0.679599193032397
3336,3.101021630767609,7.447103969444428,0.6796164879597266
3337,3.10121251350943,7.447258224155496,0.6796276793945154
3338,3.101497698561877,7.447488604490311,0.6796443594554696
3339,3.1016854674049417,7.4476404383694295,0.6796569394289692
3340,3.1018733193338033,7.447792236718572,0.6796706537516871
3341,3.1020597867875295,7.447942852303849,0.679685680581882
3342,3.102244162479167,7.44809185997522,0.6797049850380426
3343,3.1024285574153736,7.4482409682007304,0.6797274536402924
3344,3.1026129981913533,7.448389950707068,0.6797518605915577
3345,3.102794541834881,7.448536683682618,0.6797811040594731
3346,3.1029757928862884,7.44868315964858,0.679816639770211
3347,3.1032442477953754,7.448900190810227,0.6798811557563645
3348,3.1034216856387093,7.4490437521182535,0.6799349427620283
3349,3.103599192573266,7.4491872619373884,0.679993922750482
3350,3.103860295099303,7.449398321864883,0.6800972885973338
3351,3.10403407523315,7.449538944816289,0.6801752172758343
3352,3.104207907816649,7.44967957183151,0.6802567152050244
3353,3.1043783876021918,7.449817502918057,0.6803447976158411
3354,3.104548625682305,7.449955235468449,0.6804407768307686
3355,3.10480062600166,7.450159247150072,0.6805971906783683
3356,3.1049672865914313,7.450294165447263,0.6807128645856851
3357,3.1052183920012495,7.450497645723189,0.6808722423395774
3358,3.105386442740691,7.450633865167627,0.6809390814822747
3359,3.1056375872740385,7.4508371749154945,0.6810005186139837
3360,3.105803094185828,7.450971322682853,0.6810261207486158
3361,3.1059686240841082,7.451105537130185,0.6810443195613036
3362,3.1061330071358957,7.451238739946146,0.6810574749526801
3363,3.1062959811483983,7.451370749126881,0.6810668397621766
3364,3.106540263019795,7.451568755816105,0.6810761588109471
3365,3.106782136190405,7.451764766517815,0.6810837492605769
3366,3.1070223985766323,7.4519595071645455,0.6810944954291419
3367,3.1072588222019064,7.452151165242765,0.6811081123059404
3368,3.1074163685244423,7.452278775219068,0.6811185345562653
3369,3.1075727701101434,7.452405460077454,0.6811296126504559
3370,3.1077275820399475,7.452531044421639,0.6811416823057985
3371,3.1079598539730715,7.45271931595997,0.6811610166686851
3372,3.1081901716054774,7.452905976426297,0.681181276508358
3373,3.1083428060712137,7.453029769430363,0.6811955154195253
3374,3.108569518339127,7.453213503015601,0.6812178220729584
3375,3.1087195939070273,7.453335140248932,0.681233515157791
3376,3.1088697193191477,7.453456934960762,0.6812494523600416
3377,3.109092061747078,7.453637200582286,0.6812773114107983
3378,3.1092391379691326,7.453756342973963,0.6813029288696717
3379,3.1094583595371135,7.453934188215526,0.6813483839989773
3380,3.109674401883579,7.45410936830335,0.6814088783668242
3381,3.109887680529985,7.4542822378466065,0.6814828612912884
3382,3.1100286641636146,7.454396692305714,0.6815417124890887
3383,3.1101695815218138,7.4545111107758695,0.6816049697083676
3384,3.110309397117912,7.454624514643049,0.68167166726326
3385,3.1104475246165015,7.4547364850527496,0.681745747128072
3386,3.110584349095403,7.4548475510664876,0.6818258913855306
3387,3.1107870728970743,7.455012247664554,0.6819626158219357
3388,3.1109222634994147,7.455121930217522,0.6820601808091009
3389,3.111056339088681,7.455230719703368,0.6821609720602971
3390,3.111188635644118,7.455338232962065,0.6822691963083084
3391,3.1113859139652402,7.455498748544787,0.6824408897179455
3392,3.1115154703416974,7.45560398608031,0.6825651496688053
3393,3.111645116431505,7.455709283144289,0.6826948667334436
3394,3.11184123320163,7.455868722313662,0.6828677678216442
3395,3.111972769348299,7.455975900445852,0.6829356937053733
3396,3.1121043545789155,7.456082965672628,0.6829774151693208
3397,3.1122989597081965,7.456241161773901,0.6830105810071728
3398,3.112428511112221,7.45634664680022,0.6830209384444259
3399,3.1125581029235816,7.456452116121853,0.6830255346607284
3400,3.1126856454507723,7.4565558609284315,0.6830271601288482
3401,3.112812979169967,7.4566594184955735,0.6830275390279071
3402,3.1130021236665977,7.456813240554293,0.6830267339529761
3403,3.113127308135726,7.456915217662854,0.6830256842609591
3404,3.1132524760744693,7.457017160219017,0.6830244380589456
3405,3.113437242619249,7.457167425842037,0.6830233864548879
3406,3.113560293034258,7.457267463433516,0.6830233437936153
3407,3.1137428826892766,7.457416152262807,0.683024104215651
3408,3.113863740763605,7.457514487465193,0.6830255026872678
3409,3.114044220669352,7.457661283859084,0.683028504395234
3410,3.114103558839703,7.457709560700909,0.683029939796537
3411,3.114281808559834,7.457854521305187,0.6830354295687285
3412,3.1144570031852514,7.457997037719908,0.6830429154193761
3413,3.1145736451972637,7.458091966757083,0.6830489299290088
3414,3.1147467547399255,7.458232903618407,0.6830591704952305
3415,3.1149186336058103,7.458372844431775,0.6830712536136986
3416,3.115033262090816,7.4584660538626855,0.6830798454377688
3417,3.115147206473912,7.458558743516737,0.6830888205899874
3418,3.115260025659735,7.458650658975564,0.6830992698251257
3419,3.11537288767868,7.458742537603785,0.6831108374655276
3420,3.1154837445607066,7.458832607054187,0.6831260427164262
3421,3.115594264815548,7.458922523905998,0.6831459866653317
3422,3.115703825414882,7.45901182390829,0.6831696155348876
3423,3.115812037072247,7.4590999566628895,0.6831996677571881
3424,3.115920375465739,7.459188091609856,0.6832342743801831
3425,3.116027715825778,7.459275401612556,0.6832723264147175
3426,3.1161337073534505,7.459361711926373,0.6833165150117418
3427,3.1162396933417615,7.459448068448496,0.6833649310499258
3428,3.1163436838454417,7.459532717706673,0.6834189160027476
3429,3.116447567741755,7.459617289097897,0.6834788228149157
3430,3.116551368822541,7.459701784738287,0.6835420529115277
3431,3.1167040225563687,7.459826222539396,0.6836465287564123
3432,3.1168056716908,7.459909001977716,0.6837219821539375
3433,3.1169551723655813,7.4600308548410865,0.6838458636599176
3434,3.1170546831542936,7.460111972569314,0.6839346309081695
3435,3.117203109498915,7.46023297587794,0.6840720888038604
3436,3.117349339265871,7.460352279420014,0.6842205309831889
3437,3.117493990996339,7.460470228963247,0.6843778549604106
3438,3.117589772611246,7.460548369747823,0.6844889458814678
3439,3.117732513078644,7.46066496535644,0.6846600478468869
3440,3.1178731358488427,7.460779781801063,0.6848425222299747
3441,3.1179675051263804,7.4608568353733835,0.6849606631111528
3442,3.11815775355707,7.461012207785518,0.6850821159985204
3443,3.118252244775407,7.46108948130618,0.6851043628086081
3444,3.118392705819175,7.4612042674590775,0.6851128179600849
3445,3.118486363223679,7.461280782824387,0.6851082583901318
3446,3.118580010629645,7.461357354213081,0.6850987615098345
3447,3.1187181571669083,7.461470179347517,0.6850773981605119
3448,3.1188546586036567,7.461581708134961,0.6850518549626059
3449,3.118990147336527,7.461692406318522,0.6850286486784737
3450,3.1191240027663065,7.461801808787095,0.6850086169213551
3451,3.119212620870036,7.461874235977849,0.6849984314983851
3452,3.119345504081419,7.461982693996376,0.6849863352731953
3453,3.1194761383301626,7.462089378710224,0.684976873194488
3454,3.1195630802434287,7.462160562492062,0.6849715594846751
3455,3.1196921221079124,7.462266048166115,0.6849642482497555
3456,3.1197348871387653,7.462300934281058,0.6849617229713573
3457,3.1198204671541854,7.462370727027407,0.6849565501370309
3458,3.1199467904437292,7.462473912629887,0.6849488681326446
3459,3.1199889008536785,7.462508339365138,0.6849463878764266
3460,3.1201151387207164,7.46261146060894,0.6849391910552609
3461,3.120239200793485,7.462712902867351,0.6849334493721266
3462,3.12028050803435,7.462746632502688,0.6849320091396673
3463,3.120361811015448,7.462812955945492,0.6849299931016324
3464,3.1204834602247655,7.462912255632114,0.6849287218486935
3465,3.1205645999485534,7.462978567272392,0.6849285754776843
3466,3.120685634788208,7.463077438762815,0.6849290602796111
3467,3.1207254793660364,7.463110008389147,0.684929549667921
3468,3.120805066726911,7.463175075236375,0.6849309910363289
3469,3.120923195491081,7.463271533373234,0.6849342998322838
3470,3.1210013245387773,7.463335280093564,0.6849374525090424
3471,3.1211165476886604,7.463429387326236,0.684943671322494
3472,3.121154860539843,7.4634606939938095,0.6849460980285382
3473,3.1212315770136185,7.463523415564193,0.684951256364793
3474,3.121307677464975,7.4635855825363855,0.6849567696343024
3475,3.1213829923379715,7.4636470677034366,0.6849629486905396
3476,3.1214582865434815,7.46370858957798,0.6849695328028798
3477,3.1215335724038114,7.4637700906050455,0.6849763302605283
3478,3.1216076191681914,7.463830599188949,0.6849839881096338
3479,3.121681440497002,7.4638909390415265,0.6849928174682008
3480,3.121753927187197,7.463950151736996,0.6850043794963604
3481,3.1218262628305435,7.464009187739288,0.6850193823662677
3482,3.1218986368349273,7.46406834143117,0.6850364610749797
3483,3.1219703466895026,7.464126979692101,0.6850552783003621
3484,3.1220412267993156,7.464184852375703,0.6850779579395608
3485,3.1221121149990205,7.464242750851251,0.6851033331306077
3486,3.122217262470726,7.464328714412518,0.6851457443759463
3487,3.1222869138449476,7.464385668045538,0.6851779809079734
3488,3.12235650058418,7.464442552517496,0.6852119802944763
3489,3.122458928434477,7.464526306151198,0.6852689525540898
3490,3.122527174411067,7.464581965025704,0.6853107139200983
3491,3.122628957687337,7.464665039194592,0.6853762074669629
3492,3.122695702372433,7.464719750020347,0.6854239442081439
3493,3.12276242550983,7.464774478217144,0.6854741442423963
3494,3.1228292013524794,7.464829077661909,0.6855256024344161
3495,3.122894800347921,7.464882594461245,0.6855797609603914
3496,3.122960178648653,7.464935998934412,0.6856372187073455
3497,3.123024334377017,7.464988564038937,0.6856987291542086
3498,3.12312030542032,7.465067171321001,0.6857983211966967
3499,3.1231837964230156,7.465119149180011,0.6858675294416273
3500,3.1232464520020153,7.465170380172174,0.6859410458745382
3501,3.1233086502818344,7.4652212636637865,0.6860179312028887
3502,3.1234007071934307,7.465296603023531,0.6861424204285539
3503,3.1234620706245138,7.465346936016818,0.6862285614739511
3504,3.123522868665606,7.465396700621835,0.6863161419740327
3505,3.1236130500951687,7.465470581531145,0.6864545013561302
3506,3.1236730895217013,7.465519814959221,0.6865489266329027
3507,3.123761790429859,7.465592502391127,0.6866955374429347
3508,3.1238503294718547,7.465665085947018,0.6868464330749264
3509,3.1239088050820003,7.465713077441882,0.6869477042376166
3510,3.123966624516715,7.465760530412203,0.6870525658461725
3511,3.124053309646052,7.465831632667392,0.6872131116013918
3512,3.1241106476842853,7.465878679179714,0.6873209119857393
3513,3.1241672418472493,7.465925110797266,0.687432363878318
3514,3.1242241759893146,7.465971918694895,0.6875384009591017
3515,3.1242817133670537,7.4660191777877385,0.6876008189344359
3516,3.124339278045818,7.466066400872108,0.6876282905887121
3517,3.1243969522220287,7.466113743496098,0.6876325001447081
3518,3.124453579669097,7.466160311236633,0.6876216811219981
3519,3.1245098182115485,7.466206516879864,0.6876014059832987
3520,3.12459315618754,7.466274967940508,0.6875611090679489
3521,3.1246488186636117,7.466320651966361,0.6875305888117483
3522,3.124731280579012,7.466388299992673,0.687482575426429
3523,3.124785790593905,7.466433122305482,0.6874503927118758
3524,3.124840277227756,7.466477913346128,0.6874185174528167
3525,3.124921191313224,7.466544256734778,0.6873719533565055
3526,3.1249746989230323,7.466588199025809,0.6873421185271754
3527,3.125028226229856,7.466632145962811,0.6873132400337558
3528,3.1251070163517904,7.466696769945435,0.6872721148967409
3529,3.125159416237366,7.466739827626105,0.687246109217185
3530,3.1252111637356217,7.466782250791356,0.6872213293207845
3531,3.125262719061173,7.466824615606038,0.6871976733024391
3532,3.1253143402545187,7.466866993344596,0.687174988053596
3533,3.1253908412815177,7.466929725238057,0.6871427976027185
3534,3.125441513341117,7.466971256548395,0.6871227134026457
3535,3.1255169763311925,7.467033204294035,0.6870942079136205
3536,3.125566664804118,7.467073970811037,0.68707653922771
3537,3.1256162490919897,7.467114668420943,0.6870597818004646
3538,3.125665481991837,7.467155095533179,0.6870438047507545
3539,3.1257141692569173,7.467194966409996,0.6870288753962663
3540,3.12576284597929,7.467234880665885,0.6870147952547793
3541,3.12581063808667,7.467274100796546,0.6870015807269705
3542,3.1258822417667993,7.467332822241619,0.6869834706916272
3543,3.1259294913570104,7.4673716524171585,0.686972241515534
3544,3.125952894392055,7.4673908221324075,0.6869669517947223
3545,3.1259997294386777,7.467429232818079,0.6869570187836885
3546,3.126046517468774,7.467467532958475,0.686947694352399
3547,3.126092474270262,7.4675052666302495,0.6869390520091513
3548,3.1261383439229418,7.467542889254259,0.6869311541014983
3549,3.126206799218221,7.46759912326266,0.6869203142843047
3550,3.126251758630346,7.46763592577115,0.6869140197182625
3551,3.126296860977601,7.467672822269871,0.6869082753522816
3552,3.126363445833745,7.467727533258401,0.6869004486344813
3553,3.1264076066805258,7.467763765268147,0.6868961512880439
3554,3.126473149016589,7.467817438713742,0.6868906533924484
3555,3.126516558024063,7.46785307772455,0.686887620780227
3556,3.126581638890782,7.467906471109441,0.6868837849956481
3557,3.1266242798609265,7.467941411930257,0.6868817457117264
3558,3.126688117288437,7.467993829341054,0.6868794734579042
3559,3.1267306778913184,7.468028685840241,0.6868783613577956
3560,3.126772476490876,7.468062910296065,0.6868775010702847
3561,3.1268142519604276,7.468097176044024,0.6868770159274702
3562,3.126855245475906,7.468130791005135,0.6868772489433211
3563,3.1268962209785447,7.468164390506258,0.6868780164583521
3564,3.126957232581964,7.468214491804923,0.6868783758162204
3565,3.126997332726558,7.468247395960491,0.6868712269419353
3566,3.1270568359949955,7.4682961090149655,0.6868556554277367
3567,3.1271158409469435,7.468344559122556,0.6868495450902763
3568,3.1271553035524695,7.4683768769099235,0.6868490345372525
3569,3.1272131931740104,7.468424337027456,0.6868516386710978
3570,3.1272517221245533,7.468455969906823,0.6868548171090273
3571,3.127309623697725,7.468503438175768,0.6868607998775947
3572,3.1273664087592907,7.468550016796665,0.6868676616754544
3573,3.127404284345341,7.46858106953282,0.6868730123654094
3574,3.127441395614373,7.468611499931138,0.6868785923793685
3575,3.1274784651786303,7.468641853395975,0.6868843305574664
3576,3.127534194982037,7.468687571242815,0.6868936316517201
3577,3.1275707860063995,7.468717557370565,0.6869000403710784
3578,3.127607267119476,7.46874746155348,0.6869065975380411
3579,3.127643442261629,7.468777136401579,0.6869132288172487
3580,3.1276969692138805,7.468821153414889,0.6869235075849831
3581,3.1277328176396106,7.4688505309788935,0.6869304755423681
3582,3.1277858349137864,7.4688940742862036,0.6869407455190549
3583,3.1278208531609883,7.468922872409481,0.6869477486605835
3584,3.127855951695003,7.468951661600972,0.6869548743930459
3585,3.1278904690827734,7.468979711016875,0.6869605002217786
3586,3.127942083837322,7.4690221039355364,0.6869631367768492
3587,3.1279926184383373,7.469063717476179,0.6869663382010273
3588,3.1280263888123456,7.46909137058023,0.6869714479690389
3589,3.1280598839100655,7.469118698425377,0.686977722448241
3590,3.1281094603599975,7.469159381301078,0.6869872907665284
3591,3.128158335199155,7.469199582360761,0.6869973406078477
3592,3.128190804724475,7.469226222324314,0.6870058886319982
3593,3.128238798920268,7.4692655894785185,0.6870199775486385
3594,3.128286405667804,7.469304527103941,0.6870344762086468
3595,3.128318200496988,7.469330578498843,0.6870438889516761
3596,3.1283496561381874,7.46935644993102,0.6870536498612101
3597,3.128380722488156,7.469381923890163,0.6870666818521584
3598,3.128411835712894,7.469407469160072,0.6870822089877527
3599,3.128457502808193,7.469444930261638,0.6871098148378035
3600,3.1284879041172458,7.469469873683866,0.6871304110486072
3601,3.1285333484771534,7.469507231051151,0.6871619732863371
3602,3.1285634036065457,7.469531913140176,0.6871793046427923
3603,3.1285934384968965,7.469556389320419,0.6871937722027487
3604,3.1286373688245983,7.469592502248204,0.6872207245952693
3605,3.128681253094382,7.469628621249753,0.6872569398372104
3606,3.1287103292840435,7.4696524047133375,0.687284336520275
3607,3.128739088917215,7.46967591012179,0.6873144546511128
3608,3.1287675790023894,7.469699240987551,0.6873465562591414
3609,3.1287955383010027,7.4697222297184345,0.6873811109574723
3610,3.128823439791214,7.469745287647474,0.6874171176829944
3611,3.1288512957565664,7.469768179429977,0.6874542606577868
3612,3.128878761940047,7.469790702674075,0.6874936354225764
3613,3.1289063390721763,7.469813252108737,0.687534171568977
3614,3.1289332462823527,7.4698353838022555,0.6875764570898121
3615,3.128960160846271,7.469857529236078,0.6876206681161041
3616,3.1289867531569038,7.469879395041208,0.6876660724176593
3617,3.129013048868848,7.469901017287149,0.6877137260260912
3618,3.1290393979161437,7.469922612960942,0.6877627522530677
3619,3.1290787667323983,7.469954906121,0.6878370930351725
3620,3.1291173942220736,7.4699867689480755,0.6879150872342179
3621,3.1291428741563996,7.470007752122686,0.6879684194513921
3622,3.1291681091498282,7.470028526814236,0.6880239329267224
3623,3.12919338407601,7.470049215532509,0.6880807478999088
3624,3.1292311338512433,7.470080068904416,0.6881667413051034
3625,3.1292559582795816,7.470100618637165,0.6882255021349848
3626,3.129280666806998,7.470121065959487,0.6882849667338193
3627,3.1293052529388232,7.470141312950791,0.6883448116821147
3628,3.129329583493928,7.47016111646733,0.6884065308950321
3629,3.129354017089807,7.47018109020514,0.6884693123574079
3630,3.1293897867079337,7.470210500002073,0.6885667312988258
3631,3.1294133519450034,7.470230223837096,0.6886332806847836
3632,3.1294487607467643,7.470259494902281,0.6887339477475859
3633,3.129472139840642,7.470278502821841,0.6888031879042985
3634,3.1294954963025057,7.470297641671278,0.6888733114876013
3635,3.129529964792638,7.470326061243222,0.6889799153650832
3636,3.129552801344949,7.47034489308154,0.6890531032728012
3637,3.129586246345663,7.470372495161507,0.6891670331907809
3638,3.1296084492075646,7.4703908314736935,0.6892451439687767
3639,3.1296305872382164,7.470409074878699,0.6893239392874071
3640,3.129663449126153,7.470436181421229,0.6894459954988639
3641,3.1296959954783334,7.470462969188418,0.689569926679344
3642,3.1297281104376284,7.470489402424461,0.6896978583885528
3643,3.129760030330115,7.470515711892301,0.68982749740884
3644,3.129791502445006,7.470541681931935,0.6899609496046486
3645,3.129822560346586,7.470567403939427,0.6900969882461879
3646,3.129853311598672,7.4705929116757845,0.6902362191511655
3647,3.129873826421574,7.470609895578245,0.6903289840965869
3648,3.1299043883433355,7.4706349955232625,0.6904681987452381
3649,3.1299246704205372,7.470651478995051,0.690562748335214
3650,3.1299550893226527,7.470676958520562,0.6906757223277474
3651,3.129975513337963,7.470693949258361,0.6906964031271168
3652,3.1299962910246424,7.4707109558174825,0.6906874866119342
3653,3.130027152776461,7.470736296355462,0.69064050344105
3654,3.1300474962272395,7.470753091174617,0.6905958561405598
3655,3.1300676454855183,7.470769908904355,0.6905449996971131
3656,3.1300876444719052,7.470786623592015,0.6904906430047025
3657,3.130107608481481,7.470802937672387,0.6904346568245173
3658,3.1301370857030757,7.470826992546184,0.6903499156356503
3659,3.1301564287585366,7.470843207283436,0.6902937736577093
3660,3.130185265965331,7.470867057386003,0.6902112108351458
3661,3.130204414537064,7.470882777441031,0.690157727175677
3662,3.1302329281564893,7.470906265573666,0.6900798862683033
3663,3.130260906648387,7.470929360353171,0.6900051074064015
3664,3.130288756375236,7.470952391111063,0.6899333427254412
3665,3.1303161944167925,7.470975071627253,0.6898646911441066
3666,3.1303435451597457,7.470997582525123,0.6897989865954683
3667,3.1303705661873056,7.471019799808635,0.6897362060061872
3668,3.1303974179606744,7.471041966937482,0.6896761534783197
3669,3.1304238093385925,7.471063838027887,0.6896188307967137
3670,3.1304501081680494,7.471085426135115,0.6895640421288252
3671,3.130475999290475,7.471106791930815,0.6895118325958189
3672,3.1305019379177117,7.471128138242999,0.6894619096430361
3673,3.1305273200862755,7.4711491225048725,0.6894142673579983
3674,3.1305524763769097,7.471169960806053,0.689368788002099
3675,3.130569042051697,7.471183543753875,0.6893397011871707
3676,3.130593875328182,7.471203870807748,0.6892978210342862
3677,3.13061817105623,7.471223954999123,0.6892580418006267
3678,3.1306343682994298,7.471237332862349,0.6892325488442357
3679,3.130666384643371,7.471263648186272,0.6891839401869062
3680,3.1306901904323956,7.471283347455977,0.689149487226549
3681,3.130713574381924,7.4713026064639045,0.6891167678560737
3682,3.1307291661566747,7.471315397458727,0.6890959200875929
3683,3.1307520388723633,7.471334316274355,0.6890659567854214
3684,3.1307596356741,7.471340577730326,0.6890563016208572
3685,3.1307748977511674,7.471353129889948,0.6890374242852834
3686,3.130797552257269,7.471371787625895,0.6890102176858157
3687,3.13081252830543,7.47138413882478,0.688992827806559
3688,3.1308347251376007,7.4714024218101,0.6889678089862764
3689,3.1308494518698207,7.471414516184515,0.6889518766877851
3690,3.1308641470883827,7.47142660892897,0.688936492455115
3691,3.130878612400444,7.471438471070001,0.6889216457841069
3692,3.1308930524014187,7.471450286957431,0.6889073487107303
3693,3.1309072950730314,7.4714620597504116,0.6888935448635451
3694,3.1309284032256386,7.471479481845205,0.6888738226717632
3695,3.1309425232531676,7.471491124523238,0.6888612457870542
3696,3.1309565859448294,7.471502709207362,0.688849084813072
3697,3.1309773310964886,7.4715198273738626,0.6888316504412142
3698,3.1309911073290433,7.4715311575840655,0.6888205314950484
3699,3.1310116079818324,7.4715480329587285,0.6888046203091659
3700,3.1310251103587188,7.471559179486791,0.6887944491671032
3701,3.1310450704980055,7.471575546514782,0.6887802197635434
3702,3.131064983816231,7.471591851774592,0.6887668482484531
3703,3.131078003969988,7.471602634420571,0.6887583613410629
3704,3.131090951428632,7.471613297500744,0.6887502299475794
3705,3.1311104501730425,7.471629306532863,0.6887386262796094
3706,3.1311297936510925,7.471645175212467,0.6887276675472445
3707,3.131142451940874,7.471655793615809,0.6887206561400157
3708,3.1311550499178407,7.471666191146329,0.6887139641360869
3709,3.1311676667433908,7.471676453697305,0.6887076080628534
3710,3.1311801996378534,7.471686791446762,0.688701569222801
3711,3.1311926710401945,7.471697039959847,0.6886957193367408
3712,3.131211104911549,7.471712184345554,0.6886874631431528
3713,3.1312233866967794,7.471722253815799,0.6886823070766406
3714,3.131241513968621,7.4717372559641015,0.6886749603292946
3715,3.13125345583711,7.471747151914814,0.6886703556883428
3716,3.1312653603968723,7.471756981341529,0.688666025316971
3717,3.1312712188822176,7.471761760220566,0.6886639596345883
3718,3.131283064143308,7.471771363273098,0.688660005064989
3719,3.131306153393155,7.4717903729742785,0.6886528638803837
3720,3.131328873772994,7.47180907312333,0.688646675448083
3721,3.1313457967183855,7.471823029018554,0.6886426019271346
3722,3.1313570903556234,7.471832278819732,0.6886400565364669
3723,3.1313737105305823,7.471846025078729,0.6886365478241376
3724,3.131384772775378,7.47185512367391,0.688634332483141
3725,3.131401149601695,7.471868548357689,0.6886314031062191
3726,3.131412060650682,7.471877470861559,0.688629699311271
3727,3.131422859534061,7.471886379409843,0.6886281026084727
3728,3.131438781387664,7.471899590488116,0.6886259676928548
3729,3.1314493484774752,7.471908282890013,0.6886247078060532
3730,3.131465177778972,7.471921249322308,0.6886230752631083
3731,3.1314756184864425,7.4719298224019175,0.6886221411874147
3732,3.1314910780446104,7.47194257868452,0.6886209527737261
3733,3.13150129459532,7.471951023336904,0.6886203639105499
3734,3.131511504762027,7.471959416180192,0.6886198631931378
3735,3.1315267236163464,7.471971868690461,0.6886193077173826
3736,3.1315417161783303,7.4719841899615345,0.6886189706277406
3737,3.131551590680867,7.471992324091636,0.6886188868452183
3738,3.131561342943551,7.472000406143846,0.6886189517699354
3739,3.1315711663904846,7.472008526796307,0.6886190827249449
3740,3.131585602479938,7.47202035533448,0.6886194990320362
3741,3.1315952149992317,7.4720282149105515,0.6886199033366657
3742,3.131604553126227,7.472035930188176,0.6886204440234377
3743,3.131618676866801,7.472047599478109,0.6886214003854026
3744,3.1316327055311306,7.472059111343517,0.6886225044603638
3745,3.131646536221434,7.4720704388814845,0.6886237537224681
3746,3.131660177745065,7.4720817549867915,0.6886252022630549
3747,3.1316737921965685,7.472092930518072,0.688626826681362
3748,3.1316871725330353,7.472103972581611,0.6886285516046398
3749,3.1316960182171405,7.472111236530938,0.6886298158299604
3750,3.131704807772111,7.4721184229279425,0.6886311346572183
3751,3.1317179044231187,7.472129197930841,0.688633218179936
3752,3.1317265512754684,7.472136295176819,0.6886346281322937
3753,3.13174372888705,7.472150532446883,0.688637535910923
3754,3.131752334161064,7.472157564950484,0.6886390240158369
3755,3.131764944128316,7.472167963423051,0.6886414370853696
3756,3.131777466502032,7.472178318781177,0.6886439292972618
3757,3.1317857033832737,7.472185041634427,0.6886456303373466
3758,3.1317979982555153,7.472195175257777,0.6886483761835452
3759,3.1318103306301768,7.472205312430352,0.6886511674198396
3760,3.1318183513788553,7.472211826133544,0.6886530637423104
3761,3.1318224102741943,7.472215142872231,0.6886540106551601
3762,3.131834352480176,7.472224964226339,0.6886568676866233
3763,3.13184222516081,7.472231591671786,0.6886587920341947
3764,3.131850012475274,7.472238056364908,0.688660734036702
3765,3.131865531982944,7.472250661154865,0.6886649681898741
3766,3.1318770657866577,7.472260167060474,0.6886681929486904
3767,3.1318845544341984,7.472266340527883,0.6886703618195753
3768,3.1318959195222145,7.4722757290261415,0.6886736261940567
3769,3.131906985673514,7.472284910632169,0.688676995918474
3770,3.1319144383457855,7.472290944153648,0.6886793279789177
3771,3.131925484181273,7.472299988824996,0.6886827373774986
3772,3.1319327269950277,7.472305948258997,0.688685004435244
3773,3.131940032027505,7.472311984694442,0.6886872830213896
3774,3.131950850202412,7.472320949645283,0.6886906643849771
3775,3.131957994456436,7.472326839544679,0.6886930038675556
3776,3.1319686574701238,7.472335564007821,0.6886965051064828
3777,3.1319757450540266,7.472341367929828,0.6886988216942714
3778,3.131982587193751,7.472347149279555,0.688701102667016
3779,3.1319928902950864,7.472355602082644,0.6887046359322858
3780,3.131999722303946,7.472361123826575,0.688707109992485
3781,3.1320132019497064,7.4723721419449936,0.6887120935923363
3782,3.1320198941274016,7.47237768888321,0.6887145191151262
3783,3.132029604344021,7.47238588038376,0.6887181728426098
3784,3.132036234889743,7.472391286633879,0.6887207397015866
3785,3.132046036371792,7.472399188474733,0.6887245082254573
3786,3.1320555528906553,7.472407263664496,0.6887282767781923
3787,3.13206831084102,7.472417574713589,0.6887334813307381
3788,3.1320746187018207,7.472422721818872,0.6887360317700308
3789,3.1320840027624963,7.47243057159706,0.6887398160860598
3790,3.1320901047260454,7.472435611977155,0.6887423724050022
3791,3.132096323391259,7.472440668792412,0.6887448397657628
3792,3.1321083986275564,7.472450653582248,0.6887498397267326
3793,3.1321145610167314,7.472455667834109,0.6887524139202617
3794,3.132120619003126,7.472460700908911,0.6887549400067389
3795,3.1321265149344097,7.472465615281185,0.6887574060486613
3796,3.1321325148250225,7.4724704544657055,0.6887599628835552
3797,3.1321384187716457,7.472475239459366,0.6887624721311838
3798,3.1321443371823676,7.472480074608063,0.6887649718345985
3799,3.132150107524161,7.472484857365016,0.6887674220166004
3800,3.132155860478661,7.472489719195346,0.6887698081160694
3801,3.132161573544395,7.472494342521334,0.6887723927430071
3802,3.1321672617854737,7.472498978383632,0.6887749599250058
3803,3.1321729609166002,7.4725036950985,0.68877746401197
3804,3.132178511141626,7.4725083279349525,0.6887799226403162
3805,3.132184026790992,7.472512890249616,0.6887824892177395
3806,3.1321896196516628,7.472517463535263,0.6887849820099583
3807,3.1321923209551805,7.472519703102347,0.6887862197228587
3808,3.132197818031154,7.472524195788357,0.6887887731223052
3809,3.132203321771672,7.472528689665317,0.688791306939112
3810,3.1322086796802933,7.472533085845542,0.6887937652602782
3811,3.1322140008184998,7.472537532745711,0.6887962374926769
3812,3.132221830925628,7.472544031581793,0.6887999964213786
3813,3.132227172962605,7.47254834538788,0.688802562834839
3814,3.132229794914616,7.472550501213837,0.6888038122452018
3815,3.1322375077360873,7.47255691603534,0.6887875816356975
3816,3.1322401310386407,7.472559060596435,0.6887665425974386
3817,3.132245443185371,7.472563355288846,0.6887072175032702
3818,3.1322506821187046,7.47256766159291,0.6886322104450584
3819,3.1322558258817605,7.472571992359912,0.6885675998333766
3820,3.1322608673690993,7.472576178840498,0.6885279934176363
3821,3.1322659613682213,7.472580320936662,0.6885049594677518
3822,3.1322710133981593,7.472584397954619,0.6884931228654039
3823,3.13227595786639,7.472588400638996,0.688488676610171
3824,3.1322832489503223,7.4725945279202595,0.6884905731141148
3825,3.132288065994877,7.47259846336604,0.6884954320971423
3826,3.1322929309501015,7.472602426996826,0.6885020704658489
3827,3.1323001922583598,7.472608389878348,0.688492741141535
3828,3.132304963466523,7.472612332426001,0.6884479890214488
3829,3.132312070440023,7.472618201433021,0.688389499632772
3830,3.132316698142777,7.47262205255733,0.6883717275514954
3831,3.1323237037524345,7.47262773085803,0.6883579539821686
3832,3.13232828889274,7.472631502453607,0.6883207309442305
3833,3.132335321817019,7.47263732223494,0.6882255146578983
3834,3.132339858349011,7.472641080341612,0.6881524841471589
3835,3.132344457224196,7.472644778865327,0.6881062064977955
3836,3.132353190548872,7.472652112127387,0.6880732002799069
3837,3.1323576529078037,7.472655713660772,0.688074002058658
3838,3.1323641954692976,7.472660888188662,0.6880391718425813
3839,3.1323685229479454,7.472664619235867,0.687982769640855
3840,3.1323749548469166,7.472669882049245,0.687893581154643
3841,3.1323792520977842,7.472673354801704,0.6878658786284987
3842,3.132383351558262,7.472676788467485,0.6878498302847561
3843,3.132387552407679,7.472680244560849,0.6878088185558483
3844,3.132391790660774,7.472683720026095,0.6877470648483697
3845,3.1323939133677854,7.472685435801956,0.6877107974013107
3846,3.132400136631719,7.472690538855404,0.687588264917055
3847,3.1324064364019546,7.472695657107503,0.6874541395911471
3848,3.1324104927528125,7.472699065810136,0.6873682699197087
3849,3.1324165587499633,7.472704018617353,0.6873064903155388
3850,3.1324205147611797,7.472707248939264,0.6872976014286766
3851,3.1324264205457557,7.472712096815542,0.6872581161321769
3852,3.1324303888659837,7.472715329325602,0.6872003464460312
3853,3.132434292490589,7.472718560447347,0.6871346426268853
3854,3.132440081187272,7.472723327556795,0.6870933743531522
3855,3.132445645598627,7.4727280047779265,0.6871005506203575
3856,3.1324513885699075,7.472732497512001,0.6870776681521182
3857,3.1324570036287693,7.472737127897556,0.686993187962725
3858,3.1324607818008263,7.472740264267022,0.6869184126936987
3859,3.1324645565877036,7.472743393215331,0.6868352218776346
3860,3.1324701641393484,7.472747928864689,0.686709042774982
3861,3.1324738278059208,7.472751002585001,0.6866664666140639
3862,3.1324772936537313,7.472753866415174,0.686656058781585
3863,3.1324807288295102,7.4727566329822706,0.6866668771726016
3864,3.132484273704494,7.472759475571716,0.6866915129276855
3865,3.1324876501384034,7.47276228175093,0.6866967730544606
3866,3.132492889687307,7.472766555126526,0.6866387276106085
3867,3.132496380463802,7.472769459635903,0.6865732888936268
3868,3.132501614794729,7.472773737181403,0.6864534389495168
3869,3.132505144833681,7.472776577981985,0.6863656735901
3870,3.1325102690700795,7.472780886114451,0.6862278276451215
3871,3.132513700092257,7.472783676570256,0.6861335491178238
3872,3.13251712102146,7.4727863629577005,0.6860387157216946
3873,3.132522235879825,7.472790526177464,0.6859261381667219
3874,3.132525416162027,7.4727932918867594,0.6859062953052154
3875,3.1325301532239176,7.472797122011749,0.6859367207471658
3876,3.132534560581439,7.472800729262916,0.6860851506355543
3877,3.1325374164181103,7.472803069033641,0.6862316155678768
3878,3.1325416861378814,7.4728065095626395,0.6864895121743432
3879,3.1325444281286305,7.472808837412571,0.6866752173451144
3880,3.1325471919333174,7.47281107472989,0.6868662113322983
3881,3.132548577571319,7.47281214391078,0.6869525455384101
3882,3.1325514030325188,7.472814369927837,0.6870755691138998
3883,3.1325557201474417,7.47281808239485,0.6871759741120285
3884,3.1325585601022956,7.4728204424948546,0.6872079814840173
3885,3.132561474736055,7.4728227441418,0.6872226150324645
3886,3.1325659109817883,7.472826374065003,0.6872239600559319
3887,3.132568757127485,7.47282877241251,0.6872165528939355
3888,3.1325744226582546,7.472833416830103,0.6871911964112591
3889,3.13257729249106,7.472835671930656,0.6871756438134667
3890,3.1325814999128263,7.472839260950432,0.687150735965594
3891,3.1325856412849427,7.472842560819957,0.6871252339458271
3892,3.132589783978851,7.472846009225119,0.6870995395112796
3893,3.1325925185959433,7.472848257385478,0.6870826679042076
3894,3.1325952819211427,7.472850464102529,0.6870661035099043
3895,3.1325979969998965,7.4728527151427935,0.6870497492019529
3896,3.1326006867750182,7.472854909780104,0.6870336371576158
3897,3.132604642921917,7.472858242257244,0.6870101414207306
3898,3.132607323263122,7.4728603386735575,0.6869949827025834
3899,3.132609923720074,7.472862509230385,0.6869801117362621
3900,3.1326138326136737,7.47286572907507,0.6869584076700636
3901,3.132617704357361,7.472868869925766,0.6869373681792883
3902,3.132620309040865,7.47287093804618,0.6869238515740331
3903,3.1326228583147055,7.4728730914738435,0.68691049429875
3904,3.132626588637356,7.472876176486039,0.6868754609543066
3905,3.132629203171448,7.472878309591726,0.6867541798428464
3906,3.1326332883797825,7.472881634335927,0.6864451456440397
3907,3.132637432439458,7.472885082222016,0.6861221001084297
3908,3.1326412414525833,7.472888125762076,0.6859825842659929
3909,3.132643699390027,7.472890159528157,0.685952338360052
3910,3.1326473146428095,7.472893059490312,0.6859330898736796
3911,3.132649642325911,7.472895012557325,0.6859318715933815
3912,3.1326519076614905,7.472896987589638,0.6859518169725509
3913,3.1326530315084216,7.4728979261413935,0.685968229014505
3914,3.1326552958836342,7.472899613282118,0.6860071963904314
3915,3.132658713657048,7.472902333708804,0.6860491638611814
3916,3.132662002326185,7.472905177060398,0.6860601139373579
3917,3.132665617163216,7.472908079477246,0.6858869451297795
3918,3.1326681335413418,7.472910008944675,0.6856899646123553
3919,3.1326707300319785,7.472912097635485,0.685439135961957
3920,3.1326734291475877,7.472914461606603,0.6850722127791915
3921,3.132676248312944,7.472916706947845,0.6846196758937046
3922,3.13268041974121,7.472920146834971,0.6839761896699373
3923,3.1326828640501834,7.472922210218494,0.6837529628677966
3924,3.1326862102203124,7.472924887004917,0.6835986154311368
3925,3.132688463062104,7.472926580515653,0.6835620131333635
3926,3.1326915680369805,7.4729291508228295,0.6835643988521707
3927,3.1326935470890884,7.472930832258327,0.6835894800467087
3928,3.1326955798615326,7.472932434973444,0.6836258661413609
3929,3.132698966058299,7.472935069784278,0.6834480881519777
3930,3.1327014407390212,7.472937148555071,0.6831407468388557
3931,3.1327042246815364,7.472939208108173,0.6826669254097413
3932,3.1327097160839448,7.472943542584207,0.6810294446096505
3933,3.1327118313140296,7.472945313258956,0.6803020473993703
3934,3.1327162923473724,7.4729489627141845,0.6786772729199847
3935,3.1327217136041186,7.472952514250498,0.6767042006935897
3936,3.1327287725179054,7.472958121791412,0.6734706226164413
3937,3.132737270766271,7.472964858345363,0.6692770444740505
3938,3.132606196789151,7.472848337506357,0.6527331962550019
3939,3.1326397470236342,7.472876935129973,0.6224197881511655
3940,3.1334984706461704,7.473456861478043,0.5895993071210097
3941,3.138116270679401,7.4764025010150315,0.54556946280032
3942,3.146892571243526,7.48144307029026,0.49272172232314876
3943,3.159637377893973,7.487872693369784,0.43472821119171084
3944,3.1745429431420193,7.4943525890868425,0.3783474333914514
3945,3.1917014210842716,7.500752043623822,0.3295449118148803
3946,3.210646238630524,7.506888340634892,0.29298587664677606
3947,3.2302537320501044,7.512601453172489,0.2730943555763498
3948,3.249913715407322,7.518058918850531,0.2700564966049082
3949,3.2793496821022656,7.52632572597752,0.2844878394148946
3950,3.2891065121989804,7.529210450329144,0.2950136698563506
3951,3.317231045438205,7.538190623593318,0.32919629024095826
3952,3.33659527622098,7.545224656249513,0.37982465922067243
3953,3.3439392247812814,7.548289700975268,0.42049568065552
3954,3.3481337848347694,7.550255619932343,0.4628448535630773
3955,3.3511447172840825,7.551819830102949,0.499541799111477
3956,3.353280828388855,7.5530223205190214,0.5239192675319169
3957,3.356720024041321,7.555027832258234,0.5249695032426622
3958,3.3609410181082473,7.557404447084877,0.49915875564161233
3959,3.365863634861852,7.559981020102392,0.4556515003037901
3960,3.369747315499476,7.561707255491479,0.3726100778978437
3961,3.3720385632651837,7.5625425552478305,0.3185554777703964
3962,3.374005126224041,7.563143279042234,0.26965134440680055
3963,3.3759987776067626,7.563650789040852,0.22360632958830465
3964,3.377002481547597,7.563867072838654,0.1793602290339867
3965,3.3701252484027804,7.562864427535569,0.11623641099317761
3966,3.3597824098325137,7.561844985446926,0.07509694478831519
3967,3.335551398123715,7.56072072487997,0.013291249814725615
3968,3.325150141742944,7.560648230370949,-0.007482785481169065
3969,3.2999949239605053,7.561485856455829,-0.07079601186328925
3970,3.288879198651616,7.562804734718596,-0.11371708915045134
3971,3.279923762451306,7.564019511533512,-0.1541928142256945
3972,3.268661828079798,7.56604218944625,-0.1999605163056598
3973,3.2656471219580903,7.566671671998657,-0.20963690295117784
3974,3.2609369117334484,7.567706619903945,-0.21936603101534813
3975,3.257404508860489,7.568495164969516,-0.20814268582556028
3976,3.256929001799012,7.568576430577387,-0.18496335859263527
3977,3.256820542435378,7.568584437899651,-0.1558634272010355
3978,3.2564710496363287,7.568638060331296,-0.11395202469744958
3979,3.2561882772788038,7.568659812534004,-0.08781743757214042
3980,3.255747984030715,7.568672091644906,-0.04973294602829035
3981,3.255454321930413,7.568692010669858,-0.024511965414497502
3982,3.2550261462282615,7.568692753609376,0.013660308191135968
3983,3.254756041108023,7.5686863405498634,0.0395501799963284
3984,3.254501847303595,7.5686746423192925,0.06590719108008965
3985,3.254149295605433,7.568648574716414,0.10643449816982296
3986,3.25394279280193,7.568627073786246,0.13417151448197653
3987,3.2537587806799095,7.568601922267864,0.1625150231472438
3988,3.2535955069884737,7.568575756720423,0.19147185966907232
3989,3.253452895953545,7.568549173523289,0.2210334851764179
3990,3.2533301304350064,7.568523326034392,0.25117921091475937
3991,3.2531859462228336,7.5684905610441735,0.2973674026164625
3992,3.253413366832643,7.568568085525446,0.3341404946135647
3993,3.255147635308483,7.569249410472992,0.39243843505855086
3994,3.2566889195438447,7.569918903340003,0.4203844959271335
3995,3.263930080227764,7.573282737556862,0.4413867653872408
3996,3.273690079816333,7.577929324843171,0.44580389574166024
3997,3.287480747354837,7.584525788650288,0.4451574987305483
3998,3.3047110903155263,7.592713392907067,0.44015624843630213
3999,3.323597349667755,7.601512534249832,0.4281622588212368
4000,3.34252862265757,7.610006659520999,0.4124411544879616
4001,3.3587704857016916,7.616979847828687,0.3935978071475914
4002,3.3725131162311617,7.622531943939505,0.36978858294459294
4003,3.38621580517737,7.627837333442929,0.34693098116012994
4004,3.401209139959314,7.632893379942545,0.3085881156719372
4005,3.4071232546318715,7.634666385906785,0.2613238134874606
4006,3.403549680012679,7.633833530314327,0.20721846027210666
4007,3.3953985344228266,7.632258285549697,0.16858468268970112
4008,3.374397306482051,7.629291612887465,0.10780767989178167
4009,3.354501545158952,7.627487905592276,0.06569431093927106
4010,3.3005667865430235,7.62619093091261,-0.022107231630794158
4011,3.247961351519777,7.628980499556974,-0.09099795317500647
4012,3.1979027065327132,7.635088616293032,-0.16313205647595846
4013,3.1581142716202186,7.6424926891935225,-0.23786366528116146
4014,3.137451140168729,7.6479462668939275,-0.2880997998267462
4015,3.1213305188301455,7.6530778439903395,-0.3389875764218438
4016,3.104563497787623,7.659604399544924,-0.41547693236653815
4017,3.095648441830882,7.663754480104122,-0.46170754300156414
4018,3.088087529994537,7.667680907634844,-0.4992240125307754
4019,3.0797831235393818,7.6723971980702625,-0.5338314401678539
4020,3.0755309233470722,7.674944441864157,-0.5388290381344157
4021,3.074934202722221,7.675295725109321,-0.5249690159567383
4022,3.0748971693885774,7.675305293055003,-0.5046889484112994
4023,3.074900942825234,7.675302127224334,-0.4830594724584214
4024,3.0748243115122404,7.675316527663628,-0.4358854865653919
4025,3.074833661357654,7.675297400081801,-0.4034213819659196
4026,3.0748615875246768,7.675273352266798,-0.37515918366554485
4027,3.0748796524386317,7.6752533710524125,-0.35002496235062003
4028,3.0748891087527843,7.675241038172139,-0.32704657940340376
4029,3.074889242239617,7.675233882136888,-0.305615790778401
4030,3.074891114037386,7.675228345396617,-0.285277118985274
4031,3.0748762610090408,7.675226882866085,-0.2655786055243872
4032,3.074861187664477,7.675224759233228,-0.24565536099377822
4033,3.0748599475596996,7.675213966420372,-0.2154095600168375
4034,3.0748312716077764,7.675212196568322,-0.1943344088328688
4035,3.074834984666151,7.675200057184601,-0.16306107861591815
4036,3.0748306310062588,7.675195592585477,-0.1425382400080725
4037,3.074820676351924,7.6751929582902285,-0.12201586942479595
4038,3.0748144885592463,7.675191212510687,-0.11170374366548015
4039,3.0748004884869977,7.675187176780726,-0.09089652849371459
4040,3.0747843551215834,7.675183648637492,-0.06975724893182382
4041,3.0747656859938117,7.6751807298636505,-0.04820011017125219
4042,3.074743732135903,7.675178523969776,-0.02615522176597347
4043,3.0747180972665014,7.675176654427102,-0.0035654423490144157
4044,3.0746717285249057,7.675171699204327,0.03144356654179621
4045,3.0746363823081646,7.675168434982767,0.05558721094706096
4046,3.0745780350338525,7.675163236955265,0.09308445592815229
4047,3.0745362105820866,7.67515840608487,0.11896935721076023
4048,3.074492690269658,7.675153281608478,0.14558009966752108
4049,3.07545462135043,7.675321617066738,0.18789888764980275
4050,3.0771734794378953,7.675686313271051,0.23067711024775514
4051,3.078349331343749,7.675976576811946,0.25672573380230024
4052,3.0801505228608965,7.676480385499065,0.2865380409934039
4053,3.0813103971487643,7.676840052008674,0.30337824628491233
4054,3.0831787042959817,7.677440676801238,0.3226375155635777
4055,3.084386334009921,7.677859805075677,0.3320565594125237
4056,3.0855809807690036,7.678278621822754,0.3429982595441045
4057,3.0868196517138458,7.678720398239169,0.3534440500175114
4058,3.0881129079007734,7.679206541360085,0.3569866479549027
4059,3.0893774396559346,7.679682999301174,0.35787129266767015
4060,3.0906148924541528,7.680149526426789,0.3606887079457828
4061,3.091843067848219,7.680615465861826,0.3666349660002438
4062,3.09307974522535,7.681095563866223,0.37488036297091615
4063,3.0943158736915506,7.681588738850527,0.38480282049038506
4064,3.095549393376082,7.68209618593525,0.395940229266841
4065,3.097410464948711,7.682893748700093,0.41414347010926017
4066,3.0986528176215025,7.683448605390403,0.4263936020072545
4067,3.100566722890403,7.684336138183656,0.441752925600176
4068,3.101856523668365,7.684950543366425,0.44736359781010004
4069,3.1037901378608237,7.68589096682342,0.45290541433072556
4070,3.105094769900891,7.686522041111164,0.4563334893397693
4071,3.1063994562335555,7.6871712492511195,0.4577569149652579
4072,3.108349729765837,7.688136220088902,0.46206118345650554
4073,3.1096503136640283,7.688786922611618,0.465924613220704
4074,3.1116272372785705,7.689787851022665,0.46929483590987237
4075,3.112934742805642,7.690451361859903,0.47074975267984764
4076,3.1148986900202633,7.691455144830401,0.47492616557462125
4077,3.116214900115298,7.692134595040402,0.4786123417820557
4078,3.117538361598996,7.692815567275675,0.481412266119129
4079,3.11891649487647,7.693536298103233,0.4771968136274661
4080,3.1202757091820006,7.6942371672862535,0.47010577610404086
4081,3.121613557151414,7.694913809381984,0.46472317475412284
4082,3.1236356582806506,7.695921112226211,0.46187912726039104
4083,3.124990588225228,7.69659487144911,0.462350331259985
4084,3.1263475896890536,7.697271955942312,0.46414166116703337
4085,3.1276832021953123,7.69794273025963,0.466913698075839
4086,3.1283492410116143,7.698279111885521,0.4685856116457807
4087,3.1296809193899997,7.698955820724641,0.47236373403557136
4088,3.131020929976138,7.699642993573236,0.4764842989610903
4089,3.1323661944808197,7.7003402719185905,0.48044370923328544
4090,3.1336992974198656,7.701039812282535,0.48411453591723025
4091,3.135739451730083,7.702119759190534,0.489199454578241
4092,3.136419210974808,7.70248197452221,0.4907650383660994
4093,3.1370979600768196,7.702845430995173,0.4924548753587862
4094,3.1384542622310496,7.703576470566112,0.49613015234812774
4095,3.139855921491492,7.704337768625921,0.4985602114528323
4096,3.1412332280192516,7.705089252986118,0.5011261488346405
4097,3.1426177575150467,7.705850051547644,0.5042062445319777
4098,3.1440157920241156,7.706624581923816,0.5076296802314603
4099,3.1454221568100036,7.70740521426429,0.5105882656469826
4100,3.14752028727485,7.708588204974127,0.5131412845944026
4101,3.148912679929562,7.7093747476675984,0.5156236620746061
4102,3.1503039611868218,7.710165660937143,0.518529020844037
4103,3.1524717006065752,7.7114048509203235,0.5198071198802953
4104,3.1539056183632543,7.712226393635992,0.521181781619363
4105,3.1553559761367933,7.71306064234369,0.523158536276314
4106,3.1568078930834282,7.7139000636329635,0.5255612343262229
4107,3.1589896074257267,7.715170815205071,0.5296957547794872
4108,3.160454730094929,7.716031303651718,0.53266349553106
4109,3.1619176520733427,7.716896552778167,0.535723779942699
4110,3.163383689998575,7.717762921526234,0.5378678127996825
4111,3.16559904222582,7.719092704636032,0.5381058634012905
4112,3.1670720904911964,7.719972799581669,0.5391792335777483
4113,3.1685442554860863,7.720856872990466,0.5407617691283995
4114,3.1700329948448496,7.721750959388611,0.5427048320396889
4115,3.171521461232162,7.722652217551062,0.5448961846144708
4116,3.1737868832103358,7.724032583777763,0.5484582543561938
4117,3.1760750485374363,7.725435918748114,0.5521365475927007
4118,3.178400795510823,7.726871914661554,0.5557997325782806
4119,3.179949099105725,7.727839582058036,0.5581928485355157
4120,3.1823139843552424,7.7293235906615925,0.5616599246142472
4121,3.183892869987002,7.730315942672126,0.5638764433503871
4122,3.1854661835723532,7.731317524875678,0.5660193976081004
4123,3.1878827138353762,7.7328589576985225,0.5690584586054903
4124,3.1886903327430582,7.733373821601067,0.5700216738889539
4125,3.1903001990320212,7.7344113694736,0.5718803383406965
4126,3.1919605561933997,7.73547784296227,0.5736279020869173
4127,3.193623730347341,7.73655659622699,0.5752544638249181
4128,3.1944561538334266,7.73709463427915,0.576027605853406
4129,3.196070706059529,7.7381401534752055,0.5764434168557347
4130,3.1977393262205203,7.739220532046981,0.5709377286172048
4131,3.199528622579986,7.740365068036361,0.5623421396906014
4132,3.2012881381566203,7.741472561168861,0.5546023311781014
4133,3.2031343564351484,7.742605244577884,0.5491040902203214
4134,3.205915194307935,7.744297023479606,0.5439160101043189
4135,3.208651070406918,7.745943053262317,0.5413215914344435
4136,3.210449303739191,7.747022289786881,0.5406363984802425
4137,3.212248262035902,7.7481048523389155,0.5405499937944829
4138,3.2140722938032082,7.749198541837492,0.5408944066738519
4139,3.2158997467704777,7.750297275361406,0.5415458578261053
4140,3.217794009992164,7.751430594059097,0.5423230919141614
4141,3.219714251519409,7.7525916744779835,0.5423937232966565
4142,3.221642227339088,7.753757042557366,0.5425553902125598
4143,3.224603081189362,7.755546573035323,0.5422621599652532
4144,3.22662362894699,7.756755782439523,0.5418461533026977
4145,3.2296893905784683,7.758601135931694,0.5417386996898117
4146,3.231754703503859,7.7598541779551935,0.5418787194865934
4147,3.232765610377341,7.7604782357561275,0.5415160784550836
4148,3.234865878317877,7.762159237824105,0.5385726169024294
4149,3.237225409365799,7.763549184089481,0.5359596188716063
4150,3.239592637535275,7.764961892963335,0.534053962197234
4151,3.2419874800462107,7.766383836514287,0.532646125269723
4152,3.244389058936764,7.767811096525211,0.5316085462038136
4153,3.2467986662965767,7.7692401907987065,0.5308389042381555
4154,3.2495163874619966,7.770840536525425,0.5278942353663978
4155,3.252191563054677,7.772404315583481,0.5248477912260587
4156,3.2548845316888264,7.773968278859382,0.5223575682020967
4157,3.259268780596847,7.776490106139563,0.5149737388418951
4158,3.2621787275833767,7.778154959282052,0.5105073463466605
4159,3.2667502633206023,7.780688019919155,0.5040460665342187
4160,3.269891025196799,7.78240296757222,0.497424149083896
4161,3.2730371412166517,7.784095674998675,0.4920251739969843
4162,3.278041872444669,7.786748498257569,0.4842273898284396
4163,3.2816266588492886,7.788612939528104,0.4762414298858424
4164,3.2852182683017377,7.7904492931746665,0.4695007289919128
4165,3.2911285344874113,7.793404110597111,0.45699379827823466
4166,3.2951542982455027,7.795359639245108,0.4477059825372297
4167,3.299704903153962,7.797516992569146,0.4379642972455996
4168,3.307251324382024,7.800963404034641,0.4187644647555083
4169,3.312322938891776,7.8031873792216215,0.4073798622667305
4170,3.3203410204805515,7.806558898275339,0.3867023705214762
4171,3.3256972029137324,7.8086966223671626,0.37140440504580663
4172,3.333057609667888,7.811473261987973,0.3441700231815524
4173,3.337382738909571,7.8129693762955075,0.31766170144219374
4174,3.343805086218972,7.814960525245012,0.2781915523013289
4175,3.347644081106253,7.816002224620701,0.24557022409365356
4176,3.3513039398213755,7.816863907485761,0.207640068543629
4177,3.3541758435885125,7.817424907587798,0.16579959172579994
4178,3.3563990878778136,7.817768735295089,0.12896136359689467
4179,3.360222216323444,7.81819724000825,0.08818434053075222
4180,3.35983590037918,7.818176234297892,0.06680452272689441
4181,3.3549738075828826,7.817889621969408,0.05122259615470736
4182,3.3391904361254126,7.817215379703148,0.0344817380950189
4183,3.3316472851888346,7.816964741224946,0.030033515293205915
4184,3.3193187943291345,7.8166330242715025,0.021911411564342134
4185,3.3091794310030296,7.816453582761974,0.01104048274000895
4186,3.3054476964387076,7.816421945347742,0.007430576192959181
4187,3.302907239101886,7.816406179378449,0.012073246866246685
4188,3.3016800391378966,7.816378953108024,0.0397014538726532
4189,3.301361603549899,7.8163656650674715,0.06373870061486445
4190,3.300956880665239,7.816335093198081,0.10210669439666856
4191,3.3007249585358287,7.816309606339176,0.12894379057141475
4192,3.3005195707034134,7.816284379166016,0.15663451013078436
4193,3.3002638166076506,7.816242297377179,0.19961671211458704
4194,3.3001234268649036,7.816216622695374,0.22915818590624354
4195,3.300363032527413,7.816281713628165,0.26145885735865426
4196,3.3006444960544794,7.816367064064067,0.2925788605962417
4197,3.3007263480486637,7.816399422630892,0.3180307428719061
4198,3.304470680921256,7.817709555213383,0.34473905168623753
4199,3.3087962741046355,7.819285095187833,0.3508433736008089
4200,3.3168094907836383,7.822211299459314,0.3449258496907993
4201,3.322278348402593,7.824162455673851,0.33777896419307096
4202,3.3277871714566287,7.826081728053188,0.3296861687827791
4203,3.3362547152819655,7.828887320277086,0.30483829471068746
4204,3.341858953568997,7.83058926589831,0.27958302293151105
4205,3.345733563550013,7.831662197787264,0.25452080134362937
4206,3.349178493737322,7.832525549975056,0.23333050384067539
4207,3.3545097750661763,7.833724502243995,0.20671648519528188
4208,3.3537343357648806,7.833584153949665,0.18481447387048908
4209,3.3475840101179237,7.832468189176966,0.172237866699898
4210,3.3368848597703256,7.830658778596166,0.1605886092272422
4211,3.3122547361510275,7.82685730786131,0.14405630433867697
4212,3.2772733479670304,7.822035436548365,0.12798490709760474
4213,3.244540647743461,7.818031714583649,0.11134814123711141
4214,3.2220463786699023,7.815684068034322,0.09383936995440477
4215,3.2127707516715094,7.814847463000213,0.08173671392850777
4216,3.2072840393841497,7.814424899972396,0.06996079185716376
4217,3.2031339643587873,7.814154217445561,0.06269730515877533
4218,3.200289421552473,7.81397987967813,0.06446511002616097
4219,3.199010544183959,7.813893782246043,0.07818368268744158
4220,3.1985666128507124,7.813846523308606,0.11686270266658375
4221,3.198365421085389,7.8138215703784315,0.14455415655569825
4222,3.198538526676204,7.813848701444962,0.17560451671476557
4223,3.1987656719310014,7.81389353079764,0.20633212530715922
4224,3.1988209579789513,7.81391333305793,0.23173705966256208
4225,3.2002419862204436,7.814282571382142,0.2589670119423306
4226,3.2020617575044477,7.814777465351846,0.2689999285822102
4227,3.2047714202542714,7.815539026941917,0.2764892976767859
4228,3.2065412956707355,7.816045520540001,0.28101725716816556
4229,3.208345113321067,7.816570631904756,0.2869125046049353
4230,3.210189308603239,7.81711974023181,0.293760869800618
4231,3.213042543975841,7.817997362605294,0.30378892404801394
4232,3.2148570810641486,7.818569376380095,0.3072653795432405
4233,3.2177697541119636,7.819501488446346,0.31064581015146603
4234,3.2196856783234797,7.82011870445562,0.31168076541631645
4235,3.2226880873656003,7.821091765522289,0.31539507993199656
4236,3.2247482547639295,7.821766653712995,0.3170011103502926
4237,3.226656836925526,7.8223842876900465,0.3100026940308597
4238,3.2284698605557067,7.822957771662008,0.30054495342806
4239,3.230351410384364,7.823536606571456,0.29454190136834685
4240,3.232334577519661,7.824135508272354,0.29236936510375233
4241,3.2344161166384056,7.824761806131894,0.2922444683387843
4242,3.2365362875007966,7.825401979045896,0.29353374583952885
4243,3.2386814629256118,7.826049600167159,0.29577830689922935
4244,3.240865400534946,7.826717151552846,0.29875599166202865
4245,3.243068319899368,7.827398516891389,0.3015916905523957
4246,3.2453106812266017,7.828099387259156,0.30350231532881056
4247,3.247611295939099,7.828821530190103,0.3049501539591271
4248,3.2498531727294044,7.8295279204433195,0.3066454097937311
4249,3.252271397020589,7.8302948373615395,0.3074840021959814
4250,3.254726248941725,7.831076260314396,0.3092877397227503
4251,3.2569959269814968,7.831802607609359,0.30958800992422486
4252,3.2608046193625246,7.833012127423218,0.3111280493229425
4253,3.2618832467885945,7.8333728213455815,0.31111751055185544
4254,3.2644215789457847,7.834176784966308,0.31036218927129683
4255,3.268490872857128,7.835491460160589,0.31150043860816085
4256,3.2709028829716167,7.8362706196402,0.31016416811223946
4257,3.2737712779844164,7.837183014267104,0.3093143257759503
4258,3.278367352790959,7.838655632097487,0.30989224580263364
4259,3.2809922220104326,7.83948502767475,0.3066198980227151
4260,3.2859141308107094,7.841019732964243,0.29974920478218675
4261,3.2892467816036666,7.842055617457356,0.2975643903148244
4262,3.294440119740667,7.843638599151716,0.29524747660103723
4263,3.2982426195407415,7.844458050508834,0.29169558290631353
4264,3.3018962327063455,7.845536525191509,0.2898144599193464
4265,3.307999320901612,7.847306741058085,0.2758827084641644
4266,3.31241876923662,7.848520940397192,0.26171539850482906
4267,3.320252069531524,7.85054871590394,0.24837041612627292
4268,3.3288221431336384,7.85268904403673,0.2403232932841747
4269,3.334541998252502,7.8540843075243245,0.2360060999371828
4270,3.3427249429945647,7.856044662346537,0.23307430870486873
4271,3.3515414844064355,7.858127360821419,0.23080022274029946
4272,3.361353426528108,7.860421133948912,0.22869616279220972
4273,3.384300365704856,7.86572295096129,0.22597372951342248
4274,3.4037700447867953,7.870174224429909,0.22270638934970866
4275,3.4273509105927364,7.875404315152957,0.21008900607474673
4276,3.4374842256402034,7.877517777438776,0.19833979860027548
4277,3.444237520591293,7.878829998557396,0.17805713263381506
4278,3.443075033696899,7.878633890946125,0.16337881938614388
4279,3.437325449987854,7.877725080168361,0.14800017581917058
4280,3.4201034228099445,7.875354354741814,0.12412073974549279
4281,3.402829541002294,7.873320478865701,0.10775445398131697
4282,3.3682845815545126,7.869983757858889,0.08245684487630696
4283,3.3232669763891636,7.866788799846559,0.05641889354470072
4284,3.287422233923064,7.865025297233239,0.038664003416468494
4285,3.2469706580094173,7.863757769780547,0.02050641928962226
4286,3.201865835144809,7.863169052110246,0.0019404326640569851
4287,3.1541503487759583,7.863432151632266,-0.01695609844956819
4288,3.0907825835352987,7.865288433738074,-0.046094816557627476
4289,3.0543411759739416,7.867256713689805,-0.06604028802487612
4290,3.022565022271406,7.869615949975236,-0.08644477205915652
4291,2.9954451230124963,7.872194407086092,-0.1072969380448856
4292,2.9729731799309937,7.874808669645588,-0.12856159096570863
4293,2.9479604865131734,7.878384796905106,-0.1612835838116488
4294,2.9370526758234115,7.880261534831365,-0.18364691286342033
4295,2.930206788741882,7.881602809897143,-0.20594174020553901
4296,2.9250310634825376,7.882732248350462,-0.2230653818724774
4297,2.922907655469627,7.883221167211097,-0.22755269593213706
4298,2.9190419295899006,7.884111960254907,-0.21921408909326934
4299,2.9187435377624733,7.884173824801801,-0.20858559024312714
4300,2.9186451523591384,7.884176197004526,-0.1785667204855492
4301,2.9185216855952922,7.884181455928096,-0.13571728526091575
4302,2.9184448292397587,7.884184813875279,-0.1089815153145461
4303,2.9183685791617457,7.884186662505725,-0.08281723218347102
4304,2.9182541619893616,7.884185720615312,-0.04373023679657177
4305,2.918177383864988,7.88418371811129,-0.017416852941462176
4306,2.9180998528496547,7.884180633847639,0.009275622577821318
4307,2.9196761387560524,7.884213492820487,0.04393912445973299
4308,2.921338580799485,7.884305560078578,0.085776013451001
4309,2.9230079188157094,7.884473182161867,0.12334795784707482
4310,2.924653416068577,7.884697117010564,0.15091346709161324
4311,2.926264554862725,7.884963759246448,0.17363929271661824
4312,2.9286988648743812,7.885423110317682,0.2014103391876091
4313,2.9302940302625617,7.885762430811877,0.21984179699450695
4314,2.931882015963722,7.886130995900872,0.23885004487937772
4315,2.9342956357541543,7.8867522064943785,0.26332100953866927
4316,2.935870500105979,7.887188128890001,0.2779485811151887
4317,2.937436482390776,7.887647382089567,0.29368434380624847
4318,2.938990547111155,7.888130140436726,0.31012578426131665
4319,2.9405855441301707,7.888650143128853,0.32526688116203806
4320,2.942133834025452,7.889188183022507,0.3371351180647804
4321,2.943665225031384,7.88973626468859,0.35141405674021864
4322,2.9451851061512073,7.890306611357172,0.3672036330118252
4323,2.947444498822676,7.89120797028768,0.39274843338690596
4324,2.9489356218712444,7.8918419408436495,0.41077912602980765
4325,2.9504194935796537,7.892504364244856,0.4296077121761826
4326,2.9526120255202635,7.893548002088155,0.4591522056952732
4327,2.9541164972169485,7.894303811760266,0.4771804749030013
4328,2.955662598153059,7.895114459765355,0.4880410927140274
4329,2.9571706533677533,7.895922008237612,0.4858119129464334
4330,2.9586528891915607,7.896703590661255,0.4839250248467005
4331,2.960872337457948,7.897870022885291,0.4844793510946005
4332,2.9616130264197182,7.898259852386868,0.4852335036673145
4333,2.9630929926699037,7.899041410862137,0.4872815514666624
4334,2.9652993034098265,7.900215655007203,0.4912093014514065
4335,2.9667628038668363,7.901001216266211,0.49414503629418327
4336,2.968945899377428,7.902183528209147,0.4987628638029409
4337,2.9703951582161627,7.902975581416063,0.5018913629535956
4338,2.972608808244868,7.904182594829198,0.49753694492697204
4339,2.974093066493549,7.904979513313923,0.48185443333964656
4340,2.975581510733663,7.905750781767537,0.46934592465704916
4341,2.977792799471145,7.906861579575219,0.46493773256482446
4342,2.979261277450538,7.907597383313458,0.4651341816777402
4343,2.9807269928125857,7.908332771156283,0.4665253194312961
4344,2.9821824110573423,7.909068321410305,0.4686723515736766
4345,2.9836260109771024,7.909802249182652,0.4712993444643558
4346,2.9857724390805,7.910901025282624,0.4757607581701862
4347,2.98721523785244,7.911649089193117,0.47942862834213357
4348,2.988643173421752,7.912393919933582,0.4844846345291979
4349,2.990771428749762,7.913520597157451,0.4884223596212841
4350,2.991478343268891,7.9138968727709615,0.48971006745676926
4351,2.993595797916531,7.915030937005543,0.49384362327126746
4352,2.9949940408260534,7.915786117756105,0.49672630758990066
4353,2.9963891020403346,7.916544799073875,0.49965125439942365
4354,2.998471257314522,7.917687207478704,0.5040503828329952
4355,2.9998462472057197,7.918448278756234,0.5069751938470568
4356,3.001219040239106,7.919213242719624,0.5098784683192715
4357,3.0033115058149513,7.920385350565993,0.5111817106969406
4358,3.005380927416514,7.921548564011168,0.5133188841933705
4359,3.007440644421737,7.922713518006178,0.5162772430236928
4360,3.008809190233154,7.92349222993711,0.5184709309590833
4361,3.0108387419945157,7.924654657298105,0.521930816625922
4362,3.012181246214577,7.925428659826281,0.524313957675181
4363,3.013521782075271,7.9262058887323175,0.5267161566519754
4364,3.0148542876984363,7.926982791937605,0.5291077646772362
4365,3.016184626333801,7.927762614998224,0.5314703099414128
4366,3.017510225746889,7.928543865489015,0.5337956445899287
4367,3.0188299914841603,7.929325982408144,0.5360732629473695
4368,3.020148153954232,7.930110993300246,0.5383023831525289
4369,3.0221174992016775,7.931291013848181,0.5415485298890816
4370,3.023426516756728,7.93208021810625,0.543639172932536
4371,3.0247339062262615,7.932872292938712,0.5456757199170055
4372,3.02668959058034,7.93406380483738,0.5486239393077439
4373,3.02799069754592,7.934860486442404,0.5505068562641368
4374,3.029287772660397,7.93565806435218,0.5523188161821792
4375,3.031230762974216,7.936858956077785,0.554905537455027
4376,3.033171410764237,7.938065111110213,0.5573653982590995
4377,3.0344602961567153,7.938869739052904,0.5589446126463832
4378,3.035743361888033,7.93967358872103,0.560476167954955
4379,3.037658106003206,7.940878227611402,0.5626984019117903
4380,3.038919565875189,7.941675081270665,0.5641687341675188
4381,3.0401800892989357,7.942473946854958,0.5656298252521621
4382,3.0414422876952893,7.9432763126689965,0.567045886112898
4383,3.042703980858257,7.944080875119264,0.5683973457422019
4384,3.0445950614965405,7.9452913530094085,0.5703273175527707
4385,3.046471500564983,7.946497303033718,0.5721575781515821
4386,3.0483310214536368,7.947696947573678,0.5739135785765694
4387,3.049563668125493,7.948494912142288,0.5750648528340652
4388,3.050794169375899,7.94929341698806,0.5761927630010937
4389,3.0526361015658905,7.950492144640059,0.5777986244671263
4390,3.053863385511601,7.951293178349063,0.5788185030164397
4391,3.055695079229925,7.952491961537086,0.5802902440899009
4392,3.0569016010804635,7.953283773641163,0.5812675242903024
4393,3.0581074643140034,7.95407680392166,0.5822418546654412
4394,3.05991448442563,7.95526818989772,0.5836353426061457
4395,3.0611185513843924,7.9560639898935355,0.5845073264361879
4396,3.062322198192737,7.956861014758295,0.5853429455775322
4397,3.0635178207552007,7.957654108377576,0.5861518456709315
4398,3.0647028238500407,7.95844163712939,0.5869593475981881
4399,3.0664780222935364,7.959623845161187,0.5881548683228609
4400,3.0676589587765175,7.960411988359527,0.5889074049250224
4401,3.068839400129774,7.96120101274169,0.5896228786727727
4402,3.070008961690321,7.961984024745838,0.5903093751642547
4403,3.0711771894117805,7.962767232278182,0.5909721043410203
4404,3.0723449965131966,7.9635512047283115,0.5916131056346259
4405,3.0740685243685646,7.964710285320439,0.5925837634293134
4406,3.0752052056902435,7.965476228531136,0.5932937373395413
4407,3.0769228970943403,7.966635653387393,0.5943002217180327
4408,3.0774955163021125,7.967022680725144,0.5946051734247608
4409,3.0792129238346457,7.968184987260649,0.5954545303227176
4410,3.0809022473298926,7.969330521199191,0.5962737319785941
4411,3.082589131746218,7.970476228251843,0.5970963288576651
4412,3.0837032965397384,7.971234076390108,0.5976470968718575
4413,3.084803467138218,7.9719834085701216,0.5982466449181542
4414,3.0864576426558825,7.9731117613911415,0.5991875228851592
4415,3.088123670869447,7.974250403043955,0.5999768654414436
4416,3.0892340172974966,7.975010372464398,0.6004232517099093
4417,3.0903364709096746,7.975765576905937,0.6008308927316222
4418,3.0914284185862067,7.976514170663662,0.6012349069710485
4419,3.092519892843246,7.9772630713098245,0.6016359693110036
4420,3.0941179622265262,7.978361004551343,0.6023166314580344
4421,3.0951812216243484,7.979092331886136,0.6028310948006584
4422,3.0962550790283143,7.979831673287594,0.6033077715169431
4423,3.097329545753739,7.980572240450279,0.6037013974777325
4424,3.0984037054833338,7.981313245475541,0.6040366868510351
4425,3.099994962034007,7.982411792188113,0.6044820799938877
4426,3.1010547000443625,7.9831438486276625,0.6047574502347074
4427,3.1021033901710897,7.983868764524024,0.6050295272895764
4428,3.103653703372508,7.984941468299609,0.6055307079216818
4429,3.104686703521513,7.985656796767769,0.6059050642415701
4430,3.10572476784166,7.986376149005325,0.606246835736674
4431,3.106763060325101,7.987096221623972,0.6065220928413847
4432,3.1072821052685686,7.987456337173627,0.6066413060197257
4433,3.108823390328777,7.988526157685825,0.6069477241854608
4434,3.109849976413403,7.989239088343381,0.6071210142059473
4435,3.1113895048732383,7.990308713508184,0.6073492260401203
4436,3.112403590403562,7.991013494146679,0.6074967207125364
4437,3.1134163590680153,7.991717741256379,0.6076511734839789
4438,3.1144288929248383,7.99242197101524,0.6078080822465524
4439,3.1154195328565417,7.993111199538944,0.6080019770276334
4440,3.1169020011250352,7.994143226212769,0.608387770332074
4441,3.118388085866136,7.995178637854684,0.6087836269260941
4442,3.119380288258628,7.995870416998665,0.6089733029322436
4443,3.120367728042401,7.996559163830703,0.6091199884824045
4444,3.1213485731338637,7.997243478780003,0.6092375771717535
4445,3.1223292744494873,7.997927850714375,0.6093346199437342
4446,3.1237840357177635,7.998943175575552,0.6094548461850506
4447,3.1247530968372303,7.999619722632259,0.6095232275026273
4448,3.1257017657168213,8.000282283828275,0.6096191162289095
4449,3.1266485719034995,8.000943543786182,0.609761979102068
4450,3.1275950689887826,8.001604711828689,0.6099335745614356
4451,3.1285214772447416,8.002252179635917,0.6101577127213916
4452,3.129445810184314,8.002898592894178,0.610445013634326
4453,3.1303696289045346,8.003545105570053,0.610770553894972
4454,3.1312974780585874,8.004194833085881,0.6110996483424372
4455,3.1322308339501723,8.004848826780671,0.6113320207732718
4456,3.1326975206959715,8.005175928798758,0.6114165507027919
4457,3.1336308538998905,8.005830248400848,0.61154000744574
4458,3.1345539032250924,8.006477592551004,0.6116204473179317
4459,3.135476050640926,8.007124443395552,0.611672583871638
4460,3.136394113069822,8.007768347712728,0.611705512200461
4461,3.1377631586679873,8.00872852972938,0.6117328916825424
4462,3.1391318676443625,8.009688638638533,0.6117433699322209
4463,3.140481835140999,8.010635743492664,0.6117751478582437
4464,3.1413739517272217,8.011261648673962,0.6118515238008734
4465,3.142692994142187,8.012187321023065,0.6120503138002651
4466,3.14356433734226,8.012798990801947,0.6122647396241088
4467,3.1439998249339682,8.013104836206624,0.6123882901707932
4468,3.1448771935629805,8.013721218119638,0.6125931631474097
4469,3.146193932446706,8.01464684993777,0.6127610518276945
4470,3.1470716688660887,8.015263991942849,0.6128146333373514
4471,3.147944796153845,8.01587790298998,0.6128394502928288
4472,3.1488116844622325,8.016487317065513,0.6128465164489122
4473,3.149678455917951,8.017096733413554,0.6128416796679034
4474,3.1505349720970073,8.017699041052854,0.6128298174604074
4475,3.1513906450547484,8.018300701785147,0.6128140134984931
4476,3.1522461990771036,8.018902162503304,0.6127953375099455
4477,3.153090090389733,8.019495414364377,0.612782228952438
4478,3.1539248559370026,8.02008224814549,0.6127879995632172
4479,3.1551603312555714,8.02095095812995,0.6129012142718502
4480,3.156395255135236,8.021819521808256,0.6130937960384709
4481,3.157218408759934,8.022398680406047,0.6132447276814262
4482,3.1580243090160445,8.022965932279451,0.6134384707262875
4483,3.159230543471915,8.023815377540158,0.6138262452618763
4484,3.160442551716619,8.024669733489793,0.6142037991204746
4485,3.161658590892049,8.02552738650864,0.6143824108880108
4486,3.1628596235926585,8.026374680154664,0.6144438979256898
4487,3.1636597037690897,8.026939158051414,0.6144486792682279
4488,3.1644598016840577,8.027503602181143,0.6144355222158893
4489,3.165250015283298,8.028061103385944,0.6144115547230456
4490,3.1664341229243718,8.028896371899842,0.6143649805530011
4491,3.1672197371768607,8.029450487547654,0.6143295830238209
4492,3.1676099949730525,8.029725714489533,0.6143114880578154
4493,3.168390575211977,8.030276273770083,0.6142750308616154
4494,3.1695485782744015,8.031092979971937,0.6142350987542149
4495,3.170315225625911,8.031633582141659,0.6142369254733309
4496,3.171449313545433,8.032433338660104,0.6142973006205299
4497,3.172198611477677,8.032961847007616,0.6144061801576446
4498,3.173322264441233,8.033754754338823,0.614630315471756
4499,3.174064058553022,8.03427839636269,0.6148110529040226
4500,3.174796048634805,8.034795349200737,0.6150524688966688
4501,3.1755124038366134,8.03530154637812,0.6153731949626736
4502,3.176226984503276,8.035806920783925,0.6157736618548338
4503,3.1769413803275413,8.0363125694608,0.6162227487408829
4504,3.17802419703564,8.037079778335732,0.6168358126767655
4505,3.179114420507631,8.037853130121315,0.6171263872051423
4506,3.1798413658571176,8.038369046510375,0.6172056950382969
4507,3.180558952463025,8.038878350786753,0.6172306328278825
4508,3.1812758375882217,8.039387084291429,0.6172210963921404
4509,3.182351268737065,8.040150191698844,0.617165720084221
4510,3.183058902563416,8.040652326816328,0.6171137374397303
4511,3.1837657538615893,8.041153868605562,0.6170562299329221
4512,3.1848167786695716,8.041899507017796,0.6169646960834316
4513,3.1855137976109167,8.042393841436063,0.6169039402461118
4514,3.1865458693303146,8.043125589498382,0.6168393784975248
4515,3.1872282007468304,8.04360946354614,0.6168445981606961
4516,3.187910410157074,8.04409333473148,0.6168751098743517
4517,3.188916098197021,8.044806606444125,0.6170019985851858
4518,3.1895858110168067,8.045281531539503,0.6171385355067657
4519,3.190249169357257,8.045752206523291,0.6173067647909776
4520,3.190903573137209,8.046217152214767,0.6175383382417804
4521,3.1915578625550154,8.046682091371892,0.617815757283142
4522,3.192518162588904,8.047364439145182,0.6183512010928828
4523,3.193157111557915,8.047819218342488,0.6187797283039471
4524,3.1937958910691715,8.048274435676953,0.6192386710343136
4525,3.194443365326987,8.048735916508226,0.6196046852274414
4526,3.195091773684691,8.049198502245027,0.6198109569056904
4527,3.1960507422693345,8.049883082081145,0.619937493850065
4528,3.1966898192401025,8.050339291260274,0.6199481812060714
4529,3.1976396628771067,8.05101717883558,0.6199021891851174
4530,3.1982692792531004,8.051466471905162,0.619848297446987
4531,3.1992139282557117,8.052140621146961,0.6197477718264083
4532,3.2001548437671263,8.052811963685942,0.6196341700239929
4533,3.200775579010863,8.053254604538392,0.6195576258632309
4534,3.2013963737574205,8.053697145040122,0.6194814431618866
4535,3.202008518942617,8.054133744548295,0.6194070021748248
4536,3.2026200145546064,8.054569920105472,0.6193352273437275
4537,3.2035284122959125,8.055217317294892,0.6192370507527548
4538,3.2041302820477893,8.055646094310298,0.6191839316697954
4539,3.205023124861876,8.056282202975146,0.6191390261749604
4540,3.205613995704542,8.056703392899827,0.6191570630973438
4541,3.2062048666570893,8.057124736068044,0.6191999084502886
4542,3.207072975832144,8.057743428705693,0.6193523573089292
4543,3.2076510740898003,8.058155511230302,0.6195115241973009
4544,3.208229072169651,8.058567723950327,0.6196965684005983
4545,3.209077453458047,8.059173421489344,0.6200647326233896
4546,3.209642320608471,8.059576869541958,0.6203689333609201
4547,3.210207138111701,8.05998034694841,0.6206984575265894
4548,3.210760075313619,8.060375741707201,0.6210747587041288
4549,3.2113060442948584,8.060766805438718,0.621516969112604
4550,3.212113683190999,8.061345784147445,0.6223401778057756
4551,3.2126518256543535,8.06173192486442,0.6229541712918574
4552,3.2131942313071606,8.062121616356794,0.6235554732855699
4553,3.2137423964761394,8.06251619259148,0.6239396459675111
4554,3.2142908595859088,8.062911357148502,0.6241492425646257
4555,3.215101299799267,8.063495011480438,0.6242652391220976
4556,3.2156413554920698,8.063883978331111,0.6242635364668889
4557,3.2161777523461565,8.064270299398837,0.6242234582280707
4558,3.216974928153242,8.064844624799704,0.6241235388751454
4559,3.217506496589527,8.065227436877487,0.6240411801241954
4560,3.218291981656615,8.065792871570745,0.623908046462509
4561,3.21907702350207,8.066357858843098,0.6237708569040982
4562,3.2198522507961815,8.066915645150926,0.6236352980809212
4563,3.22036884731527,8.067287365470445,0.6235471951665379
4564,3.2208855659688904,8.06765881840258,0.6234604710182412
4565,3.2216490720137503,8.06820771515524,0.6233365960230463
4566,3.2224120099912446,8.068756215581674,0.6232201107238118
4567,3.2231633049139115,8.069296142359413,0.6231117465257976
4568,3.223663879209089,8.06965587002145,0.6230439317548626
4569,3.224405922790533,8.070188941032017,0.6229614550806938
4570,3.2248969312786677,8.070541584996635,0.6229366920386838
4571,3.2256236541227636,8.071063625574412,0.6229534480817708
4572,3.2263440402015697,8.071581173364901,0.6230715190556897
4573,3.2268198341335226,8.071923177765731,0.6231900529366176
4574,3.2275243929435247,8.072429695145834,0.6234706866354662
4575,3.227993926416633,8.072767400889019,0.6237021412601284
4576,3.228688532222223,8.073267375173327,0.624111571031144
4577,3.2291428603260064,8.073594698701939,0.6244579402129521
4578,3.229814996853429,8.074079423310545,0.6251225525059306
4579,3.230038909533001,8.074241046597185,0.6253699835676048
4580,3.2304867101228587,8.074564523114873,0.6258869853388993
4581,3.2309245897239114,8.074881266309076,0.6264560822223961
4582,3.231361441004584,8.075197675376407,0.6270852509077952
4583,3.2315797875417798,8.075355950878212,0.6274139520302437
4584,3.2320161906926854,8.075672692727368,0.6280877972843486
4585,3.232442785320265,8.075982780422573,0.6288108454824682
4586,3.2328683024682148,8.076292425668184,0.6295938717743367
4587,3.233080929677883,8.076447356415374,0.6299991061804681
4588,3.23351428581861,8.07676341163505,0.6306405597039062
4589,3.2339483389664863,8.077080557744402,0.6310096948150725
4590,3.2343827856646246,8.077398051907588,0.6311977746782608
4591,3.234817391469982,8.07771574598462,0.6312659717347222
4592,3.235244879760694,8.078028225191478,0.6312581698778591
4593,3.2356718649079976,8.078340374300732,0.631203172513619
4594,3.236098908541711,8.078652488712128,0.6311172131454882
4595,3.2365228287678716,8.078962295943473,0.6310117812490892
4596,3.2369424826736712,8.079268869288123,0.6308972209040905
4597,3.2375695703690073,8.079726836490298,0.6307167667320424
4598,3.23798328452108,8.080028899958002,0.630596231027261
4599,3.2381902196019317,8.08017993145148,0.6305363768826857
4600,3.2385973979155174,8.080477107051953,0.6304191347394394
4601,3.239004043339459,8.080773800811766,0.630305437990683
4602,3.239410848940002,8.081070533528411,0.6301943946050674
4603,3.2398110903674056,8.081362389178889,0.6300877952147544
4604,3.2402109236315875,8.081653922775747,0.6299866246565204
4605,3.2406107037128025,8.081945374152044,0.6298892271849192
4606,3.2410076953293783,8.08223472749059,0.629794956749407
4607,3.241400675179014,8.082521093093934,0.6297051687179022
4608,3.2417936578186515,8.082807420565285,0.6296188080241667
4609,3.242376865098378,8.083232202304112,0.6294955523876943
4610,3.242569991839495,8.083372869886787,0.6294568359204493
4611,3.242956203769513,8.0836540867198,0.6293819725769029
4612,3.2435293070618534,8.084071338252766,0.6292757340630339
4613,3.2440984844854173,8.084485591183443,0.6291778962235359
4614,3.2446582291969235,8.084892873202367,0.6290892112810084
4615,3.24503101466807,8.08516423167856,0.6290350579904979
4616,3.2454010085454557,8.08543354451585,0.6289837543223517
4617,3.24576729036725,8.085699900890354,0.6289372297152267
4618,3.246133648204209,8.085966279181662,0.6288940822005545
4619,3.2464966602525904,8.086230311902895,0.628857802010003
4620,3.246855422934764,8.08649125433236,0.6288508859873628
4621,3.2472140370610463,8.086752112397228,0.6288663894109555
4622,3.2475693943051507,8.087010628841782,0.6289021288999852
4623,3.2479202748229037,8.087265930528215,0.6289828850150886
4624,3.248270976477873,8.087521100719743,0.6290967295718642
4625,3.248621679695273,8.087776352860978,0.6292309798818054
4626,3.248969046174981,8.088029180100643,0.6293836702002226
4627,3.2493120388682812,8.08827900197497,0.6295810374853879
4628,3.249654694936762,8.088528748834268,0.629810794677677
4629,3.249991471993334,8.08877425369739,0.6300813742542183
4630,3.250327661862896,8.08901943255828,0.630395337492455
4631,3.250495658091485,8.089142024060594,0.6305628307011106
4632,3.2508246329855797,8.089382267756614,0.6309382358424135
4633,3.251152714956694,8.089622138292976,0.631365243373577
4634,3.2514806916323273,8.089862115481038,0.6318226542264411
4635,3.251801522519114,8.090097050437462,0.6323259473194103
4636,3.2519615489178046,8.090214301801003,0.6325987746928563
4637,3.2522815020572318,8.0904489319993,0.6331714159025853
4638,3.2527540380156013,8.090796241374365,0.6340990879541772
4639,3.25306585313403,8.091025751261919,0.6347857966548583
4640,3.2533775125791675,8.091255428471488,0.6355028273884502
4641,3.253681926333651,8.091480128077308,0.6362690012255915
4642,3.2539855129118633,8.09170466022664,0.637092066960922
4643,3.2542888327241157,8.091929358510797,0.6379462163791297
4644,3.254584955623771,8.092149047479017,0.6388517579361422
4645,3.25473264657921,8.092258842493042,0.6393288901894046
4646,3.255027749969314,8.092478639040843,0.6403128145694066
4647,3.255319395572698,8.092696198316137,0.6413293548808954
4648,3.2554630149125883,8.09280346387681,0.6418651004173619
4649,3.2557499802618817,8.093018089230089,0.6429789714073624
4650,3.2560333414784703,8.093230682307398,0.6441372988805004
4651,3.2563120818005546,8.093440558362476,0.6453770026921242
4652,3.2565905686643393,8.09365050842955,0.6466700566720112
4653,3.256871996162186,8.093862798610939,0.647910263031446
4654,3.2571577261359415,8.094079336473921,0.6486925597044247
4655,3.2573007570634385,8.09418796301674,0.6489373860537095
4656,3.2575870635952033,8.09440531525159,0.6492187527921757
4657,3.2578690716858545,8.094619353451463,0.649306370786515
4658,3.2580099510762253,8.094726259408908,0.6493004338833354
4659,3.2582917270448446,8.09494020597905,0.6492184436377963
4660,3.2585736613540575,8.09515413574839,0.6490706379657973
4661,3.2588505306742825,8.095364191265634,0.6488830156471296
4662,3.2591269472289155,8.09557379728722,0.6486728762646268
4663,3.259403458189815,8.095783287586338,0.6484493244598006
4664,3.25967998953938,8.095992692711377,0.648218122928464
4665,3.259951793399524,8.096198484636577,0.6479853711933441
4666,3.260221050796775,8.09640240851692,0.6477553773472904
4667,3.260487402969174,8.096603888090236,0.6475311532748913
4668,3.2607539088910586,8.096805307163153,0.6473124688899619
4669,3.2610182151968563,8.097005054275005,0.647099291156233
4670,3.26127969710358,8.09720262422303,0.6468947078895723
4671,3.2614104620491795,8.09730138613578,0.6467953244571024
4672,3.2616720326276907,8.09749881595026,0.6466013028923207
4673,3.261931481666356,8.097694609629045,0.6464128365474894
4674,3.2621881864987796,8.097888312553597,0.6462302834357777
4675,3.2624448980146474,8.098081921331426,0.6460527842565112
4676,3.2626972589808396,8.09827208241279,0.6458815242720298
4677,3.262823269432271,8.09836702490807,0.6457986135548979
4678,3.262949259975511,8.09846194670839,0.645717163155661
4679,3.2632011873777023,8.098651732479391,0.6455580384250412
4680,3.263448815912143,8.098838232166111,0.645405174613754
4681,3.263696104568746,8.099024386483798,0.6452587974322952
4682,3.26394339997692,8.099210419536531,0.6451174565811413
4683,3.264186296876985,8.099393223985254,0.6449809489920277
4684,3.264307628896264,8.099484504713926,0.6449144801091526
4685,3.2645502601796634,8.099667046345305,0.6447846408649115
4686,3.2647909022147696,8.099847933697806,0.6446587417821023
4687,3.264909913897367,8.09993737389452,0.6445980247899334
4688,3.2650290047515798,8.100026836292436,0.6445386550812623
4689,3.2652670920922793,8.100205825819843,0.6444232892825956
4690,3.265503143977439,8.100383191645065,0.6443121675723619
4691,3.2656199316478673,8.100470872447868,0.6442589486000903
4692,3.2658535362983527,8.10064630332645,0.6441565168370997
4693,3.266085235184209,8.100820322442194,0.6440587711069471
4694,3.266314344821627,8.100992256726208,0.643967325150878
4695,3.2665433969123345,8.10116421054929,0.6438806309555665
4696,3.2667709991004052,8.101335001553604,0.6437978232670796
4697,3.2669964668398483,8.101504167395907,0.6437201631817687
4698,3.267221807224348,8.101673342039055,0.6436463403679048
4699,3.267447275244427,8.101842445733851,0.6435753238512291
4700,3.267668692503106,8.102008497421558,0.6435081541370057
4701,3.2678898372087186,8.102174292543562,0.643445462879429
4702,3.268109122251454,8.10233876856265,0.6433863046139174
4703,3.2683259913165843,8.102501321994701,0.6433324169792041
4704,3.2685428069290516,8.1026637908879,0.643282436546935
4705,3.2687595958660745,8.102826355840085,0.6432349892312625
4706,3.268974608660034,8.102987541836184,0.6431896269042731
4707,3.269080880201027,8.103067226805793,0.6431681818778716
4708,3.2693998402069013,8.103306115671913,0.6431078274021024
4709,3.2695044195090985,8.103384463399157,0.6430891776731443
4710,3.2697128126314774,8.103540678893626,0.6430554981150584
4711,3.2699174515828835,8.103694072061689,0.6430287152022617
4712,3.270121852485139,8.103847152430378,0.6430092764474473
4713,3.27022402182017,8.103923688006926,0.6430013784437472
4714,3.270428301808458,8.104076723120302,0.6429880999841205
4715,3.2707311167908353,8.104303599004075,0.6429740254200095
4716,3.2709314019155955,8.104453651171662,0.6429698357542655
4717,3.2710314928304705,8.104528644315959,0.6429686948942657
4718,3.2712282314526178,8.104676027738737,0.6429685622151237
4719,3.2713264335670713,8.104749596596738,0.6429694892175232
4720,3.27152283549494,8.10489668411005,0.6429725672208029
4721,3.271719120287794,8.105043757175949,0.6429763490869769
4722,3.2719119025303174,8.105188224299964,0.6429825750576146
4723,3.272008149000829,8.105260296953437,0.6429869488105027
4724,3.2721043928282403,8.10533235186132,0.6429918978168397
4725,3.2723891624693415,8.105545693054715,0.6430273893108234
4726,3.272483244719139,8.105616196569832,0.643054125456413
4727,3.2726714298508846,8.105757206804775,0.6431235980465796
4728,3.2729534931540596,8.105968693160218,0.6432529948159834
4729,3.2730457575196303,8.106037903756034,0.6433044827733189
4730,3.2732297180677445,8.106175827267561,0.6434323107903379
4731,3.2734136727899967,8.106313694272906,0.6435826778671435
4732,3.2735937810038975,8.106448810331127,0.6437640067022973
4733,3.273773425880229,8.106583681298144,0.6439795767018317
4734,3.2739516282708254,8.106717596306071,0.6442199576321269
4735,3.2741279101048097,8.106850007332369,0.6444964708865506
4736,3.2743040281053775,8.10698232831362,0.6447976883337123
4737,3.274480060611924,8.107114800256694,0.6451127760575159
4738,3.274652393196033,8.107244624987628,0.6454543297518248
4739,3.2748242938709247,8.107374136334355,0.6458280739096619
4740,3.2749102057562416,8.107438887409737,0.646022492860457
4741,3.2751622813917876,8.107629115006144,0.6466663002460721
4742,3.275329920163288,8.107755775066156,0.6471359630924833
4743,3.2754958996003647,8.107881225014596,0.6476274101193932
4744,3.275659528580497,8.108005061633643,0.6481611866480702
4745,3.2758229258969394,8.10812895171554,0.6487234917635814
4746,3.275984552883193,8.108251655137114,0.6493069867193184
4747,3.27614397962584,8.108372721022434,0.649934236752664
4748,3.2763032483977437,8.108493849862,0.6505906981025136
4749,3.2764588206888465,8.108612438671358,0.6512874447652932
4750,3.2765363760185324,8.108671611878862,0.6516538575668309
4751,3.27661386833662,8.108730790630705,0.6520283881458029
4752,3.2767688809423525,8.108849216341536,0.6527932009722546
4753,3.276920297762265,8.108965121751176,0.6535958379024582
4754,3.2770711943592916,8.109080831649282,0.6544418889033947
4755,3.277221906991425,8.109196611834886,0.6553105521463055
4756,3.2773691139997316,8.109309909533287,0.6562175998766856
4757,3.2774425011372035,8.109366462639645,0.656689519429493
4758,3.2775891700335524,8.10947962608127,0.6576550595452775
4759,3.277735653666033,8.109592891550689,0.6586353648657219
4760,3.277878605338877,8.109703760065353,0.6596500788631279
4761,3.27794985049709,8.109759096038093,0.6601752704586702
4762,3.278092168007788,8.109869751019318,0.6612460813216237
4763,3.2782328820030755,8.109979299943115,0.6623388374861924
4764,3.2783712861916463,8.110087501581742,0.6634854634755777
4765,3.278509411505373,8.110195739256199,0.6646664953190472
4766,3.278644654686756,8.110301835517044,0.6658913904814425
4767,3.2787121044146414,8.110354822821233,0.6665229169652076
4768,3.2788468784555556,8.110460934945399,0.6678071799420677
4769,3.279045234132895,8.11061794286782,0.6697897875731315
4770,3.279175909382938,8.110721605374552,0.6711760566947342
4771,3.279306405653355,8.110825336970626,0.6725864708677551
4772,3.279435189861727,8.110928067577353,0.6740134935130055
4773,3.279561820351922,8.111029437794977,0.6754974644701571
4774,3.2796881545919208,8.111130952135884,0.6770167438053716
4775,3.279811054351066,8.111229980976274,0.6785908892182289
4776,3.2799335087472845,8.111328838558348,0.6802272753431623
4777,3.2800557600581985,8.111427903167682,0.6818931151389678
4778,3.2801167712282795,8.111477549218908,0.6827299466667399
4779,3.2802371974191744,8.111575800322017,0.6844134598199577
4780,3.2803555609979624,8.111672507166244,0.6861555327521622
4781,3.2804705847235414,8.1117669135995,0.6879808192691186
4782,3.280584941525954,8.111861114937643,0.6898900874490165
4783,3.2807560444783164,8.112002777396981,0.6928231631702608
4784,3.2808684277531293,8.112096343911013,0.69480075786149
4785,3.2809787602162204,8.11218841718299,0.6968462354455588
4786,3.281088835427236,8.112280649626785,0.698932247076182
4787,3.281202284560165,8.112375883792108,0.7005058751530069
4788,3.2812593571679205,8.112424203501062,0.700969456879752
4789,3.2813742421883525,8.112521167660875,0.701436272935125
4790,3.281487094425624,8.112616592189301,0.701470198688978
4791,3.2815435799508244,8.112664403434858,0.7013749283294081
4792,3.2816567593465766,8.112759963323109,0.7010268594919568
4793,3.2817690969546565,8.112854819553727,0.7005324509474737
4794,3.281880276459463,8.11294853024124,0.6999485135498223
4795,3.281991591547714,8.113042257264993,0.6993101984850268
4796,3.2821030181809943,8.11313589916696,0.6986406512240624
4797,3.2822125656019288,8.11322783179696,0.69795607715936
4798,3.282322000613665,8.113319556115503,0.6972669530787386
4799,3.2824314666740357,8.113411213924186,0.6965797245587826
4800,3.282539392687193,8.113501415694579,0.6958993446435299
4801,3.282647296520923,8.113591414631331,0.6952289042920509
4802,3.282754380901508,8.113680706150415,0.694568368723085
4803,3.282860343397264,8.113768932079742,0.6939121329198844
4804,3.282913333915562,8.11381299567617,0.693586269192013
4805,3.2830193269797014,8.113901060859618,0.692940619801196
4806,3.2831756574198008,8.114030782856629,0.6920029722807719
4807,3.283279796167097,8.114117007415027,0.6914015137644292
4808,3.2833839520885917,8.114203062469713,0.6908163948126306
4809,3.283486439233615,8.114287679607749,0.6902453880357516
4810,3.283588638131872,8.114372103863488,0.6896870715681107
4811,3.2836890592633527,8.114454899101172,0.6891427309876348
4812,3.2837895438727647,8.114537568848414,0.6886128374309517
4813,3.28388996771071,8.114620198132792,0.6880960971164177
4814,3.2839895068808462,8.11470202540988,0.6875917625590666
4815,3.284088012512179,8.11478293941286,0.6870997854454155
4816,3.284235965669428,8.11490412290457,0.6863835337825638
4817,3.284332885425175,8.114983368073018,0.6859169601382362
4818,3.2844296422441213,8.115062579431317,0.6854566100571343
4819,3.284525544848041,8.11514104580213,0.6850042293114573
4820,3.28462049512547,8.115218505704552,0.6845639236923546
4821,3.2847155068461196,8.115295994856844,0.6841350652332678
4822,3.2848104420880775,8.115373429105382,0.6837166557773425
4823,3.284903676719426,8.115449412920388,0.6833065792070826
4824,3.284996892168404,8.115525232986558,0.6829035535028982
4825,3.2850893865572814,8.115600373509853,0.6825081201943635
4826,3.2851807614593644,8.11567459055318,0.6821216770916091
4827,3.285272160252899,8.115748838043494,0.6817438725837596
4828,3.2853636205262853,8.1158230707795,0.6813744235756253
4829,3.285453753431034,8.115895998756585,0.6810138193308295
4830,3.28554368682614,8.115968861350837,0.680662080839021
4831,3.285632922161416,8.116041167219253,0.6803187963958821
4832,3.2857211981219745,8.116112559277516,0.6799844819937652
4833,3.2858094643343674,8.116183842701226,0.6796584364201781
4834,3.2858970689285076,8.116254591502306,0.6793402999959541
4835,3.2859836260982975,8.116324495160384,0.6790309548885582
4836,3.286070124059192,8.116394296623362,0.6787296700495181
4837,3.286155945723647,8.11646351907301,0.6784369805286101
4838,3.286240924832596,8.116531906458274,0.6781588257692432
4839,3.286325803541832,8.116600291070485,0.6778930151942589
4840,3.286409913720147,8.116668012492672,0.6776362668952147
4841,3.2864932020098108,8.116734930127128,0.6773826259676513
4842,3.2865764023941124,8.11680189859375,0.6771319818006052
4843,3.2866580450415657,8.116867570522125,0.6768861641752264
4844,3.2866988462457383,8.116900333458508,0.6767654790835601
4845,3.286780534938121,8.116965813963558,0.6765282762160275
4846,3.2868614550304467,8.1170307365729,0.6762976552005129
4847,3.2869413970044095,8.117094947786894,0.6760803891754117
4848,3.287021384968991,8.11715917024364,0.675874430588765
4849,3.287100657439129,8.117222661248672,0.6756764420592924
4850,3.2871790617565435,8.117285418716046,0.6754804542066394
4851,3.287218291362398,8.117316852811816,0.6753831095075649
4852,3.2872966885201174,8.117379691145745,0.6751901764478867
4853,3.287373626221968,8.1174413106018,0.6750013146346154
4854,3.28741204092464,8.117472079111838,0.6749087694580143
4855,3.2874889232269124,8.117533547507003,0.6747271557935632
4856,3.2876030100927456,8.117624716820947,0.674463344514233
4857,3.287640800030086,8.117654945986565,0.6743779692334597
4858,3.287716411758559,8.117715427422954,0.6742106524891394
4859,3.287828335256511,8.117804744794931,0.6739679502353294
4860,3.287902446687354,8.117863905683349,0.6738117490720495
4861,3.2879764349067666,8.117923060822642,0.6736594683589343
4862,3.2880498891707766,8.117981626955112,0.6735121904000921
4863,3.288122485770463,8.118039566604596,0.6733763717036342
4864,3.2881587234862892,8.118068483147752,0.6733121971742896
4865,3.2882305840028785,8.118125822284854,0.6731899195895896
4866,3.2883017312996414,8.118182470265879,0.6730755125693823
4867,3.2883728340455503,8.11823916318047,0.6729671764360468
4868,3.2884432496709364,8.118295303013404,0.672862923667132
4869,3.2884780531626787,8.11832304669177,0.6728109230043584
4870,3.288547673124597,8.118378551030288,0.6727069594213889
4871,3.2886173427213636,8.118434017269903,0.672603648041871
4872,3.288685716976145,8.118488352288535,0.6725024318711292
4873,3.2887539313380287,8.118542728357838,0.6724040413429878
4874,3.288821519749326,8.118596616645506,0.6723084974999595
4875,3.2888883602071632,8.118649729977797,0.6722174498369006
4876,3.288955220812332,8.118702957634532,0.6721301188801665
4877,3.2890220502800522,8.118756152860271,0.6720457718036176
4878,3.289087554139976,8.118808285905494,0.6719649396237728
4879,3.2891529851195234,8.118860364462014,0.6718877819056096
4880,3.289218512277569,8.118912428736953,0.671813525888164
4881,3.2892834351981306,8.118963942729204,0.6717418825293798
4882,3.2893154723748688,8.118989438162075,0.6717074116739733
4883,3.289379586126877,8.11904047680989,0.6716409118052334
4884,3.289443112369345,8.119091012726003,0.6715775288997992
4885,3.2895058340450363,8.119140895197377,0.6715191248721623
4886,3.2895687069078745,8.119190741604644,0.6714647351863461
4887,3.289630348782173,8.11923967457092,0.6714139006354055
4888,3.2896610660933994,8.11926410828568,0.6713897161080539
4889,3.2896917897282374,8.119288537193158,0.6713662088729743
4890,3.2897532717019073,8.11933744765527,0.6713208641589956
4891,3.2898437005769234,8.119409227073893,0.671257504018621
4892,3.289873826550993,8.119433104978881,0.6712375188506308
4893,3.289934079508957,8.119480978965825,0.6711987857103017
4894,3.2900233843435616,8.119551959835833,0.67114402510921
4895,3.2900530121445515,8.119575414037406,0.6711270003679589
4896,3.290111657894685,8.119621976179817,0.6711010079006164
4897,3.290169384785525,8.119667900862142,0.671116365174666
4898,3.2902270368686515,8.119713754422875,0.671163998756305
4899,3.290284798516126,8.119759566575725,0.6712325240362238
4900,3.290370350891918,8.11982743736566,0.6713365161156428
4901,3.2904269649572107,8.119872481389649,0.6713735816474077
4902,3.2904552911580285,8.11989501997088,0.671384850580342
4903,3.2905115136803826,8.119939586041264,0.6713969739468643
4904,3.2905669597075518,8.119983662133647,0.6713987867666313
4905,3.2905947042131616,8.120005762834147,0.6713969355772585
4906,3.2906501908382633,8.120049945127489,0.6713893523183628
4907,3.290677479957828,8.120071575399313,0.6713849042931985
4908,3.2907319169582316,8.120114625319536,0.6713778126191985
4909,3.2907852671355586,8.120157025408405,0.6713714875331025
4910,3.2908383903795517,8.120199369378993,0.6713649249548549
4911,3.2908914916850933,8.120241705047032,0.6713582101262926
4912,3.2909438177731274,8.120283160151358,0.6713524599496322
4913,3.290995986227564,8.120324423296056,0.6713481719418916
4914,3.2910220940781696,8.120345070689593,0.671346380177821
4915,3.291074182790121,8.12038660481635,0.6713431813502091
4916,3.2911251417721963,8.120427284207157,0.6713413816196275
4917,3.2911506360283087,8.12044755561389,0.6713412162816709
4918,3.291201754617066,8.120488037285602,0.6713418882973919
4919,3.291252399149105,8.120528117787646,0.6713444845415476
4920,3.2913023531236174,8.120567968164394,0.6713539219089739
4921,3.2913517737017024,8.120607337812622,0.6713689068635053
4922,3.2914007051391203,8.120646094124236,0.6713889295480544
4923,3.2914496502270105,8.120684926255471,0.6714122240922503
4924,3.2914984956498703,8.120723867075995,0.6714373769002773
4925,3.2915470164649254,8.120762468701534,0.6714637300461772
4926,3.291595077463434,8.120800593322382,0.6714910746159455
4927,3.2916431412244718,8.12083864739641,0.6715188799989936
4928,3.2916907713474535,8.120876539358989,0.671544341374848
4929,3.2917378014194423,8.12091404631995,0.6715555357524149
4930,3.2917848683698536,8.12095139975321,0.6715554825378462
4931,3.2918320591630206,8.120988729443159,0.67154797487896
4932,3.291878165574886,8.121025505644633,0.6715474873133263
4933,3.291901127477892,8.121043840549206,0.6715533634787175
4934,3.2919471887857603,8.121080451057969,0.6715737091949514
4935,3.291992467347475,8.12111632113413,0.6715656455723801
4936,3.2920376409568983,8.12115224761995,0.6715068229303549
4937,3.2920829174569772,8.121188275359184,0.6714149462494234
4938,3.292127311837806,8.121223574274957,0.6713165202711596
4939,3.2921715963015044,8.12125876477844,0.6712271983832403
4940,3.292215994433142,8.121293960843214,0.6711444388947776
4941,3.2922595084675557,8.121328374487213,0.6710911242533875
4942,3.2923027409570023,8.121362807523305,0.671079059661833
4943,3.292345583670974,8.121396996804311,0.6710944219328391
4944,3.2923879615469196,8.121430495764033,0.6711290508723518
4945,3.2924091576026626,8.121447220520523,0.6711514046913445
4946,3.292451522758355,8.1214808838743,0.6712028842008285
4947,3.2924933631039264,8.121514182842093,0.6712595625135002
4948,3.2925347610214963,8.121547139498162,0.6713142647468481
4949,3.2925761518240457,8.121580065749349,0.6713665791472937
4950,3.292617296957938,8.121612653839279,0.6714185558165393
4951,3.2926580115456385,8.121644989718032,0.6714783191613841
4952,3.2926986779294056,8.121677348684726,0.6715440035937082
4953,3.2927384827729087,8.12170900212584,0.6716087172315177
4954,3.292778303751791,8.121740706389732,0.6716684858064752
4955,3.292817854392277,8.121772036894578,0.6717244629700891
4956,3.292856862398836,8.121802979746462,0.6717767304201497
4957,3.292895800280329,8.121834144590707,0.671825992618641
4958,3.292915235808641,8.12184967516938,0.6718497513813222
4959,3.292953768945387,8.121880379683015,0.6719003087927681
4960,3.2929920099464924,8.121910592472249,0.6719759703778685
4961,3.293030060074912,8.121940805491532,0.6720709742418216
4962,3.2930863568398543,8.121985654791345,0.6722272949661211
4963,3.2931236461525892,8.12201543398604,0.6723255910456427
4964,3.2931604008757254,8.122044776332636,0.6724299575805569
4965,3.293196779939241,8.122073591348672,0.6725929912732533
4966,3.293214910914826,8.122088000097019,0.6726927976874304
4967,3.293233011603629,8.1221024567857,0.672801525053783
4968,3.293268563143148,8.122130817415687,0.6730013679115636
4969,3.293304121519398,8.122159229715525,0.6731614144072601
4970,3.293339751924965,8.122187713940292,0.6732943024320175
4971,3.293375485901065,8.122216031318363,0.6734084859062388
4972,3.2934106223718764,8.122243875387479,0.6735056719851762
4973,3.2934454349520568,8.122271847637588,0.6735874385185271
4974,3.293479882702099,8.12229969896061,0.6736627869915146
4975,3.2935140332978614,8.12232688115652,0.6737560096350741
4976,3.2935483231695275,8.122353857138561,0.6738636612267507
4977,3.2935822427489923,8.12238091809623,0.6739771005397763
4978,3.2936155396138616,8.122407961281642,0.6740789532537574
4979,3.293632216163133,8.122421423450067,0.674125823645683
4980,3.293665836580762,8.122448147735811,0.6742135729128771
4981,3.293698936034812,8.122474267431768,0.6742959881185908
4982,3.293731748721497,8.12250054369788,0.6743749316431493
4983,3.293764610561804,8.122526965072538,0.6744511333777252
4984,3.293797096411951,8.122553007377133,0.6745185709337969
4985,3.2938293313589466,8.122578746117249,0.6745456951393802
4986,3.2938455413931544,8.122591641027434,0.674546580787177
4987,3.293877566742854,8.122617240524487,0.6745344112671792
4988,3.2939091488873147,8.122642501310235,0.6745293302644422
4989,3.293940761689429,8.122667792747055,0.6745320384918734
4990,3.293972063067706,8.122692826389887,0.6745236210473767
4991,3.2940031290427285,8.122717674010751,0.6744223038235553
4992,3.294034380443003,8.122742668671915,0.6742478866872698
4993,3.294065678932553,8.122767640637766,0.6740264607026017
4994,3.294096152781724,8.122792043272808,0.6738629611404933
4995,3.2941265333670344,8.122816310849029,0.6738155999492371
4996,3.2941560940207797,8.122839927006716,0.6738562207689506
4997,3.2941855919685405,8.122863464196154,0.6739644021796277
4998,3.2942150530174277,8.122886956686157,0.6741163285012958
4999,3.2942584493644236,8.122921573439367,0.6742535431268062
5000,3.294272953154422,8.12293322773025,0.6742600896719859
5001,3.2943020285319196,8.122956543454816,0.674234720575248
5002,3.2943451976506686,8.122990925272502,0.6741764948775152
5003,3.2943737210299893,8.1230136005824,0.6741935177587812
5004,3.2944157056226,8.12304739634003,0.6742530313555348
5005,3.294443583198971,8.123069750986117,0.6742753942653046
5006,3.2944715511548677,8.123091982290589,0.6742870416905475
5007,3.294512899243847,8.123124969825712,0.6743058876389719
5008,3.294540132494964,8.123146840384777,0.6743395252890402
5009,3.294567449430472,8.123168713806665,0.6743846352095805
5010,3.2945942741322103,8.12318994816294,0.6744487082211509
5011,3.294621023148004,8.123211175535797,0.6745349966375324
5012,3.294647253240792,8.1232324062027,0.6746350272189039
5013,3.29466016001416,8.123242888133701,0.6746882329926308
5014,3.294686186905657,8.12326370912689,0.67479876103121
5015,3.2947121012544875,8.123284329879384,0.6749124390340617
5016,3.2947375660002076,8.123304673273157,0.6750271274091245
5017,3.294763046279899,8.123325116149957,0.6751417211567763
5018,3.2947879799050814,8.123345130417077,0.6752746230267747
5019,3.294812720774755,8.123364964595826,0.6754355621502557
5020,3.294825110880758,8.123374900842709,0.6755230752611826
5021,3.294849876828668,8.123394776481582,0.675707312880617
5022,3.2948866630543483,8.123424210488567,0.6757875674559217
5023,3.294911549619127,8.123444023126215,0.6756790542532881
5024,3.294936005072209,8.123463455964425,0.6755047751790991
5025,3.2949602201515558,8.123483118992075,0.6752990552237341
5026,3.2949845422214725,8.123502817421112,0.6750739712583789
5027,3.2950085889933094,8.123522193143414,0.6748575436289751
5028,3.2950325260286664,8.123540976513544,0.6747541653869101
5029,3.295056254187887,8.123559705680654,0.6747411289028468
5030,3.2950907468713493,8.123587713767982,0.6747984869846901
5031,3.2951022583998753,8.123597012390626,0.6748263931793012
5032,3.295125413010754,8.123615319420102,0.6748906513431698
5033,3.295170816568695,8.123651650700513,0.6750594135352697
5034,3.295193282599406,8.123669740591504,0.6751684850971288
5035,3.2952266740708938,8.123696401793842,0.6753133403690738
5036,3.295248835539143,8.123714050910893,0.6753510455102517
5037,3.295282082423728,8.123740808216008,0.6753501568159896
5038,3.295292990095584,8.123749626023285,0.6753431304150399
5039,3.2953144447475693,8.12376693260213,0.6753435311665116
5040,3.2953462674799465,8.123792312853652,0.6754401708388479
5041,3.295367339521586,8.123809110241313,0.6755489522273864
5042,3.295388496233456,8.123826006425062,0.675678524667586
5043,3.295409430230757,8.123842750858694,0.675819494029806
5044,3.295430016097101,8.123859232232098,0.675959328954138
5045,3.2954609298341158,8.123884029264469,0.6761639360688934
5046,3.2954810219696222,8.12390016500752,0.6763102765360872
5047,3.295511072502105,8.123924577789907,0.6765605760727728
5048,3.2955310210069637,8.123940604690242,0.6767038735242956
5049,3.295551074484449,8.123956720772362,0.6766447199496881
5050,3.295571337725153,8.1239729779467,0.6764256123131575
5051,3.2956013079661552,8.123996760063687,0.6761425333127201
5052,3.29562113183158,8.124012503948984,0.6760625195211509
5053,3.2956402499289132,8.124028277123603,0.6760518215462854
5054,3.2956590890061146,8.124043552286649,0.6761719938623625
5055,3.2956781088325213,8.124058476213339,0.676390178244655
5056,3.295705742836177,8.124080542640286,0.6768388922578592
5057,3.295723828056642,8.124095358832994,0.6772011857413469
5058,3.2957417809872087,8.12410981066354,0.6775743650515663
5059,3.29576880654336,8.124131396834937,0.6779624874010359
5060,3.29579590006767,8.124153309455227,0.678204241561673
5061,3.295813952762847,8.124167959426847,0.6783020951174581
5062,3.2958410900484294,8.12418968028615,0.67823841123985
5063,3.295868239306338,8.12421135784144,0.6780261423111115
5064,3.2958859342820266,8.124225717115333,0.677933585303589
5065,3.2959119826316656,8.124247080399043,0.6778838074695834
5066,3.2959293256158175,8.124260764784292,0.6778881336200356
5067,3.2959466468390337,8.124274482788056,0.6779107496413675
5068,3.2959717361358454,8.124295000181066,0.6779660683764731
5069,3.2959884948848526,8.124308656935339,0.678011824319908
5070,3.296013482084561,8.124328350346788,0.678067570529025
5071,3.2960381355744235,8.124348537791292,0.6780628854763627
5072,3.2960629426742574,8.124368460887412,0.6780228950015665
5073,3.296079281630959,8.124381469897562,0.6779962265739538
5074,3.2960951792454094,8.124394167164514,0.6779898620395688
5075,3.296118914835333,8.124413473512837,0.6780173435140978
5076,3.29614261379256,8.124432563123008,0.678070286003714
5077,3.296158378025236,8.124445092045649,0.6781159131474266
5078,3.2961736496572014,8.124457704250693,0.6781804401267281
5079,3.296189013882325,8.124470160476072,0.6782592608420732
5080,3.296211753447649,8.124488226459285,0.6784173351562603
5081,3.296234138630504,8.124506100601694,0.6786202924961785
5082,3.296255960239713,8.124523837961382,0.6788795698449984
5083,3.2962703268803724,8.124535805696489,0.6790736174975492
5084,3.296284755160106,8.12454755286589,0.6792803322109201
5085,3.296299157061116,8.124558708953357,0.6795128297700284
5086,3.296320439620039,8.124575787879253,0.6798928470554428
5087,3.2963340098030507,8.124587233890034,0.6801703205879808
5088,3.296347624102023,8.124598384638457,0.6804721524494782
5089,3.2963683818013494,8.124614634127294,0.6808903872969151
5090,3.296375259717583,8.12462008263605,0.6809869326947262
5091,3.2963888447770398,8.124631310881687,0.6811308088709005
5092,3.2964089713721108,8.1246479875179,0.6813541002853782
5093,3.296428696145994,8.124663739588454,0.6818078250876846
5094,3.296441638649598,8.124674188086304,0.6820992196753615
5095,3.2964546686776472,8.124684861084296,0.6822887632306619
5096,3.296467764948845,8.12469554670043,0.6824101970128597
5097,3.296487119493086,8.124711444223735,0.682628915244963
5098,3.2964996315955983,8.1247216203111,0.6829596533683774
5099,3.2965120049980605,8.124731591442735,0.683390146321308
5100,3.296530726094423,8.12474677387046,0.6837806115452002
5101,3.2965434791066723,8.124757204080575,0.6837920810050306
5102,3.2965626461154836,8.124772921564293,0.6836520215800936
5103,3.296568964055197,8.124778068491729,0.6836125045659183
5104,3.296586829431212,8.124792654031673,0.6838670822278712
5105,3.296603921736401,8.124806715827079,0.6846125562459682
5106,3.296615070534242,8.124815902055671,0.685259891520458
5107,3.2966318170801356,8.124829471299645,0.6863074820701268
5108,3.2966486545196,8.124843186553353,0.6869876225361113
5109,3.296659375284199,8.124852068023289,0.6875711804561462
5110,3.2966698033177697,8.124860824551014,0.688302005285838
5111,3.296680171540451,8.124869280252835,0.6891255206144391
5112,3.2966959812984373,8.124882067193226,0.690260588081985
5113,3.2967067287709737,8.124891049121798,0.6906809262091238
5114,3.296723102214557,8.124904673221284,0.6909818273530022
5115,3.296734265544073,8.124913924952432,0.6910462202489096
5116,3.296751071477573,8.124927817136482,0.691024929770257
5117,3.2967620997484883,8.12493697942674,0.6909371405921914
5118,3.2967732859554557,8.124946237247407,0.690787332269661
5119,3.296789953074884,8.124960020926423,0.6905153159096716
5120,3.2968010359558706,8.124969156300622,0.6903495813452784
5121,3.296811831375564,8.124978031841408,0.6901857789913262
5122,3.2968226108773084,8.1249869344462,0.6900161590617228
5123,3.2968280134006323,8.124991381923886,0.6899301577002251
5124,3.2968388164186266,8.125000262862365,0.689757101456689
5125,3.2968495195140077,8.125009084381928,0.6895866792091572
5126,3.2968600518009943,8.12501785033337,0.6894213912222321
5127,3.296870542855779,8.125026583620166,0.6892604821342744
5128,3.2968809177795135,8.125034999026658,0.6891136918794953
5129,3.2968913612518573,8.12504347827196,0.6889860066986834
5130,3.2969014972999973,8.125051910369054,0.6888724012250229
5131,3.2969163757914197,8.125064442015887,0.6887277127564587
5132,3.2969265483255357,8.125072588630175,0.6886433724016563
5133,3.296941654714863,8.125084888154053,0.688531304487737
5134,3.2969512872387337,8.125093074540343,0.6884810519734552
5135,3.296960894098833,8.125100964646396,0.6884494169820902
5136,3.2969753357099334,8.12511255870371,0.6884351960505692
5137,3.2969848414298952,8.125120315663175,0.6884401580756568
5138,3.2969940572615943,8.125128239639322,0.6884553257924011
5139,3.297003305957112,8.125135901863322,0.6884947094964594
5140,3.297012637063555,8.125143375167566,0.68855240417937
5141,3.297026285345443,8.1251545006985,0.6886288511032973
5142,3.2970353457876196,8.125162144224394,0.6886306578096518
5143,3.297048846825138,8.125173236959764,0.6885863419987525
5144,3.29705780265996,8.125180646256092,0.6885378728265773
5145,3.297071404459523,8.125191647934646,0.6884496653364612
5146,3.2970848452466894,8.125202976667516,0.6883514201258426
5147,3.297097786143729,8.125213679372763,0.6883781093520984
5148,3.2971064318416063,8.125220616823064,0.6884976164033972
5149,3.297114851246177,8.125227440249063,0.6886666238708699
5150,3.297123200111013,8.1252342409459,0.6888711826634382
5151,3.2971312526904826,8.125241083983616,0.6891028197815436
5152,3.2971351206656196,8.125244464210537,0.6892340342860378
5153,3.2971429925657856,8.125251005477098,0.6895210424768846
5154,3.297158484498045,8.125263515488284,0.69019927084053
5155,3.2971662134234743,8.125269838659035,0.6905750156838971
5156,3.2971775199900124,8.125279325035633,0.6911325248796172
5157,3.297185194188937,8.125285666778405,0.6913539182109311
5158,3.2971966701238187,8.125295139446038,0.6916056046801465
5159,3.297203933046548,8.12530133761406,0.6919187673667929
5160,3.2972112307497077,8.1253073626517,0.6923133932052478
5161,3.2972217340878927,8.125315908124398,0.6930262099987262
5162,3.297231918431755,8.125324512117443,0.6938356648813991
5163,3.2972420948235723,8.125332998942856,0.6946731831987777
5164,3.297248845194912,8.12533867998484,0.6951504020879724
5165,3.2972589101175718,8.125346998503634,0.6958413293303115
5166,3.2972653108679837,8.125352363168306,0.6964228180474841
5167,3.297271464229935,8.125357767508058,0.6970734524113937
5168,3.2972777503535124,8.12536276016116,0.6977908212339682
5169,3.297283809608411,8.125367631397511,0.6985515349825032
5170,3.29729290565473,8.125375447049496,0.6996071750199224
5171,3.2973002124329143,8.125381350380705,0.6995278233669013
5172,3.2973084313080414,8.125388105547,0.6988597240838647
5173,3.2973211258291317,8.125399080144177,0.6971994319231407
5174,3.2973299536202427,8.125406621309624,0.6958381413567722
5175,3.2973437922469824,8.125417887137646,0.6935958621754507
5176,3.297351640231705,8.125425101740861,0.692544916898959
5177,3.2973589648393946,8.125430951191671,0.692259453117474
5178,3.297365520456182,8.125436173900642,0.6924797228261771
5179,3.2973725439623434,8.125441421528592,0.6924943990266313
5180,3.297379953117772,8.125447983335558,0.6918998818799023
5181,3.2973920619065837,8.125458227642481,0.6903045534770655
5182,3.297400774358446,8.125465287530266,0.6889555489757839
5183,3.2974138377826194,8.125475902849004,0.6867841291761294
5184,3.2974216517352146,8.125482420419917,0.6857602620337149
5185,3.2974323809163093,8.125491380904023,0.6848346538201152
5186,3.2974392926225495,8.12549686277342,0.6844725906165194
5187,3.297446139384851,8.12550216174038,0.6842373664199257
5188,3.297455187456444,8.12550971060199,0.6842897841117319
5189,3.297460227940698,8.12551404909176,0.6848642077265714
5190,3.297465044222289,8.125518017978532,0.6857240825255678
5191,3.2974727740638468,8.125523843809622,0.6867956497678563
5192,3.297478261491583,8.125528301427304,0.6872050981825124
5193,3.297487193920103,8.125535647719838,0.6872283427699302
5194,3.2974940599590714,8.125541372963623,0.6865282709313586
5195,3.2975009092347345,8.125547460096044,0.6856209492044527
5196,3.2975094231240494,8.125554325854779,0.6856708710985105
5197,3.297514021978779,8.125558113963228,0.6864054113843036
5198,3.2975200688046176,8.125562810159876,0.688110992475093
5199,3.2975235999454817,8.12556554020527,0.6895025081146389
5200,3.297526829623987,8.125568481016451,0.6910101659814708
5201,3.2975322356284287,8.125572787462868,0.693062420720652
5202,3.2975389323939535,8.125578292253023,0.6941262582906554
5203,3.2975438124378553,8.12558253309447,0.6944845650672355
5204,3.2975488171596075,8.125586974522225,0.6946695583017998
5205,3.297557795263461,8.125594250752616,0.694128717545803
5206,3.2975646562931265,8.12559967801795,0.693196154660919
5207,3.2975717352887575,8.125605592611235,0.6919902215788607
5208,3.2975820101360322,8.12561503625542,0.6900712165304367
5209,3.2975873486869505,8.125619459554393,0.6898924094368623
5210,3.297593897675427,8.125623895377817,0.6910146294472247
5211,3.297598083910137,8.125627407185558,0.6916466512007533
5212,3.297604745405305,8.125633268305245,0.6921530587578347
5213,3.2976095427802643,8.125637144619903,0.6923075169561427
5214,3.2976145280624856,8.125641093735018,0.6923715988107733
5215,3.297620297556292,8.125646487851133,0.6931383706521244
5216,3.2976234240358666,8.125649157133655,0.6942227888689309
5217,3.297626678202788,8.125651265539688,0.6954824212616569
5218,3.29763232894126,8.125655941363256,0.6966194317537437
5219,3.2976363850187043,8.12565958522299,0.6969920400355502
5220,3.2976410179876128,8.125663767389076,0.6983631475426337
5221,3.297643091066759,8.125665454569996,0.7000496213741515
5222,3.2976452690397697,8.125666713130233,0.7019578847570772
5223,3.297649463783638,8.125670675615206,0.7036640123844227
5224,3.2976531716170405,8.125673822723392,0.7042137573764078
5225,3.297659694164568,8.12567917725691,0.7045254842891805
5226,3.2976640641102386,8.125683137823803,0.704521084013309
5227,3.2976686586011468,8.125687117598988,0.7044132944877499
5228,3.29767571539912,8.125693056101177,0.7041330889433323
5229,3.2976804943638527,8.125697029238035,0.7038991391474329
5230,3.297685280009109,8.125701123052082,0.7036437136025906
5231,3.2976922535031212,8.12570724022551,0.7032389249958609
5232,3.2976962655411732,8.12571121401005,0.7031466746536809
5233,3.297699059918378,8.12571322915973,0.7041493369723326
5234,3.2977004909977965,8.125714454469676,0.7060120514185906
5235,3.297700835394327,8.125714899630717,0.7098414837654654
5236,3.2977006641891498,8.125714445321051,0.7128226623028217
5237,3.2977002483055244,8.125713774026218,0.7159937892669639
5238,3.2977000934880962,8.125713257217596,0.71908069574908
5239,3.2977012678409583,8.125714309493086,0.7210810245313523
5240,3.2977035990990817,8.125716533788449,0.7222038983150728
5241,3.2977053700500494,8.125719009426424,0.7246017758158039
5242,3.297705650867801,8.125719012996093,0.7271605670113367
5243,3.297704867208011,8.125717997342024,0.731836421957438
5244,3.297702938586035,8.125716136949634,0.7371608767696908
5245,3.297701444959604,8.125714773155304,0.7408881918553493
5246,3.2976998022628448,8.125713121666559,0.7447336665164771
5247,3.297698109341409,8.125711193007245,0.7486841273997379
5248,3.2976990401468207,8.125711256191972,0.7525429591365955
5249,3.297701527921936,8.125713919630167,0.7534110408889354
5250,3.2977050849598393,8.125717447725112,0.7534391136525354
5251,3.2977118730798676,8.125723886532912,0.7525538394696708
5252,3.2977169437982656,8.125728640491987,0.7516603336583219
5253,3.2977243840566004,8.12573599038538,0.750095320920035
5254,3.2977323831904855,8.125743170424075,0.7484014695399869
5255,3.29773771526572,8.125748023798334,0.7472416553378826
5256,3.2977427475228853,8.125753084348192,0.7461040629667173
5257,3.297747686713286,8.125758026977598,0.7450139521580573
5258,3.2977527161148474,8.125762480781013,0.7439617661194236
5259,3.2977579000703727,8.12576679677797,0.742940729583763
5260,3.2977627115070347,8.125771331065827,0.7419459615548167
5261,3.297769977319268,8.125778328462397,0.7404775321214068
5262,3.2977774805198736,8.12578488569698,0.7388381535699333
5263,3.297784897402257,8.125791735083055,0.7371466865245669
5264,3.2977895665724244,8.125796306402636,0.7361253725992783
5265,3.2977965830072145,8.12580259055444,0.7347121761294565
5266,3.29780106577214,8.125806673297364,0.7338265298878227
5267,3.2978077782997657,8.125812777323414,0.7325286679258588
5268,3.297812546680708,8.125816794006427,0.7315056460231089
5269,3.2978174593297283,8.125821123126938,0.7303625207743164
5270,3.297824534335476,8.12582793996446,0.7284969765615013
5271,3.2978295458362465,8.125832316506353,0.7271919669055708
5272,3.2978347553216656,8.125836633154695,0.7258655594989579
5273,3.297841572813952,8.125843125027481,0.724131871060883
5274,3.2978460219541845,8.125847012739452,0.723194132515545
5275,3.2978522610188294,8.12585236575388,0.7219881036197917
5276,3.2978561957357773,8.125855884897911,0.7212730005357434
5277,3.2978620329540504,8.125861228146752,0.7202866995898451
5278,3.297867877581832,8.12586613553772,0.7193712476261815
5279,3.2983904333882696,8.126322781848959,0.7184624016190663
5280,3.2986391379322075,8.126541940045263,0.7174653241682477
5281,3.2986372904871843,8.126540555918346,0.7207679973624511
5282,3.2986306126324396,8.126533230365524,0.7289039051926797
5283,3.298624285652522,8.126527209366795,0.7352448639025767
5284,3.2986197517317133,8.126519123648182,0.7401722598526514
5285,3.2986336637620637,8.126527838331901,0.7355822345805122
5286,3.3002790326691143,8.127950802528792,0.6982103841065288
5287,3.303546911790406,8.130559096467827,0.6414538084616598
5288,3.305806748684329,8.132188705633563,0.604012352698595
5289,3.309011885159329,8.134250845207465,0.5373438708479811
5290,3.3112679828416454,8.135531464771592,0.4920242920177118
5291,3.313582571036521,8.136709975938448,0.4472035108315066
5292,3.3161397978070206,8.137831869609084,0.37316455108138996
5293,3.3168478298757864,8.138097821363592,0.3437021075437384
5294,3.319011248438868,8.138778442740087,0.25839696503128246
5295,3.32013932303525,8.139049687611934,0.21048148519741533
5296,3.321278874436631,8.139268519844123,0.16475973612797049
5297,3.3230073228248256,8.139503550845193,0.09729555971856109
5298,3.324421800563744,8.139618547149915,0.05243780598737781
5299,3.3258592996775036,8.13967310714541,0.00733974741213162
5300,3.327876061222356,8.139648750651936,-0.059549935934920604
5301,3.3289521254811385,8.139583334831055,-0.09080607798453609
5302,3.329629088802902,8.139524428303442,-0.10188970205875472
5303,3.3297940212947075,8.139498917680173,-0.0751659032971231
5304,3.3297318944536034,8.13948324033653,-0.03391196532034902
5305,3.3286609781858756,8.13947964530275,0.009821988707665477
5306,3.323135736808631,8.139314989175102,0.051959493100181366
5307,3.31301686199034,8.138605725218774,0.09344976136146665
5308,3.300352364960372,8.137216679413616,0.13483872246515355
5309,3.2919949178827124,8.13595442638965,0.17643417706254202
5310,3.288219400765502,8.135230981122602,0.21843216773012056
5311,3.2888016190308482,8.135400353579797,0.2791778801186035
5312,3.2909389376211124,8.136051138452709,0.3096692852107209
5313,3.2942141124078645,8.137127840237609,0.3260733318211626
5314,3.2992936567620905,8.138828411468275,0.31295385840861206
5315,3.303944594720468,8.140205090293232,0.24824660305106488
5316,3.308307625301872,8.14116498831382,0.17723569283453708
5317,3.3128460527898835,8.141837145023723,0.10981978084806979
5318,3.317716790562366,8.142235535890471,0.04322883360737315
5319,3.3238792833388104,8.142347413850358,-0.013165783265223574
5320,3.3408588600299858,8.141285052099608,-0.12795197438789316
5321,3.353498897491859,8.139634237753096,-0.2085015492039713
5322,3.365866807350081,8.136541998784603,-0.31854768239931175
5323,3.3683063307064045,8.135769788288904,-0.420946262635161
5324,3.361251569117315,8.139126898555267,-0.519225098252438
5325,3.3570029498425757,8.141515254496664,-0.5511897935033979
5326,3.3391513492129308,8.153660917865233,-0.6446345044283276
5327,3.314545682742125,8.173871635883934,-0.7341319146899261
5328,3.294953193269354,8.192458381129413,-0.791240620052438
5329,3.261681390333833,8.228812896104065,-0.8726343746726516
5330,3.237482427582581,8.259006980399056,-0.9239073011031446
5331,3.202343666746112,8.308832028686794,-0.9964671663583223
5332,3.175828649706585,8.352645624103085,-1.0644382452085535
5333,3.1625109040020267,8.377733613800034,-1.1074945248450057
5334,3.1522563065612745,8.399185623738731,-1.1491415018598803
5335,3.1447144745233366,8.416770771122707,-1.1897761775296074
5336,3.1377066379933183,8.435566034619587,-1.249518053369591
5337,3.1348587636111263,8.444582550640888,-1.2872203512676395
5338,3.131811444150441,8.455870206628235,-1.330912440721936
5339,3.1304679161841706,8.461540072258046,-1.3468521762902756
5340,3.1296116464086934,8.465346561679441,-1.3502960806335202
5341,3.1292171465154155,8.467097049021849,-1.3404131950453932
5342,3.1291615975424687,8.467308836842593,-1.3181929383633346
5343,3.1291410015183447,8.467391878899152,-1.2912634044850975
5344,3.129130731023265,8.46742969011841,-1.2767000116298046
5345,3.129108223610746,8.467508052072889,-1.2268032423944633
5346,3.129094992023498,8.46754124253135,-1.1897004475332444
5347,3.1290980014298393,8.467541140822998,-1.1556680016504894
5348,3.1290926222670095,8.467560081826004,-1.1238256029564409
5349,3.1290864293115543,8.46757424754201,-1.0937161965940092
5350,3.129060712220675,8.467623198540306,-1.0495372628975566
5351,3.129039914324473,8.467675043745317,-1.0206237227766402
5352,3.129018967269563,8.467690227163,-0.9905296237872273
5353,3.1290405448351155,8.467677205283094,-0.9563074715122628
5354,3.12900307687271,8.467732152702101,-0.9238324552821764
5355,3.1289263459039285,8.467826983222965,-0.8850168085562862
5356,3.1288769511760415,8.467883905963888,-0.8562939016810132
5357,3.128809414762188,8.46795628608086,-0.8110648660195349
5358,3.1287921478943086,8.46797430934528,-0.7811411866546335
5359,3.128738160645698,8.468022047279817,-0.7366189018472111
5360,3.1286980711144543,8.468053675393072,-0.6931371432924649
5361,3.1286792390353124,8.468065747622799,-0.6651510797401952
5362,3.128665956962704,8.46807194134396,-0.6381480572680791
5363,3.1286570729861514,8.468073772342333,-0.6122115982034854
5364,3.1286492138004,8.468071618223824,-0.5753649710367413
5365,3.1286465426708836,8.468068372176665,-0.5521481218080202
5366,3.128644439482909,8.468064815013733,-0.5299523477303678
5367,3.128642077200203,8.468061926207316,-0.5087033115378857
5368,3.12864091065865,8.468058226831857,-0.4883196895810679
5369,3.1286557200573877,8.46804598850234,-0.4688331992221323
5370,3.1286454187241644,8.46804476657679,-0.44017018781588707
5371,3.1286271715096947,8.468047461593288,-0.42021776501828645
5372,3.1286052205373127,8.468048784977174,-0.38985607290448276
5373,3.1286112680472264,8.468047034522206,-0.37977534003931324
5374,3.128580837822502,8.468046491748662,-0.3489597698039385
5375,3.128565882602551,8.468051713297685,-0.31794885397851336
5376,3.1285557225408995,8.468045518434995,-0.29601710899490935
5377,3.128574714435912,8.468032860808506,-0.26576519642694896
5378,3.1285089711085123,8.46804253312264,-0.24348376703012403
5379,3.128522277638926,8.468037596815423,-0.2216800288773284
5380,3.128540890106025,8.468029723762896,-0.19145105860906142
5381,3.1285514904266245,8.46802455443497,-0.16309298790139745
5382,3.128471734969874,8.468033853328581,-0.14141900959911555
5383,3.1284790749962146,8.468028010933303,-0.11923968380307219
5384,3.1285285824800506,8.468019483063646,-0.09447196343797917
5385,3.128567726755718,8.468018739627292,-0.08342973880643191
5386,3.129220718223802,8.467968618254952,-0.07234117416255807
5387,3.1299381095559524,8.467917005516718,-0.06766746076180653
5388,3.1306513510596323,8.467870122402122,-0.06377324510130784
5389,3.1317386312724484,8.467804855069268,-0.05882732724172511
5390,3.1324626607460937,8.467764626985632,-0.055879152359385356
5391,3.1335502731974514,8.467707759720346,-0.051686639466985575
5392,3.1342752091361485,8.467671047666922,-0.04894236402985438
5393,3.1353624786625427,8.46761963312289,-0.04479037799807633
5394,3.136449645360024,8.467572334033852,-0.04048790626336344
5395,3.137174337985009,8.467544718189334,-0.037519703166079305
5396,3.137899390384103,8.467518041210386,-0.034457048613586345
5397,3.138988442230373,8.467482983424144,-0.029616939165577387
5398,3.1397155317901935,8.467461851520627,-0.026223043016018553
5399,3.14080845799866,8.46743590297931,-0.020816619410292562
5400,3.1415366655924917,8.467421171785691,-0.01701488366820351
5401,3.1422660087771344,8.467409808906057,-0.01305180190880751
5402,3.1429968242297655,8.467401221449188,-0.008865525314168819
5403,3.143727352025085,8.4673955570497,-0.004470555284774043
5404,3.144822510222554,8.467393229089232,0.002631198092808814
5405,3.14555208538343,8.467395932057991,0.007717906269097679
5406,3.1462833406437176,8.467402835898927,0.01307555111932249
5407,3.147381476680484,8.467420547259668,0.021834650690278522
5408,3.148111325139934,8.467437630919264,0.028095334197752918
5409,3.1488453207028098,8.467459792307025,0.034689949611274834
5410,3.149584651281251,8.467486776962193,0.041798828492707954
5411,3.150324467112903,8.467519145348264,0.04936891682759444
5412,3.1514459000186394,8.467579467697446,0.06167841506837397
5413,3.1525746898813884,8.467654788644957,0.07550285092504563
5414,3.1537175972596176,8.467749359096421,0.09085600626476925
5415,3.154484337998571,8.467823510775288,0.10228446136279709
5416,3.155239376268448,8.467898660665911,0.11319039762526707
5417,3.1561075673350225,8.468006102505706,0.11721720614320741
5418,3.1569322081783975,8.468103736228752,0.12009514279946201
5419,3.157789664585885,8.46820789812842,0.1229457039411929
5420,3.158651199754746,8.468315435623591,0.12577543442161757
5421,3.159946270949179,8.468482383034845,0.13003670916846907
5422,3.1612509553357837,8.468655512214877,0.13435561652822747
5423,3.1621202382528484,8.46877371496177,0.1372856879448573
5424,3.1634803659839457,8.468964805421106,0.1417089601221071
5425,3.164389868573318,8.469095618687872,0.14467333737159377
5426,3.1652989366977513,8.46922896985977,0.1476691019937759
5427,3.16668163519244,8.46943787167553,0.15223078551239944
5428,3.1680771511751997,8.469654635527322,0.15686643517118298
5429,3.1690168876133593,8.469804478706019,0.16000896047463176
5430,3.169971712619606,8.469960332007773,0.1631800073783379
5431,3.1714373064475185,8.470204473205726,0.16798287107604207
5432,3.1729043565116855,8.470456949731084,0.17285801830098502
5433,3.1738655728527876,8.470625840730838,0.17299758048343722
5434,3.1753663435753943,8.47088764311052,0.17361183253843793
5435,3.176383342111209,8.471066261876182,0.17502786112546884
5436,3.1774249157006893,8.471251150046474,0.17695352438460632
5437,3.1784673278666804,8.471438715088224,0.17924692094089004
5438,3.1800146711457655,8.471721456535068,0.18320293933365386
5439,3.181038254433496,8.471912332031835,0.18612665070188486
5440,3.1820613317804627,8.472106600114042,0.1892236497446739
5441,3.1836745619175244,8.47240948688182,0.18449811730095203
5442,3.185312057507659,8.472711406748026,0.1736092537974128
5443,3.187003799292549,8.473001976029224,0.16760167662388525
5444,3.188142739509709,8.47319286455087,0.16587896299884772
5445,3.189266646704489,8.473380230270404,0.1653685060163999
5446,3.190912670270833,8.473655003341726,0.1662008349306682
5447,3.1920114805702515,8.473839593053386,0.16747890709606852
5448,3.1931108683387093,8.474026074138447,0.16914988240008524
5449,3.1947460081950063,8.474307330679288,0.17219643071536736
5450,3.1963795575509484,8.474593998020918,0.17570304472459444
5451,3.197543181723975,8.474801712544387,0.17767128623118816
5452,3.1987066086891467,8.47501143923649,0.17967440554925299
5453,3.2005333434076912,8.475347393625341,0.18292740684462222
5454,3.2023662397724055,8.475690666345459,0.18635863960853188
5455,3.2035872181402363,8.475924129892219,0.1887311036467805
5456,3.2048076168017845,8.476159145059487,0.19118436767979985
5457,3.206027832491099,8.476395892508235,0.19371008072212595
5458,3.2078949133856334,8.476765050047156,0.19725589367665397
5459,3.2092379010021284,8.477039216892866,0.19869301699879838
5460,3.210625392583735,8.47731479374696,0.19986303070747624
5461,3.212115528543258,8.477621045661138,0.19997256840880515
5462,3.2136050392079323,8.477925598774805,0.20056849660730638
5463,3.2150874205655975,8.478227243535779,0.2015227069227155
5464,3.217291165461097,8.478680755658695,0.20350240300553857
5465,3.218767294247417,8.478979462900762,0.20438738175812926
5466,3.2212407328756254,8.479494632891711,0.20160220140843998
5467,3.222968710963633,8.47985901039262,0.19956042507736993
5468,3.2257022400647606,8.480419968903156,0.1971006220459286
5469,3.22756620607819,8.481208463030205,0.19148822032410093
5470,3.229615881522061,8.481554321691442,0.18700424034294283
5471,3.231824777904659,8.481976170174088,0.1837647027757119
5472,3.2340685510189995,8.482399258414883,0.18126342472914747
5473,3.2363213468682597,8.48282131969074,0.17924623244585347
5474,3.2399895657176763,8.483495958924456,0.17367637612986586
5475,3.242340753234663,8.483912382408796,0.16918269608500394
5476,3.245927036821124,8.484529580421718,0.1639865007387886
5477,3.24998829282775,8.485230372358652,0.15860438354695855
5478,3.2531376332838042,8.485730757023717,0.15147876902256127
5479,3.256272927660405,8.486197810087923,0.14505415381009634
5480,3.2611808762359957,8.486885740016787,0.134757717993444
5481,3.266332638128095,8.48754471043251,0.11976093336375342
5482,3.271242361041809,8.488105369386432,0.10624469035475449
5483,3.276197930249156,8.488604535061839,0.09195899412826279
5484,3.281171394423311,8.489033515996676,0.07805883474636195
5485,3.2861531856846184,8.489392831929308,0.0643051765171301
5486,3.294011960401188,8.489794952527857,0.03255026096220034
5487,3.301655418751065,8.489923039695364,-0.004759382150345095
5488,3.308940724450692,8.48979101263886,-0.03494600214666083
5489,3.314009021804428,8.489576280529144,-0.0537128147335314
5490,3.3220630023252564,8.489051142383804,-0.080393276981053
5491,3.3274118458730397,8.488582131762486,-0.09888469803656451
5492,3.332852270918262,8.488005038693831,-0.1179005982139621
5493,3.3384226704675988,8.487307069032294,-0.13741764750199711
5494,3.3439601658160445,8.486503317589664,-0.15741700665792704
5495,3.34946665658412,8.485590816662606,-0.17788375151351743
5496,3.3543758031252624,8.484677615186326,-0.20747620262235017
5497,3.3520540452258443,8.485192564392095,-0.22417197350521256
5498,3.3402342378745176,8.488032337296112,-0.24640848606562912
5499,3.3268218112887866,8.49149182417337,-0.2601415989509569
5500,3.3090102123885874,8.496341904457609,-0.2733908579601559
5501,3.286820871966673,8.502696962422082,-0.2863612412350662
5502,3.260290487922206,8.510667839940831,-0.2991864552182788
5503,3.2312894201959326,8.519780132626066,-0.3120458049010774
5504,3.1956286392657276,8.53162120674341,-0.33201715095628526
5505,3.169982174880552,8.540713109909753,-0.35259389457954415
5506,3.1584901315893044,8.545017374232039,-0.3664412853881227
5507,3.151267422230189,8.547845178325378,-0.38043242892177287
5508,3.1445915676662612,8.550601216578114,-0.3970402666875337
5509,3.1414682111801415,8.551925074921359,-0.39834005627111285
5510,3.1397506650062783,8.552642868344952,-0.38807733309991965
5511,3.139037606126774,8.552904852182554,-0.35555580624136013
5512,3.138644869813222,8.553028809052302,-0.3103824298973497
5513,3.1384557369778534,8.553064030310503,-0.25930625609298424
5514,3.138260514257284,8.55310810501328,-0.23044325625628054
5515,3.1380590470177934,8.553142778542679,-0.19500153897825845
5516,3.1377224486972852,8.553196121426227,-0.1648132539971688
5517,3.1377913476286805,8.553177177574028,-0.14939700079986035
5518,3.137773137420966,8.553177531278257,-0.13896438705616024
5519,3.137739308987534,8.553180182069012,-0.13448235188192678
5520,3.1387529622666075,8.553046531140374,-0.12498394757685848
5521,3.139872056448156,8.552904546888955,-0.12116558904376697
5522,3.1409764341157245,8.55277037618888,-0.11798280884111212
5523,3.142643308024541,8.5525756869888,-0.11400069113339102
5524,3.1437615071586102,8.552447951366949,-0.11176948475130995
5525,3.1448826727263426,8.552324717293338,-0.10975117354053343
5526,3.14655826003652,8.55212999640123,-0.10695564364338504
5527,3.1476801731466204,8.552021575353933,-0.10517638963389457
5528,3.1488053961736022,8.551903037273929,-0.10342891662337836
5529,3.149930281765998,8.55178612820716,-0.10168886843575371
5530,3.1510645135877424,8.551670510623742,-0.09994570676880431
5531,3.152767718516948,8.55150312454714,-0.09730761682482496
5532,3.1539073634324892,8.551391826031583,-0.09551392801518618
5533,3.1556242122752822,8.551222590521077,-0.09277427776522837
5534,3.156768374512221,8.551122514844895,-0.09091525662445932
5535,3.1579115623468565,8.55101798441637,-0.08902623841879209
5536,3.1596417261141734,8.550861210626264,-0.08611025206927321
5537,3.161372598255774,8.550712600334693,-0.08308712946036713
5538,3.1631139801514934,8.550567202273859,-0.07995056760959181
5539,3.164281802197732,8.550479609861934,-0.07777416808769567
5540,3.165468142039278,8.550383747634912,-0.07551190978720408
5541,3.167253825558552,8.550249708936963,-0.07194213212761956
5542,3.16845060869826,8.550168132119799,-0.06943766155518855
5543,3.1696512307821636,8.550082347644107,-0.06681971086914074
5544,3.1714689988695324,8.549964977802833,-0.06267141301942361
5545,3.1733015836636267,8.549845327676268,-0.05819972909212971
5546,3.175144896784764,8.54974348473221,-0.05346569858806722
5547,3.177010545506952,8.549651453261243,-0.04836450427476433
5548,3.17826076789362,8.54958307505847,-0.044735483499892606
5549,3.180218419163348,8.549172182744273,-0.03890823428069858
5550,3.1809024874612604,8.549146335446466,-0.036748546874726985
5551,3.1822711180430345,8.549089698008418,-0.03217885164668146
5552,3.1850495621079333,8.548994977228968,-0.02196790554566227
5553,3.186443143153793,8.548958809019048,-0.016271647239017303
5554,3.1885295245299705,8.548932930764797,-0.007239528407675636
5555,3.190655889916551,8.548932585669197,0.002694785327196881
5556,3.192074000640052,8.548942099416411,0.00986991200221493
5557,3.194202439884634,8.54896986234845,0.021212670386975267
5558,3.1963913291148818,8.549023458558661,0.03356456329024376
5559,3.197869320106698,8.549079510440388,0.04289383241643219
5560,3.199079971418338,8.549132452366287,0.05122647825980838
5561,3.201385154707712,8.54925134218465,0.049912960266083405
5562,3.2030239906444335,8.549332659017075,0.048488080033959526
5563,3.2046675885644524,8.549413952912003,0.04716114215197947
5564,3.207264513355443,8.54953097238775,0.0450489246840293
5565,3.2090074581430588,8.549608765096954,0.04349918854091303
5566,3.2116403786805625,8.549723713368362,0.04103062733769888
5567,3.2133967521979887,8.549793005530516,0.03931312191881124
5568,3.2151531715157917,8.549860117719819,0.037545502684663695
5569,3.216982183048977,8.549929796039704,0.03568184381693685
5570,3.2188158650099066,8.549994077914658,0.03370583843014379
5571,3.2206501005528048,8.550051633444696,0.03164573965173127
5572,3.2225351311714534,8.550109643345092,0.029490181650544397
5573,3.224424072793333,8.550166150766417,0.027237917534961912
5574,3.2263370190789944,8.550216932719037,0.02491245872734242
5575,3.2282515657843693,8.550260436889067,0.022524762989967344
5576,3.2301659879691376,8.550302734162534,0.02007627359417713
5577,3.234177550681958,8.550376316293004,0.01486130298109405
5578,3.237242390374519,8.550414188390674,0.010579183466678048
5579,3.239285961081063,8.550435743500993,0.007597318256298319
5580,3.240347659217852,8.550444193358116,0.006064839227509373
5581,3.242515531936943,8.550453815789027,0.00288908493615777
5582,3.2458305476323894,8.550455755509006,-0.0021413836139036174
5583,3.248040768573936,8.550451009447725,-0.005637292282989116
5584,3.2502514368489086,8.550434926128254,-0.009225325946926858
5585,3.2536856400025442,8.55039445781478,-0.014817665626068295
5586,3.2559790590115236,8.550359156321731,-0.018685891126485214
5587,3.2597291495342997,8.550278156987941,-0.024855711682157004
5588,3.2622393665494442,8.550212556475353,-0.0292257440131288
5589,3.264749589741007,8.550138223120234,-0.033748472370790844
5590,3.267443110679128,8.550042127783534,-0.038458331229002884
5591,3.270148197047921,8.549931300572243,-0.043371913809399885
5592,3.274276985826393,8.549742508974097,-0.05104782771189344
5593,3.27570910083408,8.549669650135883,-0.053686885981264684
5594,3.280375295301106,8.54939992827261,-0.06193578748295045
5595,3.285263609057884,8.549081315566799,-0.07082412376712222
5596,3.2885225097602984,8.548845321899503,-0.07700587209926507
5597,3.293668472866723,8.548424927103547,-0.08662265032280969
5598,3.297514847326467,8.548083460145396,-0.09346290225259724
5599,3.301356871529691,8.547716910666212,-0.10060481679598836
5600,3.3070402864241824,8.54709608292343,-0.11863809097281766
5601,3.3117131890434,8.546519726828267,-0.13140744076289543
5602,3.320699905654174,8.545285683995173,-0.14404317218437118
5603,3.32675104838046,8.544388689269763,-0.1523840794591988
5604,3.331790469274756,8.54360217934492,-0.1603512114675769
5605,3.3327733419413192,8.543444975697733,-0.16569188912017616
5606,3.332800880591541,8.543440571302545,-0.1679547033294352
5607,3.3327991904762184,8.543441368191475,-0.16894440689471713
5608,3.3327434743177045,8.54345163103845,-0.15769022462544569
5609,3.3326845936529303,8.543445575495431,-0.13081588087464396
5610,3.332571917695443,8.54344417071574,-0.08949405081428326
5611,3.3324989921566113,8.543444103612476,-0.0627345886281968
5612,3.3324248129500105,8.543444826862753,-0.036087517961573126
5613,3.332340547283772,8.543433845979205,0.009612615603604387
5614,3.332317722606075,8.54342999143346,0.03199064633955146
5615,3.332342974793011,8.543427638548458,0.036887045486896294
5616,3.332431087182155,8.543427672400174,0.018891674535838347
5617,3.3327420926456104,8.543436117034206,-0.0443594762908529
5618,3.332957506562798,8.54343190282083,-0.08991092322249111
5619,3.333158103084304,8.54342523348891,-0.13639141734576216
5620,3.3333597529722274,8.543405422429462,-0.183837263767524
5621,3.3335469111676366,8.5433838849058,-0.23222389880336475
5622,3.3307822523410877,8.544221256551387,-0.31571550582279456
5623,3.3186861329388813,8.548961426532976,-0.4292396700338434
5624,3.3065822075518123,8.555474948864013,-0.5129928583334102
5625,3.28774485313833,8.567636328396567,-0.6369591824956345
5626,3.276786347794185,8.575765892219367,-0.7099739564700337
5627,3.2678082167211335,8.58401823502049,-0.7713386944024554
5628,3.257453337066229,8.594756537358013,-0.8367194603799516
5629,3.25100674096564,8.602136034561553,-0.8682419897610721
5630,3.248709263817709,8.604851907531582,-0.870440770340248
5631,3.247934880204611,8.605747303694566,-0.8578451138835238
5632,3.247805328587632,8.605879373299064,-0.8352094211928881
5633,3.2477076524851873,8.605950644185329,-0.7852837373476387
5634,3.247694903963166,8.60595427518171,-0.7502684758033596
5635,3.2476945249362097,8.605942310515243,-0.7043749463321153
5636,3.247690218010846,8.605941633978905,-0.6770306963834115
5637,3.2476769441198337,8.605941600896896,-0.6503146258565632
5638,3.2476579928050966,8.605937379575888,-0.611663667640632
5639,3.2476469699503774,8.605935665319985,-0.5869335782119582
5640,3.2476301185127725,8.605932538904982,-0.5514239804805549
5641,3.24761989949569,8.60592787466708,-0.528777422712538
5642,3.2476067690535464,8.605921437604994,-0.4962353463248591
5643,3.2475982436509137,8.605917367347644,-0.4754022144275457
5644,3.24759101067759,8.605905376455507,-0.44575362144042746
5645,3.2475913034663555,8.605900148274426,-0.42838524521364824
5646,3.2475630737856,8.605905665952417,-0.4095907095098429
5647,3.2475251000061838,8.605904860442996,-0.37823885199837026
5648,3.2475189856864706,8.60589810981688,-0.3574409987121478
5649,3.247512607785542,8.605892509240016,-0.337507815613848
5650,3.2474787531077234,8.605889738654138,-0.30526960395829905
5651,3.2474731922561464,8.605883460970777,-0.2846132434590733
5652,3.247465412996439,8.605878016542498,-0.26466838522852854
5653,3.247426650175652,8.605879095625966,-0.24242168065605696
5654,3.247419289963728,8.605872885945857,-0.2204070174112563
5655,3.2473815855177772,8.605870006835694,-0.18629699731153726
5656,3.2473821975558304,8.60585955241597,-0.16274480260461652
5657,3.247403106553316,8.60585200887087,-0.14289526618683163
5658,3.2474821704779075,8.605837008335948,-0.12432858895963692
5659,3.2484338874336607,8.605719759751617,-0.12056051696492587
5660,3.2520582360431454,8.605279336672101,-0.1250146085406532
5661,3.2556137336760558,8.604826023474942,-0.1295374977743706
5662,3.259249897829302,8.604347670461975,-0.13273312446373584
5663,3.2617060810251917,8.604018950785282,-0.13472886118780586
5664,3.265564800526851,8.60349139188603,-0.13770079181966913
5665,3.2682179161844926,8.603121672759391,-0.13980973745736214
5666,3.270871281906243,8.602747986180598,-0.14200949081520065
5667,3.275177188604705,8.602127362186486,-0.14558426135594446
5668,3.2780654571983883,8.601704563958053,-0.1481616878726997
5669,3.282413156778618,8.60105184241094,-0.15118764428259623
5670,3.285620733977898,8.60056046408476,-0.15307508862354713
5671,3.28883120251443,8.600062942096384,-0.15542453057672664
5672,3.2921678029009067,8.599541052505979,-0.15675892566549296
5673,3.295831207256612,8.59895912297142,-0.158436010233472
5674,3.2994975994445337,8.598374163083667,-0.1607570502595618
5675,3.305365999688933,8.597415301418344,-0.16344350779353498
5676,3.3097727455218506,8.596684717962209,-0.16516051296731385
5677,3.3144997384053125,8.595895676015644,-0.16692837743536967
5678,3.320234557595666,8.59493162217892,-0.1660310580011142
5679,3.326044718306174,8.593957555638747,-0.1661558630089932
5680,3.3375634865812294,8.592022345195138,-0.16626054130049964
5681,3.347659149579889,8.59033157047581,-0.16523354830990333
5682,3.3647391860550178,8.58791994622044,-0.16461267005220384
5683,3.3661063945120455,8.58765397211067,-0.15750353655599086
5684,3.361372940789579,8.588395808511072,-0.15025851194029238
5685,3.352095819040123,8.589773137277911,-0.14169286533979783
5686,3.3296134602512235,8.592836415695874,-0.12712624921354537
5687,3.3094512493430734,8.59529809285356,-0.11169699658499097
5688,3.3013020250058154,8.596184001177793,-0.1015635251234245
5689,3.296821235497581,8.596631467750022,-0.08991302827338928
5690,3.2995080236581926,8.596401638020852,-0.0838335543409764
5691,3.3049265711514852,8.595874331638802,-0.08091226651212753
5692,3.314245873614335,8.595232336401402,-0.09120856020293294
5693,3.3203385075012317,8.594647235108756,-0.10351632862271289
5694,3.3265651613451843,8.59395585095653,-0.12049325540201741
5695,3.332729174357498,8.593165774430219,-0.1386646332675715
5696,3.34087767486457,8.591932963319296,-0.16849329799370322
5697,3.345946890417271,8.591000024764064,-0.20732512905397202
5698,3.3512818179557047,8.589764808901469,-0.2426821552884479
5699,3.3507449541982735,8.589961547004508,-0.26867791019744747
5700,3.3449236408016176,8.591610717126864,-0.2825684198615292
5701,3.334733451178555,8.594631067214612,-0.29475692726380304
5702,3.3201923395759545,8.59912349124944,-0.3058170030404251
5703,3.301317520080873,8.605175656281062,-0.3161289435684711
5704,3.2769349031030615,8.613325360687725,-0.3313044696587565
5705,3.2661981003362768,8.617069899308053,-0.3414524529204832
5706,3.2625135181769256,8.618388087777767,-0.34650868671029794
5707,3.2575976057490585,8.620194410034152,-0.35607304561179515
5708,3.255668157341427,8.62092078265342,-0.35953094487713283
5709,3.252569475116891,8.622098363359509,-0.36069504845042066
5710,3.250485323594565,8.622867843025425,-0.3418845443354524
5711,3.2504247247588505,8.622866840920285,-0.3152920280794149
5712,3.250349196473825,8.622888085133937,-0.27494838485314904
5713,3.250814423265959,8.622741632427323,-0.23868350904164473
5714,3.251497483880592,8.622576605478686,-0.19941296763120572
5715,3.2531603851143713,8.622262832200239,-0.1540736565579549
5716,3.25319252088041,8.622261121172706,-0.1374532759609701
5717,3.253671818911117,8.622197631171208,-0.11899329950804094
5718,3.2561495394773816,8.62191387203028,-0.11594236860605939
5719,3.2598867075703524,8.621471516238593,-0.11482539909238151
5720,3.263685095086083,8.621043710785731,-0.11445610577077694
5721,3.2675285316812666,8.6205964576962,-0.11524375981115095
5722,3.271515814779549,8.62013105226319,-0.12193115225524866
5723,3.2755781757771123,8.619628698224057,-0.1242940084317733
5724,3.2784532709307537,8.619267502747839,-0.12461680838802415
5725,3.2830882524219227,8.618687323942394,-0.12342088839745866
5726,3.2880958853166247,8.618069233795644,-0.12336675517071095
5727,3.2915799610601186,8.617633976286086,-0.12394054469402047
5728,3.297429311610056,8.616900702683747,-0.12406752892532097
5729,3.3039926276383453,8.616080995949005,-0.1250925848077716
5730,3.3083020846883633,8.615535965847616,-0.12836698193519766
5731,3.3137975636965016,8.614819137885483,-0.13369120799931636
5732,3.3221375584238295,8.613663245784808,-0.1446097140306538
5733,3.3345285298427525,8.611781474725513,-0.1598135762362447
5734,3.3432795229583068,8.610326939145956,-0.1736618197014587
5735,3.349441383033085,8.609211481661042,-0.18986515232078086
5736,3.3550137186129625,8.608111478141875,-0.208441336671283
5737,3.3622621682020224,8.606501912000903,-0.23852285240046606
5738,3.360625896878257,8.606954851307867,-0.2722716683794487
5739,3.3539463016464848,8.60890575609077,-0.29642613662607803
5740,3.335741281511569,8.614844396093751,-0.3343138780895395
5741,3.3182769445211147,8.62113638531267,-0.36035241550559705
5742,3.284338789768521,8.634655069226467,-0.40017866991547263
5743,3.256705591839415,8.646704489578896,-0.4270581852036304
5744,3.2252394300757845,8.661487344507778,-0.4540770472724874
5745,3.1823045277139688,8.683412627922948,-0.49517318899514884
5746,3.1592288285661545,8.696225258099926,-0.5228080823194647
5747,3.1328533247930155,8.712062161263097,-0.5640052902667413
5748,3.1204113297011533,8.720143388608708,-0.5911389451121639
5749,3.1120004567457262,8.725941260848742,-0.6180238145723759
5750,3.103780180177324,8.732021305902933,-0.6539426778215139
5751,3.097908295198676,8.73662777794232,-0.6718953967683519
5752,3.095572968421827,8.738488695126803,-0.669069126703371
5753,3.0946909703387626,8.739178066612103,-0.653005637070704
5754,3.094371279665643,8.73940040216202,-0.6299766978128009
5755,3.0939628500494862,8.739677995265057,-0.5948058795879507
5756,3.09368192236382,8.73985670081641,-0.571348229637336
5757,3.09323591364122,8.740118910533191,-0.5365881654278235
5758,3.092918626223653,8.740293868756021,-0.5138402529284666
5759,3.092495021238646,8.74051330185122,-0.47453940981387394
5760,3.092364767868449,8.740558553529008,-0.440130965646411
5761,3.0922702906591835,8.740585718334811,-0.4066546623297175
5762,3.0920851442256723,8.740654797437935,-0.37768015299405266
5763,3.0918116207959745,8.740751655932977,-0.35163333099277444
5764,3.091484862557992,8.740859951532023,-0.3274644221179199
5765,3.0911418392180723,8.740961568613189,-0.2950539025759671
5766,3.091046370885468,8.740988514874775,-0.28574570276006145
5767,3.0908139710128975,8.741049529323853,-0.26865663535425777
5768,3.0906071808351516,8.741098875567163,-0.24684285009410079
5769,3.090498876633082,8.741122817210229,-0.2358098246162146
5770,3.0917979927164585,8.740816138204554,-0.22710988479765173
5771,3.093200638142572,8.74049499908513,-0.2203911642576704
5772,3.0945723580660016,8.740189239036791,-0.21500650210529762
5773,3.096621840107047,8.739746959115179,-0.20869769068944685
5774,3.0979775712979025,8.739460097477494,-0.20553178331520272
5775,3.09932410410366,8.739179648984324,-0.20290370525523546
5776,3.1013337228913014,8.738766074754547,-0.19971627044626886
5777,3.103333453455999,8.7383627557057,-0.19706983181257787
5778,3.105301337762334,8.737972745576176,-0.19351431570949731
5779,3.1066460512335876,8.73771060406307,-0.19140627470039723
5780,3.107987726722203,8.737451108836547,-0.1895240920360659
5781,3.109997961715289,8.737067551102596,-0.18565335838112126
5782,3.1113693051483002,8.736811257617912,-0.18278552594819217
5783,3.1127304755909084,8.736556542306865,-0.18034913237845343
5784,3.1140890474894842,8.736312710106548,-0.1782086846787351
5785,3.115479970508733,8.7360637185438,-0.1744534906247141
5786,3.1175707188618373,8.73569571608285,-0.16935087703827068
5787,3.119636101510152,8.735347650675639,-0.1653715160600133
5788,3.121079990468332,8.735108229928727,-0.160820495506088
5789,3.123204796985791,8.73476791207294,-0.15464550011375183
5790,3.124599155290599,8.734551442057612,-0.15133859109877854
5791,3.125983129374957,8.734329068028297,-0.14838451346922513
5792,3.1273692086861646,8.734120332683352,-0.14563378330224566
5793,3.1288373272527834,8.733921617211514,-0.1420174584868355
5794,3.130286344069805,8.733714722021357,-0.13629340016895444
5795,3.1317211638247033,8.733516025858812,-0.1315105571573582
5796,3.133140693627604,8.733328553685395,-0.1272887049262593
5797,3.1352576324338886,8.733065273609734,-0.12149567386185119
5798,3.1366503761169,8.7328943300745,-0.11771880278068811
5799,3.1380443740438184,8.732729292957819,-0.11384915104073283
5800,3.1395611511647394,8.732558282330755,-0.10877555772296683
5801,3.141702638083202,8.732329044488313,-0.09187896059094212
5802,3.143349712845062,8.732193247567086,-0.08029484699152092
5803,3.145615200928662,8.732019637075428,-0.06615585162964414
5804,3.1470842961009313,8.73192598011433,-0.057598090913642305
5805,3.14852310148885,8.731462170145461,-0.04940526468613858
5806,3.1508307558285935,8.731409086417775,-0.03591963609761822
5807,3.152365767970532,8.7313504921639,-0.025845986554356805
5808,3.15390099954737,8.73130746105984,-0.015192215226322213
5809,3.15620282092644,8.731273785499155,0.0026866609960623945
5810,3.1577307765461833,8.731282986891374,0.015868037168239108
5811,3.160058874798144,8.731343844213503,0.03667467513938414
5812,3.161594976515667,8.731414631198632,0.05244592600336436
5813,3.163124562272099,8.731504675671077,0.06991320979412455
5814,3.165474850557798,8.7316817961767,0.0866718772450019
5815,3.1678877702284756,8.731890933471291,0.0819294897907636
5816,3.1694985670450366,8.73202251392264,0.0791348410048182
5817,3.1711057281637034,8.73214994927691,0.07700157316682203
5818,3.1726999557896938,8.732270306724976,0.07525027745897746
5819,3.1750914734485214,8.732449255119061,0.07300786199185093
5820,3.1767188824093395,8.732567565835796,0.07158428475678327
5821,3.179162760143292,8.732739291827501,0.06938142464704246
5822,3.1807976062303975,8.732852408122788,0.06786266064737245
5823,3.183261255056492,8.733017994460507,0.06547568292826696
5824,3.1849041877831366,8.733123669072777,0.06382033931646015
5825,3.186547202305472,8.733227387303574,0.0621180921341471
5826,3.1890168935135126,8.733379149888334,0.05948463027107652
5827,3.1906639287605305,8.733475944206358,0.057677686343320864
5828,3.193122364194167,8.733614656532508,0.054935630027876756
5829,3.1947610944772293,8.73370387320432,0.05308934380235706
5830,3.1964233633108914,8.733791206698754,0.05119604360730027
5831,3.1989629839244906,8.733917925851893,0.04808963191600053
5832,3.2006569317123628,8.733998005272728,0.0458803055849125
5833,3.2032227194528105,8.734112363227746,0.04238206776556189
5834,3.2049385492935976,8.734183703257923,0.03994100016486643
5835,3.2075207688058778,8.734282905135752,0.03615076946729103
5836,3.210103827946382,8.734372354855754,0.032219669397932985
5837,3.211826188367746,8.734426220061945,0.029523593107884365
5838,3.214419647731709,8.73449865332114,0.025386852046225105
5839,3.216149300052604,8.734540943438546,0.022568684090273305
5840,3.2188049103021763,8.73459627476805,0.018168577157049327
5841,3.2215137854735567,8.734640517119109,0.013416208272782996
5842,3.224260964965803,8.734672152990647,0.008345417708333688
5843,3.2261109428221553,8.73468544369438,0.004816599739608971
5844,3.2289219392163364,8.734693009724202,-0.0007192437136276917
5845,3.230796233796209,8.734689435845686,-0.00454659590943825
5846,3.232692229630827,8.73467844560081,-0.008476178114894529
5847,3.2355779870565926,8.73464724330746,-0.014606349388085414
5848,3.2375020881077914,8.734616600056158,-0.01883102291359661
5849,3.240471847264505,8.734553500809326,-0.025406156241645796
5850,3.2434455178000414,8.734470274016466,-0.03225794761521014
5851,3.2464841410986365,8.734364042261799,-0.03937527012024385
5852,3.248535907628393,8.73428011702365,-0.04429340394952152
5853,3.2516775031858716,8.734132038453204,-0.05191910180252136
5854,3.253797314474997,8.734018460197255,-0.057182891977606065
5855,3.255916831351466,8.733893624579181,-0.06257275847008102
5856,3.2580792848838875,8.733754390884062,-0.068087467685455
5857,3.260297717646754,8.733599356839402,-0.07376125208411907
5858,3.262515669436837,8.733431674986301,-0.07957840529238686
5859,3.2658411625649393,8.733155479029001,-0.08854265646357919
5860,3.2681721050207315,8.732944193802572,-0.09469934534429061
5861,3.2705103634437265,8.73271777795798,-0.10101664919788056
5862,3.2741956324787576,8.732330985102227,-0.1107700071588857
5863,3.2778863387888366,8.731906921670106,-0.12082764484880643
5864,3.2817899422239667,8.731417657355426,-0.13122269908740808
5865,3.2844781247161903,8.731057054120539,-0.13840682784631236
5866,3.288759078530186,8.730442543048683,-0.1495272651259542
5867,3.291712481186243,8.729990727910618,-0.15718018754253488
5868,3.2946629010640773,8.72951614511322,-0.1649934026131415
5869,3.2972812183726843,8.729067809699002,-0.17722450095004216
5870,3.300612394519013,8.728459161256165,-0.19172675344055085
5871,3.3064220814225203,8.727294579014101,-0.20668814031431182
5872,3.310316365112108,8.726466162263549,-0.21586890182468962
5873,3.3142030117034853,8.72560200166764,-0.22496452169803346
5874,3.321722148713051,8.723852311668324,-0.23360328057690774
5875,3.3267977035033804,8.72263528741078,-0.23874965727772338
5876,3.337222623251977,8.720079144015418,-0.2424793610902672
5877,3.3443608938278806,8.71830580717355,-0.24550588489778682
5878,3.35149696671944,8.716508596817373,-0.24911180452304174
5879,3.3555152050069337,8.715485983647145,-0.24799695774235622
5880,3.3555401397338387,8.715475568571168,-0.24509063817844357
5881,3.349431729677719,8.716981414852249,-0.2380901364880887
5882,3.3331837369722805,8.720816610004821,-0.22526756175565504
5883,3.306716628792547,8.726673999274585,-0.20951415511850052
5884,3.2833544872516907,8.731520287865886,-0.1980983112590844
5885,3.235554412939866,8.740604168112924,-0.1740372074685179
5886,3.21822741851078,8.743562526422103,-0.16158838698389968
5887,3.20075223443856,8.746272627552294,-0.14247419954891044
5888,3.194799282651432,8.747095479595794,-0.12945675402121398
5889,3.1934207878579373,8.747268089905711,-0.11622044195215708
5890,3.1958065713390127,8.747005082614951,-0.09956963532697007
5891,3.1975161009310717,8.746838001761862,-0.09166953160532573
5892,3.200874874881579,8.746547798218947,-0.07763375044880796
5893,3.2025392960396624,8.746421720919601,-0.06993027091429416
5894,3.2051110268024656,8.746253023550665,-0.057574090421442355
5895,3.207622102891641,8.746120449087377,-0.042509834166935
5896,3.210166069936446,8.74602402593078,-0.028934159369648663
5897,3.2118843438179057,8.745976698954056,-0.02836174665286163
5898,3.214466187353522,8.74590282756192,-0.030754259606995706
5899,3.2170209430599908,8.745821253688316,-0.034370339432348455
5900,3.2195756054991116,8.745729520518047,-0.03870055696096494
5901,3.22129205657822,8.745661534787754,-0.041827968412113614
5902,3.2238924559831847,8.745548138026274,-0.04684945649336226
5903,3.225656317103859,8.745463583893184,-0.05037141172999307
5904,3.228360174149006,8.745322009735762,-0.05597343690635477
5905,3.230162684527577,8.745219090590345,-0.05986979780602772
5906,3.2328761986660317,8.74505071159167,-0.06583416442934606
5907,3.234684839212707,8.74492943105983,-0.06986687242465095
5908,3.2374259919328265,8.744731650981688,-0.07602510665568987
5909,3.2392997639405623,8.744586712134108,-0.08024497875865438
5910,3.242228543119751,8.744344520421379,-0.08679882229376934
5911,3.2451614983693555,8.74408227586876,-0.09360170465925019
5912,3.2471841202393517,8.743889806504951,-0.09825481955245914
5913,3.2502237723624336,8.743582555496351,-0.10539820393550742
5914,3.2522490248652463,8.7433656619903,-0.11025998524740269
5915,3.2543102251455864,8.743134608865889,-0.11519742099005155
5916,3.2564176764670107,8.742887887272976,-0.1202083619045999
5917,3.2585617417670254,8.742625818484708,-0.12528762884706163
5918,3.261847934306732,8.742203010169261,-0.1329984609196793
5919,3.2640955932052123,8.741898846272967,-0.1382090359941043
5920,3.266416901082288,8.74157258329296,-0.1434808105129743
5921,3.269896740963085,8.741059898330178,-0.1515093888271838
5922,3.273436009146163,8.740509142256586,-0.15968793481392904
5923,3.275896721844646,8.740108999231783,-0.16522656871654692
5924,3.278355700580946,8.739694971178416,-0.17083388714802467
5925,3.281806111132097,8.739089853181676,-0.17932743489319614
5926,3.2845762892200963,8.738587984302118,-0.1800152936173417
5927,3.287528948823257,8.738049969594043,-0.17754302059481905
5928,3.2904869794115648,8.737520604415527,-0.17580745381959506
5929,3.2934473913771263,8.736996064708501,-0.17450713710346122
5930,3.296563431185945,8.736447696518898,-0.1735006737607176
5931,3.2998800164314823,8.735867422434975,-0.17286156778791517
5932,3.3048595882507876,8.734999160030494,-0.17232886508295242
5933,3.308246352436378,8.734411624490546,-0.1715041257966293
5934,3.3146569752304917,8.733306399403915,-0.16998017440720614
5935,3.3215253845915185,8.732104547362027,-0.18017408589875705
5936,3.3267950450298813,8.731124458918169,-0.18983644804558097
5937,3.336580385754979,8.729152797148021,-0.21386433753292972
5938,3.343105354544958,8.727694154515833,-0.23148602800772028
5939,3.3495483148650775,8.726132545420429,-0.2498269671342141
5940,3.3590471330582474,8.723590675362242,-0.27958749459881727
5941,3.365574046052059,8.72165536755952,-0.31280275229347104
5942,3.3624391137004515,8.722777351975697,-0.3522658134501451
5943,3.3549851375837845,8.725636239968049,-0.38059601509813484
5944,3.335998559526714,8.733720116969426,-0.4247187225248438
5945,3.3183121347362636,8.742008114072878,-0.4547380421682876
5946,3.2769562434190096,8.763668350364274,-0.5152670044813654
5947,3.2614545326253293,8.77271532121055,-0.5455045280484004
5948,3.2501420679138757,8.779785014860828,-0.5755510630798562
5949,3.239817517950351,8.78677638439087,-0.6188854208968321
5950,3.2349706337397195,8.790312833749308,-0.6403950718170617
5951,3.2300289711219734,8.794050825381166,-0.6487927290953862
5952,3.2286736426089275,8.795061387601807,-0.6353312762937661
5953,3.228540051390136,8.795131672730156,-0.5942531399242454
5954,3.228458996025142,8.795164853272786,-0.5532410295444242
5955,3.228405355746611,8.79518502091655,-0.526823888535576
5956,3.22832405489091,8.795212022950798,-0.4883226645393494
5957,3.228270116659089,8.795227899159428,-0.46327789883840614
5958,3.2281886676099942,8.795249676089375,-0.4264491737805218
5959,3.22813337502105,8.795262815949362,-0.4022851518774072
5960,3.228077675290145,8.79527458241566,-0.37835452742139514
5961,3.228021023792083,8.7952855027751,-0.35459494996354346
5962,3.2279870289253707,8.795289433120155,-0.3288264355566639
5963,3.227955422066582,8.795283727668181,-0.29719966720950985
5964,3.2279733093327323,8.79526066607598,-0.263672808001794
5965,3.227944872344457,8.795257135547752,-0.23837489727740335
5966,3.2279262559468394,8.79525625826745,-0.22193118710096554
5967,3.227923645216994,8.795258426495286,-0.21666332379006076
5968,3.2279202594291845,8.79526002103063,-0.21379554872143203
5969,3.2286564895697407,8.795097166059653,-0.21268457452015707
5970,3.230352502020805,8.794732356518477,-0.21755804760792746
5971,3.232885672524655,8.794170335818585,-0.22129633985139063
5972,3.2345629808595797,8.793791506902924,-0.2198183131700227
5973,3.2370828176642936,8.793229503274802,-0.21869769214901408
5974,3.2379231581627184,8.793042639189718,-0.21849748885061965
5975,3.240523540549113,8.792465421295825,-0.21836205393325375
5976,3.242260217667579,8.792080234601999,-0.2185503564773498
5977,3.244015826192101,8.791690337943212,-0.21886262975716436
5978,3.245795617649857,8.791294285064682,-0.2192608641964479
5979,3.2484652483379577,8.790698870913081,-0.21994897247847336
5980,3.2502688908585493,8.790295378919318,-0.22044760008062994
5981,3.253020978794087,8.789678074305437,-0.22129950990439828
5982,3.255801329128629,8.789051696385904,-0.22223269954455976
5983,3.2577014379325386,8.788622217638403,-0.22293541560661545
5984,3.260663608715435,8.787949475119955,-0.22416725767502044
5985,3.263630584456498,8.787271672257326,-0.22556762441707956
5986,3.265693987162045,8.7867976897633,-0.226599013639436
5987,3.2677633123907457,8.786320050636826,-0.22772506352711
5988,3.2698774090960505,8.785829505444088,-0.22892292747820642
5989,3.272049718162865,8.78532274556215,-0.2302326157435157
5990,3.2742218891210864,8.784812943770973,-0.231622059486489
5991,3.276393317208385,8.784300016359566,-0.23306222571213572
5992,3.2797851622584875,8.783492236139919,-0.23534471195873718
5993,3.282100937872702,8.782935898926585,-0.23700614660759864
5994,3.284416204401595,8.782375655790242,-0.2387392523468752
5995,3.2881515899222675,8.781463094995944,-0.24156184028561148
5996,3.2904042693856987,8.78090931895447,-0.24253422491179452
5997,3.2944699941576565,8.779908704458327,-0.2373044974375394
5998,3.2987430068490964,8.778878487363981,-0.23610346255469097
5999,3.303363417668427,8.77776573251671,-0.23760938459821354
6000,3.3080606266573973,8.776626296565146,-0.239319052289122
6001,3.3133916198546385,8.775326397328213,-0.23828587502603352
6002,3.316966432058949,8.774457166376461,-0.23940755920657888
6003,3.3211901938209922,8.773429785568556,-0.23699756320489293
6004,3.325628681938785,8.7723647132671,-0.23111810578853312
6005,3.327853253108872,8.771841091107392,-0.22891875095886405
6006,3.336087763363229,8.769932424339455,-0.22783480689266852
6007,3.3453831488544132,8.767762190706922,-0.2326868321143172
6008,3.35534459559041,8.765361518830602,-0.2436071524049486
6009,3.3625059595172,8.763539968873244,-0.26061335301767896
6010,3.369648402985055,8.761584453005671,-0.2801276868729493
6011,3.3748568231411893,8.760032928519449,-0.31829791034432064
6012,3.375523298944142,8.75981678777055,-0.35498189176038447
6013,3.374674416592332,8.760183853795795,-0.40322918182082734
6014,3.365874864272909,8.764445921298694,-0.49022356857476557
6015,3.355213805185274,8.77055316648338,-0.5536950539272218
6016,3.332892424997814,8.785891256461994,-0.6526567702861724
6017,3.314401186570077,8.800932086271056,-0.7194207680633857
6018,3.2949750365299137,8.818955665020736,-0.7858357448767326
6019,3.2796754175555254,8.83515139843831,-0.8513274285764059
6020,3.268388845162594,8.84876272293947,-0.9154852964423194
6021,3.258157218936476,8.863245170057622,-1.0087264076503548
6022,3.2553609737270737,8.868257848852032,-1.068377361695819
6023,3.2540087247012575,8.871175196925368,-1.123827503761779
6024,3.251936040865968,8.87593729071427,-1.1880395084678022
6025,3.2504000679216536,8.879899891083573,-1.2097114788131609
6026,3.249158784812535,8.883220054976576,-1.210893926451948
6027,3.2487475939353145,8.884307538120995,-1.1928507528457144
6028,3.248680622990912,8.884480013426446,-1.1644861436039948
6029,3.2486843992736354,8.884485942082133,-1.1160310121904675
6030,3.2488347083100795,8.884200313054414,-1.0760241848029168
6031,3.249019282841691,8.883876727058126,-1.0368444867492224
6032,3.2491177700908445,8.883712964729847,-0.9871437758937062
6033,3.249101562656424,8.883736529804674,-0.9567006105030579
6034,3.249117930991074,8.883704360645376,-0.9261276111544386
6035,3.2490351604423555,8.883808119757653,-0.882907526010446
6036,3.2489791507284482,8.883869696131931,-0.8523832185897419
6037,3.2489592637645557,8.883882168497589,-0.8071160863528634
6038,3.248854188999473,8.88399241502183,-0.7853971457932376
6039,3.248918744924579,8.883927734346772,-0.76141941585369
6040,3.2492349485977168,8.883623784976955,-0.7578509573924357
6041,3.2502061118267225,8.882702476012156,-0.7618617031527161
6042,3.2508765337446897,8.882064417756219,-0.7934967594159948
6043,3.251041960348791,8.881908150847654,-0.8278156367316744
6044,3.251036088717662,8.881934608434907,-0.8657197436049208
6045,3.251128178589235,8.881850515129955,-0.9142164746772814
6046,3.251278461382772,8.881665631383807,-0.9411623291413517
6047,3.2515805919008574,8.881257021375713,-0.9766150663027645
6048,3.251848467316093,8.88086713793762,-0.9973435464365256
6049,3.2525260514695207,8.882424055323497,-1.018991040025305
6050,3.250609683413316,8.88161595917675,-1.020643781925813
6051,3.251021550536045,8.880854947853171,-0.9896771810240059
6052,3.250987423339007,8.880854030148539,-0.9601997161943902
6053,3.250902773873096,8.880920284605335,-0.9274639486912568
6054,3.250672551636277,8.881149706300787,-0.8872242325091908
6055,3.2500894189861906,8.881989424821061,-0.8296991217377918
6056,3.250443400786067,8.88232897931232,-0.8000949035426052
6057,3.2525931583727252,8.880252497291497,-0.7840487960412598
6058,3.254609160367944,8.878277619979126,-0.786098694390557
6059,3.255528624533092,8.877372402834657,-0.8167245709155606
6060,3.255754259752542,8.87720612358285,-0.8508978919421099
6061,3.2557473541671302,8.877282972929278,-0.9071312137900227
6062,3.2552700846067717,8.876920679704027,-0.953659678189599
6063,3.2551651343837564,8.876969181023897,-0.9793643733087063
6064,3.255243741099468,8.876785849361346,-1.0080374647466346
6065,3.255754138712026,8.87593960410629,-1.0106499445510446
6066,3.2561462047746206,8.875257961015631,-0.9948181280072654
6067,3.2561569020400776,8.87517742762053,-0.9678386922460245
6068,3.2561240225563917,8.875184063787927,-0.9382311345905839
6069,3.2558108460203465,8.876740035779706,-0.884864618683995
6070,3.2541868154369147,8.878631165245102,-0.8153910789067376
6071,3.2541628799301736,8.878687207387166,-0.7737012500341985
6072,3.254259457165961,8.878646189854337,-0.7411548162793105
6073,3.254188762337103,8.878734573380813,-0.7155096809993182
6074,3.255098360896558,8.878989113613528,-0.6911847614760983
6075,3.2571157834978575,8.876326582740436,-0.6857896991707265
6076,3.2590928466988887,8.87478133052345,-0.7016992665683217
6077,3.258878710007198,8.874988155781082,-0.7297382264525532
6078,3.2578789459266777,8.875902644005523,-0.7393878333219968
6079,3.256550039071774,8.87711531849354,-0.7345486504482507
6080,3.256030923333151,8.877566545637354,-0.7148791800135442
6081,3.2557900583972588,8.877768747607194,-0.6853693096250482
6082,3.256847608833735,8.876939088061839,-0.631196053138477
6083,3.257702553597455,8.87631868668982,-0.602272836257978
6084,3.2573475494357385,8.876550426123812,-0.5657473184359303
6085,3.2574451979766255,8.877332213018402,-0.5419915442495935
6086,3.256651631697509,8.876586542746805,-0.5195138085509673
6087,3.256519905808068,8.87606694591529,-0.49123655442629116
6088,3.257054686553942,8.875825319188161,-0.45841486555780186
6089,3.2574917115789557,8.875556067762288,-0.424303340784271
6090,3.2577512800302553,8.875400067590697,-0.4004288532245618
6091,3.2580338134745443,8.875247210117491,-0.3778446825190283
6092,3.2580440504269172,8.876052799554126,-0.3412102475293238
6093,3.2577063151738526,8.876087584387369,-0.3101949927997656
6094,3.258431630604764,8.875893203064587,-0.2695853296298425
6095,3.2584922512886605,8.875906001746054,-0.25418856386247396
6096,3.2600143504819834,8.87554800878273,-0.24713696292352888
6097,3.261055014290802,8.875307964816432,-0.24745224955643627
6098,3.26198205643284,8.875086456512555,-0.2495310910896748
6099,3.262942478412661,8.874884013882417,-0.25742008055164406
6100,3.2643408665622196,8.874535610686584,-0.2579770354617146
6101,3.2657454045538006,8.874154022654837,-0.2575377021220732
6102,3.266792002034085,8.873855176336978,-0.2554511718183109
6103,3.2677986442313594,8.873587183439055,-0.2539757720015618
6104,3.2692533903847774,8.873194787763314,-0.25389638553802635
6105,3.2707221076724498,8.87281784517819,-0.25119428094567453
6106,3.27223614645167,8.872395073303428,-0.24065941242254196
6107,3.273327667845903,8.872154695827776,-0.23607074596493383
6108,3.274361337529101,8.87190054121051,-0.23346390359404098
6109,3.2753625834731777,8.871673948582762,-0.2321880173242355
6110,3.2767823160599505,8.871345302930049,-0.23119243965083902
6111,3.277701837362105,8.871130218455356,-0.22930385169236708
6112,3.278646695341694,8.870913998020352,-0.22728351624664506
6113,3.280082977368657,8.870584989545018,-0.22269578331293777
6114,3.281016263778909,8.870358219966151,-0.2205926118774425
6115,3.2822936475869247,8.870080053524696,-0.21137490826136532
6116,3.283276494813449,8.86987852791381,-0.20273843665475919
6117,3.2842754902644815,8.869668468872286,-0.19591757521179504
6118,3.2856575777114836,8.869082678311075,-0.18763145020395053
6119,3.2867180956476116,8.868862527258266,-0.1827344149425159
6120,3.2883938477209087,8.868544034250856,-0.17595393260407907
6121,3.289451280071526,8.868347604422068,-0.17454354058635238
6122,3.29104229288071,8.868055080505162,-0.17715593701774626
6123,3.2920945403001634,8.867866180526494,-0.1807325968993136
6124,3.2931462401063896,8.867677588185757,-0.18516921746841386
6125,3.2942025201709,8.86748333647085,-0.1901621582210223
6126,3.295265425365401,8.867282779527553,-0.19554260971341508
6127,3.296884025548137,8.866956694214252,-0.2041133592219284
6128,3.2979986464432995,8.86672190203077,-0.21005064031557358
6129,3.299112031412378,8.866484065386492,-0.2161206892481607
6130,3.3008061849782377,8.866111860258815,-0.22542230379023231
6131,3.3019817393414335,8.865840291522012,-0.23169937301344987
6132,3.3031573600549144,8.865560372892412,-0.23803400297916205
6133,3.3043139732075346,8.865280879128786,-0.2442308647909871
6134,3.305556594568233,8.864971617326937,-0.2500476535758015
6135,3.3068042112466336,8.864649354775597,-0.2561276761220611
6136,3.30875481929104,8.864136258703958,-0.2582955828005685
6137,3.3100975288162515,8.863783718691495,-0.257327952661595
6138,3.31144058608056,8.863429397370734,-0.2564998441442598
6139,3.313653215442407,8.862846919429822,-0.25641267871466855
6140,3.3151365831288473,8.862460115398772,-0.2571805644053266
6141,3.3166200592948596,8.862070915922963,-0.2583103924788338
6142,3.318112617495184,8.861674243127212,-0.2561993253088637
6143,3.319772539626196,8.861239619160397,-0.25453943107054144
6144,3.322277344798312,8.86059134353366,-0.25417094537409735
6145,3.3240115807700197,8.860137845938446,-0.2550263848894362
6146,3.326744702640099,8.859422900450348,-0.2601896569032902
6147,3.3285674213441165,8.85893688086937,-0.2653186562321694
6148,3.3306055626481195,8.858377969869125,-0.27133382946576234
6149,3.3326583170184123,8.857804489914676,-0.27801109681043057
6150,3.3347079090646043,8.857218243895824,-0.28511256679165164
6151,3.3380263345979126,8.856231415925084,-0.29066620522917425
6152,3.3406653799564037,8.855442362835465,-0.29225575974022366
6153,3.3461111359054136,8.853818579765731,-0.2839575033471681
6154,3.3500107043369347,8.852686709762368,-0.27631982026130397
6155,3.353926623850776,8.851581155811173,-0.27477005561014006
6156,3.3593217128356057,8.850054236747322,-0.2796507187584226
6157,3.365132869988271,8.848364742934235,-0.29033433407489206
6158,3.37093048641334,8.846603281310292,-0.3029864381263039
6159,3.376009804416402,8.844971973527066,-0.3328888576719269
6160,3.3760585083310115,8.844957322716308,-0.3344685030619662
6161,3.3671924900670867,8.847931178211436,-0.3135374150369488
6162,3.3483068208016684,8.853727081596048,-0.28116168221969834
6163,3.330036857046007,8.858783085659725,-0.2561033835885964
6164,3.3071313103822026,8.86449841450065,-0.2293327702962498
6165,3.2766919685633815,8.871039103404183,-0.18722865121753826
6166,3.2562013729471433,8.87454219554137,-0.14349999347309006
6167,3.248198388525122,8.875603580535255,-0.1135885359449641
6168,3.24440869174055,8.875987362357824,-0.0834114764940865
6169,3.242584702298358,8.876113742815336,-0.057378585123789426
6170,3.2420257306105658,8.876141388913357,-0.04245787042227138
6171,3.242805895814546,8.876112119029216,-0.04053712983937362
6172,3.2436745543914016,8.876076460207015,-0.04138265888684513
6173,3.2445245347484897,8.876042105722073,-0.042894430897005224
6174,3.245344313858605,8.876009039438507,-0.044878499178920096
6175,3.246164233580784,8.875971381228853,-0.04716463917113033
6176,3.2473876802284978,8.875909260716075,-0.050932776770857
6177,3.248200417054704,8.875869541414142,-0.053576876657587834
6178,3.249426227708108,8.875803897712634,-0.05769846900197816
6179,3.2502434953924277,8.875753268386044,-0.06053762433551766
6180,3.2510610203980543,8.875703795311994,-0.06344374492427979
6181,3.252295583023923,8.875627269530924,-0.06794012296368658
6182,3.25311862219949,8.875568506271527,-0.07102538485163332
6183,3.253947504202959,8.875508146485243,-0.07418083428265489
6184,3.2551997322959734,8.875416121802829,-0.07907832978699132
6185,3.2560342900237256,8.875347365795111,-0.08243716665407926
6186,3.2568778341566547,8.875276836838983,-0.08587576089362521
6187,3.2581450439075583,8.875169236803087,-0.09118478173795413
6188,3.2598503614024357,8.875005623815898,-0.09849306057297315
6189,3.2611275409310907,8.874881105286152,-0.10412948981761776
6190,3.2623980119301286,8.874744124032564,-0.10978042702157212
6191,3.2632449560649874,8.874649606414126,-0.11357518450535742
6192,3.264553328777528,8.874501782256795,-0.11941359777021622
6193,3.2654263949051323,8.87439475959861,-0.12341701363826706
6194,3.266299656827809,8.874285432450732,-0.12749901877235115
6195,3.2676209656627706,8.874116846207992,-0.13375148445018767
6196,3.268505961425432,8.87399566450247,-0.1379922643382277
6197,3.2703079965308777,8.873742377990245,-0.14662792124393964
6198,3.2716615998705905,8.87353897330691,-0.153231586596797
6199,3.273022747722498,8.873327414953287,-0.15986849518831797
6200,3.2739289873179613,8.873182727424444,-0.16432660259328433
6201,3.27486461388276,8.873024646328947,-0.1688410742086338
6202,3.2758021150380476,8.872863769824933,-0.17342965910793443
6203,3.276739894416892,8.87270142000898,-0.17808730513290644
6204,3.2776887736583245,8.872531037908997,-0.18280414996589367
6205,3.2786510512669493,8.872349874745554,-0.18756134769769914
6206,3.279612851480265,8.8721672080045,-0.19236560359562324
6207,3.2805882844557956,8.871979423966335,-0.19721661901592938
6208,3.281581183285545,8.871780570618816,-0.20209500509905604
6209,3.2825897593796425,8.871570730130708,-0.20700313393806558
6210,3.2841343470466775,8.87124611262166,-0.21439854711271067
6211,3.2851614119813206,8.871023587050754,-0.2193634425892213
6212,3.2861215386998865,8.870804950677293,-0.2249437017854328
6213,3.2876184554720864,8.870463560814002,-0.2291463111552917
6214,3.288687716398167,8.870213927763256,-0.22090076406341613
6215,3.290338670102086,8.86984497893743,-0.21048330456776929
6216,3.292003620149559,8.86949375629307,-0.2029691571031512
6217,3.2936127419956227,8.869165766598758,-0.19278075254784896
6218,3.2952376986116314,8.868850023261272,-0.18286128478727046
6219,3.2963209662123405,8.868653422372443,-0.18276364029455394
6220,3.2973957145753525,8.86845473678437,-0.18455673877547857
6221,3.298470959958681,8.868252243357023,-0.18754883614838241
6222,3.2995419082213693,8.868049980506603,-0.19140778962669977
6223,3.300611678590579,8.867844131035936,-0.1958245208149991
6224,3.3022322081367186,8.867516236581665,-0.2030884243700358
6225,3.303339689890332,8.867288827351073,-0.20822359950671596
6226,3.3044461802674374,8.867057518425888,-0.21351737790602224
6227,3.3056099260477,8.866802816185618,-0.21891574403467612
6228,3.3067755767604585,8.866540390817436,-0.22439038583798598
6229,3.3079411715777156,8.866275317767572,-0.2299347162525977
6230,3.3097765370311927,8.86584300703603,-0.23835335733457486
6231,3.311034240867744,8.865533846683647,-0.2440173331718432
6232,3.312291932364749,8.865220836933705,-0.24972653719219728
6233,3.3135951112204087,8.864890181120307,-0.255470793418477
6234,3.3149556902920785,8.864532149888152,-0.2612014293806199
6235,3.3170666874317916,8.863962725470776,-0.2669097186918303
6236,3.318563592026731,8.863556443782473,-0.2667853969997643
6237,3.320058964146631,8.863146056365762,-0.26660160210416034
6238,3.3226004144918866,8.862448186287779,-0.26710978352265646
6239,3.3252395059513034,8.861728321143424,-0.2686668719137096
6240,3.327127242806167,8.861207582072344,-0.2700294324528833
6241,3.328070466077664,8.860944478675904,-0.2707734275189846
6242,3.329957317876401,8.860419205740705,-0.2723472353088954
6243,3.3327296751673208,8.85964818947022,-0.2739145900173393
6244,3.333771050236239,8.859353676209146,-0.2731882543465293
6245,3.336078146362436,8.85870520731123,-0.27290865602004655
6246,3.3398855029733663,8.857638002258073,-0.2748205533863047
6247,3.3411554119338627,8.857281181624243,-0.2758491628419215
6248,3.3436499423016928,8.856574738240333,-0.2774234098516022
6249,3.3484333863260085,8.855212185674239,-0.2760230206142112
6250,3.3516606082352265,8.854297957002444,-0.27910996660577536
6251,3.356499943125287,8.852894536684278,-0.2880193306205381
6252,3.362840611144933,8.850980312113572,-0.30165710887290503
6253,3.367854029718356,8.849399484431961,-0.315784818297829
6254,3.371646171218501,8.848131926291583,-0.3389562321614848
6255,3.372721302556784,8.847755621409886,-0.34594526173665446
6256,3.367690362256265,8.849544924023467,-0.3369776715133831
6257,3.358842195469483,8.852577054977866,-0.32302436404700785
6258,3.3371882471161314,8.859508565775807,-0.29552850905637507
6259,3.3171241637281543,8.86541757283835,-0.2746669678522368
6260,3.2803302357973214,8.875190414771263,-0.2413052147407357
6261,3.259327063473787,8.88015113164538,-0.2181570390815681
6262,3.242710781696794,8.883670975815601,-0.19451637790028745
6263,3.2261855686926677,8.886673502418185,-0.15832671072366433
6264,3.220825287582318,8.887477293119739,-0.13377767864516799
6265,3.219523534029237,8.887633107141392,-0.098700412497399
6266,3.220739451451301,8.887522216463523,-0.07507680709411099
6267,3.2219985943740985,8.887430381738579,-0.0603793185222963
6268,3.2232351143954,8.887361439383296,-0.06032245494133772
6269,3.224045522452834,8.887312594058926,-0.06142656570507818
6270,3.2248358986919388,8.887263911096907,-0.0630479493901718
6271,3.2260228123204135,8.88718815248664,-0.06604913842986387
6272,3.227206741452778,8.887108853343372,-0.06943380012228863
6273,3.2279908613982125,8.88705419930362,-0.07179857177264636
6274,3.228775011976885,8.886997495730446,-0.07422116131489492
6275,3.2295610789039357,8.886938832256448,-0.076698288049164
6276,3.230347222685067,8.886878200185963,-0.079227818363453
6277,3.231133363073235,8.886815530204315,-0.08180318967617052
6278,3.2319248297149765,8.886750432535969,-0.08443325594438654
6279,3.232716773087887,8.886683210667613,-0.08712206758764275
6280,3.2335116164318736,8.886613488576245,-0.08986429212577732
6281,3.234310369669262,8.886541299694478,-0.09267162778224433
6282,3.2351091247558257,8.886466880990428,-0.0955358935968989
6283,3.2359087267764215,8.886390077486316,-0.09844858877856288
6284,3.236709455462444,8.886310736832327,-0.10139874830387051
6285,3.2375101335146566,8.88622905060328,-0.10438594789976957
6286,3.2383070496986237,8.886145411518829,-0.10740154535518799
6287,3.239098986463771,8.886059864306963,-0.11039997956871263
6288,3.2398907042414913,8.88597186931862,-0.11339601444716187
6289,3.2406967687665214,8.885879822362641,-0.11642983421224383
6290,3.2415037984015607,8.885785255996286,-0.11952236893756547
6291,3.2423129809939994,8.88568794795778,-0.12266376316096621
6292,3.2435306327455864,8.885536616340165,-0.12744422814161532
6293,3.2443420905332463,8.885432440897528,-0.13067670415852328
6294,3.245153460957323,8.88532564850228,-0.13394653032428314
6295,3.2463750580794053,8.885159823409708,-0.13889549306694793
6296,3.247189260702869,8.885045839700322,-0.1422222386182874
6297,3.2480076842000014,8.884928615499286,-0.1455775606587442
6298,3.248831301197636,8.884807676971587,-0.148962746436813
6299,3.2496578723427225,8.884683473206922,-0.1523785158490015
6300,3.250903308654397,8.884491066638976,-0.15754738532543838
6301,3.2513182402781435,8.884425497775506,-0.15928423357357283
6302,3.252562545649601,8.884224226582324,-0.16454185756289685
6303,3.2538125659163235,8.884015473227393,-0.16983503618055537
6304,3.254645523409454,8.883872585080699,-0.17337678093850506
6305,3.2558889176537504,8.883655076709418,-0.17889960997551677
6306,3.2571034244409183,8.883437459391342,-0.16832449798336252
6307,3.2579092171830166,8.883295566099227,-0.15261264047461992
6308,3.2591301424075594,8.883112455952167,-0.13192374459005707
6309,3.2599485189686472,8.883004871974604,-0.11911128609867185
6310,3.260748211854342,8.882909955072934,-0.10423544923406917
6311,3.261560089360677,8.882822506368193,-0.09381306024929723
6312,3.2627507332596575,8.882714536950003,-0.09424885950637023
6313,3.263524771621515,8.88264196009039,-0.09621907933624083
6314,3.2646873078019194,8.882529415112957,-0.09980940280485755
6315,3.2654522137470243,8.882452532694677,-0.10251560793623152
6316,3.2662168077175227,8.882373583875156,-0.10543330028910392
6317,3.2669856123317715,8.88229215802281,-0.10849249077815434
6318,3.2677546203449177,8.882208322634023,-0.11165114957391613
6319,3.268915026384756,8.882077129587364,-0.11652177603941088
6320,3.27007920798521,8.881939611620213,-0.12150864349696926
6321,3.2708551535862678,8.881844762844834,-0.12488898378994966
6322,3.271625986120102,8.881748032558747,-0.12827271771002147
6323,3.2723960308836166,8.881648665114431,-0.13164028814934778
6324,3.2731656682828585,8.881546504616734,-0.13501220939302316
6325,3.2739570016172705,8.881438821740073,-0.13842956660315808
6326,3.2751460607141025,8.881272070922899,-0.14367573316214474
6327,3.2763535129715056,8.881096365736845,-0.14902991273341787
6328,3.2775608116323767,8.880913719960283,-0.15447273532563688
6329,3.2787672821102505,8.880724370192956,-0.16000003815029135
6330,3.2795751273865803,8.88059419833744,-0.16372582200946761
6331,3.2803878988402384,8.880460085141385,-0.16745831859952334
6332,3.28162771418166,8.880249015799125,-0.1730904093931883
6333,3.282462561620766,8.880102690453368,-0.1768834086991154
6334,3.2832968367276805,8.879953603505042,-0.18070896972529787
6335,3.2845769503657567,8.879718855427969,-0.18649157821864698
6336,3.285865581497661,8.879473960581901,-0.19232070753275646
6337,3.2867378991108795,8.879303850509327,-0.1962144521915209
6338,3.2876096223168227,8.87913082054644,-0.20011867790174812
6339,3.2894033129694655,8.878763342267066,-0.20794601862841955
6340,3.2907478759518383,8.878477815566933,-0.21384928171771883
6341,3.292146002084442,8.878172784675671,-0.2197925578729997
6342,3.2930956106996723,8.877960654818754,-0.22377477685499095
6343,3.294551618353792,8.877627446053657,-0.22975282933189087
6344,3.2955211524457466,8.877400314759667,-0.23375084612557376
6345,3.2964898671891167,8.877169802551208,-0.23776526744388524
6346,3.2979245748633006,8.876822342775725,-0.24381816208588428
6347,3.298919199587808,8.876572568025901,-0.2406195297054782
6348,3.300451305777105,8.876198093771913,-0.23393829366321717
6349,3.3014931551085214,8.875950098967854,-0.22986878550918638
6350,3.303062906708821,8.875584861647976,-0.22403620424783596
6351,3.3041176818912854,8.875344729589308,-0.2199307944340931
6352,3.3051727943727833,8.87510910534901,-0.21562918669008066
6353,3.307245925660667,8.874660473266138,-0.2040017309770657
6354,3.30829975272871,8.874442506226575,-0.20126141801571235
6355,3.3093270458925907,8.874233408034895,-0.20134519929165165
6356,3.310355927175381,8.87402403512016,-0.20304120382986066
6357,3.31138130384925,8.873812952642579,-0.20574672132997177
6358,3.3129111464630254,8.87349230244628,-0.2110445792385661
6359,3.313931182827339,8.873273420384495,-0.21506911130171932
6360,3.3155118353444943,8.87292584274577,-0.22154114582093493
6361,3.3165856986457456,8.872683846778202,-0.2260708270550559
6362,3.3181947417933886,8.872311391825553,-0.23306376034259224
6363,3.3193104181461153,8.872045983079554,-0.23782438080736104
6364,3.3204823973679787,8.87176123465824,-0.24268400539288082
6365,3.322320758016143,8.87130260690838,-0.2500870547645764
6366,3.323577831827647,8.870981079840595,-0.25504332789610434
6367,3.3248332871813218,8.870653095948223,-0.26001732358321517
6368,3.3269757142888348,8.87007819712592,-0.2675473239538156
6369,3.3284104362920814,8.869683973268643,-0.27261679182678883
6370,3.3306298095696727,8.869058564946716,-0.28027232691827686
6371,3.332223052444987,8.868598638725695,-0.2853672651416249
6372,3.333814467065972,8.86813020345363,-0.2904550032011715
6373,3.3361077524752916,8.867440322572708,-0.29794208456401156
6374,3.33893376190835,8.86656780591122,-0.30237486943029906
6375,3.3408406183929733,8.865971770307299,-0.3045753403684377
6376,3.343312695979271,8.865193448885622,-0.30566060434171566
6377,3.3458306183850994,8.864397918953673,-0.30719779840450917
6378,3.3493437194190148,8.863282576855285,-0.3079520631015479
6379,3.353882481559344,8.861836383109836,-0.30872967835550963
6380,3.3643303598095673,8.858511091439848,-0.30751162560815004
6381,3.3713547632096255,8.856279736686202,-0.3079659402069036
6382,3.3818930728333982,8.852919696194917,-0.3099595588122375
6383,3.3859502117288676,8.851621465149206,-0.30999495658169024
6384,3.385615277731044,8.85172634201783,-0.30758083818332627
6385,3.376838203034615,8.854480301445495,-0.30127257190075407
6386,3.365449245784361,8.85798764863546,-0.2960234981767685
6387,3.340027600647094,8.865623054788085,-0.28729158629991114
6388,3.323544840715105,8.870446592256135,-0.2811539821893603
6389,3.311439522390811,8.873909548102649,-0.27487260637998584
6390,3.3015947215634385,8.876645886436807,-0.2652537923757298
6391,3.3006030749030333,8.876911818517502,-0.2587402662728347
6392,3.3032333316071245,8.876222725766663,-0.25197476361439247
6393,3.30503522389693,8.875760528744324,-0.24971646707372755
6394,3.3062366356392765,8.875454371386159,-0.24878912479311757
6395,3.3073668228423827,8.875167665979388,-0.24769545913293134
6396,3.308491048219183,8.874883527042972,-0.24612785440467316
6397,3.310176874052054,8.874460805790754,-0.24325075652309103
6398,3.3113119531233184,8.87417944927846,-0.24107985182526287
6399,3.3124614231919134,8.87389692015822,-0.23855800547892092
6400,3.314186046200107,8.873479192544641,-0.23432225102884546
6401,3.3153907534610045,8.873191003954535,-0.23350767101483555
6402,3.316570492169619,8.872910837860012,-0.2346859631813652
6403,3.3177511751155015,8.872628406995819,-0.2369570018146735
6404,3.3189627686132486,8.872335546735533,-0.23998167265278358
6405,3.3202138253886453,8.872029171189762,-0.2435784552454513
6406,3.3214648361484165,8.871717736450256,-0.247549426405851
6407,3.3227150850765996,8.87140123955707,-0.25175876253820517
6408,3.324749938745117,8.870874312518637,-0.2583734980767376
6409,3.3254302384526904,8.87069490088711,-0.26063552256208217
6410,3.327542757389113,8.870127310524573,-0.26753020954415274
6411,3.3298330013298583,8.86949504551335,-0.2745227681602238
6412,3.3322476312139093,8.868809449824022,-0.28157786577309607
6413,3.3340643280563063,8.868282379928427,-0.286305437904836
6414,3.335879759026629,8.867746111482976,-0.29104810283113225
6415,3.3390492981668936,8.866788962275173,-0.2972235289235449
6416,3.341377592355883,8.86607361410347,-0.30041700097003166
6417,3.3440652134433217,8.865238659784083,-0.3030852857209408
6418,3.348813326624017,8.863747486814072,-0.3065392101839278
6419,3.353562450355022,8.862236660174274,-0.31084026210837884
6420,3.359250754322593,8.860396321763657,-0.3152709237767833
6421,3.3654720439981833,8.858364238306107,-0.31675553405485274
6422,3.3717478826892755,8.85630182295812,-0.3188556762895568
6423,3.375087264985662,8.855199854256293,-0.3203453020239053
6424,3.3718320065326153,8.856278129822867,-0.3196294591454199
6425,3.3641890788372395,8.858800721545304,-0.3181332452179822
6426,3.3444829759716996,8.865255677434302,-0.3150234488688263
6427,3.3258291450499495,8.871310874783406,-0.3126082635823565
6428,3.2895661224786874,8.882955606371631,-0.3086976763858891
6429,3.243342072106438,8.897595796229254,-0.3045902509740132
6430,3.2088897455526664,8.908379471077195,-0.3017967463499462
6431,3.1784867950390674,8.917808354203482,-0.29900423598469766
6432,3.152457509410172,8.925800921575489,-0.2962072078363575
6433,3.1308322775102986,8.932374662987609,-0.2933967924482742
6434,3.1136217868504033,8.937553131428317,-0.29057033449891917
6435,3.0960819781458606,8.94276549321516,-0.286298501229373
6436,3.0899240408019497,8.944570822967354,-0.2834287389341063
6437,3.088200134956137,8.945071014076616,-0.28053930684328915
6438,3.089605026096921,8.944668596484322,-0.2751744304386707
6439,3.0911496211222005,8.944234126383625,-0.2687572757145288
6440,3.092184232334778,8.943949367075028,-0.26415508122037384
6441,3.0932240588491067,8.943668512249072,-0.2592938660309506
6442,3.0947696776963873,8.94326067802124,-0.25164736444426716
6443,3.095794703561312,8.942997143602497,-0.24636200386148221
6444,3.0968204003090074,8.942739471681495,-0.24097541688250582
6445,3.0978384725604475,8.942489599790935,-0.23549845600618627
6446,3.098846343061647,8.942248086488668,-0.2298745084703231
6447,3.1003601230981297,8.941896455656673,-0.22123124140092845
6448,3.1018516419772877,8.94156356424289,-0.21226160439868952
6449,3.10284603966376,8.941349656451502,-0.20609123909264815
6450,3.103821681341151,8.941146038397644,-0.19969061866450408
6451,3.104796425106568,8.940948994774928,-0.19302243281001477
6452,3.105771852757944,8.940758663461608,-0.18617121685715557
6453,3.1072160917435436,8.940489784082565,-0.17547911745247577
6454,3.108171007539836,8.94032098304031,-0.16791015636007153
6455,3.1091263191640675,8.940159426444042,-0.16010149183321423
6456,3.110539153790767,8.939934910488399,-0.14783347084237883
6457,3.1114721872786983,8.939796616406992,-0.13905395571236426
6458,3.112405402084699,8.939666500691656,-0.1299515061496421
6459,3.113316298544963,8.939548271852654,-0.12027761232654655
6460,3.114224629976525,8.939439465706476,-0.10992652346079987
6461,3.1155562741510114,8.939297494348967,-0.09312889933702682
6462,3.1164300865576195,8.939216879697025,-0.08071910598661183
6463,3.117783529783403,8.939114166552635,-0.06110480309546273
6464,3.1186499181951675,8.939063458744176,-0.047176030129221884
6465,3.1194959374215774,8.939025239619268,-0.03184166879602985
6466,3.12034407946536,8.939001659142187,-0.015223927628341153
6467,3.1211656610339706,8.938990887359028,0.00479504446733382
6468,3.1219761923495644,8.938999388100594,0.026850528202383636
6469,3.1231163203583,8.939042990703532,0.06465692910425147
6470,3.123857803419863,8.939096406290751,0.09083865275556244
6471,3.1245809280758894,8.939168962646828,0.11752528144382723
6472,3.125301093962872,8.939261643716726,0.14461237178869962
6473,3.126018502062871,8.93937436965243,0.17204088622196662
6474,3.127228257834098,8.939602954639122,0.2064086405151791
6475,3.1276391911178423,8.939688265960315,0.21151621113504315
6476,3.12872372458647,8.93992887615358,0.21044234032284742
6477,3.129799723702767,8.940159014845463,0.2093163131798563
6478,3.130513587749851,8.940310293357827,0.20917217964915916
6479,3.1315776796198604,8.94053612605022,0.20931286625672563
6480,3.131932267887881,8.940611536105097,0.20941364397812715
6481,3.1326412285983825,8.94076236865761,0.20966345703683267
6482,3.133694483309184,8.940986464088057,0.21011452677477505
6483,3.1343924378310355,8.94113547120302,0.21044628714467256
6484,3.135427689640579,8.94135692764797,0.21097954979588873
6485,3.1361129914989427,8.94150387091585,0.21136605057004026
6486,3.1371261057278645,8.941721459235199,0.21200656310284416
6487,3.1377953981677367,8.941865646627612,0.21250734633904542
6488,3.1384643737417233,8.942010254230457,0.21304391969844297
6489,3.1394532805658435,8.942224645812626,0.21392402570361313
6490,3.1401064542712356,8.942366653917636,0.21459271108868583
6491,3.1410860182778992,8.942580650109978,0.2156453403322087
6492,3.1417396107822135,8.942724035448947,0.21624825525035068
6493,3.142393321721502,8.942867818482068,0.2167742924978396
6494,3.1433589283469954,8.94308090130539,0.2174850293067561
6495,3.144002168343913,8.943223200660027,0.217930191143556
6496,3.1446453240992414,8.94336564141345,0.21836145764863374
6497,3.145597647762028,8.943577297058562,0.21899644683132477
6498,3.146231976827275,8.943718733795954,0.2194157943938942
6499,3.147173193846113,8.943928807939473,0.22004862313169435
6500,3.147796263162549,8.944068295280944,0.22048330563438806
6501,3.1484129772202603,8.944206805173499,0.2209332256188134
6502,3.1493254401752373,8.944411988123964,0.22171404813857853
6503,3.149933473421293,8.944549171254184,0.22228041702805057
6504,3.150832101560403,8.944752815787849,0.22320119938716507
6505,3.151419313471105,8.94488632298345,0.2239043774606216
6506,3.15199832003628,8.945018426099784,0.2247068062102264
6507,3.1525770083362845,8.945150954474219,0.22557815542360757
6508,3.153444490921164,8.945350564101242,0.22695969787836906
6509,3.154024118786773,8.945484626232565,0.22788105987910043
6510,3.154605749766737,8.945619869184856,0.22865178781774356
6511,3.1554787312405206,8.94582342527688,0.22960787781301648
6512,3.156051520076867,8.945957409527715,0.23017049413773727
6513,3.156623620846641,8.946091786012332,0.23070064520716194
6514,3.1574677629712227,8.94629038256523,0.2314683853454504
6515,3.158029957681449,8.946422950664298,0.23197193238397806
6516,3.159130361494022,8.946683642879554,0.23305690956443348
6517,3.15967988800105,8.946814236010798,0.23363782325556703
6518,3.1604940231724683,8.947008388083054,0.23456009909484074
6519,3.1610323306981676,8.947137258041757,0.2352360816217782
6520,3.161570556414745,8.947266313868269,0.23594200554152353
6521,3.1623590746669925,8.947456451941852,0.23711011132590576
6522,3.1631461559301446,8.947647271618564,0.23839713193591253
6523,3.1636587238521976,8.947772059995932,0.23932869725892894
6524,3.164170105005657,8.947897080922482,0.24033390461372806
6525,3.1649366498366036,8.948085723899142,0.24192142107153622
6526,3.1657060259865513,8.948276099359243,0.24344317443618685
6527,3.1662204056105843,8.948404065819604,0.24425947613064541
6528,3.166734888541054,8.948532590971366,0.24497419554100977
6529,3.1672410664140416,8.94865932866652,0.24562950937532116
6530,3.1677425490971443,8.948785216261554,0.24625159334882202
6531,3.1684869646999316,8.948972698845834,0.2471554233826308
6532,3.1689830812023176,8.949098014569037,0.2477461685395376
6533,3.16971802390343,8.94928425118135,0.24863496155927015
6534,3.1702039901683348,8.949407911273026,0.24924736726745184
6535,3.1709277777129037,8.9495925532752,0.2501915514679524
6536,3.171401769856722,8.949713755551723,0.2508835132201872
6537,3.172112363904573,8.949896416993555,0.2519947187536471
6538,3.1728226065551746,8.950079711550641,0.25315136947054784
6539,3.1732853309070825,8.950199685496752,0.2539701533224333
6540,3.173746917926542,8.950319766908496,0.2548464340227145
6541,3.174203462642644,8.950438941270244,0.25576806372886596
6542,3.1746533073321324,8.95055675010592,0.2567699451508157
6543,3.1753284056046565,8.95073492727779,0.2582672287912075
6544,3.1760044468826223,8.950913758048669,0.25950162669956833
6545,3.176905910503139,8.951154164038046,0.260931463315315
6546,3.1773535429474027,8.951273995993029,0.26159988691599784
6547,3.1777973597478617,8.951392796663427,0.2622545997747893
6548,3.1782372467311806,8.951511317224094,0.2629012977519943
6549,3.1786724549382264,8.951628582351004,0.26354679334032216
6550,3.1793174980664785,8.951802868949198,0.26451586584412506
6551,3.1799573790847475,8.951977101828385,0.26549116833406844
6552,3.1803840991480055,8.952092863329485,0.2661416993638943
6553,3.1808029117028522,8.952207671488402,0.26679412560265425
6554,3.1812213276447614,8.952322039505685,0.26744945802084147
6555,3.1818357989563095,8.952490964765731,0.2684692449803241
6556,3.1822446720310538,8.952604013693064,0.26917514672960036
6557,3.1828488958609866,8.952770770851737,0.2702851241282757
6558,3.1832474291205464,8.9528817243125,0.27109039000343127
6559,3.1836457401942364,8.952992981803432,0.27192727373580206
6560,3.184229121023078,8.953155934868352,0.273285936552881
6561,3.184617218786925,8.953264917818958,0.2742575709941796
6562,3.1851849639022,8.953425468473426,0.27584056902865767
6563,3.1855625883190264,8.95353300597108,0.27697190728532445
6564,3.1861247710117313,8.953693201530886,0.2787388823929834
6565,3.186492218392738,8.95379886517569,0.2800031145050949
6566,3.1868595730433116,8.953904735702006,0.2813226503272371
6567,3.1874117883202393,8.954065008611147,0.2833248466339836
6568,3.18778271008459,8.95417362369788,0.2844545544510774
6569,3.188329085279522,8.954333718236871,0.28588888022935016
6570,3.188874868424495,8.954494712208698,0.2871558662315707
6571,3.1892319391688204,8.954600455318435,0.28795275983035284
6572,3.189766784215915,8.954759230574211,0.28911287535953445
6573,3.1901231600809594,8.954865451973115,0.28987112526403824
6574,3.190472999665555,8.954969998300793,0.2906247140418018
6575,3.1908223517232237,8.955074725630908,0.2913773030971033
6576,3.1913397939353887,8.955230109160418,0.2925065209497225
6577,3.1916820008501987,8.955333448481756,0.2932629121308574
6578,3.192024142193677,8.95543704050339,0.2940201323350982
6579,3.192530566672958,8.95559055140236,0.29516377309102243
6580,3.192865386599478,8.955692652087246,0.2959404876700078
6581,3.1932000041295523,8.955794904645971,0.29672346167184405
6582,3.1936899998994916,8.955945091880107,0.29796728837469505
6583,3.194016017463881,8.956045385411528,0.29884652057110345
6584,3.1943343568941356,8.956143868461144,0.299778833928417
6585,3.1948106789929667,8.956291495450511,0.3012813637509636
6586,3.1951245536286006,8.956389196490361,0.3023310885007535
6587,3.1955880931714336,8.956534521183391,0.30402867029748165
6588,3.195896903551205,8.956631716869522,0.3052132865558388
6589,3.1961983004906624,8.956726873850965,0.3064572585244359
6590,3.196498698642829,8.956822096519346,0.3077686802332749
6591,3.196798948024599,8.956918037618056,0.30912173671980214
6592,3.1972394627821874,8.9570594716462,0.31126315524510195
6593,3.1973860710147592,8.957106670308846,0.3120062606539184
6594,3.197825471518522,8.957249140314438,0.3142854725915459
6595,3.198268013919909,8.957393666793205,0.3162919227687125
6596,3.198563311310159,8.957490524009861,0.31739752594791026
6597,3.1988529799354004,8.95758589440477,0.31839959758342956
6598,3.1991422179279394,8.957681555176174,0.31933939533644345
6599,3.199570440613241,8.957823695579519,0.3206799242395763
6600,3.1998537369706495,8.957917859382338,0.32154810476039003
6601,3.2001367356344987,8.958012250517537,0.32240319427071695
6602,3.200552964625166,8.958151960311447,0.3236771573170979
6603,3.200691481381866,8.958198532632997,0.32410113150498154
6604,3.200968623978099,8.958291697304633,0.32494761445468473
6605,3.2013788290750105,8.958430207603154,0.3262156949940994
6606,3.201649975542882,8.958522329920287,0.32706309661308164
6607,3.2020543483267097,8.95865989587235,0.32833471835610867
6608,3.2023198675240447,8.95875037480098,0.3291865671340826
6609,3.2027128164267546,8.958885011963122,0.33046956452693005
6610,3.203102473085613,8.959019339811178,0.3317580849449775
6611,3.203362203020722,8.959108942056949,0.33261712150238204
6612,3.2037431879106295,8.959240752451965,0.33393716275364443
6613,3.203994399213664,8.959328105865536,0.334847035393073
6614,3.204242461560718,8.95941483690453,0.3358030006733861
6615,3.204614470598207,8.95954515273654,0.33729406582212673
6616,3.2048622785455176,8.959632034603164,0.33830879471790776
6617,3.2052279306311804,8.959761393783541,0.33987368689739544
6618,3.205469140118006,8.95984703545117,0.340974020758489
6619,3.205707659626564,8.95993187772202,0.34211061594555114
6620,3.2060597946320812,8.960057667338422,0.34393073733688284
6621,3.206294265529261,8.960142165548993,0.3451931894592484
6622,3.206528615465458,8.960226702436126,0.3464772466501628
6623,3.206757296699802,8.960309471255485,0.34780616078633586
6624,3.2070991286793133,8.960433945929768,0.3498959756088021
6625,3.2073242635409707,8.960516555111182,0.351334617678617
6626,3.207545862950745,8.960598208767777,0.3528431692951163
6627,3.207767276100218,8.960679883316933,0.35440174469938385
6628,3.208090476330415,8.960800207568498,0.3568702180294173
6629,3.208306340439419,8.960880841681515,0.35854732049064403
6630,3.208632258459759,8.961003928616277,0.3606178128010168
6631,3.208849937082798,8.961085779717584,0.36178798037692805
6632,3.20917207607207,8.961208161623354,0.36337023085468445
6633,3.2093851454278104,8.96128945674411,0.3643583546696274
6634,3.2095980861049447,8.961371370442333,0.36531373911276505
6635,3.2098071828879666,8.96145093232669,0.3662496099266931
6636,3.2100156526342802,8.961531208044732,0.3671738830126453
6637,3.210326478418509,8.96165125482953,0.368544775925998
6638,3.210530665574548,8.96173019844963,0.3694564905780559
6639,3.210734606489211,8.961809319771463,0.37036718049106493
6640,3.2110391573211,8.96192769050349,0.37172871833622173
6641,3.2112393820809424,8.962006465727942,0.3726334388523587
6642,3.211539926273338,8.962123868222148,0.37398499781046946
6643,3.211738281073468,8.962202105753247,0.37488216110878386
6644,3.211934378812673,8.96227910863351,0.37577896938727157
6645,3.2122223147190905,8.96239338874987,0.37712627247312
6646,3.2123183003262574,8.96243110797747,0.3775756760077409
6647,3.2125099695380452,8.962507553741498,0.3784735009915076
6648,3.2127917084433144,8.962619714628225,0.3798213247253816
6649,3.2129792083786586,8.962695073137612,0.38072038493031257
6650,3.213258813114237,8.96280709171311,0.3820666072509468
6651,3.2134422252052275,8.962881213889176,0.38296606562278884
6652,3.2137157221273642,8.962991610749821,0.384316153378715
6653,3.213895163830629,8.96306429802382,0.3852167106795267
6654,3.214074628993934,8.963137117343873,0.3861160511015856
6655,3.214250228937144,8.96320894758874,0.38702608781159115
6656,3.214425419215202,8.963280508740942,0.387952805679024
6657,3.2146006617012364,8.963352266557427,0.3888885327036418
6658,3.214771749524504,8.963422597547858,0.38985197908994595
6659,3.2149424519635783,8.963492987012675,0.39085216215286783
6660,3.2151130122020306,8.963563521965272,0.3918744838718824
6661,3.2153648333713645,8.963668008835445,0.3934540810740755
6662,3.2155309193855417,8.963737197084415,0.39455832299955834
6663,3.215695417406921,8.963805975490647,0.3956931008735244
6664,3.2158578766027293,8.963874107866141,0.3968755385054429
6665,3.216020062946908,8.963942328249153,0.39809140141518173
6666,3.216259503390517,8.964043526512096,0.3999765716266866
6667,3.2164172487394125,8.964110573355669,0.4012944059602795
6668,3.216573316205304,8.964177113454413,0.40264973525380443
6669,3.2168035180352503,8.964275671242051,0.40479465678783005
6670,3.217033263842677,8.964374736663762,0.4070196699024078
6671,3.2171846748111648,8.9644403832518,0.40853317494736185
6672,3.2173336213101513,8.96450524501033,0.41010360217594277
6673,3.2174823805784443,8.964570287496983,0.4117152937551022
6674,3.21769977457669,8.964665715316087,0.41424559456451987
6675,3.2178441274805767,8.964729645012588,0.41600165819074386
6676,3.218056822934782,8.964824539433003,0.41872457211295416
6677,3.218197000277077,8.964887129351176,0.42062400187863846
6678,3.2183368863686117,8.964950196574538,0.42256454076463607
6679,3.21854289042663,8.965043697608749,0.42555622583258007
6680,3.218678584194035,8.965105494467073,0.4276355947942777
6681,3.2188834511385798,8.9651995654242,0.4305805133343717
6682,3.219021228662329,8.965263355344804,0.4321130465473543
6683,3.2192288823349147,8.965359592476196,0.43400388740083473
6684,3.219365132707867,8.965423069209871,0.4351012418663542
6685,3.2195696594652476,8.965518493806075,0.4366121715563289
6686,3.219705994369701,8.96558227062641,0.43756291823090454
6687,3.2198396036660086,8.96564511811499,0.4384849747251342
6688,3.2199729674676076,8.965707868635238,0.4393871288377114
6689,3.2201689648054943,8.965800235557927,0.44072228602026775
6690,3.2202993126321005,8.965861941839862,0.4416059000821599
6691,3.2204923292427976,8.965953579671208,0.44292289592536205
6692,3.220619773728007,8.966014239695742,0.4437961244913816
6693,3.2207447667991738,8.966073886673511,0.44466815891925615
6694,3.220869408470843,8.966133443822187,0.4455403245826987
6695,3.2210552941714767,8.966222492170102,0.44684600175948963
6696,3.2211770946452396,8.966281154282733,0.44771566196152013
6697,3.221359967914534,8.966369137638814,0.44901736310042023
6698,3.2214817006578196,8.966428046874158,0.44988178571915766
6699,3.2216010993122,8.966486019733946,0.45074331184710864
6700,3.221720164916607,8.966543775019034,0.45160188207200525
6701,3.2218964826725247,8.966629494846547,0.45288585356024846
6702,3.2220128653577005,8.966686490034714,0.45374186036502867
6703,3.222129337923079,8.966743525835152,0.4545965576635603
6704,3.222301626412578,8.96682768302239,0.45587445397616555
6705,3.222415428625598,8.96688379251042,0.45672285294821463
6706,3.2225836946047153,8.966967076952505,0.45799174837247003
6707,3.2226951020971146,8.967021972537493,0.45883804148506685
6708,3.222806304657486,8.967076944303669,0.45968296415482246
6709,3.222916615455389,8.967131892169999,0.4605260649864845
6710,3.2230802653334916,8.967213446593632,0.461791752787619
6711,3.2231895205894174,8.9672677971245,0.46263442167939606
6712,3.223296358274246,8.967321300731951,0.46347612266865745
6713,3.2234029374728648,8.967374947112331,0.46431693979441935
6714,3.2235596716100274,8.967453654977502,0.46557210899299933
6715,3.2236639136290255,8.96750614444428,0.4664034282748883
6716,3.2237682008590496,8.967558921397332,0.4672304068622774
6717,3.22387026762379,8.967610566257017,0.46806331506441573
6718,3.22397204564657,8.967662158744972,0.4689074379790688
6719,3.2240737946654807,8.967713881417078,0.4697573630243321
6720,3.2241732245370955,8.96776455985745,0.4706265352951944
6721,3.2242724884080403,8.967815271783941,0.47152152377517054
6722,3.2243694005902452,8.967864900645548,0.4724489778373447
6723,3.224466162613456,8.96791447743683,0.4734110501232126
6724,3.22456265462496,8.967964067024278,0.47439406473073553
6725,3.224658232851631,8.968013386670439,0.4753939746053979
6726,3.2247993378598308,8.968086422401058,0.4769561277359805
6727,3.224893355392935,8.968135277064208,0.47802391529016025
6728,3.224987223033479,8.96818404773789,0.4791025525465868
6729,3.225079072645925,8.968231955612337,0.4802059366923598
6730,3.2251695304816743,8.968279312202354,0.4813461418784967
6731,3.2252587230573497,8.968326127331848,0.4825374376244372
6732,3.225392141752871,8.96839646540986,0.4843866614578336
6733,3.2254810632443864,8.968443547537092,0.48564220338671116
6734,3.2256133845920907,8.968513778548774,0.4875453745312707
6735,3.225700329659353,8.968560109641338,0.4888475777017679
6736,3.225827331526714,8.968628204041204,0.49088738242369845
6737,3.2259117562296877,8.968673578652172,0.49229855545237233
6738,3.226037328564718,8.968741317847545,0.4944606723392477
6739,3.226119281415829,8.968785976834456,0.4959551245410604
6740,3.2262011967769646,8.968830551792957,0.4974833362527696
6741,3.226283047637644,8.968875194171227,0.49903146007721455
6742,3.226362791856417,8.968918928916054,0.5006164279792003
6743,3.2264791096769723,8.968983263183773,0.5031301928651706
6744,3.2265562471495444,8.969026021056635,0.5048808745992268
6745,3.226670064271259,8.969089373739038,0.5075947054588915
6746,3.2267447850041475,8.9691314304863,0.5094792716787638
6747,3.226819573198721,8.969173509763898,0.5114004817851271
6748,3.2269295189094676,8.969235828256922,0.5143516706310834
6749,3.2269657725085006,8.969256522636284,0.5153658280873107
6750,3.227038062513692,8.969297827043828,0.5174250946271802
6751,3.2271436076304783,8.969358486563777,0.5206344021342054
6752,3.227213509781773,8.969398968781519,0.5228475338694207
6753,3.2273536402531575,8.969480468830465,0.5272775689076589
6754,3.2274250168619485,8.969522445802879,0.5290031561227286
6755,3.22749555647443,8.969563928209592,0.5303687441128137
6756,3.2276019966602814,8.969626871204788,0.5320034363474446
6757,3.2276733374224316,8.969668879111628,0.5329219850023048
6758,3.2277441396805946,8.969710892405017,0.5337553272907924
6759,3.227849048070679,8.969773254975067,0.5349023887580293
6760,3.2279191940115624,8.969814856907668,0.535623092718685
6761,3.2279885873181198,8.969856143918243,0.5363207773342045
6762,3.2280229335699553,8.969876598145502,0.5366629826401017
6763,3.2280915316920944,8.969917580239619,0.5373371087423657
6764,3.228159560820892,8.969958205693294,0.5380005144380472
6765,3.2282270006061986,8.969998546034478,0.5386554915056349
6766,3.2282942599629743,8.970038873465183,0.5393036788817879
6767,3.228393228136467,8.970098356962671,0.540275056010912
6768,3.228492032685816,8.97015776655853,0.5412487019773575
6769,3.2285572303360643,8.970197057667887,0.5418957738207165
6770,3.2286538864387504,8.970255421000312,0.5428536020298205
6771,3.228718210826629,8.970294294715863,0.5434846743803888
6772,3.2288147661290876,8.970352918767162,0.544422087384197
6773,3.228877794798852,8.970391203549683,0.5450422374334954
6774,3.2289408357518736,8.970429503505656,0.5456593320480404
6775,3.2290024957949224,8.970466995505584,0.5462759555705092
6776,3.229063549245661,8.97050428944601,0.5468930524226241
6777,3.229123769429974,8.970541029782874,0.5475073101949718
6778,3.2291840866685715,8.970577780141543,0.5481182910627955
6779,3.2292442557304915,8.970614591273034,0.5487259224614951
6780,3.2293326271183562,8.970669040382013,0.5496321853362528
6781,3.2293914651735585,8.970705207916994,0.5502331860816099
6782,3.229450505722504,8.970741263137999,0.5508314774488543
6783,3.229508185722177,8.970776778482225,0.5514287611482122
6784,3.2295656386436384,8.970812438380669,0.5520260409752813
6785,3.2296232758073513,8.97084805127371,0.5526223857340852
6786,3.229679739891055,8.970882756454662,0.5532182922086538
6787,3.229736045657063,8.970917688686301,0.5538137686873528
6788,3.229791771386212,8.970952365042125,0.5544075761096379
6789,3.2298468982247726,8.970986504822463,0.554997593819293
6790,3.229901982777036,8.97102069546567,0.5555837088109421
6791,3.2299569422514063,8.971055015818333,0.556166127625566
6792,3.2300110001538296,8.971088709208303,0.5567451078398127
6793,3.230064871184978,8.971122182949108,0.5573207201880767
6794,3.230118756061502,8.97115587690283,0.5578929916992975
6795,3.230171581401379,8.971189036711754,0.5584671603378089
6796,3.2301979919085366,8.97120562467867,0.5587562272254893
6797,3.2302508619826913,8.971238776118334,0.5593365102938765
6798,3.2303285859196635,8.97128735491121,0.5602047532597183
6799,3.230380262625525,8.971320013493946,0.5607795616503575
6800,3.230431358740711,8.971352298155841,0.5613507639272236
6801,3.2304819580797335,8.971384123270928,0.5619158671589384
6802,3.2305324598733978,8.971415951204667,0.5624754551872905
6803,3.2305820519722834,8.971447419746557,0.5630307420798839
6804,3.2306314922974217,8.971478631822428,0.5635826258152997
6805,3.230680632917261,8.971509655163244,0.5641255731258922
6806,3.2307290096855446,8.971540336138478,0.5646316187845417
6807,3.2307532351883683,8.971555765898536,0.5648728524339154
6808,3.2307774671646876,8.97157124724772,0.5651079845872279
6809,3.2308259117478264,8.97160218976164,0.5655639295077624
6810,3.230897853224653,8.971647763040117,0.5662473030947786
6811,3.2309689581272374,8.971693034906897,0.566990104340078
6812,3.231038956261002,8.971738006912455,0.5677634414846203
6813,3.231062104113998,8.971752859718729,0.5680231964903906
6814,3.2311080082615695,8.97178208018394,0.5685458376016672
6815,3.231153355363826,8.971811016600837,0.5690808554361495
6816,3.231198485526076,8.971840036303243,0.5696245997331729
6817,3.231243308807038,8.971868880895062,0.5701758089768397
6818,3.2313095900133435,8.97191134410331,0.5710343593744008
6819,3.231353713471488,8.971939805494051,0.5716201272167513
6820,3.23139767951827,8.971968274263693,0.5722112727459076
6821,3.2314411788095665,8.971996341541749,0.5727886428638175
6822,3.2314844909699736,8.972024354838386,0.5733414660572492
6823,3.2315279668422465,8.972052503043317,0.5738771660151718
6824,3.2315705431461588,8.972080046607362,0.5744009137128597
6825,3.231612972666595,8.972107764228646,0.5749160123628244
6826,3.2316551009292893,8.972135208161552,0.5754246764566402
6827,3.2316967979750233,8.972162045311075,0.5759287219724105
6828,3.231738459881022,8.972189071437672,0.5764287210587968
6829,3.2317994680132522,8.972229052666464,0.5771726699629532
6830,3.2318401053464254,8.972255761597207,0.5776651679788695
6831,3.231880817610839,8.972282195299282,0.5781551265297115
6832,3.2319208167125653,8.972308201277155,0.5786426998696789
6833,3.231980436022839,8.972347449173846,0.5793697027566588
6834,3.2320198555649515,8.972373463027216,0.5798515783469216
6835,3.2320588439554245,8.972398822478766,0.5803320347668237
6836,3.2320979198771793,8.97242433320262,0.5808106865462613
6837,3.2321553067958995,8.972462425878037,0.5815384754973552
6838,3.2321933740763478,8.972487481464826,0.5820470277757074
6839,3.2322496547559605,8.972524491411109,0.5828169181114647
6840,3.2322868059574748,8.97254917810075,0.5833121168775685
6841,3.232323946892682,8.972573910814758,0.5837961711059206
6842,3.2323610015542377,8.972598323115156,0.5842722239824477
6843,3.2323975326976213,8.972622274958676,0.5847424411401861
6844,3.232433214711727,8.972646103081276,0.5852080648929667
6845,3.232486619422842,8.972681802409854,0.5858999521391727
6846,3.2325223108126213,8.97270538114885,0.5863574876018197
6847,3.232575009628872,8.972740445795136,0.5870388943488454
6848,3.2326273586195153,8.972775608201605,0.5877148424967008
6849,3.2326793135807326,8.972810127912307,0.5883858591884283
6850,3.232730812592808,8.972844586022235,0.5890522074705898
6851,3.232764253536521,8.9728670392929,0.5895087647013625
6852,3.232797673501889,8.972889523829503,0.5899862192451742
6853,3.2328309836491504,8.972911898715266,0.5904766996124766
6854,3.2328805111301926,8.97294503207725,0.591232899818915
6855,3.232929392727274,8.972977992977205,0.5920184399187765
6856,3.232977797255413,8.973010716498498,0.5928202676625294
6857,3.233009605134733,8.973032275388691,0.5933705988055384
6858,3.233056547663074,8.973064053926146,0.5942215067554019
6859,3.2330876172227683,8.973085093780671,0.5948097539177312
6860,3.2331340981576173,8.97311658440869,0.5957094556434788
6861,3.2331801191485448,8.973147950931315,0.5966207981660268
6862,3.2332104077859487,8.973168620993015,0.597244107506771
6863,3.233240493248702,8.97318924891653,0.5978776790869703
6864,3.2332700693711645,8.973209475440314,0.5985262565247106
6865,3.233299500039509,8.973229564748234,0.599191768963423
6866,3.2333434105599026,8.973259572336193,0.6002101430616894
6867,3.2333720446470577,8.973279322113676,0.6009106661392958
6868,3.233400723966216,8.973299121357737,0.6016247149237322
6869,3.23342871037577,8.973318330525142,0.602356799543343
6870,3.233456639791718,8.97333767956999,0.6031085347110131
6871,3.2334976619977938,8.973366157307693,0.604275671364601
6872,3.2335250170812,8.973385098059534,0.605075773249996
6873,3.2335658611290086,8.973413422782409,0.6062920573582553
6874,3.2336058571570705,8.973441338267998,0.6075404763359679
6875,3.2336456277377907,8.973469216260089,0.6088222305760493
6876,3.233671496699043,8.973487333157136,0.6096976001051908
6877,3.233697445678785,8.973505415144299,0.61059464434754
6878,3.2337351640437553,8.973532172413437,0.6119897931422179
6879,3.2337476839723824,8.97354104265149,0.6124673852782699
6880,3.233785374281953,8.973567568707479,0.613921072444099
6881,3.233809902391568,8.973584879410973,0.6149137572955762
6882,3.233834323193788,8.973602286360277,0.6159306998117717
6883,3.233858011418614,8.973619377899936,0.6169769767369938
6884,3.233881842622087,8.973636233582567,0.618054342221185
6885,3.2338937413280497,8.973644616299321,0.6186007057434953
6886,3.2339286081046485,8.973669684026557,0.6202735276862591
6887,3.233951606833535,8.97368633728347,0.6214264485031018
6888,3.233985514878826,8.973710789278792,0.6232045195734098
6889,3.2340079139074036,8.973726812540981,0.6244325647888335
6890,3.2340301739773527,8.97374300189112,0.6256811312042321
6891,3.2340628662549693,8.973767029916894,0.6275925277590667
6892,3.2340845363006587,8.973782858301266,0.6289070968098418
6893,3.234106063518142,8.973798601122471,0.6302410911952311
6894,3.234127615495249,8.9738143912203,0.6315859949769879
6895,3.234148656637253,8.973829957658593,0.6329523465715072
6896,3.2341696442933654,8.973845481174108,0.6343452482149197
6897,3.2342008185658893,8.973868616803554,0.6364668077182026
6898,3.2342212205858267,8.97388381595596,0.6379237260737008
6899,3.2342414876616212,8.973898956320644,0.6394080490290308
6900,3.2342710821608365,8.973921267314152,0.6417076069301623
6901,3.2342906792347947,8.973935962947351,0.6432854373766693
6902,3.234310090020399,8.973950599142672,0.6448886865853499
6903,3.2343290745596653,8.973964981047907,0.6465386082613593
6904,3.234348005760958,8.973979477719919,0.6482217717904938
6905,3.234366818895688,8.9739939012157,0.649924515037484
6906,3.234385205683514,8.974008005474898,0.6516623362271987
6907,3.234403467630755,8.974022028948113,0.6534425063639907
6908,3.2344306011697914,8.974042970625437,0.6561638116992948
6909,3.2344481576200232,8.974056706352954,0.6580363712847134
6910,3.234474081366801,8.974076931816278,0.6609376149481809
6911,3.2344909784123557,8.974090140649519,0.6629468163792546
6912,3.234507870298822,8.974103480640874,0.6649923267093989
6913,3.234532344402621,8.974122879015065,0.6681601970822187
6914,3.234548628894869,8.97413578570912,0.6703335564609777
6915,3.234572547262369,8.974155036523976,0.6736478197317539
6916,3.2345881430701438,8.974167561157026,0.6759259830296241
6917,3.2346114101200114,8.97418634320345,0.6794198182355982
6918,3.23462781568346,8.974199307661284,0.6813619421765746
6919,3.234644987116087,8.974213498475073,0.6826731768376585
6920,3.2346715115512596,8.97423518217324,0.6839241547179223
6921,3.234680500663601,8.974242565031158,0.684232160176535
6922,3.2347077187213817,8.974264877026618,0.6849565435113756
6923,3.234735099685718,8.974287367758045,0.6854642633941037
6924,3.2347533994048208,8.974302224827115,0.6856931999378446
6925,3.234771863294178,8.97431731311046,0.6858649424485853
6926,3.234790074610716,8.974332402931454,0.6859965311419822
6927,3.2348082120340247,8.974347309653158,0.6860925086600392
6928,3.2348351602187773,8.974369251491833,0.6861938270855062
6929,3.2348440781225007,8.9743765301521,0.6862211213297469
6930,3.2348708669700628,8.97439847620816,0.6862910735706373
6931,3.2348883781093747,8.974412893154616,0.6863284825944056
6932,3.234905853161464,8.974427284064582,0.6863586782863567
6933,3.2349321723697195,8.974448747615286,0.6863954728487544
6934,3.2349493208521753,8.974462724508916,0.686424408498794
6935,3.2349663275197775,8.974476647606615,0.6864659783768154
6936,3.2349913084910082,8.974497246100968,0.6865629727778491
6937,3.2350080498555402,8.974510965340277,0.6866434521957496
6938,3.2350246947215515,8.974524548357651,0.6867316066892416
6939,3.2350411807396715,8.974538032076886,0.686752337608669
6940,3.2350577395684197,8.97455166344416,0.6866642786636308
6941,3.2350744412541905,8.974565354679944,0.6865038874695549
6942,3.235090768752036,8.974578788075032,0.686384732551208
6943,3.2351068795503024,8.974591949152337,0.6863719286464365
6944,3.235122839112782,8.974605029556482,0.6864313705219804
6945,3.2351383562073144,8.974617801778212,0.6865462726211266
6946,3.235153935737693,8.974630587944972,0.6866990998871173
6947,3.2351767292663256,8.974649249596014,0.6869902648111844
6948,3.235191908357652,8.974661711611374,0.6872166089854708
6949,3.235214417968264,8.97468011622733,0.6875069579357281
6950,3.2352370705231097,8.974698694424038,0.6875684165312506
6951,3.2352522195117412,8.974711183168683,0.6875368126348342
6952,3.2352670533160217,8.974723414667348,0.6875160918261124
6953,3.2352820084094946,8.974735711738278,0.6875093268838294
6954,3.235296737063597,8.97474776910034,0.6875118406344287
6955,3.2353113166856087,8.97475976113257,0.6875204263065496
6956,3.235318628566074,8.974765801339892,0.687526318295703
6957,3.2353258642827023,8.97477174826685,0.6875330322912551
6958,3.2353478022569,8.974789664219259,0.6875567125227413
6959,3.2353549134481994,8.974795538157327,0.6875672650188857
6960,3.235368964184255,8.97480715681395,0.6875960782130971
6961,3.2353898992126866,8.974824332252467,0.6876310380688346
6962,3.2354040352964204,8.974835710293101,0.6876492312099152
6963,3.235417884383595,8.974847218976839,0.6876646891378728
6964,3.2354384481338454,8.974864367070502,0.6876923370198008
6965,3.2354521393668567,8.974875414193466,0.6877238294330433
6966,3.235465704642186,8.97488653601646,0.6877627635296262
6967,3.2354856003586097,8.974903017891947,0.6878334522983813
6968,3.235499034176541,8.974914012197326,0.6878859505063939
6969,3.2355121752408995,8.974924769714491,0.6879453524940481
6970,3.235525156682033,8.974935527314317,0.6880324282632517
6971,3.2355380518292707,8.97494615237854,0.688141267712351
6972,3.2355508614501955,8.974956601598121,0.6882717031365462
6973,3.23556349743366,8.974967060721228,0.6884226016319527
6974,3.235582336227624,8.974982537162058,0.6886639668588804
6975,3.2355947790398467,8.97499273775802,0.6887795720720673
6976,3.235607327641712,8.975003069973797,0.6888582634417219
6977,3.2356195329296393,8.975013245113205,0.688921764739646
6978,3.2356318584830355,8.975023358223645,0.6889835577712554
6979,3.2356442022969802,8.975033387373376,0.6890440909809447
6980,3.235656502306988,8.975043548111584,0.6891036312926482
6981,3.235668509971119,8.975053506088152,0.6891541777507778
6982,3.235680497191741,8.975063459488211,0.6891913981963638
6983,3.2356926247930744,8.975073397015672,0.6892197259063955
6984,3.2357103434905468,8.97508811058844,0.6892698241968327
6985,3.2357221989326974,8.975097706893985,0.6893135416827729
6986,3.235739630133712,8.9751120212037,0.6893877447023289
6987,3.235751072318981,8.975121537322693,0.689440629611057
6988,3.2357681345343976,8.975135700297473,0.6895140759111238
6989,3.2357794748212494,8.975145018167744,0.6895477245315189
6990,3.235790815614445,8.975154184549469,0.6895753193799213
6991,3.235801877143628,8.975163405789107,0.6896116435548315
6992,3.2358128941502735,8.975172710273215,0.6896556682280149
6993,3.235829293676119,8.97518609249088,0.6897215431443812
6994,3.235840195835478,8.975195063564762,0.6897516082769183
6995,3.2358510066367963,8.975204077141417,0.6897737926213854
6996,3.235867152964761,8.975217408845284,0.6897132853571948
6997,3.2358834990846312,8.975230767110922,0.6895309505884979
6998,3.2358995994747275,8.975244150947129,0.6892877879737765
6999,3.235910364349051,8.97525307273733,0.6891144584464555
7000,3.235926462948757,8.975266213463346,0.6888462378390757
7001,3.2359370444904223,8.975274915435131,0.6886990795843514
7002,3.2359525627004393,8.975287808083685,0.6885710866043593
7003,3.235962829157171,8.975296232075863,0.688518382868825
7004,3.2359729253770215,8.975304452528599,0.688448141952271
7005,3.235983162183696,8.975312917089397,0.6883614747192122
7006,3.2359931159009956,8.975321088441362,0.6882682203028084
7007,3.236003149309617,8.975329296759178,0.6881744292858276
7008,3.2360178052591717,8.97534144261511,0.6880396727385251
7009,3.236027644074091,8.975349497382105,0.6879618658857934
7010,3.236037316964935,8.9753574247546,0.6878907743487169
7011,3.2360517286707067,8.97536930417165,0.6877986165254112
7012,3.2360611821221683,8.975377069028136,0.6877526555966462
7013,3.23607517552854,8.975388551648438,0.6877145854546789
7014,3.2360845009950636,8.975396183253384,0.6877083346442465
7015,3.2360936732090075,8.97540383005827,0.6877115094981132
7016,3.236107366090463,8.975414958234639,0.6877402218898538
7017,3.23611632007658,8.975422306966738,0.68777413212727
7018,3.236129706926799,8.975433488910372,0.6878397869004975
7019,3.2361384934625295,8.975440567263798,0.6879016650405112
7020,3.2361473249067414,8.975447738504695,0.6879756695741063
7021,3.2361601118488568,8.975458522470559,0.6881099684964654
7022,3.2361686507510563,8.975465547572307,0.6882228740259845
7023,3.236177163041972,8.975472367522316,0.6883505167595253
7024,3.2361854084639208,8.975479086161597,0.6885003530275683
7025,3.236193672884655,8.975486041460213,0.6886665828249011
7026,3.236201810898905,8.97549273760362,0.6888346232237673
7027,3.2362058633340034,8.97549605596436,0.6889011716128756
7028,3.236214105842019,8.975502805001112,0.6890017024844992
7029,3.2362264123041053,8.975512897315655,0.6890972831456754
7030,3.236234730236981,8.975519804583609,0.6890148628515446
7031,3.236243228619239,8.975526784248666,0.6887306906011504
7032,3.2362518471618196,8.975533986794327,0.6883627217557646
7033,3.2362600469270255,8.97554071332091,0.6882058560697825
7034,3.2362680886871416,8.975547353814457,0.6882291055662726
7035,3.2362796849069198,8.975556829326557,0.68833559823108
7036,3.236287515514309,8.975563230166768,0.6883816604316467
7037,3.236298968696536,8.975572706136848,0.6884287851700562
7038,3.2363066117649786,8.975579066282412,0.6884509595098701
7039,3.236314290902997,8.975585163997494,0.6884423189519506
7040,3.236322056461916,8.975591571788575,0.6882737280239215
7041,3.2363298882183056,8.975598051004432,0.6879782523870116
7042,3.236337993552385,8.975604755844893,0.6875986843485129
7043,3.236346115519763,8.97561139702764,0.6871635956669451
7044,3.23635412091534,8.975618027524582,0.6867909415042306
7045,3.2363618732675516,8.975624326752632,0.6865476061842001
7046,3.236369492457843,8.975630700652209,0.6863907447088218
7047,3.2363732552560713,8.975633800547628,0.68633541842249
7048,3.2363806062668283,8.975639760184013,0.6862577857918801
7049,3.2363915919623376,8.975648611750426,0.6861973115450736
7050,3.2363986458826437,8.975654417758223,0.6861802047769004
7051,3.2364057802864172,8.97566032774567,0.6861746126660783
7052,3.236416281722551,8.975668851272054,0.6861595400197114
7053,3.2364234028180996,8.975674704033057,0.686027218079481
7054,3.236430367321411,8.975680618596623,0.6858589519897181
7055,3.2364371176067683,8.975686065581394,0.6859727807004605
7056,3.2364433113011457,8.975691166104523,0.686319345498341
7057,3.2364495000793947,8.975696051573888,0.6867660786178592
7058,3.2364589715752152,8.975703790928563,0.6870267159156733
7059,3.2364653912140735,8.975709118606407,0.6870543609856267
7060,3.236471809047375,8.975714498503462,0.6870771516470563
7061,3.236478287075942,8.97571981140323,0.6870966847238554
7062,3.236488077627939,8.975727629994095,0.6870773667733809
7063,3.236494496556925,8.975732917497297,0.6869786810916009
7064,3.236504277877608,8.975741125791586,0.686749744103372
7065,3.2365141386729954,8.975749140310825,0.6864827156203659
7066,3.2365205828130694,8.975754498702571,0.6862955407602189
7067,3.23652715475275,8.975759841637725,0.6861059161207405
7068,3.2365367946525097,8.975767586649164,0.6858354487773556
7069,3.236543234904159,8.975772898796288,0.6856624882026534
7070,3.2365494449955343,8.975778081341502,0.6855019058696005
7071,3.236555658641284,8.97578318990412,0.6853946259467691
7072,3.2365617262945228,8.975788122399301,0.6853296100086216
7073,3.2365706660149,8.975795496143975,0.6852819008933252
7074,3.2365794289378056,8.975802579697536,0.685257335577413
7075,3.2365823840628405,8.97580489330699,0.6852444646491223
7076,3.236591133389059,8.975812004400828,0.6851946959450047
7077,3.2365996737846676,8.975819120982841,0.6851367601237154
7078,3.2366053495140172,8.97582381412795,0.6851093361030256
7079,3.236610983695922,8.975828333874874,0.6850912899403049
7080,3.2366166144056043,8.975832906778184,0.6850829229008939
7081,3.2366220459111563,8.975837434663816,0.6850840165059014
7082,3.236627569681186,8.975842027108241,0.685091462065317
7083,3.2366355987443156,8.975848525603094,0.6851100743203905
7084,3.236641093934276,8.975852911029067,0.6851255302146956
7085,3.2366464309777245,8.975857226284212,0.6851256681091408
7086,3.236651843146548,8.975861682901684,0.6850268524535129
7087,3.2366571954250865,8.975866186151022,0.6848658863844014
7088,3.2366652293776697,8.9758727354066,0.684713673362612
7089,3.236670544994505,8.975877027673416,0.6846616431019363
7090,3.2366757453707877,8.975881313114511,0.6846340762707874
7091,3.236680802350879,8.975885495755932,0.6846228571289957
7092,3.2366859270499333,8.975889648964863,0.6846225717069473
7093,3.236691078524257,8.975893690220257,0.6844994749209753
7094,3.236696526843783,8.975898209544274,0.684179945082651
7095,3.236702077244272,8.975902767955596,0.6837299634452754
7096,3.2367078225289743,8.975907504257618,0.6832118969229379
7097,3.2367133942543096,8.975911972817013,0.6827457221982154
7098,3.2367189625168495,8.975916476645455,0.682328959231523
7099,3.236726905194357,8.975923013670124,0.6818246108207449
7100,3.236732107515752,8.975927132910087,0.6816294680860123
7101,3.2367368953173425,8.97593107584169,0.6815105433386723
7102,3.2367417189348324,8.975935002610564,0.6814426289097134
7103,3.2367464265276116,8.975938722415439,0.6814088460774306
7104,3.236753228208206,8.97594440243977,0.68145536975006
7105,3.236755421395539,8.975946170819583,0.6814975107800184
7106,3.2367598147903642,8.975949672934306,0.6816081570218533
7107,3.236766297267021,8.975954921318202,0.681791254239682
7108,3.2367728835029514,8.975960209220727,0.6819177857417945
7109,3.236779349945749,8.975965392041042,0.6820085820910405
7110,3.23678355353839,8.975968902408738,0.6820574355955085
7111,3.236787826601322,8.975972501683131,0.6821004431892068
7112,3.236792091792269,8.975975868246062,0.6821395578720725
7113,3.236796427649026,8.97597929104358,0.6821759598407426
7114,3.236800643650846,8.975982725809079,0.6822104451277639
7115,3.236804780358575,8.975986204656222,0.6822632286575252
7116,3.2368086460420713,8.97598947235712,0.682432065182033
7117,3.236810578198702,8.975991018642338,0.6825534189085339
7118,3.236814444642259,8.975994045757178,0.6828519777907052
7119,3.2368179678744897,8.975996937687949,0.6832208961306253
7120,3.2368214901735453,8.975999849947282,0.6836389297038681
7121,3.2368247952733746,8.97600267059384,0.6840890872127224
7122,3.2368287120239727,8.97600553997737,0.6842958512613388
7123,3.236832931767149,8.976008888690355,0.6841069388633974
7124,3.236839634629126,8.97601468567162,0.6835359406635861
7125,3.2368439238996864,8.976018292959242,0.6832966140918855
7126,3.2368482385922177,8.976021693939648,0.6831456176182363
7127,3.236852149063737,8.976024873998128,0.6831146379580474
7128,3.2368559901847815,8.9760279467363,0.6832174794563922
7129,3.2368595591179306,8.976030869791023,0.6833483214128282
7130,3.236863277450688,8.976033915392367,0.6834439012249004
7131,3.2368688117247566,8.976038364691371,0.6835455348973771
7132,3.2368725618025316,8.976041454532664,0.6835957769890637
7133,3.2368761569714635,8.976044460033043,0.6836372547348412
7134,3.236881705625746,8.976048862722337,0.6836890919226521
7135,3.2368853295388704,8.976051877966277,0.6837191633545296
7136,3.2368888921396137,8.976054847506289,0.683746971974591
7137,3.2368943076461245,8.976059195239506,0.6837859857101265
7138,3.2368978108199316,8.97606205440447,0.683810749499265
7139,3.236901374179779,8.976065041705594,0.6838348420697785
7140,3.2369066166939433,8.976069230175245,0.6838701854097846
7141,3.23691017871835,8.976072146503526,0.6838933129509421
7142,3.236915227078052,8.976076323083168,0.6839274877108793
7143,3.236918719837566,8.976079084612062,0.6839500600981127
7144,3.236922114378326,8.97608182179597,0.6839724384962848
7145,3.236927046692759,8.97608595384193,0.684070633225355
7146,3.236930176414259,8.976088559016155,0.6842579942223127
7147,3.2369331709725895,8.97609094462851,0.6845119828876017
7148,3.236935934520124,8.976093236564182,0.6849201443773603
7149,3.236938319586706,8.976095241143632,0.6855275829158265
7150,3.236942043976219,8.976098264367296,0.6863008638178009
7151,3.2369461928977628,8.976101616056454,0.6867301072784325
7152,3.236950671371411,8.976105237204935,0.6869708684509855
7153,3.236952150927405,8.97610651703746,0.6870252445393882
7154,3.2369552453782275,8.976109079019873,0.6871082174129595
7155,3.2369582228184393,8.976111513745783,0.6871663902128049
7156,3.236961343830847,8.976114108008979,0.687207923710349
7157,3.23696438997292,8.976116587344695,0.6872382953710114
7158,3.2369674453403783,8.976119227141512,0.687261133160882
7159,3.236970499927468,8.976121615372183,0.6872790110248339
7160,3.236975240136284,8.976125267530097,0.6872998549101287
7161,3.2369781783542275,8.97612794072529,0.6873110837728235
7162,3.236981093366998,8.976130432015918,0.6873210796982655
7163,3.236984135367038,8.976132841750763,0.6873302597455787
7164,3.2369871106926067,8.976135199394426,0.6873388204952589
7165,3.236990049634025,8.976137651637021,0.6873469141848357
7166,3.23699296018559,8.976140101499295,0.6873546912947113
7167,3.236995756078333,8.976142494353834,0.6873622346455176
7168,3.236997258905687,8.976143690085797,0.6873659703451602
7169,3.237000160320911,8.976145987005703,0.6873733285099617
7170,3.2370029955543185,8.976148380670852,0.6873805219029931
7171,3.237005815846652,8.976150691526358,0.687387635594546
7172,3.237008635501517,8.976152994404442,0.6873946813865042
7173,3.237012004201591,8.976155415093212,0.6870514432492392
7174,3.2370159256232114,8.9761586322357,0.6861661116371898
7175,3.2370181378273295,8.976160585204287,0.6855796817753662
7176,3.237024657754949,8.97616609320993,0.6838442223454455
7177,3.237029065472581,8.976169573088443,0.6828022873514069
7178,3.237033215712051,8.976172928270158,0.6818187285206079
7179,3.2370366690476717,8.976176109234295,0.6813077657783448
7180,3.237038061735443,8.976177216047299,0.6813305073139951
7181,3.2370402368554134,8.976178841055738,0.681772262536157
7182,3.2370442392668664,8.976181341381668,0.6817253074196594
7183,3.237047865417174,8.976184528585929,0.680863124592916
7184,3.2370544027756987,8.97618995539629,0.6788535946889145
7185,3.2370568388828103,8.976191922011791,0.6780582810088941
7186,3.2370619485339565,8.976195944932465,0.6763445400559431
7187,3.237069873959351,8.976202058516813,0.6735417561634147
7188,3.2370752788560133,8.976206499617627,0.6715690532402078
7189,3.2370807422960484,8.976210781913966,0.6695480466109317
7190,3.2370862629189396,8.976215104987515,0.6676008128316117
7191,3.237090795536669,8.976218659374553,0.6662524461586389
7192,3.237095980590594,8.97622314119773,0.665190699361049
7193,3.2370985266801826,8.97622492137594,0.6659911336654541
7194,3.2370990178692285,8.97622507858623,0.6672973877107795
7195,3.237098262699498,8.976224829792585,0.6699084547566666
7196,3.2370974863081194,8.97622416847215,0.6718907862006237
7197,3.237095749425351,8.976222728712413,0.675098260249408
7198,3.237094398788108,8.9762218402659,0.6773422328660439
7199,3.2370936128715684,8.976220476543011,0.6794160221697714
7200,3.2370950461322416,8.976221847186363,0.6802023161503274
7201,3.237097828092374,8.976224248012292,0.6796004370917278
7202,3.237407574881456,8.976473102469484,0.670077673215135
7203,3.2374121232517514,8.976480921098974,0.665579431654646
7204,3.2374124856606454,8.976478968171769,0.6684730386476534
7205,3.2376068202017256,8.976633953245361,0.6732012278707662
7206,3.2382883000103613,8.977174777835833,0.6769875882705898
7207,3.2395436318480835,8.978176504026619,0.6715957986692933
7208,3.24184359771743,8.979970416537732,0.6522941734011115
7209,3.244482583565572,8.98194439482609,0.6259192535825607
7210,3.247180186028294,8.983848003088163,0.5998906643913057
7211,3.249922875285096,8.985677615531852,0.5740982608105845
7212,3.25412372651253,8.988287941089396,0.5357220321872047
7213,3.256979366541803,8.989938481894683,0.5103134121650018
7214,3.2600428328898934,8.991597065389856,0.4798388705878409
7215,3.2649294373330178,8.994003837351588,0.4332748798935999
7216,3.268317437516184,8.995513654385244,0.4023131689492549
7217,3.27179993315627,8.996929774183002,0.36945910925635406
7218,3.277531587070508,8.998982508580307,0.3130017487637583
7219,3.2814276708946597,9.00017470438238,0.27620872866581775
7220,3.2853658194922235,9.001224801723179,0.23981804070406432
7221,3.291689725827716,9.002592342860405,0.17945138111258463
7222,3.296240196934046,9.003335604383409,0.1358015043010772
7223,3.300821710805467,9.003882956424189,0.09258565656563898
7224,3.304950331247219,9.004181117883208,0.04202981267950105
7225,3.3091733669421637,9.0042707314711,-0.016338416493097196
7226,3.3131158137573973,9.004136675199502,-0.07170402118302725
7227,3.318510871582447,9.003589826525587,-0.14740120936845552
7228,3.3220726986005396,9.00300500028949,-0.19665916119287316
7229,3.32579890058264,9.002204054753047,-0.24556958797134648
7230,3.329492519777784,9.001220205320472,-0.29441279713549173
7231,3.3348129206044987,8.999458656627052,-0.3664871484024485
7232,3.3387402407270828,8.997896698179625,-0.403261165962731
7233,3.3438172286942045,8.995678723484811,-0.42682537409231097
7234,3.354226507257429,8.990769076456061,-0.453223861109186
7235,3.3596566465238804,8.988115959288459,-0.45739648443633363
7236,3.3803259896509323,8.977885115132787,-0.46055761784221094
7237,3.390728413085177,8.972732830541092,-0.457589147790607
7238,3.397002171961055,8.969654893713388,-0.45221398408946656
7239,3.399132632161378,8.968621060914781,-0.445303854568719
7240,3.3970918605100624,8.969579531499352,-0.4374272601456053
7241,3.3908516818008665,8.972463218398175,-0.4289423229647974
7242,3.380361150424989,8.977206249858572,-0.42007482035784827
7243,3.3655980032216344,8.983724880477016,-0.4109708939495492
7244,3.346527972313736,8.991939030916994,-0.4017250477192334
7245,3.3231168461125766,9.001768189188352,-0.392396880757384
7246,3.295339595874033,9.013128180305682,-0.3830193976992325
7247,3.263156096164502,9.025940266023595,-0.37361454603966954
7248,3.2124386052599494,9.0454597245079,-0.3595118231099531
7249,3.1836513854692465,9.056154007941286,-0.35014413899830626
7250,3.1484438100474885,9.06877264554098,-0.336098776987806
7251,3.1303429912623293,9.075017788860778,-0.32672627920726705
7252,3.116567311091673,9.079626873235895,-0.317336429321224
7253,3.107149176976262,9.08267955676069,-0.30792054750908826
7254,3.1021112961160116,9.084260040394357,-0.29847297213922147
7255,3.101181063154761,9.084540485268818,-0.28915395484862183
7256,3.101576408983959,9.08442057691331,-0.27716412479974245
7257,3.1018604104357523,9.084338091988885,-0.27015095919246274
7258,3.102288339817094,9.08421793595806,-0.2603791651654353
7259,3.1025948746316376,9.084134587615956,-0.25388121950887876
7260,3.1030577810333373,9.084012393792786,-0.24365971818896506
7261,3.1033550034671262,9.083936726715445,-0.23643092573465724
7262,3.1036503882876563,9.083863427514551,-0.22877797103968775
7263,3.1040783248594814,9.083761430481255,-0.21637424461357638
7264,3.104362562865788,9.08369653763538,-0.20756029508146412
7265,3.1046464836068757,9.083634601033848,-0.19847194581537095
7266,3.104924500512909,9.083576655773818,-0.1890996338464848
7267,3.105193594857673,9.083522665185404,-0.17906993335534988
7268,3.105595486520702,9.083447304138215,-0.1631376521988919
7269,3.1059777354931803,9.08338177542814,-0.14560705635669516
7270,3.106229731920853,9.083342243615974,-0.1329598384846341
7271,3.1064002345604993,9.083317238648858,-0.11969095331950125
7272,3.106633561382415,9.083285896965897,-0.1049289680365035
7273,3.1068640490198445,9.08325869885165,-0.08928460393123906
7274,3.1070979664363643,9.08323497161031,-0.07157056023100371
7275,3.107411168209024,9.083209828020783,-0.042267120619991806
7276,3.107639510932557,9.083199332516962,-0.021102636730374616
7277,3.1078384711949054,9.083190704331004,0.004750183751830196
7278,3.1080060805077454,9.083189268009104,0.03174433324090675
7279,3.1082444742775985,9.083196821155388,0.07289418225934247
7280,3.1084023165432235,9.083208815123356,0.10074659029481
7281,3.108631475738581,9.083235220625635,0.14313488732852592
7282,3.1087729008774554,9.083257428067808,0.17178337891819956
7283,3.10891379228785,9.083284756766876,0.20073526258220406
7284,3.1091082261525056,9.083331491968877,0.24470737897710712
7285,3.1092367616621566,9.08336785759577,0.2743617246384396
7286,3.10939696283042,9.083418032031402,0.3039913855759366
7287,3.109611375074723,9.083489004978746,0.32824648311354643
7288,3.1098302066929286,9.083563147531613,0.3381314352565768
7289,3.1100091735686033,9.083634367194275,0.3397358404123669
7290,3.1101883221451243,9.083699019316995,0.3418234250448259
7291,3.110367481848859,9.083763583992408,0.34420168759662767
7292,3.1105446053226338,9.083827556888622,0.34674778731504985
7293,3.110718887819488,9.083890896073884,0.34935631928471156
7294,3.110892942865327,9.083954783056184,0.3519964309855438
7295,3.111151447566446,9.084051221173464,0.35599673654878866
7296,3.1113202656292116,9.084114454529773,0.3587300958284906
7297,3.1114889838488025,9.084177961625898,0.36150635639651674
7298,3.111652566472944,9.084240638181349,0.36435760719986293
7299,3.1118154417760153,9.08430372979036,0.3672976500249665
7300,3.111976187257473,9.084366088966517,0.37030562086970015
7301,3.1121336776568507,9.084427693171685,0.3734277804483345
7302,3.1122908408862773,9.084489910940555,0.3766298026870123
7303,3.1124475726868495,9.084552716612032,0.379845258162794
7304,3.112604475474672,9.084616008014597,0.3828890952283167
7305,3.1127614797505245,9.084679754881813,0.38579536541893583
7306,3.1129938634794905,9.084775400757227,0.3899975860702958
7307,3.1131475224920973,9.084839354924563,0.3927365575738796
7308,3.1133012101350626,9.084903521340511,0.39544246499551977
7309,3.1135259629531093,9.084998415932837,0.3994956242867481
7310,3.1136755554967634,9.08506218849457,0.40220484088028235
7311,3.1138231124543085,9.085125585272262,0.40492572905571717
7312,3.113967927621417,9.085188298151653,0.4077191365456085
7313,3.114112467069035,9.085251407159753,0.4105640000745929
7314,3.1142567698263055,9.085314818932815,0.41343675835630195
7315,3.1143971121266207,9.085376990581185,0.416372548217781
7316,3.114536810454768,9.08543938544493,0.41938696522996616
7317,3.1147458289277834,9.085533818818242,0.4238739305798908
7318,3.1148853621852552,9.085597521062443,0.42668308069858274
7319,3.1150250739973377,9.08566148755894,0.42938977330461275
7320,3.1151620102319955,9.085724630874402,0.43202508104030424
7321,3.1152986145349635,9.085788303928688,0.4346087748702297
7322,3.1154351558875364,9.08585240765199,0.43715388230958463
7323,3.1156357969427,9.085947098501864,0.4409255681296746
7324,3.1158360952521305,9.086042480093367,0.44465621478358724
7325,3.11596938048969,9.086106680624265,0.4471214759854939
7326,3.1161013729961136,9.086170498080115,0.44957064175584094
7327,3.116231735742049,9.086233857305498,0.45200823996283757
7328,3.1164253258618833,9.086328930240462,0.45565160313185404
7329,3.1165516007624907,9.086391415674377,0.4581349588348374
7330,3.1167375833346593,9.086483912675277,0.46196673203388106
7331,3.1168583361278097,9.086544666460027,0.46462906613708066
7332,3.1170359555017018,9.086634767027968,0.46881991456755995
7333,3.1171540384312713,9.086695192718503,0.47169032135829997
7334,3.117330848508995,9.086786419248414,0.47604161206090234
7335,3.1174484341760387,9.086847557663916,0.47882434356620035
7336,3.1175662376045774,9.086909320436973,0.48141161614105304
7337,3.1176823194601355,9.086970463384612,0.48386638698170903
7338,3.11779829659831,9.08703198382392,0.48622911354096354
7339,3.1179142771711557,9.0870937795082,0.48852548546799923
7340,3.11803019861143,9.087155917179466,0.4907720724947068
7341,3.1182007518065644,9.087247646383773,0.4940698194104497
7342,3.1183140498299835,9.08730930285991,0.49622899984387664
7343,3.1184806321552494,9.087400326130867,0.49943556224674757
7344,3.11864678620036,9.087491621218641,0.5026119576101927
7345,3.1187564021293728,9.08755235979987,0.5047105506212642
7346,3.1189186345148743,9.087642751340693,0.5078387696719218
7347,3.1190253983163387,9.087702690143551,0.5099170181726148
7348,3.119130603685046,9.08776180241372,0.512036167403584
7349,3.1192355260848688,9.08782112065652,0.514181855034469
7350,3.119388551266064,9.087908554529433,0.5174904218768868
7351,3.1194902812870833,9.08796695560273,0.5197508009736124
7352,3.1196388038602265,9.088052480771635,0.5232469923134243
7353,3.1196881036406543,9.088081198212452,0.5244391768785426
7354,3.119785482594625,9.08813812422286,0.5268536600507229
7355,3.1199289098537717,9.088222367503738,0.5306045174219298
7356,3.120024281607187,9.088278760553422,0.5331522503080258
7357,3.1201195335711818,9.088335454778791,0.5357123205831283
7358,3.1202624032686033,9.088421035199804,0.5394000875497853
7359,3.120357992921431,9.088478616539883,0.5415700715744971
7360,3.120452229797171,9.088535702548008,0.5435790211456445
7361,3.1205464670604237,9.088593080874064,0.5454768570753181
7362,3.1206407550520514,9.088650690004027,0.5472953359496017
7363,3.120734224604364,9.088707962163301,0.549055640315048
7364,3.1208266820046187,9.088764689654178,0.5507730598468804
7365,3.1209189748151007,9.088821673449765,0.5524560789649144
7366,3.12101031347777,9.088878479573902,0.5541111267644308
7367,3.1211006248795723,9.0889346884867,0.5557469507313834
7368,3.121190898621841,9.088990953627336,0.5573646084796334
7369,3.121323428344966,9.089074044925312,0.5597549580902916
7370,3.121411643844094,9.089129665228501,0.5613242575262402
7371,3.121543978152765,9.089213318585909,0.5636430926608829
7372,3.1216313169070644,9.089268773053888,0.5651660135496996
7373,3.1217606199263948,9.08935127030167,0.567416592732618
7374,3.1218459918490815,9.089405908787484,0.5688978100777935
7375,3.1219721960527247,9.089487098768418,0.5711192514769995
7376,3.1220553960827386,9.089540741127985,0.572600360233176
7377,3.122137417378022,9.089593769703434,0.5741103274911066
7378,3.12221822646787,9.089646465113642,0.5756443643353886
7379,3.122337663054256,9.089724511460895,0.578022267024724
7380,3.1223775018060915,9.089750508447365,0.5788269461682328
7381,3.122456147227803,9.089802017310392,0.5804496424561939
7382,3.1225720824920766,9.089878764861066,0.5829546688687707
7383,3.1226492475510526,9.089929924925574,0.584648833249536
7384,3.1227256489647237,9.089980521605971,0.586353901966755
7385,3.1228008390849915,9.090030685440356,0.588096444638237
7386,3.122875669082119,9.0900810730463,0.5898617452395413
7387,3.1229857732049355,9.090155295317501,0.5925698162718122
7388,3.1230589353530647,9.09020458185751,0.5944081164617373
7389,3.123131951959254,9.090254218517064,0.5962535029492141
7390,3.1232386388715603,9.090327363382448,0.5990748602962668
7391,3.1233095190375604,9.09037601205744,0.6009902096089106
7392,3.123415030735224,9.090448683446139,0.6038819129454617
7393,3.1234838371802303,9.09049646799117,0.605852948855185
7394,3.12355252689454,9.09054443337807,0.607848553899995
7395,3.123656586040611,9.090616996951136,0.6104639491218322
7396,3.1237262115623627,9.090665990040259,0.6118921881130901
7397,3.1238297536216346,9.090739146592252,0.6137501892761744
7398,3.1238984436464428,9.090787554557453,0.6148639198324424
7399,3.1239671845124386,9.090836217097202,0.6159112756128087
7400,3.1240682699899875,9.090908151919088,0.6173958617249518
7401,3.124101910046952,9.0909321044123,0.6178734768463457
7402,3.1241692443569176,9.090980073070412,0.6188086470318438
7403,3.1242683720578155,9.091050786552458,0.620157856793326
7404,3.1243343188553077,9.0910980285642,0.6210248779806092
7405,3.1244311914973033,9.091167642081675,0.622293228481444
7406,3.124495820765697,9.09121400534196,0.6231222183823261
7407,3.1245913942527928,9.09128270950111,0.6243481282701572
7408,3.124654489659198,9.091328393253168,0.625160830149172
7409,3.1247175434619576,9.09137413272455,0.6259677066178112
7410,3.1248103531851403,9.091441215590102,0.6271582820645739
7411,3.124902964947453,9.091508512490652,0.6283214718107806
7412,3.1249641079369854,9.091553129673928,0.6290841253891488
7413,3.1250546525231555,9.091619216448649,0.6302223882328105
7414,3.1251451984744643,9.09168535740758,0.6313488782773242
7415,3.125205016879842,9.091729189414119,0.6320889832503109
7416,3.1252640851010556,9.091772546906544,0.6328101681228729
7417,3.1253514627045114,9.091836813343702,0.6338615305694799
7418,3.1254093158475365,9.091879370180303,0.6345466636845274
7419,3.1254671435000274,9.091921986172876,0.6352206298363594
7420,3.1255519829917104,9.09198475851581,0.6362284242410661
7421,3.125636843730397,9.09204747792392,0.637236352620232
7422,3.1256932045036003,9.092089413703372,0.6379034324843045
7423,3.125748570145355,9.092130458996037,0.6385627705702673
7424,3.125803879931299,9.092171549187764,0.6392121817149847
7425,3.1258856190048134,9.092232546546297,0.6401745655099049
7426,3.1259396702509967,9.092272771781882,0.6408160746009689
7427,3.126018959888825,9.092331945948809,0.6417940146725118
7428,3.126071621138794,9.092371452747722,0.6424565491235783
7429,3.12614964691857,9.092430096374805,0.6434607952991107
7430,3.126201418510626,9.092468838615257,0.6441426081650931
7431,3.1262524937657497,9.092507304818772,0.6448303659069324
7432,3.126302810034406,9.092545339631476,0.6455334484842513
7433,3.126353229547573,9.092583319363424,0.6462456760896149
7434,3.1264031327794837,9.09262097020172,0.6469635017109197
7435,3.1264522675938724,9.092658194833772,0.6476967574948449
7436,3.126476822576467,9.092676825364332,0.6480672579265182
7437,3.126525912228745,9.092714083603951,0.6488115953632395
7438,3.1265740388468277,9.092750585334947,0.6495673927852562
7439,3.12662193551345,9.092787017042099,0.6503370775893298
7440,3.126692156614516,9.092840683631849,0.651524947601934
7441,3.1267389876639107,9.092876314499232,0.6523351174817226
7442,3.126832148380923,9.092947907652622,0.6539641584862154
7443,3.1268778955116643,9.092982962841448,0.6547867062598461
7444,3.1269234633657135,9.093017853082708,0.6556217278885117
7445,3.1269689094702655,9.093052937726737,0.6564611382225308
7446,3.1270134079959755,9.09308741954953,0.6573123262810823
7447,3.127079534021245,9.093138439922756,0.6586179796502506
7448,3.127144416635236,9.093188915687682,0.6599691898078757
7449,3.127187086317689,9.093222291920746,0.6608870918488938
7450,3.127250521918363,9.093271463867202,0.6623051162275476
7451,3.1272925722777862,9.093304314163277,0.6632638527432109
7452,3.1273546686725635,9.093353247916554,0.6647177823678518
7453,3.1273957416467697,9.093385351611007,0.6657086379115212
7454,3.1274367682010333,9.093417546836854,0.6667063359959589
7455,3.1274969090478577,9.093465230923076,0.6682276869780351
7456,3.127537019738056,9.09349688158626,0.6692560732930061
7457,3.127577228917839,9.093528515174905,0.6702861332385406
7458,3.1276163135461044,9.09355963346064,0.6713279979827997
7459,3.127635776518379,9.093575232932048,0.6718559523691165
7460,3.127674699930129,9.093606455500533,0.6729188045083844
7461,3.1277328241997537,9.093652698304343,0.6745204279962311
7462,3.1277897648869044,9.093698429409265,0.676158588869641
7463,3.127827635151269,9.093728942844068,0.6772612830620105
7464,3.127864720550285,9.093758706018633,0.6783799687541636
7465,3.1279016562002204,9.093788534764107,0.6795185516142451
7466,3.1279384084253583,9.093818520149242,0.6806650833987626
7467,3.1279744621661134,9.093847746148576,0.681828820657677
7468,3.1280104896344993,9.093876888227758,0.6830135721706158
7469,3.128065227390302,9.093921336567954,0.6843683005525388
7470,3.1281020979520133,9.093951701475593,0.6849229784505434
7471,3.1281576249472924,9.093996981776572,0.6854513565793332
7472,3.1281942321277323,9.09402706905704,0.6856874302250466
7473,3.1282309209559718,9.094057126636223,0.6858686016495121
7474,3.128285001455579,9.094101419616996,0.6860606453626248
7475,3.1283208412327963,9.094130749006183,0.6861496525388981
7476,3.1283562793034285,9.094159762733506,0.6862191671817899
7477,3.1283916174105824,9.09418871324637,0.6862754934306474
7478,3.128427046396544,9.094217766759526,0.6863228660232557
7479,3.128479670867062,9.094260828560147,0.6863842727244469
7480,3.1285144656053174,9.094289360232038,0.6864226783384475
7481,3.128565790026099,9.09433128814238,0.6864755377759668
7482,3.1285997974630924,9.094359272016106,0.686507519146913
7483,3.128633959744709,9.094387275678804,0.686537826614336
7484,3.1286844312775117,9.094428662143839,0.6865809738408595
7485,3.1287178660463093,9.094456029593424,0.686608643089038
7486,3.128750967995983,9.094483191894659,0.6866366074304314
7487,3.1287836637733393,9.094510013240287,0.6866701229129819
7488,3.1288163864644485,9.094536821661055,0.686707944447926
7489,3.128848786552423,9.094563410795207,0.6867484232071693
7490,3.1288807485713623,9.09458960635949,0.6867905817118223
7491,3.1289127642110977,9.094615828428067,0.6868336718259636
7492,3.128960526058152,9.094655066087345,0.6868980696300564
7493,3.1289918230667353,9.094680800946875,0.6869356799919359
7494,3.1290388875045196,9.094719252382678,0.6869847847211038
7495,3.12908504282642,9.094757113438137,0.6870266184888785
7496,3.129115687600115,9.094782291075179,0.6870512068348534
7497,3.129160868638965,9.094819378875702,0.6870940142735854
7498,3.129190970700555,9.094843996906052,0.687128319212852
7499,3.129220998031213,9.09486861159701,0.687165217357877
7500,3.1292504298117856,9.094892842437202,0.6871994369886603
7501,3.1292798382130798,9.094917093137603,0.6872280434824329
7502,3.1293092945783525,9.094941282448854,0.6872528622414916
7503,3.129338176416112,9.094964757391317,0.6872947139612892
7504,3.1293669568433207,9.094988285091487,0.6873647282810362
7505,3.12939550927116,9.095011948754587,0.6874529172688845
7506,3.1294236340514927,9.095035179302421,0.6875332096803517
7507,3.1294519251205934,9.095058234248567,0.687590768614662
7508,3.1294942297732904,9.095092911465644,0.687649909344284
7509,3.129535681662971,9.095127227206426,0.6876895761544821
7510,3.129563474770337,9.095149930857655,0.6877098075016579
7511,3.1296043479184985,9.09518348073547,0.6877344599751137
7512,3.12963144821402,9.095205749971662,0.6877484527571704
7513,3.129671433029853,9.095238636006078,0.6877578058851821
7514,3.1296980464097097,9.0952605743202,0.6877555299528139
7515,3.129737817626089,9.095293111990813,0.6877398804901731
7516,3.129763982258328,9.095314586042617,0.6876948181292445
7517,3.1297900998512906,9.095336065898138,0.687624778706506
7518,3.1298287809708953,9.09536799355128,0.6875147121731658
7519,3.129854518499588,9.095388975783951,0.68747405171295
7520,3.129892251195749,9.09542004377434,0.6874456194567015
7521,3.1299172996532465,9.095440614707153,0.6874402114529921
7522,3.1299541769304953,9.095470609702835,0.6874137646009351
7523,3.1299786610098375,9.095490923699368,0.6873768208546603
7524,3.1300031402287263,9.095511093263202,0.6873307341313938
7525,3.1300272562176827,9.095530847483278,0.6872829508311289
7526,3.130051402940664,9.09555051381152,0.6872378822423884
7527,3.1300753489996995,9.095570235193055,0.6871946751770043
7528,3.1300988519719555,9.095589631514015,0.6871561238106939
7529,3.130122421316796,9.095609006130159,0.687123647674126
7530,3.1301460075474563,9.095628200266871,0.6870953648406034
7531,3.1301692805207963,9.095647320144042,0.6870727177479968
7532,3.1301922641989752,9.095666232433326,0.6870690109136549
7533,3.130215238405996,9.09568509839183,0.6870800455135714
7534,3.1302490818512174,9.09571290102744,0.6871138733974906
7535,3.130282977149264,9.095740639118617,0.68715967199854
7536,3.1303052334223596,9.09575890331817,0.6871937525882827
7537,3.1303273307697936,9.095777008405953,0.6872295555937282
7538,3.1303492013622205,9.095795015992396,0.6872666344910069
7539,3.13037073937855,9.095812755946273,0.6873061411100364
7540,3.1303923593908287,9.095830414183986,0.6873474011554164
7541,3.130424449414904,9.095856670856413,0.6873702012406846
7542,3.1304456933740137,9.095874123870244,0.6873097676029023
7543,3.1304670014545906,9.095891738949542,0.6872085224651987
7544,3.1304882854658485,9.095909172730172,0.6870818388182673
7545,3.1305092582325944,9.095926359117975,0.6869440011734933
7546,3.130529985457344,9.095943447141376,0.6868097563450876
7547,3.1305607059991556,9.095968507267829,0.6867067130027563
7548,3.1305810377545926,9.09598527126361,0.6866856822908789
7549,3.1306109926046535,9.096009762937834,0.6866957349409651
7550,3.130630927149355,9.096025979717894,0.6867195582396153
7551,3.1306507507975323,9.096042361742565,0.6867515143414921
7552,3.130680108452753,9.096066412821388,0.6867446776856634
7553,3.130709467390477,9.096090488218493,0.6866574752903147
7554,3.1307288831045446,9.096106495529904,0.6865756602655034
7555,3.1307577939162345,9.096130043994487,0.6864472308859658
7556,3.130776652625318,9.096145526725094,0.6863640873506869
7557,3.1307955188377665,9.096161029558894,0.6862861498596229
7558,3.1308142811660518,9.096176354352782,0.6862120055299357
7559,3.1308422267965885,9.096199157621962,0.6861085467622535
7560,3.130869793921779,9.096221911719486,0.686018000375076
7561,3.130897312751392,9.096244284863156,0.6859360182781581
7562,3.130915404588564,9.096259168110633,0.6858857768781673
7563,3.130942452732063,9.096281374193493,0.6858154574948547
7564,3.1309602669973478,9.096295890363711,0.6857739164475471
7565,3.130978039384093,9.096310253097574,0.685738278858619
7566,3.1309953083634063,9.096324488932256,0.6857115189885936
7567,3.131021132912473,9.096345871212522,0.6856897143477061
7568,3.131038389402853,9.096359736979363,0.6856836741877768
7569,3.131055397296707,9.096373511581156,0.6856855971304217
7570,3.131072168581743,9.096387406064487,0.6856932348147312
7571,3.1310973075605038,9.096408109294561,0.6857122010647813
7572,3.1311139210554644,9.096421501711342,0.6857325610102827
7573,3.1311304484957745,9.09643510552285,0.6857577202426319
7574,3.1311547769175596,9.096455122746121,0.6858069525005496
7575,3.1311709956573788,9.096468231141728,0.6858532260696225
7576,3.131186851167219,9.0964812065849,0.6859118836469194
7577,3.131202492756546,9.09649414190128,0.6859833307791314
7578,3.131218200365959,9.09650708691652,0.686062967887836
7579,3.131233746258406,9.096519654936499,0.6861361627276065
7580,3.131256931034564,9.096538639866871,0.686219634621911
7581,3.131272362227262,9.096551293561198,0.6862641645756339
7582,3.131295002256419,9.09656991989312,0.6863697684398172
7583,3.1313100069920896,9.096582256287396,0.6864746693227634
7584,3.1313325275557147,9.096600517696974,0.6866467106076679
7585,3.131347346060976,9.09661272269753,0.6866840751866744
7586,3.1313696104656983,9.096631209359204,0.6866326079408168
7587,3.13138428060004,9.096643168099204,0.686619921102666
7588,3.131398802550041,9.096654865504565,0.6866867217394763
7589,3.1314202048001016,9.096672540882276,0.6868428334054958
7590,3.1314272503924605,9.096678388204033,0.686882749756556
7591,3.131441484721143,9.096689952437623,0.6869468742744834
7592,3.131455627783883,9.096701513756933,0.6869957742023894
7593,3.131469643096771,9.096713019622964,0.6870344109750862
7594,3.1314836214945023,9.096724525416198,0.6870661043203666
7595,3.1315041477180925,9.096741484821552,0.6871584691501144
7596,3.131510942222711,9.096746982168607,0.6872293303669327
7597,3.131524315933551,9.096757946415956,0.6874153364830035
7598,3.1315441979251855,9.096774215096337,0.6876622075346995
7599,3.1315574405507793,9.096785113388,0.6877718198856877
7600,3.131577010570445,9.096801341008213,0.6878801941789996
7601,3.131590131031643,9.096812014655113,0.6879261167440804
7602,3.131603270512789,9.096822803397835,0.6879588712129426
7603,3.131622512846051,9.096838668695629,0.6880005653867501
7604,3.1316353791839586,9.096849273486736,0.6880283380398574
7605,3.131654306817625,9.096864821319107,0.6880697091404623
7606,3.1316669101818673,9.096875133234102,0.6880970135376973
7607,3.1316795025077404,9.096885520846667,0.6881240149309077
7608,3.13169191204043,9.096895726233697,0.6881496922309208
7609,3.131704247489569,9.09690589860198,0.6881689485939971
7610,3.131722713648072,9.09692108050701,0.6881887911145058
7611,3.13173482655337,9.09693092892657,0.688198273057597
7612,3.1317469135757032,9.096940946032039,0.688205776391904
7613,3.131764788202113,9.09695571074226,0.6882147597811977
7614,3.1317767273570016,9.096965424879395,0.6882198312803038
7615,3.131800294345584,9.09698487542176,0.6882326198597152
7616,3.1318118891080395,9.09699442713457,0.6882469548096773
7617,3.131817655107989,9.09699919111871,0.6882557027593821
7618,3.1318291220107097,9.097008542622849,0.6882713134158366
7619,3.1318404616891575,9.097017950083329,0.6882825397523991
7620,3.1318518026828284,9.097027303197379,0.6882908948177155
7621,3.1318632165281515,9.097036550456778,0.6882973730679531
7622,3.1318743426895974,9.097045675233225,0.6883024835704542
7623,3.131885459860899,9.0970549679795,0.688306644548291
7624,3.1318965504273035,9.097064106384215,0.6882949816491282
7625,3.1319076835303092,9.097073124253184,0.688192208805345
7626,3.131918940969033,9.09708229450828,0.6880177835370898
7627,3.131935386948041,9.097096105156881,0.6876899637518281
7628,3.131946496605307,9.097105120830635,0.6874517929903082
7629,3.1319576522515917,9.097114181872968,0.687205080456148
7630,3.131968505926114,9.097123116096217,0.6869502485642248
7631,3.13198483160252,9.097136570157836,0.6865554502020107
7632,3.131995679985659,9.097145470134913,0.6863028355355962
7633,3.132006193327941,9.097153974719525,0.6861341641998858
7634,3.1320166506365883,9.097162598964301,0.6860325181267889
7635,3.132026858028159,9.097171005722455,0.6859755443723036
7636,3.132037047799657,9.097179193525605,0.6859483481707116
7637,3.1320470894890304,9.097187405550256,0.6859408052718732
7638,3.1320617320558606,9.097199504646229,0.6859524165890901
7639,3.132071606706692,9.097207559913745,0.6859695894731392
7640,3.1320814457187973,9.097215587738463,0.6859912620064921
7641,3.1320911505082867,9.097223548040756,0.6859723987174928
7642,3.132100988056417,9.097231619776991,0.6858886756453516
7643,3.1321106008882023,9.09723941421989,0.685805902853465
7644,3.1321200956903317,9.097247266912637,0.6857622202666628
7645,3.132129639110422,9.097255168386612,0.6857445329782467
7646,3.13213908189836,9.097262716234235,0.6857441663229509
7647,3.132152967096501,9.097274121338282,0.6857635203243225
7648,3.1321620984869987,9.097281730512455,0.6857845151399918
7649,3.132176005324751,9.09729294743006,0.685771222910806
7650,3.132185284612696,9.097300408313828,0.6856682282376518
7651,3.132194314252494,9.097307947859393,0.6855388102452579
7652,3.1322034167395665,9.097315481816228,0.685414081376918
7653,3.132212546047054,9.097322780280274,0.6852930126066583
7654,3.13222577405715,9.097333696198252,0.6851741632882316
7655,3.1322344637551347,9.097340903568549,0.6851436329740329
7656,3.1322475218156347,9.097351498399783,0.6850979663710745
7657,3.1322561996849227,9.097358508438235,0.6850059713714611
7658,3.132264968112795,9.097365582677229,0.6848800439471721
7659,3.1322776881360856,9.097376120281469,0.6847079259642213
7660,3.1322904526639066,9.09738657807707,0.6845852621884396
7661,3.1323028463409566,9.097396602048814,0.6845240349671435
7662,3.132311013242988,9.097403361601351,0.6845192458126159
7663,3.1323191906404184,9.097410032555207,0.6845321326331517
7664,3.132327223619352,9.097416466773554,0.6845487215728802
7665,3.1323352753417084,9.097422981163792,0.6845606357779163
7666,3.132347113410609,9.097432743959665,0.6845532124747874
7667,3.132355065916506,9.09743925114995,0.6845091361176595
7668,3.1323628948013,9.097445722851733,0.6844454688255792
7669,3.1323747297266333,9.09745520945844,0.6843411322635735
7670,3.1323863875669637,9.097464812265866,0.6842329007630277
7671,3.1323941539533378,9.09747121351984,0.6841543746444995
7672,3.132401905094086,9.097477423129785,0.6840424991935554
7673,3.132413606842502,9.09748691520133,0.6838289982839214
7674,3.1324211969366393,9.097493294512145,0.6836802225124917
7675,3.132428769042347,9.097499353463993,0.6835924125454838
7676,3.1324398593475618,9.097508406323886,0.683552980445503
7677,3.1324469804087505,9.097514231166993,0.6835940046965827
7678,3.1324576474036303,9.097522954725896,0.6837225365015202
7679,3.13246806349533,9.097531353983891,0.6838438607507842
7680,3.132478339213517,9.097539736134372,0.6839497968137127
7681,3.1324851734594925,9.097545328205193,0.6840197267845134
7682,3.132495456916666,9.09755373909914,0.6841238759336413
7683,3.13250532854799,9.097561696116633,0.6843075041083936
7684,3.1325117972507224,9.097567092863043,0.6844932428796545
7685,3.13252129295059,9.097574913780035,0.6847764577895121
7686,3.1325278308451554,9.097580052494726,0.6849474313511603
7687,3.132537144913138,9.097587703749692,0.6851960429159406
7688,3.132543332811798,9.097592943705191,0.685371323667892
7689,3.1325495976464666,9.097597986264278,0.6855515187970584
7690,3.1325587098132988,9.097605413269896,0.6858428511193665
7691,3.1325646822734656,9.097610479814183,0.6860511512034843
7692,3.1325705983362164,9.097615240938644,0.6862755312119062
7693,3.1325765788104416,9.097620010955387,0.686518411923278
7694,3.1325823564772532,9.097624798124142,0.6867724408867384
7695,3.132588127838009,9.097629663774942,0.6870206823721682
7696,3.1325940253185722,9.097634473830706,0.6871998523630054
7697,3.1326000176472966,9.097639190299684,0.6873232644631073
7698,3.132608807149971,9.09764654956916,0.6873942126532943
7699,3.1326117772833793,9.097649020645875,0.6873898497551301
7700,3.132617869128944,9.0976540324881,0.6873536414910089
7701,3.13262684113262,9.097661392788403,0.6872763066148175
7702,3.132632721754961,9.09766626168454,0.6872488373645493
7703,3.132638486232787,9.097671038323798,0.687258951471813
7704,3.132643961079298,9.097675508555655,0.6874175218734977
7705,3.1326519105338986,9.09768203313488,0.6878587662313277
7706,3.1326597988139264,9.097688458085903,0.6882525538746577
7707,3.132664972793222,9.097692805689027,0.6884382895085789
7708,3.132670066601747,9.097696969238397,0.6887481303825712
7709,3.1326748766315147,9.09770091928644,0.6891617414019647
7710,3.132679670073179,9.097704913668734,0.6896421220779726
7711,3.1326842134473813,9.097708772664397,0.6901684129736609
7712,3.1326887402912833,9.097712442188401,0.6907427908319825
7713,3.132695393781992,9.097717932268605,0.6916605687970566
7714,3.132699714778464,9.097721635459877,0.692292073605223
7715,3.1327046556438125,9.097725494812915,0.6926450302674866
7716,3.1327100748934407,9.097729824637256,0.6925611454351397
7717,3.1327156713034463,9.097734711876244,0.6922316741768862
7718,3.132723904038702,9.097741680844733,0.6918642400970408
7719,3.1327294173185636,9.09774609081556,0.691703591378834
7720,3.132736503968397,9.097752243657707,0.6919022355032495
7721,3.1327409094736423,9.097755862239671,0.6923569820225723
7722,3.132745405189697,9.09775935743722,0.6927943571178643
7723,3.13274993845944,9.097763071220555,0.6930661038944618
7724,3.132754685015132,9.097767030936918,0.6931880012654109
7725,3.1327597347294756,9.09777136063304,0.6930014189036107
7726,3.1327652560404418,9.09777586383427,0.6925812598604284
7727,3.132773679221957,9.097782820857017,0.6917511393319661
7728,3.132779195969338,9.097787464125847,0.6912189792949245
7729,3.1327846413393865,9.09779199726117,0.6907065861138495
7730,3.1327931034829692,9.097798817877065,0.6898926663575876
7731,3.1327987390102057,9.097803489719233,0.6892280651784357
7732,3.1328073686329008,9.097810685888541,0.6881191841226652
7733,3.13281596026872,9.097817686335228,0.6870133132142409
7734,3.1328242742086396,9.097824381915565,0.6860891733257405
7735,3.132829794002837,9.09782894885059,0.6853988538396711
7736,3.132835415643433,9.09783345443514,0.6846362237782934
7737,3.132841070313412,9.09783813052828,0.6838528044957276
7738,3.1328437816408963,9.09784037660845,0.6835045067202391
7739,3.1328464177468183,9.097842565525422,0.6831856857278191
7740,3.132854257854802,9.097848876185711,0.6823587223162113
7741,3.132859322870019,9.097852823541572,0.6818819563025909
7742,3.1328643209545777,9.097856882976256,0.6814437142279905
7743,3.1328691476242367,9.097860894704509,0.6810327322853682
7744,3.132873893223734,9.09786479450904,0.68064148903988
7745,3.1328787262213105,9.097868613873121,0.6802648149279923
7746,3.132885155451918,9.097874054664063,0.6800523663909323
7747,3.132888561954128,9.097876707522499,0.680543340108101
7748,3.132892712098357,9.097880067981801,0.6818794302111473
7749,3.1328949598884313,9.09788192495046,0.6830372641151942
7750,3.1328969275384604,9.097883566311989,0.6843474958965883
7751,3.1328994175021876,9.097885667369436,0.6866133398734684
7752,3.1329009832616497,9.097887020402549,0.6894089862545266
7753,3.132901747043272,9.097887689144882,0.6914422372811625
7754,3.1329034213368514,9.097888664589266,0.6930575945356894
7755,3.1329057945965215,9.09789069294214,0.6939572269914782
7756,3.132910515487385,9.097894952117802,0.694465872408592
7757,3.1329142275823934,9.097897979375642,0.6944573332535093
7758,3.1329201211647892,9.097902943214883,0.6942242402899261
7759,3.132923991395147,9.097906122403879,0.6940958511615
7760,3.1329280078247934,9.097909333616247,0.6939518150711859
7761,3.1329342461205423,9.097914670701657,0.6933568343948319
7762,3.132938765104307,9.097918447959614,0.6927794680301659
7763,3.1329433010608025,9.097922150578812,0.6921325400813397
7764,3.132947773114277,9.097925908357894,0.6915281019670572
7765,3.13295216704153,9.09792951681314,0.6909667373513566
7766,3.132956588758161,9.097933114220403,0.6904170928028522
7767,3.132961039973583,9.097936820654336,0.6897774584449556
7768,3.1329655910011875,9.097940563746459,0.6890662234185451
7769,3.132972598944666,9.097946230830757,0.6879138406898916
7770,3.1329772609236066,9.097949966168287,0.6871028254122402
7771,3.132984275106523,9.09795584055264,0.6858525905298479
7772,3.1329889856113193,9.09795952270178,0.6849944810594635
7773,3.132995956436051,9.097965243041992,0.6836745943276052
7774,3.1330004795668223,9.097969063828948,0.6827692147985657
7775,3.133005211131216,9.097972861772796,0.6818542734854931
7776,3.1330119658773583,9.097978269457855,0.6806582704629236
7777,3.13301583010647,9.09798144203963,0.680201480971215
7778,3.133019518496631,9.097984445531875,0.6799314294819985
7779,3.1330253018599596,9.097988787404834,0.679313374481886
7780,3.1330294638123686,9.09799221815065,0.6786478333431771
7781,3.1330337940490676,9.097995760619172,0.677861345350751
7782,3.1330382557943808,9.097999278702263,0.6769980285516662
7783,3.1330425941989795,9.098002681702246,0.6762127498629574
7784,3.133046251936253,9.098005959977648,0.6756701136300907
7785,3.133050513843633,9.098009329197302,0.6758930757105209
7786,3.1330525586208866,9.098010900543347,0.6765229959345614
7787,3.1330542680147464,9.098012243174086,0.6773827591086333
7788,3.1330562242590867,9.09801388485969,0.6789094656658734
7789,3.1330580953858984,9.098015397698532,0.6805875316408195
7790,3.1330591521454547,9.098016246806774,0.6817541380249278
7791,3.133059619523754,9.09801667438552,0.6823478808442892
7792,3.1330609569834995,9.098017544861065,0.6834361069902021
7793,3.1330631237421884,9.098019220487645,0.6838698179431739
7794,3.1330659414987814,9.098021683963351,0.6837835005749798
7795,3.133071108617143,9.098025957221072,0.6830834184856021
7796,3.133074921193307,9.09802901364692,0.6823976002969349
7797,3.1330807661586877,9.098033879903253,0.6811855406326459
7798,3.133084881903165,9.09803717512934,0.6803060362543872
7799,3.133089014927684,9.098040439433095,0.6793925839434992
7800,3.1330951963221634,9.098045394924055,0.6779640102310468
7801,3.133099309766101,9.09804867650201,0.6769873085072761
7802,3.1331055946349182,9.098053621911152,0.6754763607648715
7803,3.1331097283992753,9.098056961617505,0.6744529507133619
7804,3.1331139254185025,9.09806026089776,0.6734260284678348
7805,3.135411397696494,9.099875745649467,0.6659494725903166
7806,3.1385446364448493,9.102314537455324,0.653727237756883
7807,3.143307460360309,9.105921897971735,0.6433787831671306
7808,3.146501457787234,9.1083082155685,0.6402505097489091
7809,3.151299467818253,9.111870726511537,0.637279526521077
7810,3.1562435911229345,9.115523665698108,0.6353081069785178
7811,3.1595484685776385,9.117957661282684,0.6342117172786994
7812,3.1628557149943566,9.120387874802278,0.6332256122873148
7813,3.1677682876593667,9.123989144621145,0.6318741181885
7814,3.171043545428137,9.12638493592104,0.6310264749237536
7815,3.1742565087869123,9.128730891614483,0.6302337380226243
7816,3.177465726197095,9.131069975449142,0.6295018910347161
7817,3.182178206717335,9.13449917020187,0.6285462580401454
7818,3.1853172053788974,9.13677982134972,0.6279959478664621
7819,3.188457391747637,9.13905846918752,0.6274899353552975
7820,3.1930684670338763,9.142400598294644,0.6268590845304768
7821,3.1961394663442237,9.144624242213798,0.6265210037699821
7822,3.199181203249167,9.146825255081376,0.6262348457273307
7823,3.2021831011541213,9.148996202288386,0.6260387615797287
7824,3.206685708628006,9.152251153608422,0.6258641718879283
7825,3.2110905316125695,9.155434886373472,0.6258653237782393
7826,3.2140230532509797,9.157554607755097,0.6259655011142152
7827,3.2183924860124487,9.160713969349736,0.6262134489651611
7828,3.2212565402777,9.162786142653013,0.6264933802298104
7829,3.224058554167629,9.164814913523179,0.6269030760812
7830,3.2268541304145058,9.1668409259429,0.6274441548144913
7831,3.229648400460415,9.1688683753959,0.6280699621233011
7832,3.232441222590525,9.170897500967317,0.6287495800086382
7833,3.2351734752846832,9.172885830952103,0.6295227761407821
7834,3.2378988657969225,9.174872607954034,0.6304077047574767
7835,3.241956336604061,9.177837641057168,0.6318770799401818
7836,3.2446133600240463,9.179784431554651,0.6330178441163902
7837,3.2472676515117964,9.181734167722169,0.6342624078105182
7838,3.2511968768838395,9.184630387467726,0.6363047797001886
7839,3.253792882945728,9.186551033679187,0.6378247186151976
7840,3.2563603135206827,9.188456779206797,0.6394450830428028
7841,3.2588898581238888,9.190341008497835,0.6412460497257932
7842,3.261415523015666,9.192229527367367,0.6431772258661419
7843,3.265197018058163,9.195072033821349,0.6462110664904629
7844,3.2676591765242993,9.196932861697572,0.6483764576193857
7845,3.2701125895609007,9.19879546857644,0.650703982997595
7846,3.2725083903580177,9.200623613648368,0.653240300640082
7847,3.274894617125618,9.202454447998392,0.6560018957848787
7848,3.2772755874412027,9.204291776199671,0.6589020932738323
7849,3.2796001535285866,9.206096904670302,0.6620073108750059
7850,3.2819143574967966,9.207905826748982,0.6653453757581526
7851,3.285323692824228,9.210594539267937,0.670741603440169
7852,3.2875669381012043,9.212380592612519,0.6746904544362258
7853,3.2898027862390635,9.214175420882565,0.6788088614148898
7854,3.292008524812416,9.215961559442952,0.6830681743403526
7855,3.294175948980306,9.217732413742407,0.6876386247051075
7856,3.2963345096913343,9.219512848991414,0.692431657035976
7857,3.299482367487937,9.222142164145023,0.7002501189102305
7858,3.3015657895776793,9.22390639018677,0.705851244979477
7859,3.304647600095352,9.226554009726632,0.7145874300452185
7860,3.3066486333787504,9.228298950157269,0.720805745099992
7861,3.308616460782744,9.230037212563179,0.7273083274672836
7862,3.3105434306995196,9.231762384621886,0.7341790685287195
7863,3.3124578310116943,9.23350026760905,0.7412965400784368
7864,3.3152811106669686,9.236109831140116,0.7522518271713547
7865,3.317105691526508,9.237828071615212,0.7599217670101069
7866,3.3188927369933854,9.239537448242135,0.7678700164149456
7867,3.3214987346284848,9.24208122380498,0.780553953538943
7868,3.323217137031045,9.24379496165108,0.7893139924315328
7869,3.3248983952141535,9.245501461186947,0.7982371357395895
7870,3.327346354457824,9.248043136890248,0.8122565464700716
7871,3.328957545360627,9.249756040961595,0.8218513212132835
7872,3.3305521119510817,9.251484132885448,0.8315249443937666
7873,3.3320860387741136,9.25317933427008,0.841416143086763
7874,3.334348710165068,9.25574332392636,0.85674244948073
7875,3.3357130934204875,9.257329623321839,0.8670772875552448
7876,3.3370504107665795,9.258917409587784,0.8773928401429594
7877,3.338210057657818,9.260322507868533,0.887394234331992
7878,3.339342253590638,9.261722358901274,0.8969184005223659
7879,3.3404614978632745,9.26313276048506,0.9060942196772153
7880,3.342706963414305,9.266029421702784,0.9234778602421221
7881,3.343659294749191,9.267298671977235,0.9379211751613208
7882,3.3445465590129886,9.268517905954921,0.9520281705216701
7883,3.345357330198962,9.26966548168117,0.965831433906423
7884,3.346151831570655,9.270823946084311,0.9793896974808644
7885,3.3468973131202566,9.271942260436798,0.9927453695702132
7886,3.3479214342641073,9.273533630987046,1.0124159695744832
7887,3.34858666381267,9.27460539090705,1.0253367407481448
7888,3.3492379571596533,9.27568568318111,1.0381351215781045
7889,3.3498274873912073,9.276691493233933,1.0508118198044334
7890,3.3504005547955678,9.27769771889759,1.063372187321637
7891,3.3512073003352483,9.279166068852573,1.0820319215811482
7892,3.351717643777299,9.28013077374325,1.094359732875772
7893,3.3522161690766303,9.281101224545122,1.1066217787722903
7894,3.3526915190019775,9.282054373328485,1.1188311837836926
7895,3.353140167968956,9.282982045698423,1.130983065835951
7896,3.35357725899224,9.283914480345418,1.1430937800521914
7897,3.354185312148467,9.285263586290876,1.161194470031724
7898,3.3545759701666866,9.28616639533771,1.1732334083023328
7899,3.355136146939364,9.287515673503712,1.191285455522453
7900,3.3554872664822026,9.288398535448945,1.2033212732588139
7901,3.355824176865971,9.289276084004973,1.2153690509066901
7902,3.3561460500162372,9.290145372057088,1.2274347573528581
7903,3.3564571693869274,9.291017879552838,1.239530111734439
7904,3.356755806268445,9.291888377925448,1.251665623690149
7905,3.3570414498650676,9.29275503963702,1.263848592065782
7906,3.357316204365295,9.293624473724071,1.2760876992524401
7907,3.3575796942089178,9.294495044057337,1.2883916714007893
7908,3.3578316468181284,9.295365995533404,1.3007702239978165
7909,3.358072613370305,9.296239325378098,1.313229677681749
7910,3.3583024936021078,9.297115210673978,1.325775884724428
7911,3.358627725147026,9.298439397325662,1.3447813877715984
7912,3.3588304315505715,9.299325125734347,1.357585634486733
7913,3.3590241824331644,9.300225367835079,1.3705096061147495
7914,3.359206307608621,9.301128282264182,1.3835620611276647
7915,3.3594568786639365,9.302485946274292,1.4033826226361363
7916,3.3596812843746147,9.303855277301544,1.4235045397456696
7917,3.3598172939449933,9.304783426965116,1.4371081407812172
7918,3.3599423400933284,9.305727580601138,1.4508584291932751
7919,3.3600564488817155,9.306692281693387,1.4647155101929172
7920,3.3602021202194248,9.308141063663228,1.485735172052551
7921,3.3602857167698343,9.30915393659023,1.4998873454760604
7922,3.3603550060755976,9.310170553596807,1.514137055674769
7923,3.360434127642427,9.3117600122064,1.5357356985077826
7924,3.3604794926484147,9.313388074985127,1.5576141967183725
7925,3.360490587852355,9.314559653280172,1.5723841052924155
7926,3.3604839148029297,9.315736739277467,1.5873135501139202
7927,3.360409357973016,9.318332073470337,1.6177294098551573
7928,3.3603783081934107,9.318982279715568,1.6254558607386949
7929,3.360243173707834,9.321094274185395,1.6489536515700334
7930,3.3600495056675452,9.323300542968255,1.672969335752034
7931,3.3598907184823315,9.324768296889756,1.6892549978228164
7932,3.35970761601307,9.326232856788428,1.7057549411380044
7933,3.3594666396848654,9.327927926807414,1.7225102568136907
7934,3.3590475009790555,9.33048709875813,1.7481512141404476
7935,3.3584940609313136,9.333380429324436,1.7744164951680976
7936,3.358053561622807,9.335440618714546,1.7923593118842613
7937,3.3575818142034004,9.33746142714602,1.8110508436339694
7938,3.3569574013839905,9.339928406159494,1.831488447648742
7939,3.356277853713339,9.342395106911985,1.8513310167667352
7940,3.3555181959048164,9.344964642978352,1.8689206867624606
7941,3.3547198034160726,9.347497836382269,1.8842920097356664
7942,3.353884707906397,9.350018097265904,1.8998344564477083
7943,3.352994119042008,9.352580080630121,1.914579590239561
7944,3.352050501456718,9.355167752419993,1.926551267565677
7945,3.35107863536965,9.357743829029971,1.9383664125551956
7946,3.3500763685623363,9.36030898825728,1.950103564379923
7947,3.3490138928697157,9.362945162691389,1.958680232740383
7948,3.347937462425017,9.36555510178814,1.9664533671244018
7949,3.34626047779417,9.369518777341485,1.9749993173172653
7950,3.3451287582579687,9.372151186956826,1.9792219202064427
7951,3.3439859567489814,9.374777971275678,1.984030488152622
7952,3.3428294570588872,9.37740154167042,1.988927626843079
7953,3.3416598335829732,9.380020106249745,1.9936356100230794
7954,3.3398842190337366,9.383955788817644,1.9951508701466525
7955,3.3381162405876053,9.387858114070205,1.9978131604157345
7956,3.3369317013949713,9.390454999610407,2.0003636001963585
7957,3.3352643793257752,9.394100578013273,1.9983048045628429
7958,3.3341740021875683,9.396495965068844,1.997547710368722
7959,3.333089706397751,9.398881404092418,1.9975941042172352
7960,3.332005357659432,9.401265153749558,1.998151219658791
7961,3.330919685713826,9.403647420515426,1.999031716465439
7962,3.3293133284464447,9.40715956267889,2.0007402070368467
7963,3.3282403193188577,9.409496797865216,2.0020403374286584
7964,3.326639754940484,9.412967051646108,2.004146397185033
7965,3.3261048697136335,9.414122341398523,2.004878142831459
7966,3.3250326828363197,9.416431645453809,2.006367657612992
7967,3.3234245839819896,9.419878595401308,2.008652998293038
7968,3.3223506264929488,9.42216859819585,2.010212983331155
7969,3.3212733638783405,9.42445676492642,2.011788006351623
7970,3.3196577228889037,9.427870659982474,2.014181112752893
7971,3.318579061715312,9.430138072764299,2.0158137401103926
7972,3.316961098897878,9.43352109028932,2.018313088330249
7973,3.3158806718173137,9.435768046909061,2.0200290417496016
7974,3.3147964997333395,9.438013067921982,2.0217670352982275
7975,3.313711557538351,9.44024949515908,2.023522840622271
7976,3.3126268483277355,9.442475230481831,2.0253237460151596
7977,3.311014316141073,9.445765213883908,2.028099183108408
7978,3.3099350350388943,9.44795429581661,2.029982046935392
7979,3.3083333297538178,9.451183577482478,2.032813416128691
7980,3.3072710236807503,9.45331298438606,2.0346811321427345
7981,3.3062046875632793,9.455440403638699,2.036534352545145
7982,3.3046099800012327,9.45860390209783,2.0392886476535326
7983,3.303562253971384,9.46067038358362,2.041095632680589
7984,3.302510903700262,9.462734885987164,2.0428809231228446
7985,3.300969072223304,9.465746092532287,2.0455160240390984
7986,3.2999382744100503,9.467748398751834,2.047246287920554
7987,3.298392043770383,9.470769779283172,2.0378958691609954
7988,3.297446558752345,9.472659007747778,2.0265435839903243
7989,3.2960904742754167,9.475457067946511,2.017634798516685
7990,3.295200508829366,9.477321625146848,2.0155042001246875
7991,3.294314313184756,9.479184517437005,2.0146126463764182
7992,3.2929524137348984,9.482048772618281,2.014987077791138
7993,3.291587415523021,9.484912646581986,2.0167094287765304
7994,3.2906929862379166,9.486780975954078,2.0182769276013754
7995,3.2893480334605276,9.489575018369962,2.020993218955919
7996,3.2879957179240082,9.492364311962898,2.023947436738492
7997,3.287112061069459,9.49417523485583,2.025982968095634
7998,3.2858309559386116,9.496783741689356,2.0294325904473633
7999,3.285002338164982,9.49845776074159,2.031570486031448
8000,3.2841705847600573,9.500130027534485,2.0335190121033104
8001,3.282918823738712,9.502631824799275,2.0362344018411953
8002,3.282083828777724,9.504291330675496,2.0380303104319655
8003,3.28124598064449,9.505949196252061,2.0398358293220538
8004,3.279992934333557,9.508414654358688,2.0425812464784117
8005,3.2791577547238497,9.510048500017534,2.0444696082027933
8006,3.2783306838382353,9.511659068021197,2.04638520310384
8007,3.2771067248383376,9.514028328603153,2.049283601158189
8008,3.2762871155757187,9.515605592336149,2.0512209777669437
8009,3.275083363680097,9.517908287268614,2.0541256931367466
8010,3.274278367583913,9.519439219921656,2.056057498105435
8011,3.2734668644426432,9.520976623160287,2.0577153455679245
8012,3.2727100480112448,9.522403533704745,2.058715970378526
8013,3.271957399039959,9.523820017942668,2.0598982410110085
8014,3.2708338491781035,9.525926561219663,2.0619753486928443
8015,3.2700828536323945,9.527328701640837,2.063517030240537
8016,3.2693295876350033,9.528729628631105,2.065129426610633
8017,3.268204985235054,9.530810795681774,2.0676552521170666
8018,3.267045547503589,9.532948785820729,2.069263446677907
8019,3.2658362564900485,9.535216960674497,2.0490676538629296
8020,3.265120875554088,9.536620973130974,2.0229171378576463
8021,3.2641314413909073,9.538749159515257,1.9839122591534115
8022,3.2635309237021324,9.540161214807373,1.9580122152414356
8023,3.2626885296309442,9.542345316248191,1.9157587585114648
8024,3.2621684997003872,9.543831014058105,1.8888107943538297
8025,3.2616913883679244,9.545297810147568,1.8749775458018332
8026,3.2612206189234008,9.546821658695851,1.8711814619818954
8027,3.260973207102329,9.547625737269462,1.870264797248787
8028,3.2604821218525757,9.549220733564907,1.86978807270494
8029,3.259751578731996,9.55158777033768,1.8711431097738436
8030,3.2595075161787923,9.552375579233605,1.8719343286678771
8031,3.259017535702526,9.553949682087833,1.8738334102257996
8032,3.258287897063349,9.556272011794208,1.8771678665177591
8033,3.2577975139230717,9.557817171802581,1.8795733433712363
8034,3.257305233848473,9.559355304386743,1.8820689532858639
8035,3.2565631458457385,9.56164854549803,1.8859495960459443
8036,3.2560634078051804,9.563175715273335,1.888596171706284
8037,3.255560988036978,9.564697642392455,1.8912777033213464
8038,3.2548020274956144,9.566970436361663,1.895384939853069
8039,3.254033670768045,9.569239976291321,1.8995604068649745
8040,3.2532607097646893,9.57149222796697,1.9038252602701737
8041,3.25274279489853,9.572983564266927,1.906725395048976
8042,3.25196310498283,9.575202659909547,1.9111673173002548
8043,3.2514378977519525,9.576679967059162,1.9141705944363678
8044,3.2506490295478825,9.578872469436556,1.9187105196662286
8045,3.250130025195667,9.58029822845477,1.921727130327061
8046,3.2496145223286406,9.581700989415769,1.924729740108567
8047,3.2491050937789057,9.58307430935513,1.9277033707890168
8048,3.24859169310059,9.584446096876238,1.9306571489785005
8049,3.2480743287805387,9.58581639396958,1.9335997957090147
8050,3.247594421114055,9.587067338296455,1.9403758239113393
8051,3.2471170331426005,9.588295039089314,1.9485491791004361
8052,3.2466267924448746,9.589522128991396,1.9521667867585455
8053,3.2461336979481374,9.590745970372046,1.9548189271468905
8054,3.245638992192928,9.591966004548391,1.9574366679186976
8055,3.2451411342219783,9.593185025931028,1.9600392708612862
8056,3.244649179225292,9.594380913829376,1.9626643715928878
8057,3.243906374038526,9.596169449891077,1.9666758134691105
8058,3.243164068563136,9.59793649671224,1.9707326706183157
8059,3.242678160810708,9.599082450215763,1.973440415544602
8060,3.2421892137025115,9.600226974984892,1.9761458820616815
8061,3.241714795895879,9.60132945803101,1.9788275257609205
8062,3.241488009076989,9.601853391971582,1.9801194107313906
8063,3.2410337763905255,9.602897152683777,1.9826295052796565
8064,3.240350451663434,9.604454658148663,1.986383810661768
8065,3.2398916064710845,9.60549154218873,1.9888886495945537
8066,3.2394302278414564,9.606527178440828,1.9913923795046622
8067,3.238974616272906,9.607542843700205,1.993916231056135
8068,3.2385171566453197,9.608555785139206,1.9964706578394307
8069,3.237832461092685,9.610059450424835,2.000332068779156
8070,3.2373828716213757,9.611038300098368,2.0029129612830556
8071,3.2369307390077924,9.612015686791153,2.0054936537541006
8072,3.2363024507852303,9.613363139364768,2.0092036829927977
8073,3.2358825367697572,9.614256028901128,2.011549212957698
8074,3.2352530361007172,9.615585200253202,2.0150539575671327
8075,3.2348310636543047,9.616469708406445,2.0174191967210025
8076,3.234406668952976,9.617352892148862,2.019794308686723
8077,3.233832123284544,9.618557226693252,2.0158708836530477
8078,3.2333261163433273,9.619652086931309,1.9954648213422883
8079,3.2327232830060213,9.621038760459387,1.9529053418710305
8080,3.232362421738187,9.621965969076381,1.925868956811555
8081,3.2320355523999207,9.622890950265978,1.89525746860484
8082,3.2315907622740623,9.624273038111568,1.8562213702426893
8083,3.2313215234444015,9.625197909381669,1.8489564768297948
8084,3.231019705976404,9.626271644273046,1.8505823303049782
8085,3.2307095856516326,9.627352395401918,1.8524128376899245
8086,3.230396642566901,9.628432093594984,1.8543871261972777
8087,3.2300812787545086,9.629510539954206,1.856458171448496
8088,3.229732703649327,9.630692865343851,1.858723761675352
8089,3.229379409734568,9.631881978318486,1.8612277612748904
8090,3.229031367030755,9.633042058893738,1.863875461500414
8091,3.228504531110382,9.634776682165857,1.8679986036785798
8092,3.2281675570629593,9.635873046389857,1.8707738160346825
8093,3.227691878146069,9.637401270840643,1.8746033989951283
8094,3.2272119308394305,9.638923966865704,1.8781894733478504
8095,3.2268903063485688,9.63993187021892,1.8805690640252828
8096,3.2265670933071657,9.640939456164174,1.8829609756963652
8097,3.226242201267049,9.641942152270692,1.8853714169216897
8098,3.225753083229883,9.64343765313741,1.8890926946897126
8099,3.2254235308259744,9.644433088726055,1.8916234251438757
8100,3.225093416789272,9.645423984592124,1.894187929813478
8101,3.2247620712968295,9.646408252771367,1.8968193105483766
8102,3.224440309983195,9.647356218145125,1.899494304141864
8103,3.2239545598091,9.648772305597769,1.9035478095009468
8104,3.2236274720973,9.649714976170198,1.9062687798005422
8105,3.223132475246773,9.651127531286967,1.9103689596958928
8106,3.22297169285238,9.65158142077124,1.911737892000132
8107,3.2226501881431924,9.652483403784581,1.9144723030830955
8108,3.2221778847678455,9.653796770732907,1.9185468035641386
8109,3.221882158931803,9.654608292033235,1.9211156917684873
8110,3.221584847803202,9.655419196721665,1.9235795500756314
8111,3.2211391037051067,9.656624871491859,1.927249539588943
8112,3.2208389500670727,9.657426894148609,1.9297207174567212
8113,3.220537556488138,9.658228611219494,1.9322035093089442
8114,3.2202345123156726,9.659026757240518,1.9347022721523504
8115,3.219931125565504,9.659821254489852,1.9372562330828191
8116,3.2196257598039355,9.660615009611318,1.9398519387276676
8117,3.219328726381059,9.661379144277264,1.9424723416506422
8118,3.21903122853737,9.662140524998279,1.94510674031791
8119,3.2185862013929807,9.663267661612272,1.949073019436995
8120,3.218295288172318,9.663995777363128,1.951719366403503
8121,3.217877924013421,9.665034111156814,1.955632856637795
8122,3.2176055183449064,9.665703179227812,1.9581393420241742
8123,3.2171969256543593,9.666701287494243,1.9618473888178984
8124,3.2169226955746137,9.667363323135563,1.9643607243482815
8125,3.216647121270042,9.668024758019483,1.9668961050617804
8126,3.2163700930425145,9.668685667422691,1.969444320724165
8127,3.216094812190222,9.669336102827213,1.972002314654701
8128,3.2158239722568505,9.669973931780465,1.9745757578456173
8129,3.2154185056743168,9.670917517386771,1.9784528298511288
8130,3.215154245700675,9.671527797029174,1.981042224720747
8131,3.2148883308391105,9.672137088500389,1.98363227098205
8132,3.214512576282126,9.672991726897445,1.987435517992126
8133,3.2142607319296945,9.673558317204987,1.9899055304028501
8134,3.213952326123462,9.674245978199467,1.9931739832877224
8135,3.213368879032578,9.675549994122596,1.9966345140116024
8136,3.212985999871844,9.676413240280601,1.9835957548480592
8137,3.2126042421999497,9.677319647909558,1.9405587570120937
8138,3.212374909816713,9.677930606003205,1.9124041963112017
8139,3.212162924413852,9.678548732492978,1.8852653633955332
8140,3.211982902958027,9.679137661861738,1.8545584676886266
8141,3.2117426801866404,9.679990017259403,1.8155412083142946
8142,3.211582336671985,9.680640311564405,1.808452977862112
8143,3.2114122689014684,9.681354629622154,1.810307602569101
8144,3.2111524065869665,9.682422795623255,1.8133014767328204
8145,3.2109544676731887,9.68321708566978,1.8154133816480371
8146,3.2107282062180755,9.684121027786485,1.8176689272338613
8147,3.2104993494538276,9.685024686146768,1.8200302981719716
8148,3.2102709041000987,9.685917816171514,1.8224601995712415
8149,3.210044354778875,9.68679762314437,1.824929694522042
8150,3.2098145294781664,9.68767609756188,1.8274266306080709
8151,3.209608864219618,9.688458193729076,1.8298405725664462
8152,3.2094034610530455,9.689228465960785,1.8321242822134094
8153,3.2091985732647585,9.689993551323278,1.8343760183073046
8154,3.208887106444521,9.69113985009717,1.8377353619432761
8155,3.2086782079543643,9.691900165601021,1.839980874838264
8156,3.2084692816985148,9.692655720734619,1.8422773030908604
8157,3.208258298486262,9.693410472509383,1.844614261360281
8158,3.2079408645169822,9.694533356523111,1.848174511974234
8159,3.207731147476867,9.695267515472983,1.8505945991455341
8160,3.2075195164806534,9.69600090274591,1.8530445867216578
8161,3.207207389388005,9.697070368809042,1.8567535670659894
8162,3.207000762449903,9.697770624172122,1.8592364898461609
8163,3.2067923502394233,9.698470152697654,1.8617270091810947
8164,3.2065896771959785,9.69914475307411,1.8642206994041297
8165,3.2063856817079546,9.699816962406093,1.8667154721372021
8166,3.206087167493674,9.700790970854598,1.8704398232108654
8167,3.205903070907164,9.70138507668949,1.8727752542596519
8168,3.205717494855782,9.701978439006517,1.8750054129160811
8169,3.2054384659956163,9.702861922370621,1.8782769829158126
8170,3.205252020832312,9.70344789596001,1.8804871384984922
8171,3.2050649040965853,9.70403081805755,1.882725463617296
8172,3.204877378742127,9.704609806713483,1.8850317428126329
8173,3.2046887316251413,9.705188247339308,1.8873895567178252
8174,3.204406223342571,9.706046658339746,1.890988478173737
8175,3.2042206359102026,9.706604245011397,1.8934244248147647
8176,3.2040336711831205,9.70716121893029,1.8958818235209092
8177,3.203853062358974,9.707695416557335,1.8983524619517285
8178,3.2036718428562514,9.708227303963126,1.9008309294466597
8179,3.2033971828784913,9.709024193971347,1.9045598873358136
8180,3.203230831338069,9.709502721218314,1.9069705777885202
8181,3.2030646050363076,9.709976932049358,1.9092624533290021
8182,3.202813979696061,9.710685292543001,1.91258070058074
8183,3.2026468635612964,9.711153553141665,1.9148096107145882
8184,3.2024787638411154,9.711621413646988,1.9170639946242554
8185,3.202311241778762,9.712084470720722,1.919371815573129
8186,3.2021426461407327,9.712546763754661,1.921745892805977
8187,3.2019730461717524,9.713008455950275,1.9241624249006997
8188,3.201807720708664,9.713455061931647,1.9266057568246602
8189,3.2016418322284608,9.713900218768318,1.929065950807854
8190,3.20147806303835,9.71433670814394,1.9315370363964566
8191,3.2013170100705834,9.714762026852387,1.934014368329215
8192,3.2012361117435435,9.714974465424556,1.935254620157687
8193,3.20100452325647,9.715578184247606,1.9389261845803971
8194,3.2008543739111097,9.715966687054381,1.9412775895956536
8195,3.2007032148443035,9.716354825480142,1.9435784178463285
8196,3.2005515010120495,9.716741016441937,1.9458575637548698
8197,3.200400058114212,9.717124701100726,1.9481793621630628
8198,3.200247811116857,9.717508046141896,1.9505361107166785
8199,3.200024163698097,9.718065506627202,1.9541350559242683
8200,3.1998742537297846,9.718436089896224,1.956568763220804
8201,3.199726152938667,9.718799876590063,1.9590181478666016
8202,3.19958070658603,9.719154541591713,1.961477051214573
8203,3.199434275503286,9.719508773772773,1.9639413312774243
8204,3.1992177978631737,9.720028356420842,1.9676313740412044
8205,3.19908023190305,9.720355880077902,1.9700230233604001
8206,3.1988810946661537,9.720820796488395,1.9732286537106944
8207,3.198452845788871,9.721837765114431,1.9769090777921579
8208,3.1981741430028285,9.722502708422105,1.964102131608299
8209,3.197948461895124,9.723064620981242,1.921371522213995
8210,3.197813799558131,9.7234438455018,1.893284705635111
8211,3.197648610462518,9.723980417209551,1.8487235599729628
8212,3.1975576994166492,9.724293547169728,1.81986015152971
8213,3.197478217968309,9.724588339088273,1.8041376925421575
8214,3.197376806619798,9.725038059776073,1.804049333366402
8215,3.1972134363686244,9.725730592804203,1.807115185349899
8216,3.1971025327789366,9.726191593744133,1.8091537642576008
8217,3.1969900999729157,9.726652004045532,1.8112025078186533
8218,3.196855850203109,9.72719664275891,1.813280288944497
8219,3.1967191570439724,9.727747466428935,1.8153967553506432
8220,3.1965870737085296,9.728276129922092,1.8175371553146513
8221,3.196453910867928,9.728802806041791,1.8196922909859565
8222,3.1963195351708147,9.729328964578144,1.821859861682478
8223,3.1962023472480467,9.729784579090603,1.8239268916327984
8224,3.1960856375927125,9.730234840545846,1.825836952910337
8225,3.1959108701368732,9.730901499030914,1.828604548178197
8226,3.1957934397328978,9.731345303187839,1.830441492676913
8227,3.1956165972270907,9.73200845850751,1.8332031428160338
8228,3.1954986791843605,9.732446334323111,1.8350940754603882
8229,3.1954393279217808,9.732665216987712,1.8360543956108972
8230,3.195319889187366,9.733102684901333,1.837996438247088
8231,3.1951410087750287,9.73375324666,1.8409755653661726
8232,3.1949612070872244,9.734399926500807,1.8440720538196458
8233,3.1947846160541737,9.735025515876583,1.8472565880495257
8234,3.194666158475205,9.735441581676861,1.8494181467208377
8235,3.194489110334841,9.736058341350429,1.852696480004221
8236,3.1943728120994734,9.736457932389415,1.854896644307602
8237,3.1942580573894865,9.736849133566471,1.857105010651727
8238,3.1940893292839263,9.737419919087417,1.8604272315028367
8239,3.1939757674405524,9.737799943500294,1.8626481850392578
8240,3.193821895548246,9.738309088402254,1.865828132399747
8241,3.193719053107058,9.738646303683902,1.8678299339370654
8242,3.1935655138202446,9.739146033211059,1.8708151468404959
8243,3.1934623364541608,9.73947860672549,1.8728285134150033
8244,3.1933059845596565,9.739977130140296,1.87587015573007
8245,3.1932012645675076,9.74030920341291,1.8779081651685328
8246,3.193096942102468,9.740637390123883,1.8799840636350131
8247,3.192991872151897,9.740964871997221,1.8821124402093294
8248,3.192889835277703,9.741280760276899,1.884280391072803
8249,3.1927875418868203,9.741595628286948,1.8864790001258473
8250,3.192688823666289,9.741897264518625,1.8886975669587338
8251,3.1925895858409987,9.74219772395486,1.8909292754886555
8252,3.192489598531905,9.742497873344718,1.8931703817248382
8253,3.192348614491306,9.742918285805752,1.8964694616395592
8254,3.192257993603199,9.743186181388502,1.8985365494023003
8255,3.192166634668388,9.74345398917415,1.9005356463017846
8256,3.1920294227383086,9.743852511498616,1.9034964898456392
8257,3.191891965641801,9.744248910292656,1.9065240661255816
8258,3.191753295998128,9.744644649539742,1.9095919978381768
8259,3.191660941049719,9.744905396743764,1.9116824548227755
8260,3.191568381247613,9.745165686978046,1.913828181859308
8261,3.191476526407838,9.745422422533995,1.9160106456363968
8262,3.191385574859325,9.745674521545988,1.9182238415370378
8263,3.1912956710742844,9.74592174873968,1.9204578633735017
8264,3.1912074503381263,9.746162883244242,1.9227055127545745
8265,3.1911188470262792,9.74640379182465,1.9249620757808545
8266,3.1909966400875094,9.74673279742917,1.9282259140644906
8267,3.1909147256223314,9.746951006952564,1.9303038659272769
8268,3.190832566844294,9.747169100073847,1.93233595031763
8269,3.190709377058783,9.747493790865436,1.9353694739322116
8270,3.190627137429274,9.747709103625928,1.937438663725175
8271,3.190504827484426,9.74802620377871,1.940639846403247
8272,3.1904228652852225,9.748237067919508,1.9428328630945826
8273,3.190300192088714,9.74854941146835,1.9461695525747964
8274,3.190220581221731,9.748751535743093,1.948412593919978
8275,3.190140097164539,9.748953473747608,1.950663563737562
8276,3.1900662345800246,9.749138347148588,1.95285629687587
8277,3.1899925846332926,9.74932208981754,1.9549557176800068
8278,3.1899177096537463,9.749505386736853,1.9569943397141025
8279,3.1897133503534585,9.75000540846575,1.9625847576362212
8280,3.189535880576355,9.750448253868951,1.9636564894908712
8281,3.189317466041283,9.751002545314593,1.9381521035706488
8282,3.1892207235422543,9.75124465717861,1.9087089456882849
8283,3.18909860621811,9.751609188349493,1.86695254524955
8284,3.189027286643265,9.751853156198159,1.840019712160862
8285,3.188962143260203,9.752100142834111,1.8134660884047755
8286,3.188902762835411,9.752349696983712,1.7871074962949438
8287,3.188847936717747,9.75262561463902,1.7566501465634783
8288,3.1887976196422416,9.752871136140493,1.7278343120555038
8289,3.18875836847227,9.753079504578793,1.7120562963670876
8290,3.188718497477951,9.753404780178688,1.711788350942032
8291,3.188673171453479,9.753732195553823,1.7133608686681019
8292,3.1885847914874335,9.754348382272955,1.7153650693072477
8293,3.188495286808758,9.754961407755049,1.7167436829831528
8294,3.188404674398483,9.75557571432822,1.718190790946186
8295,3.1883158725431455,9.756172912613167,1.7196800287229033
8296,3.1882262555471352,9.756768593288527,1.7211954370455391
8297,3.188135625075486,9.757364089939658,1.7227306581511994
8298,3.188000237235125,9.75824393422403,1.7250611013001895
8299,3.187867526042954,9.759091784441575,1.727403315980567
8300,3.1877781053336234,9.759656666812914,1.7289715720861856
8301,3.1876899525079874,9.760208260400482,1.7305456163219226
8302,3.187560006064175,9.76100937423464,1.7329058971566822
8303,3.1874723657967556,9.761543227972812,1.7344830434577072
8304,3.1873886087047296,9.762049469527536,1.7360607975354172
8305,3.187308756394325,9.76252741241908,1.7376329999590672
8306,3.187187783986233,9.763241228873035,1.7399847791297478
8307,3.187065250068238,9.763954613929574,1.7423416409498709
8308,3.186949362413133,9.764621968694746,1.7446759847380233
8309,3.1868512400770634,9.765176990113815,1.7466388248840299
8310,3.1867853245909883,9.7655468126952,1.7477905907522575
8311,3.186720233475952,9.765911042215553,1.7488957739406958
8312,3.1866216800298277,9.766456626419346,1.7505391632234715
8313,3.1865560967986117,9.766815927524355,1.7516487179526412
8314,3.1864573588139278,9.767354347820875,1.7533591033012041
8315,3.186359285088528,9.767884979549171,1.755136465542741
8316,3.1862598007505567,9.768414899037719,1.7569774342629372
8317,3.1861933170433434,9.768768253547679,1.7582257400295584
8318,3.1861271281900323,9.7691163955988,1.7595006985187387
8319,3.186061059075572,9.769461641876553,1.7608117985356069
8320,3.185995113632257,9.769803861439165,1.7621701950069786
8321,3.18592870337764,9.770145863917682,1.7635630637976454
8322,3.185863232599229,9.770482870529396,1.764996983830106
8323,3.1857967089266257,9.770819269043383,1.7664730090340783
8324,3.185698756052289,9.771312242870565,1.7687424613084874
8325,3.1856333557740095,9.771635991701318,1.7702875790351487
8326,3.1855681669667764,9.771959831556071,1.7718500858972435
8327,3.185473315677137,9.772422121545718,1.7742134564616487
8328,3.1854101326082875,9.772729503112586,1.7757978618194181
8329,3.1853457183661686,9.77303667502929,1.7773890489754232
8330,3.1852830157942456,9.773337112233795,1.7789862273311945
8331,3.185221460766044,9.773628631558003,1.7805868386761388
8332,3.185158975002712,9.773919928690335,1.7821909803104325
8333,3.1850995267982793,9.774197218648563,1.7837980104699778
8334,3.1850697745707324,9.774335374447979,1.7846024449236297
8335,3.185010562420116,9.77460642031106,1.7862133677041139
8336,3.184923620259273,9.77500296734912,1.7886335631513688
8337,3.1848647435711124,9.775267154463515,1.7902509398966018
8338,3.184789126088066,9.775607125805791,1.792507139921282
8339,3.1847380675206898,9.775832063043694,1.7938804290406796
8340,3.1846869386205245,9.776057057088495,1.7951953104636944
8341,3.184610211268282,9.776391554034682,1.797131401708256
8342,3.184559212099702,9.776613163524917,1.7984456497690087
8343,3.184507999056609,9.776833422729414,1.799780022879002
8344,3.184457050455135,9.777051729427518,1.801157405530353
8345,3.184431609130468,9.777160844979207,1.8018590065801396
8346,3.184380278376733,9.777379019472919,1.8032803402685555
8347,3.1843292781635246,9.777593911111456,1.80473951526778
8348,3.184278023108414,9.777808585387293,1.80624100799772
8349,3.184201727805289,9.77812494280731,1.808556090406677
8350,3.1841510964356328,9.778333649821349,1.8101451441338179
8351,3.184100127461841,9.77854203504326,1.8117582192341444
8352,3.184025114110572,9.778845681892923,1.8142070229745029
8353,3.183975690155914,9.779044302793258,1.8158522999735045
8354,3.183904320894068,9.779328707065178,1.8183330069763801
8355,3.183880358446172,9.779423168827632,1.8191625957360231
8356,3.1838322065799676,9.77961216224714,1.8208255339814612
8357,3.1837629970000916,9.779882676361249,1.8233279535761355
8358,3.1837164654762167,9.780062608113939,1.8250009801858493
8359,3.1836694923119384,9.78024229974912,1.8266778053503372
8360,3.183607633038571,9.780478261729796,1.8290332998581407
8361,3.1835662763130474,9.780634540129812,1.8304793948440112
8362,3.183504095049679,9.780867471834497,1.8325729844476548
8363,3.1834625991151566,9.78102198184295,1.833973047688964
8364,3.183420869534045,9.781176475772206,1.835378117482723
8365,3.1833791542119214,9.781329878459141,1.8367933466008528
8366,3.183337593858892,9.781482091560681,1.838248643246245
8367,3.183295861062338,9.781634023151332,1.8397346204249574
8368,3.1832542042672918,9.781785068678717,1.8412467658934697
8369,3.183212750933775,9.781934581543798,1.842807487866503
8370,3.1831720517292283,9.78207962051086,1.844413665310686
8371,3.183131251443581,9.782224207987577,1.8460576986655977
8372,3.1830904583672077,9.782368693308953,1.8477266603525735
8373,3.183050173571405,9.782510464117948,1.8494122382661773
8374,3.183010495414655,9.78264845859327,1.8511090535179302
8375,3.1829713453902793,9.782783771393099,1.8528139436596216
8376,3.1829330608810404,9.782915562758012,1.8545248469550235
8377,3.1828753814829907,9.783113163413542,1.8570997254683268
8378,3.1828189619347103,9.78330358830875,1.859661442038301
8379,3.1827843071215707,9.78341944621196,1.8612436741353795
8380,3.1827496565637396,9.783535458789855,1.862735404848937
8381,3.1826972074970117,9.783709553580435,1.864873276399034
8382,3.182662067308976,9.783825020483702,1.8662673149538163
8383,3.1826271074402332,9.78393944094325,1.8676873589148568
8384,3.182574981772473,9.78410959349007,1.869880506856854
8385,3.1825226554269315,9.784278375254388,1.8721747769521957
8386,3.1824875835510196,9.784390789861607,1.8737371881688993
8387,3.182435505315337,9.784557303252269,1.8761483622000021
8388,3.182400397774729,9.784667970732256,1.877797810603331
8389,3.182365176945622,9.784778546442121,1.8794672400431847
8390,3.182330881806234,9.784885835533885,1.8811571009644434
8391,3.1822966265591033,9.78499270225412,1.8828666504355165
8392,3.1822626486524848,9.785097614130002,1.884588983268426
8393,3.182229337794484,9.78519986066148,1.8863200328776657
8394,3.1821795865139015,9.785351393560658,1.8889270517672014
8395,3.1821473433498872,9.78544927821388,1.8906699642368765
8396,3.1820985122446928,9.785595908217239,1.8932889119614342
8397,3.1820687254174893,9.785684907884974,1.8949796201745384
8398,3.1820389372586986,9.785773446169047,1.8965851592997633
8399,3.181994368439827,9.785904385787656,1.8989582604516089
8400,3.1819645039294318,9.785991635606303,1.9005493259981878
8401,3.1819202975045187,9.78612076602041,1.9029981747825735
8402,3.1818906135458587,9.786206551005735,1.90467604672914
8403,3.1818611395751244,9.786290906748311,1.906375969493323
8404,3.181817827435295,9.786414775655485,1.9089599911634147
8405,3.181788860247664,9.78649730514262,1.9106966903218505
8406,3.1817457366811546,9.786618307528945,1.9133130448695794
8407,3.1817172487073955,9.7866979419358,1.9150620144210828
8408,3.1816899640582887,9.786773981284396,1.9167943918046337
8409,3.1816640483343352,9.786845568314755,1.9184186132422785
8410,3.1816379781019344,9.78691732202683,1.9199594577556631
8411,3.1815987504905134,9.787024645494304,1.9221839829455587
8412,3.181572697648853,9.787095527029308,1.9236759505829937
8413,3.181546528555231,9.787166355007704,1.9251835396760673
8414,3.1815075690686814,9.787271070521472,1.9275130737101784
8415,3.181481539982529,9.787340746619906,1.9291121669077895
8416,3.1814554804459596,9.787410271069547,1.9307322991089655
8417,3.181429471607989,9.787479133502606,1.9323700909221515
8418,3.181403675706989,9.787547178110318,1.9340436142629314
8419,3.1813651912110816,9.787647880674161,1.936599292284538
8420,3.181352634159475,9.7876805047977,1.937458723838114
8421,3.1813276363251974,9.787745714163002,1.9391845371031262
8422,3.1812910672654047,9.787839893612857,1.9417841466603871
8423,3.1812665742288533,9.787902481528063,1.9435210667911207
8424,3.181242065991681,9.78796509651512,1.9452591743039829
8425,3.181207775812092,9.788052129522704,1.9477745616555022
8426,3.1811335590185155,9.788232667239747,1.9502730605338277
8427,3.1809327757910593,9.788749328114694,1.953223184326781
8428,3.180816533856308,9.789058875574367,1.9401162038848963
8429,3.1807456093059385,9.789238258940088,1.897006973982668
8430,3.180705294509519,9.789360052391764,1.8684685919851447
8431,3.1806688488285246,9.789483939431918,1.8407588362678724
8432,3.1806361103679914,9.789608884711695,1.8135484173873766
8433,3.1806112207184833,9.789734401642646,1.7853416098116506
8434,3.1805784006647064,9.789864619861762,1.753831455090432
8435,3.1805402411678565,9.790029272737794,1.7248636239420467
8436,3.1805306343488895,9.790122965557103,1.7248097356425993
8437,3.180513017107805,9.79024803919686,1.7265420482993168
8438,3.180473204516312,9.79050454760855,1.7286824481527323
8439,3.180431832168641,9.790761659723088,1.7305601753597872
8440,3.18040435310559,9.790933274832208,1.7317403521604258
8441,3.180390131384062,9.791021243364819,1.732318200210239
8442,3.180361272052006,9.791197895149534,1.7334591734717517
8443,3.1803328750764948,9.791370090066128,1.7345880187145115
8444,3.18030537858585,9.791536239477798,1.7357093758072313
8445,3.1802784527394756,9.791698470740904,1.7368271923487708
8446,3.1802388180614374,9.791933926286609,1.7385007005522672
8447,3.1802121659310973,9.792090855237548,1.739617131331778
8448,3.1801733632266433,9.792318365139545,1.7412951977884272
8449,3.180147800553248,9.792466950565641,1.742416106699196
8450,3.1801219140445616,9.79261538752004,1.7435395266973255
8451,3.180084949957738,9.79282685161015,1.7452290692734336
8452,3.180060227754585,9.792967492253446,1.746358520087541
8453,3.180035311064817,9.793107964962742,1.7474909572409933
8454,3.180010684455827,9.79324540021377,1.7486264931178888
8455,3.1799867147062417,9.793378553442285,1.7497645438669036
8456,3.1799552419260353,9.793553015620668,1.7513769527917546
8457,3.1799356839797572,9.79365926273834,1.7522734210380377
8458,3.1799065725230276,9.79381754577281,1.7534788473560334
8459,3.1798776019320694,9.793974827729334,1.75463933303621
8460,3.179858115662164,9.794079104749299,1.7554056488423604
8461,3.179838754677391,9.79418232290758,1.7561881828993422
8462,3.179819341108449,9.794285591644108,1.756983918429117
8463,3.1798000519451355,9.794388815436694,1.7577883886036294
8464,3.1797709198993256,9.794542308226292,1.7590155453007783
8465,3.179751398194357,9.794644050089351,1.7598567833934589
8466,3.1797225577816772,9.794795007876594,1.7611528521351585
8467,3.17969372705386,9.794944845451498,1.7625035539927316
8468,3.1796648067681463,9.795093098278393,1.76389821987832
8469,3.1796456332863565,9.795191094717909,1.7648622095744204
8470,3.1796265084957724,9.795288453958314,1.7658477517734081
8471,3.1795979384920514,9.795432755871007,1.7673871203553249
8472,3.179569158478834,9.795576971794977,1.7689728046262072
8473,3.1795498536452387,9.795673018032785,1.7700448592753013
8474,3.17953060379321,9.795768363813977,1.7711288914096912
8475,3.179511528829844,9.795862646795921,1.7722427176072562
8476,3.1794929212915783,9.795953057666928,1.7733792862859268
8477,3.179474776516095,9.796041205308159,1.774531292737374
8478,3.1794481995270356,9.79616994403276,1.7762779788851248
8479,3.179430313639409,9.79625560767915,1.7774509390171946
8480,3.1794122697964933,9.79634137103381,1.7786289393766248
8481,3.179386356014284,9.796464165704057,1.7804032434526964
8482,3.179369006692047,9.796545902845653,1.7815901512473786
8483,3.179351778338823,9.796625822393885,1.7827799114280638
8484,3.1793349921222473,9.796703703199395,1.7839724804766586
8485,3.179318219838785,9.796781463462715,1.7851677098589238
8486,3.179301597297173,9.796857682673396,1.7863654469620331
8487,3.179285304095542,9.796931838775878,1.7875654958476985
8488,3.1792771411745226,9.796968847513387,1.7881663851179168
8489,3.179252552323437,9.79708011331225,1.7899725996350986
8490,3.179238709748845,9.79714303601954,1.7910884606623159
8491,3.179224597692724,9.797205526590174,1.792070502299135
8492,3.179210415484542,9.797268088385522,1.7929692537386306
8493,3.1791893972488787,9.797361082847491,1.7942615258474817
8494,3.179175303521788,9.797422935384882,1.795114851107989
8495,3.1791612219696797,9.797484531059549,1.795968998031351
8496,3.179147312399967,9.797545414077737,1.796846737985492
8497,3.1791332203398266,9.797606266677056,1.7977426220581578
8498,3.1791192942125917,9.797666712237643,1.7986538889799368
8499,3.179112464851828,9.797696574432596,1.7991209072228407
8500,3.1790985810091676,9.797756369971298,1.8000734415588764
8501,3.1790845655791093,9.797815960497132,1.8010429888607864
8502,3.1790705382467603,9.797875112971013,1.8020273589549691
8503,3.17905677271458,9.797933752828436,1.8030414816751996
8504,3.179036315163364,9.798020500721092,1.8046163810442464
8505,3.1790225076424945,9.798077874405065,1.8057095859879642
8506,3.1790020735267914,9.79816330406343,1.8073918012187555
8507,3.1789886248829156,9.79821930372899,1.808552316529545
8508,3.17897495978364,9.798275175498743,1.809737231995921
8509,3.1789615781749974,9.798330134200091,1.8109381334695076
8510,3.1789485627472533,9.7983836554796,1.812149764222204
8511,3.178935261461376,9.798437187907213,1.8133685738521066
8512,3.178921968874566,9.79849061813433,1.8145925149237339
8513,3.178909261243478,9.798542048115026,1.8158203812387448
8514,3.1788899602858676,9.798618677094488,1.817667534152399
8515,3.1788772635332414,9.798668898373426,1.818901892575735
8516,3.178864964505198,9.79871784088188,1.8201385512072767
8517,3.178846241684496,9.798791249391813,1.82199701358199
8518,3.1788340002147573,9.798838418550892,1.8232378764783612
8519,3.178821808423951,9.798885627595409,1.8244801396233434
8520,3.1788104301194227,9.798929863794122,1.8257004299389976
8521,3.1787944109035156,9.798991069250354,1.8272879924277738
8522,3.178778112912031,9.799052716552909,1.8286895949178088
8523,3.1787674641421115,9.799093419400952,1.8295896047727676
8524,3.1787567392276315,9.799133899641099,1.830494835685717
8525,3.1787405928782833,9.799193776211236,1.8318943410687618
8526,3.178729964970362,9.799233500029862,1.8328572660180915
8527,3.1787194671664274,9.799273054372273,1.8338379068203543
8528,3.178708984395355,9.799311971885675,1.8348502811187304
8529,3.1786983904852786,9.799350969585314,1.8358855932085236
8530,3.1786879748139554,9.79938917377647,1.836951016422768
8531,3.1786827575179575,9.799408272838098,1.8374968169348402
8532,3.178672374369131,9.799446413002789,1.8386062425359864
8533,3.1786568425869453,9.799502807109036,1.8403157867958895
8534,3.178646529419752,9.799540065622992,1.8414974430582998
8535,3.1786361063594373,9.79957725268731,1.8427002221903876
8536,3.178621099580197,9.799631082196266,1.8445333496959622
8537,3.1786109885024763,9.799666897229878,1.8457688499280926
8538,3.178601111357028,9.799701998499364,1.847010854997711
8539,3.1785913809813935,9.799736318830993,1.8482575122995857
8540,3.1785814338098333,9.79977065215407,1.8495072411768378
8541,3.1785719864740627,9.799803849560053,1.8507592395992172
8542,3.178562471132087,9.799837030106827,1.8520127885331825
8543,3.178552797343978,9.799870088464388,1.8532673389425869
8544,3.178538690622377,9.799918613699827,1.855150957159848
8545,3.178529480124757,9.799950338306827,1.856407966936375
8546,3.1785201037839785,9.799982142664604,1.8576656062419197
8547,3.178507459203565,9.800024653014313,1.859398061019193
8548,3.1784989051986035,9.800053246733253,1.860433661772934
8549,3.1784862852409095,9.800095808473252,1.8619101004997207
8550,3.1784776746640557,9.800124024844095,1.8628935206937753
8551,3.1784691691190763,9.800152209470376,1.8638782274671286
8552,3.1784607293218956,9.800180534588435,1.8648634294451534
8553,3.1784523361979105,9.800208234120953,1.8658656778264473
8554,3.178443827362298,9.800235952973695,1.866893235663377
8555,3.178431341179841,9.800276645092643,1.868495714048255
8556,3.1784229886043174,9.800303707297132,1.8696003881706518
8557,3.1784106861536263,9.800343791808755,1.8713028649340924
8558,3.178402552230862,9.800370167049739,1.8724788940847843
8559,3.1783900561208442,9.800409626387205,1.8742786331304584
8560,3.178381910048133,9.800435472914574,1.8754933874153277
8561,3.17837392051167,9.800460973616346,1.8767210859592383
8562,3.1783659569409917,9.800486306022387,1.8779576265881373
8563,3.1783578805646315,9.800511231803037,1.8791995762146108
8564,3.178346241486132,9.800547916476685,1.8810690666658445
8565,3.1783345276580452,9.800584534184177,1.8829423189263528
8566,3.1783307129483522,9.800596281255634,1.8835671883488259
8567,3.1783230231214885,9.800619669952788,1.8848176673429107
8568,3.1783154338791757,9.800642730588075,1.8860686795683765
8569,3.178308089980352,9.80066519658959,1.8873199708504553
8570,3.178297688259758,9.800697245438158,1.8891341388176877
8571,3.1782908662142844,9.800717968549828,1.8902281008287785
8572,3.1782839227829496,9.80073879532347,1.8912615466566582
8573,3.1782733762487756,9.80076989918246,1.892763501463986
8574,3.178266595995606,9.800790503369727,1.8937746108212483
8575,3.178259756522067,9.800810872144611,1.8948089295808466
8576,3.1782529263884385,9.80083100848982,1.8958725095218647
8577,3.178246030551666,9.800851145394073,1.8969541848105287
8578,3.178236125221988,9.800880801138693,1.898630346325951
8579,3.1782258821250133,9.800910252955914,1.9003627756639363
8580,3.1782192250242707,9.800929537328365,1.9015365689192036
8581,3.1782095020031003,9.800958163219313,1.9033369320490632
8582,3.1782029468862785,9.800977141483585,1.9045539111360468
8583,3.178196177371931,9.800996106436175,1.9057781314929991
8584,3.1781866664080805,9.801023545984568,1.9076248920385357
8585,3.1781804509136538,9.801041616273876,1.9088604172392918
8586,3.1781741667675587,9.801059127093353,1.9100959812461622
8587,3.178164696757303,9.801085467494664,1.9119481986182725
8588,3.178158494126403,9.80110302551243,1.9131819446397151
8589,3.178152436249086,9.801120038173421,1.9144150307113088
8590,3.17814322040346,9.801145421027048,1.9162634927405622
8591,3.1781373833166016,9.801161725011097,1.9174801959409171
8592,3.178131750708933,9.801177326397326,1.9186108929790973
8593,3.178126008819771,9.801193123844511,1.9196751286428555
8594,3.1781202301371665,9.80120868856652,1.9207162428719016
8595,3.1781144970876203,9.801224333713629,1.9217593115302276
8596,3.178108853085778,9.80123965984311,1.922818327653081
8597,3.178103213169251,9.801255085043925,1.9239002797647597
8598,3.1780975854473086,9.801270341840812,1.9249961783573848
8599,3.178088996749961,9.801293224466859,1.9266542608680393
8600,3.1780833996715234,9.80130818244027,1.9277810002777958
8601,3.1780750564686535,9.801330511631019,1.929517460234728
8602,3.1780695625450694,9.801344968287015,1.9306962701422832
8603,3.1780614971455057,9.80136646752314,1.9324873966291654
8604,3.1780561185799465,9.801380664816081,1.9336897955130359
8605,3.1780508231816875,9.801394400188052,1.934896235724539
8606,3.1780455958555405,9.801408070224742,1.9361038918401898
8607,3.1780404631693635,9.801421331007004,1.9373068603678856
8608,3.1780352924611566,9.801434724217225,1.9385055046185224
8609,3.178027866194358,9.801454205373147,1.9402824915590233
8610,3.178022985755399,9.801466545243366,1.941372167027001
8611,3.1780157589739937,9.801485125322726,1.9429044290728914
8612,3.1780108863365473,9.801497494845036,1.9439122075232074
8613,3.1780059897327186,9.801509843497385,1.9449145037520996
8614,3.1779774547250583,9.801581029147014,1.9491725517057061
8615,3.1779668632034923,9.801615289693006,1.9505843426125702
8616,3.1779256472028656,9.801741535428821,1.9367754768415744
8617,3.1778831228686255,9.801846358051852,1.893591250961615
8618,3.1778446693682643,9.801965703186264,1.850685743030542
8619,3.177825702436561,9.802044056709475,1.819021843635173
8620,3.1778000213800865,9.802123152150628,1.7895981169969937
8621,3.1777836661585823,9.802179159288517,1.7734120783079854
8622,3.1777824644237778,9.802198166925901,1.7729519080380676
8623,3.1777822627774968,9.80221270196797,1.774408292634362
8624,3.1777774252085105,9.802240104498779,1.7762320863307148
8625,3.1777704534383644,9.80227142620908,1.7778375546438183
8626,3.177766003496255,9.80229242211229,1.7788458927611444
8627,3.1777618848481923,9.802313318211949,1.7798265890237661
8628,3.177757495964706,9.802334293094525,1.7807902601651031
8629,3.1777528638471484,9.802355241334002,1.781743646119358
8630,3.1777484845624095,9.8023752130732,1.7826912494411613
8631,3.177744262193799,9.802395297981068,1.783635849055452
8632,3.177738129960112,9.802424024388374,1.7850505105243137
8633,3.1777338083338593,9.802443248706812,1.785993332981054
8634,3.1777276773602505,9.802471630787874,1.7874082820859234
8635,3.177723690963949,9.802489991634744,1.7883523184046755
8636,3.1777195618507803,9.80250827898449,1.7892969709410205
8637,3.1777143619983814,9.80253202836223,1.7905296106057882
8638,3.1777108827036655,9.802547999483966,1.7912095661176801
8639,3.177707174549282,9.802564270149551,1.7918243068944912
8640,3.1777016763638417,9.802588325826983,1.7927066601129706
8641,3.1776980702768505,9.802604470705868,1.7932914152796688
8642,3.1776945305267525,9.802620256722328,1.7938834860292507
8643,3.1776891886189897,9.802644053594925,1.7947930726368262
8644,3.177685545843173,9.80265978221293,1.7954072968250856
8645,3.177681915284683,9.802675636458275,1.7960248435160235
8646,3.177678420148384,9.802691234580852,1.7966468132360986
8647,3.177673028648606,9.802714424753269,1.7976086265709306
8648,3.177667765307172,9.802737328117757,1.7986017318238445
8649,3.177664359712054,9.802752347705653,1.7992880522829469
8650,3.1776590925007566,9.80277464103759,1.8003485124630172
8651,3.1776539226061677,9.802796669742724,1.801454174552561
8652,3.1776504855351155,9.802811288960008,1.8022053337500403
8653,3.1776470511253323,9.802825737805549,1.8029657500179654
8654,3.1776437675402325,9.802840094115778,1.8037472029865478
8655,3.1776404150994093,9.802854178542919,1.804547039245427
8656,3.1776370313722997,9.802868152153055,1.80537479961508
8657,3.1776336889847205,9.802881942584719,1.8062224196161851
8658,3.177630513449082,9.802895593163509,1.8070947326113955
8659,3.1776272806023655,9.802908987597808,1.807992974390715
8660,3.1776225405033602,9.802928453607368,1.809368684457791
8661,3.1776194222763205,9.802941269133028,1.8102967742927514
8662,3.1776162861997865,9.802954212611782,1.811229985936181
8663,3.1776133187625115,9.802966547850009,1.8121670245459236
8664,3.1776102062372944,9.802978955173614,1.8131069597883225
8665,3.177607203434747,9.80299104400965,1.8140487184114429
8666,3.1776042181963113,9.80300294450716,1.8149912840478664
8667,3.177601276154382,9.80301479951481,1.8159343448358178
8668,3.1775969368357435,9.8030322937104,1.8173496819979453
8669,3.177594013932696,9.80304368680928,1.8182936635018996
8670,3.1775910681029327,9.803055243097326,1.81923790307582
8671,3.1775882614349302,9.803066516981046,1.820182510911955
8672,3.177585452370434,9.803077575584258,1.8211282212074253
8673,3.1775812297158352,9.80309390401315,1.822547933240306
8674,3.177578549732752,9.803104617745472,1.8234933633046895
8675,3.1775757925668526,9.803115152256996,1.8244377814507604
8676,3.1775720419184634,9.803129438730352,1.8256913664736192
8677,3.177570789729664,9.803134246085223,1.8260555763445072
8678,3.177568254751911,9.803144064091331,1.8267377586402052
8679,3.177564461824679,9.803158687157504,1.8277229029755473
8680,3.177561780137338,9.803168578027115,1.8283670545983781
8681,3.1775579657673028,9.803183017844406,1.829346449023498
8682,3.1775554506860715,9.803192697817497,1.830013179230614
8683,3.1775516197566933,9.803206967217978,1.831026260414545
8684,3.1775490607502657,9.803216343975526,1.8317227578599788
8685,3.1775453710529935,9.803230392156234,1.8327917149854616
8686,3.177542888257655,9.803239588133737,1.8335161684536565
8687,3.1775403722645277,9.8032487086086,1.8342616380677463
8688,3.1775368041549097,9.803262159110487,1.8354094606649167
8689,3.177534465839975,9.803271052780012,1.836203828274445
8690,3.177532009309436,9.803279774239089,1.837016173288802
8691,3.1775296034988814,9.803288359300927,1.837849870614497
8692,3.177527297863582,9.803296931151118,1.838705671123339
8693,3.177525093949064,9.803305409853659,1.8395751680223695
8694,3.1775226516675668,9.803313929969134,1.8404529577163777
8695,3.177520283389472,9.803322052885393,1.8413437267187451
8696,3.1775180155426255,9.803330212360512,1.8422494080914984
8697,3.1775158270913257,9.803338362259682,1.8431642764847913
8698,3.177513695057779,9.803346209959,1.844085282238366
8699,3.1775125608333177,9.803350139714821,1.8445474469725716
8700,3.1775092259700912,9.803361477275015,1.845937822691306
8701,3.177507083561042,9.803369102322485,1.8468665932023065
8702,3.1775039853331903,9.803380347731679,1.84826071356292
8703,3.177501768274767,9.80338782516798,1.8491902422323823
8704,3.1774986782946577,9.803398709244133,1.8505852836882035
8705,3.1774956558474003,9.803409314607698,1.8519817158324212
8706,3.177493614883536,9.803416268700133,1.8529133662602646
8707,3.1774915884784454,9.803423091808417,1.8538449946593079
8708,3.177489635938478,9.803429809056594,1.854776318171033
8709,3.17748763841746,9.803436666337282,1.8557071752803005
8710,3.177484805424302,9.803446438516097,1.8570832303855886
8711,3.177482913615448,9.803452700010974,1.8578815301126184
8712,3.177480985525191,9.80345914788666,1.85859388445269
8713,3.1774781000353207,9.803469014247899,1.8595813711454217
8714,3.1774760570897267,9.803475621464454,1.8602291896421042
8715,3.177474099236355,9.8034822042345,1.8608730246506797
8716,3.1774721607059275,9.803488813383257,1.8615169660989903
8717,3.177470207826299,9.803495208415475,1.8621769746629542
8718,3.177468249041573,9.803501631294054,1.8628490328879221
8719,3.177465393066328,9.803511038653994,1.8638879019279837
8720,3.1774635203898094,9.803517363733135,1.8645988899475068
8721,3.177460652471504,9.803526515142542,1.865681946532875
8722,3.1774588662238057,9.803532645489957,1.8664264785447462
8723,3.177456225408463,9.803541559970688,1.8675797569613517
8724,3.1774543859430002,9.803547250349885,1.8683785432053144
8725,3.1774524866575247,9.803553038311668,1.8691918564770633
8726,3.1774507202301288,9.803558648185247,1.8700283227225194
8727,3.1774490474733152,9.803564224396192,1.8708914660735443
8728,3.1774466818116767,9.80357218656271,1.8722153405894333
8729,3.177444871115972,9.803577482916959,1.8731088457371892
8730,3.1774424477369254,9.80358544239405,1.8744573108057838
8731,3.1774409407878172,9.80359072238887,1.8753589043363994
8732,3.177439284131353,9.803595738826091,1.8762608014298103
8733,3.1774375057981854,9.803600704015402,1.8771624490757897
8734,3.177435246159522,9.803608139219612,1.8785135045886179
8735,3.177433793093352,9.803613144144409,1.8794128353989303
8736,3.1774321272806483,9.803618028406703,1.880310907020751
8737,3.1774304606634085,9.803622685141624,1.8812087802631305
8738,3.177428898045373,9.803627497298393,1.8821070399292708
8739,3.177427505005018,9.803632200498935,1.8830051189152708
8740,3.177426038675582,9.803636882951043,1.883902787838848
8741,3.1774245271697357,9.80364142561461,1.8847998828239703
8742,3.17742297831106,9.803646057137456,1.8856962034665667
8743,3.177421567343394,9.80365020122468,1.8865204283711234
8744,3.1774200552233367,9.80365474054773,1.887236755248518
8745,3.177417803351325,9.80366169246922,1.8881935948321706
8746,3.1774161688205855,9.803666483482619,1.8888071927032486
8747,3.1774138302553325,9.80367354785743,1.8897205671160915
8748,3.177413094360954,9.803675897911452,1.8900310619062597
8749,3.1774116124072354,9.803680456892039,1.890662657818622
8750,3.1774100017668743,9.803685013089098,1.8913134468170216
8751,3.1774085221406643,9.803689390946934,1.8919845293913733
8752,3.177406305111266,9.80369603598054,1.8930125246515273
8753,3.177404101798745,9.803702586292133,1.8940529784252764
8754,3.1774025844537706,9.803706811988713,1.8947595876476055
8755,3.177400502559075,9.803713266262898,1.8958474778774497
8756,3.177399154531928,9.803717339673474,1.896585784302055
8757,3.177397718250694,9.803721451829773,1.8973452858642172
8758,3.177396295446268,9.803725405768025,1.898119906388854
8759,3.177394886121415,9.803729450675576,1.8989066521342033
8760,3.177393632036577,9.803733275326927,1.899716348644265
8761,3.177392371029864,9.803737067970696,1.9005449155320766
8762,3.1773911249674907,9.803740757037389,1.9013871314339983
8763,3.177389147632209,9.803746267880598,1.902664597541303
8764,3.1773879450637104,9.803749761392398,1.903520966883962
8765,3.1773866426539352,9.803753351889819,1.9043781088197296
8766,3.177385448843913,9.803756784745898,1.9052325178574172
8767,3.1773842199839746,9.803760276231111,1.9060710769615243
8768,3.1773830533123757,9.803763685605531,1.9068970286479927
8769,3.177381768916998,9.803767290448647,1.9077143673865355
8770,3.177380569052795,9.803770627494737,1.9085376419429259
8771,3.1773786569802005,9.80377565878392,1.9097962586583688
8772,3.1773775202522554,9.803779057197623,1.9106439990229833
8773,3.1773764266564997,9.80378230990638,1.9115068306122243
8774,3.177375243776164,9.803785488042465,1.9123888483906506
8775,3.1773741912729254,9.803788549217687,1.913261823122332
8776,3.1773731086865706,9.803791542906266,1.9140197800400223
8777,3.1773719032274585,9.80379487915763,1.914688021791963
8778,3.1773707190751934,9.803798189457982,1.915312443345168
8779,3.177369386870642,9.803801593529073,1.915920390051577
8780,3.1773675610776375,9.803806620620708,1.9168385624448372
8781,3.1773663687804308,9.803809963564282,1.9174621632053175
8782,3.1773652423136833,9.803813228892633,1.918100249944961
8783,3.177363998289902,9.803816441293364,1.9187554374446
8784,3.1773627966567988,9.803819579422033,1.9194209235838253
8785,3.177361086322913,9.803824241754866,1.920458707703331
8786,3.1773600028501816,9.80382733366265,1.9212077302357542
8787,3.177358879635802,9.80383022412881,1.921985725841136
8788,3.177357337394625,9.803834477416972,1.923175627424376
8789,3.1773563532850764,9.80383718234451,1.9239648692969167
8790,3.1773558266876574,9.803838605438866,1.9243581600689088
8791,3.1773547548809624,9.80384133237099,1.9251448449173365
8792,3.1773537484242635,9.803844049443592,1.9259427227807548
8793,3.1773527644987776,9.803846733739913,1.9267489092633994
8794,3.1773517082144203,9.803849366168633,1.9275597652381078
8795,3.1773506997746863,9.803852040325639,1.9283727889220676
8796,3.177349764424018,9.803854590529184,1.9291851663820805
8797,3.1773487543239214,9.80385724609562,1.9299963067798303
8798,3.177348325073021,9.80385847386692,1.930401401751275
8799,3.1773473521674065,9.803861007545219,1.9312106349506206
8800,3.177345845457729,9.803864669706488,1.9324218366880006
8801,3.177344489219568,9.803868358632792,1.9336300256401997
8802,3.1773431559860557,9.803872016540769,1.9348183297001473
8803,3.1773421867812774,9.803874366704415,1.9355955817610855
8804,3.177341163080278,9.80387684527898,1.936365110522181
8805,3.1773398109601754,9.803880346800534,1.9375294671445726
8806,3.1773389683565663,9.803882723495216,1.9383030321331998
8807,3.1773381195991828,9.803884964526324,1.9390018062895509
8808,3.1773365462655323,9.803888640464361,1.9399464175775714
8809,3.177335025941012,9.803892600654851,1.9408198015603288
8810,3.1773323076139155,9.803892972785244,1.9426479464790083
8811,3.1773397913989716,9.803885423083448,1.946169042052089
8812,3.1773434382976946,9.803889629366042,1.9409394406019518
8813,3.177337331717939,9.803923079779864,1.9191369323270753
8814,3.1772959279366817,9.804022117961777,1.8745113403064215
8815,3.177274358434789,9.80409267790313,1.8459051440769996
8816,3.1772549245003776,9.804164995153412,1.817825089617449
8817,3.1772329055779713,9.80427007624493,1.7724771242934563
8818,3.177203878764096,9.80436599654333,1.7331397011342682
8819,3.1771977881655746,9.804385666085999,1.726226095902241
8820,3.1772036752876263,9.804387032437926,1.7279689204940194
8821,3.1772051373873915,9.804387239536036,1.7292409756490368
8822,3.1766973878832863,9.80747179118257,1.7377602725949175
8823,3.1753646645026796,9.815057317425604,1.756158553721693
8824,3.1729783464903227,9.82712488254362,1.7810550231067401
8825,3.1706556531025996,9.837477289790845,1.8100713790789345
8826,3.1691665110195206,9.843304478933426,1.8417188028340878
8827,3.167870636600667,9.84771340753336,1.873287081343292
8828,3.16509105104471,9.856222693616903,1.90336447655665
8829,3.160502497939948,9.868980712358711,1.9325688867625543
8830,3.154018025378873,9.88550946263311,1.9609291138409142
8831,3.1463537938144013,9.90361143683169,1.9843395073895502
8832,3.133912268434277,9.931372086285588,1.9955730385958892
8833,3.125526977840865,9.949967508666038,1.9923716554461817
8834,3.117193818767602,9.968591198820121,1.9903660993800425
8835,3.104765951027676,9.99656660534832,1.9869086758405994
8836,3.096536761527705,10.015242424605946,1.9842823452701888
8837,3.08835774774992,10.03394014361384,1.9814998556078887
8838,3.0761897804751226,10.062030089418975,1.977172816573081
8839,3.0641442372801704,10.09017245192445,1.97281017375632
8840,3.056181882989342,10.108963200419067,1.9698921984146502
8841,3.04827421178804,10.127777391969433,1.9669919685709862
8842,3.0404203147368856,10.146614344285332,1.964231967773887
8843,3.0287346416811642,10.174909325697552,1.9603052240456178
8844,3.0210039689163644,10.193796833733893,1.9579077943185612
8845,3.009491710585534,10.222161039895225,1.9544123275671013
8846,2.9980794887547386,10.250564876637265,1.9508843523773651
8847,2.986767813185728,10.279008300642465,1.9473573026925133
8848,2.9792816771193613,10.297992035872966,1.9451273107297056
8849,2.971837202568988,10.316992344269424,1.9429853385176574
8850,2.960745052051109,10.34552221730716,1.9399111331455685
8851,2.949734720743358,10.37408338539547,1.9373926698609178
8852,2.9424327263204666,10.393138166771537,1.9358348799360308
8853,2.9315454839921347,10.42174697230597,1.9324581651958446
8854,2.920766344563957,10.450398512394283,1.928236001518086
8855,2.91720082874421,10.459959485875707,1.9267302880559094
8856,2.910113191845199,10.479097850225317,1.9236739639612939
8857,2.9030844399269933,10.498258348294534,1.9205731725597726
8858,2.896115234104587,10.51744084831261,1.9174579722330611
8859,2.885773358428407,10.54625578941486,1.9127900872920673
8860,2.8789531823636367,10.565492673322979,1.9096670726032956
8861,2.8721934480900857,10.584751158009858,1.9065255216380597
8862,2.8654942310426135,10.60403043531219,1.903420169735917
8863,2.855552516459472,10.632984301292476,1.8992868448957316
8864,2.8489890907926645,10.652307489115735,1.8967717517297213
8865,2.839234485298601,10.681322814743668,1.893021293524509
8866,2.83279220414627,10.700687279225427,1.8904592910338418
8867,2.826399606796691,10.720068465075892,1.887863675368163
8868,2.820057419946061,10.73946647975885,1.8852803039534396
8869,2.8106345550078085,10.768592493165707,1.8817626932486815
8870,2.801310174688457,10.797749703069517,1.878519401830304
8871,2.7951465530538195,10.817203854937945,1.8763319034169235
8872,2.7890265405517987,10.836671631324439,1.8740227936255347
8873,2.7829515063911074,10.856153208946361,1.8717365597149611
8874,2.777220267402247,10.874706133472401,1.8677811041574668
8875,2.7725273565490047,10.89033555903983,1.8524508969937568
8876,2.766209043071704,10.913290235907935,1.8227158332123867
8877,2.7605549284047957,10.936404400426328,1.7954536654305036
8878,2.757131217128664,10.951893471162418,1.7779791262865359
8879,2.7546248381574223,10.96432458741427,1.7554326499405846
8880,2.751908902449689,10.980823378870511,1.7078038215585574
8881,2.749883050904066,10.997365899963482,1.670667973536138
8882,2.7482482983062684,11.016554866745295,1.6336912987011651
8883,2.747227880383042,11.036523542435004,1.6055145814442322
8884,2.74666173550126,11.056942779061417,1.5893392490245064
8885,2.7463820126842653,11.08760200590004,1.567391301496127
8886,2.746560503288386,11.10802182445492,1.5543939582973654
8887,2.746963389115089,11.128440234983291,1.546396848743245
8888,2.7472242640436466,11.138649233248342,1.5423335808096685
8889,2.7482571957085096,11.169268674487007,1.530079645328758
8890,2.7491491184057124,11.189671543198894,1.5225815745263578
8891,2.750762472822185,11.220259623009504,1.5122485956703748
8892,2.752008818470818,11.240640961625534,1.5057989264905052
8893,2.754121097589756,11.271196471469183,1.496439361073367
8894,2.7556863931320965,11.291554800211719,1.4903577958292207
8895,2.758258169372576,11.322072215964932,1.4819463580455827
8896,2.761079184214926,11.35256548839738,1.4740659305666906
8897,2.764131111229606,11.383034225004947,1.466901944332716
8898,2.766284066193467,11.403333999682639,1.462434576864797
8899,2.7685241878616718,11.423623241615045,1.4583566255884264
8900,2.770844930728553,11.443902713754111,1.454545287754131
8901,2.773241588854955,11.464172762649769,1.4508715544855793
8902,2.775712744230432,11.484434240311142,1.4471852861560188
8903,2.7782595513322486,11.50468702733934,1.4432839933747055
8904,2.780893364802304,11.524931371715946,1.4382819473998212
8905,2.7836355582835406,11.545163100270146,1.4324485327704377
8906,2.7865003782533164,11.565378639234176,1.4260859743851002
8907,2.789001092730498,11.582404638080975,1.424204810763296
8908,2.790820844976539,11.594849138233021,1.4292478740605972
8909,2.792279889699685,11.60531326124308,1.4376763349504202
8910,2.7931839910640144,11.612124910205893,1.4424177624920707
8911,2.795228402257461,11.62843571260538,1.4518462226865867
8912,2.7983869239167922,11.65543705210333,1.4532435461854967
8913,2.8006187739932624,11.673566208136004,1.438796723653997
8914,2.8031375832914502,11.691660808516401,1.4222233837333176
8915,2.8058379510930638,11.708920506948164,1.403839364307705
8916,2.81033012170678,11.733148430820222,1.363713393100216
8917,2.813861447508759,11.749190307450897,1.339425330663735
8918,2.8178449047158303,11.765542350446331,1.3207760595918554
8919,2.822135033528388,11.781856361023394,1.3023856909893397
8920,2.8267283085689168,11.798089882447758,1.2835377965897683
8921,2.8321087792330535,11.815883046886535,1.2683398188965684
8922,2.837849250503516,11.83398009528363,1.2565571224374292
8923,2.8472703255601393,11.862257241261533,1.2412879901500014
8924,2.8539425513533634,11.881554618869217,1.2328031113278917
8925,2.8607805642838877,11.900797651796438,1.2240375103143235
8926,2.871352389198138,11.929546822262818,1.2110679108725984
8927,2.8786042963106886,11.948635193118758,1.2026748644067708
8928,2.886014819495431,11.967661599336815,1.1944321603978187
8929,2.8974175111080647,11.996085629659355,1.1826077435871591
8930,2.905203406054575,12.01495977892429,1.174960374184138
8931,2.9171449688885707,12.04315983597747,1.1642474945891654
8932,2.9252682393923854,12.061890555937412,1.1576213730861717
8933,2.9335126805735254,12.080567237087772,1.1513640241649417
8934,2.9418710403164186,12.099191881928169,1.1454547503299035
8935,2.950336551196014,12.117767320721692,1.1397717968808112
8936,2.958906804183496,12.136293995235956,1.1342378444699723
8937,2.96757787355028,12.154773300228875,1.1288524784318623
8938,2.976346681959641,12.173205123658947,1.123608392400891
8939,2.9852112173786467,12.191590273285023,1.1184574601058266
8940,2.9941687052223083,12.209930053509257,1.1135148422975023
8941,3.003215676622493,12.228226507966644,1.1088363976424043
8942,3.0123464170881338,12.246482239201962,1.104331739092133
8943,3.016942375107894,12.25559447579732,1.1021424843220837
8944,3.0261929813630912,12.273788640304721,1.097914018516475
8945,3.035518760671367,12.291943348702674,1.0938305050647863
8946,3.0449171430150774,12.310059539846458,1.0899882696922474
8947,3.0543823034185738,12.328140537654894,1.086430723740851
8948,3.0639101331803253,12.34618774563148,1.083061428452746
8949,3.0734971019378836,12.364202693027678,1.0798145541551356
8950,3.083141825499916,12.382185852912297,1.076635494701024
8951,3.092843609459524,12.400139095479467,1.0735210322975832
8952,3.1026006207308767,12.418063292166869,1.070551642079374
8953,3.112410203578398,12.43595948322846,1.0676956739021992
8954,3.1222699807334853,12.453827517685655,1.0649181678418633
8955,3.132178780962979,12.471667406673046,1.062197483746429
8956,3.1471315276420304,12.498376536127374,1.0581626142596012
8957,3.1571601289882625,12.516149240588911,1.0554397070367088
8958,3.167238718080351,12.53389351448778,1.0524528084217721
8959,3.17737227640583,12.551606395487113,1.0491750637088442
8960,3.192693894036787,12.578108455792345,1.0431051112920284
8961,3.203003764983546,12.595723702295453,1.038535286375625
8962,3.2186366802082973,12.622052419757841,1.0299815257414608
8963,3.2291951845352784,12.6395251387063,1.0231080279401004
8964,3.2452744899052206,12.66558936885947,1.0108902862753693
8965,3.2617180130123677,12.69143312278086,0.9950471040752934
8966,3.272919263320923,12.70851002865971,0.9832750561101646
8967,3.2843291422077523,12.725450054979307,0.9703762066567878
8968,3.301875751159742,12.750567529110638,0.9488938211092411
8969,3.313880814093233,12.767096319449367,0.9337223261885735
8970,3.3261383954002253,12.78343978325071,0.9182780459371295
8971,3.338644490998,12.799592941593232,0.9033003235626634
8972,3.357810296189422,12.823474663559956,0.8858472868781126
8973,3.377321529111742,12.847079688230268,0.8730229225240675
8974,3.390479253306633,12.862669451574497,0.8660649036958128
8975,3.403718665292004,12.878194992791443,0.8631013560450309
8976,3.4170068296922778,12.893683811663406,0.8598120751685219
8977,3.4370311518202414,12.916836379998296,0.8552508865738659
8978,3.4504372314338707,12.932221715347993,0.8524300618490324
8979,3.4706212573352806,12.955232383459684,0.8487822777556423
8980,3.4841208162116435,12.970533777275305,0.8467495181890892
8981,3.504423976978901,12.993437800719816,0.8440634188440074
8982,3.5179915988475514,13.008677636507972,0.8425277135381926
8983,3.531580415035001,13.023898312835348,0.8412253023970364
8984,3.5451884474090467,13.039101377491471,0.8400810723066757
8985,3.558812679071817,13.054289941062077,0.8390606455479898
8986,3.5724508622059856,13.069465393476646,0.8382156022643518
8987,3.5861010126634927,13.084629629653474,0.8375054418985358
8988,3.599760779757086,13.099784784203763,0.8369051448905944
8989,3.6134293828172637,13.114931808722332,0.8363847039340468
8990,3.6339461836676223,13.137640120688001,0.8356416475206597
8991,3.647633982396879,13.152770289995958,0.8350713304024191
8992,3.661330614927971,13.167892472587376,0.8344597591762642
8993,3.6818977198992364,13.19055770765832,0.8330654784278363
8994,3.6956300996160714,13.205649532729332,0.8317712750200451
8995,3.7093842238686023,13.220722577387024,0.8301465887047396
8996,3.7231697341771133,13.235769502656016,0.8275012622149333
8997,3.7370014092196953,13.250775137907471,0.8240646037917584
8998,3.7578243219840908,13.273186005558008,0.8212141567861214
8999,3.771731728474545,13.288119439788096,0.8202578461667654
9000,3.7856900632988584,13.303015988781732,0.8137199715202266
9001,3.799316310856753,13.31733017279599,0.8041613462501624
9002,3.81197875858224,13.330312878432347,0.7882238120223584
9003,3.824825437091832,13.343039716037893,0.7703249223026424
9004,3.8371872324841436,13.354849298607657,0.750990556599751
9005,3.8426173179555687,13.359877531405543,0.7392936027844771
9006,3.8535648336835866,13.36965051297084,0.714326383346952
9007,3.8635171495590126,13.378085500852587,0.6873965429995719
9008,3.8685406901992794,13.382169431455518,0.6738127659960651
9009,3.883684154641066,13.39382053588785,0.6339919987610569
9010,3.8991159056467217,13.4047546838374,0.5954754922018759
9011,3.9096306293617835,13.411712929554042,0.5703253264110022
9012,3.926845597525408,13.422328769825699,0.5315391926926417
9013,3.9388878567823578,13.429229601660905,0.5056081250358091
9014,3.9572835095855248,13.439032771229527,0.4710388646664666
9015,3.969725206971222,13.445224857514654,0.4496039567281684
9016,3.983945276483883,13.451939540654372,0.43063853244785616
9017,4.010611279118245,13.463875905812943,0.41175171014242473
9018,4.029345249323119,13.47198177395033,0.40425269138761416
9019,4.057546331363062,13.483904118868722,0.39549191332591277
9020,4.076389698394842,13.491734745681768,0.39190896798591474
9021,4.095252704307286,13.499507985232194,0.38978039606144194
9022,4.114127128389572,13.507250861904582,0.388847624414455
9023,4.133006043138843,13.514982528403294,0.3886802749650497
9024,4.151884151905019,13.52271523428839,0.38900247631693224
9025,4.180192580566608,13.534332583516932,0.39010718259976385
9026,4.208484630131247,13.545989364495554,0.3918040344969857
9027,4.227333623419342,13.553788752540814,0.3931163425814121
9028,4.246171140649046,13.56161299022439,0.39448750962446155
9029,4.264996657740411,13.569462888329847,0.39589165343717625
9030,4.293214541846744,13.581287551940227,0.39794707937712726
9031,4.3214101230122735,13.593169005271683,0.39990707336053044
9032,4.349583745450306,13.605105532219438,0.40181104608493434
9033,4.368354078766537,13.61309330320328,0.4030619811859859
9034,4.396492261123565,13.625118510211296,0.4048662658005651
9035,4.415239313004318,13.633162349502133,0.40595677596768476
9036,4.4433422013984325,13.645264725292096,0.40748601862569284
9037,4.462066427240038,13.653355902911354,0.40846152624703713
9038,4.480783683127305,13.66146496266452,0.4093455270116283
9039,4.4994948216866,13.669589898337945,0.41010406092951435
9040,4.527552139035401,13.681802532620656,0.411057281729292
9041,4.546251714396143,13.689958492056396,0.4116148656265625
9042,4.564947301291912,13.698124658032851,0.41213543529487945
9043,4.583642641785335,13.706299352145853,0.4121964826792008
9044,4.608831956819322,13.717309373634407,0.41244083829243716
9045,4.620751615084958,13.722535992592583,0.41432289860392163
9046,4.630832647134976,13.726966426897835,0.4130272193558048
9047,4.643330734617862,13.732334161678814,0.39138825955492323
9048,4.646189336130285,13.733498064377933,0.378008730430558
9049,4.650864639626486,13.735280510671998,0.34374303524492694
9050,4.655612789221788,13.736901963047824,0.3095081311079505
9051,4.660408400056956,13.738360998584623,0.27650133534614874
9052,4.667686336173416,13.740256055742663,0.22832152400027264
9053,4.6750495955307905,13.74180462121066,0.18094277747080134
9054,4.681319649083006,13.742809505264429,0.1295862762739296
9055,4.685053759733987,13.743261708604413,0.1039666010549414
9056,4.689026192833561,13.743645716299323,0.0881585290333979
9057,4.690131885678546,13.74374503287005,0.09494003553140708
9058,4.690623471635876,13.743789309234561,0.11169420793430215
9059,4.690582118742388,13.743779033004001,0.14115249355119006
9060,4.690499756111525,13.743763584557149,0.1717968449627049
9061,4.69045867140056,13.74375654710493,0.1868988907522126
9062,4.690378165763768,13.74374219857586,0.21687711357797332
9063,4.6902998364447726,13.743726354909814,0.2467223935686877
9064,4.690223093495679,13.743708672110156,0.276557057060059
9065,4.690148159273048,13.743689807133046,0.30644584111751844
9066,4.690039047817442,13.743659213653928,0.35143746847321944
9067,4.689968642575503,13.743636735359937,0.3815400837620322
9068,4.689900424902685,13.743612756093395,0.4117119887492813
9069,4.6898012368807676,13.743574236985383,0.4570410793473103
9070,4.690839422186654,13.744132684679482,0.5080662862216992
9071,4.691952342779589,13.744779371326056,0.5485890668466022
9072,4.692499458689499,13.745119754131427,0.5676067756792766
9073,4.693569125302095,13.74583084827064,0.6010802217600333
9074,4.696020664441901,13.747585572555735,0.6388854519520614
