x,y,stiffness
-10.0,-10.0,10000967.305892512
-9.8,-10.0,10001000.767657362
-9.600000000000001,-10.0,10001033.318008794
-9.400000000000002,-10.0,10001064.821724726
-9.200000000000003,-10.0,10001095.150192617
-9.000000000000004,-10.0,10001124.182850802
-8.800000000000004,-10.0,10001151.808558421
-8.600000000000005,-10.0,10001177.926871339
-8.400000000000006,-10.0,10001202.44920258
-8.200000000000006,-10.0,10001225.299847234
-8.000000000000007,-10.0,10001246.416853622
-7.800000000000008,-10.0,10001265.75272485
-7.6000000000000085,-10.0,10001283.274937386
-7.400000000000009,-10.0,10001298.966266282
-7.20000000000001,-10.0,10001312.82490981
-7.000000000000011,-10.0,10001324.864409503
-6.800000000000011,-10.0,10001335.113365179
-6.600000000000012,-10.0,10001343.614947874
-6.400000000000013,-10.0,10001350.426217146
-6.2000000000000135,-10.0,10001355.617252506
-6.000000000000014,-10.0,10001359.270111868
-5.800000000000015,-10.0,10001361.47763295
-5.600000000000016,-10.0,10001362.342096053
-5.400000000000016,-10.0,10001361.97376904
-5.200000000000017,-10.0,10001360.48935712
-5.000000000000018,-10.0,10001358.010381542
-4.8000000000000185,-10.0,10001354.661512366
-4.600000000000019,-10.0,10001350.5688808
-4.40000000000002,-10.0,10001345.858396908
-4.200000000000021,-10.0,10001340.654097794
-4.000000000000021,-10.0,10001335.076550769
-3.800000000000022,-10.0,10001329.241334455
-3.6000000000000227,-10.0,10001323.257619279
-3.4000000000000234,-10.0,10001317.226866703
-3.200000000000024,-10.0,10001311.241664171
-3.000000000000025,-10.0,10001305.384710237
-2.8000000000000256,-10.0,10001299.727961572
-2.6000000000000263,-10.0,10001294.331950603
-2.400000000000027,-10.0,10001289.245279612
-2.2000000000000277,-10.0,10001284.504294211
-2.0000000000000284,-10.0,10001280.132936092
-1.8000000000000291,-10.0,10001276.142772201
-1.6000000000000298,-10.0,10001272.53319485
-1.4000000000000306,-10.0,10001269.291784726
-1.2000000000000313,-10.0,10001266.39482662
-1.000000000000032,-10.0,10001263.807965627
-0.8000000000000327,-10.0,10001261.486990007
-0.6000000000000334,-10.0,10001259.378725361
-0.4000000000000341,-10.0,10001257.422023853
-0.20000000000003482,-10.0,10001255.54883135
-3.552713678800501e-14,-10.0,10001253.685314944
0.19999999999996376,-10.0,10001251.753033198
0.39999999999996305,-10.0,10001249.67013156
0.5999999999999623,-10.0,10001247.352545815
0.7999999999999616,-10.0,10001244.715197148
0.9999999999999609,-10.0,10001241.673163177
1.1999999999999602,-10.0,10001238.14281048
1.3999999999999595,-10.0,10001234.042875273
1.5999999999999588,-10.0,10001229.29548034
1.799999999999958,-10.0,10001223.827077713
1.9999999999999574,-10.0,10001217.569308143
2.1999999999999567,-10.0,10001210.459769988
2.399999999999956,-10.0,10001202.442691723
2.5999999999999552,-10.0,10001193.469503792
2.7999999999999545,-10.0,10001183.499307161
2.999999999999954,-10.0,10001172.499237332
3.199999999999953,-10.0,10001160.444723988
3.3999999999999524,-10.0,10001147.319647826
3.5999999999999517,-10.0,10001133.116397262
3.799999999999951,-10.0,10001117.835828891
3.9999999999999503,-10.0,10001101.487136481
4.1999999999999496,-10.0,10001084.087634237
4.399999999999949,-10.0,10001065.662460752
4.599999999999948,-10.0,10001046.244210668
4.799999999999947,-10.0,10001025.872501621
4.999999999999947,-10.0,10001004.593484303
5.199999999999946,-10.0,10000982.45930383
5.399999999999945,-10.0,10000959.527520614
5.599999999999945,-10.0,10000935.860499073
5.799999999999944,-10.0,10000911.524772331
5.999999999999943,-10.0,10000886.590390911
6.1999999999999424,-10.0,10000861.130263248
6.399999999999942,-10.0,10000835.219495336
6.599999999999941,-10.0,10000808.93473661
6.79999999999994,-10.0,10000782.353538541
6.99999999999994,-10.0,10000755.55373206
7.199999999999939,-10.0,10000728.612829193
7.399999999999938,-10.0,10000701.60745393
7.5999999999999375,-10.0,10000674.612806533
7.799999999999937,-10.0,10000647.702165019
7.999999999999936,-10.0,10000620.946426876
8.199999999999935,-10.0,10000594.413693435
8.399999999999935,-10.0,10000568.168898774
8.599999999999934,-10.0,10000542.273484338
8.799999999999933,-10.0,10000516.785120003
8.999999999999932,-10.0,10000491.757471662
9.199999999999932,-10.0,10000467.24001497
9.399999999999931,-10.0,10000443.27789441
9.59999999999993,-10.0,10000419.911826296
9.79999999999993,-10.0,10000397.17804415
-10.0,-9.8,10001037.952962961
-9.8,-9.8,10001074.029916434
-9.600000000000001,-9.8,10001109.153344806
-9.400000000000002,-9.8,10001143.179772282
-9.200000000000003,-9.8,10001175.972798072
-9.000000000000004,-9.8,10001207.404630248
-8.800000000000004,-9.8,10001237.357542438
-8.600000000000005,-9.8,10001265.725229252
-8.400000000000006,-9.8,10001292.414037522
-8.200000000000006,-9.8,10001317.344051942
-8.000000000000007,-9.8,10001340.45001571
-7.800000000000008,-9.8,10001361.682069262
-7.6000000000000085,-9.8,10001381.006292896
-7.400000000000009,-9.8,10001398.405042294
-7.20000000000001,-9.8,10001413.87706925
-7.000000000000011,-9.8,10001427.437423535
-6.800000000000011,-9.8,10001439.117135497
-6.600000000000012,-9.8,10001448.962682666
-6.400000000000013,-9.8,10001457.035247434
-6.2000000000000135,-9.8,10001463.409776356
-6.000000000000014,-9.8,10001468.17385505
-5.800000000000015,-9.8,10001471.426415812
-5.600000000000016,-9.8,10001473.276297854
-5.400000000000016,-9.8,10001473.840682551
-5.200000000000017,-9.8,10001473.24342799
-5.000000000000018,-9.8,10001471.613328816
-4.8000000000000185,-9.8,10001469.08232826
-4.600000000000019,-9.8,10001465.783709886
-4.40000000000002,-9.8,10001461.850296646
-4.200000000000021,-9.8,10001457.412684236
-4.000000000000021,-9.8,10001452.597535005
-3.800000000000022,-9.8,10001447.52595704
-3.6000000000000227,-9.8,10001442.31199144
-3.4000000000000234,-9.8,10001437.061228422
-3.200000000000024,-9.8,10001431.86957051
-3.000000000000025,-9.8,10001426.822158214
-2.8000000000000256,-9.8,10001421.99247068
-2.6000000000000263,-9.8,10001417.441610657
-2.400000000000027,-9.8,10001413.217779886
-2.2000000000000277,-9.8,10001409.355948018
-2.0000000000000284,-9.8,10001405.877714751
-1.8000000000000291,-9.8,10001402.791362109
-1.6000000000000298,-9.8,10001400.092090769
-1.4000000000000306,-9.8,10001397.762431737
-1.2000000000000313,-9.8,10001395.77282227
-1.000000000000032,-9.8,10001394.082332812
-0.8000000000000327,-9.8,10001392.639529888
-0.6000000000000334,-9.8,10001391.38345844
-0.4000000000000341,-9.8,10001390.244725902
-0.20000000000003482,-9.8,10001389.146669509
-3.552713678800501e-14,-9.8,10001388.006587883
0.19999999999996376,-9.8,10001386.737017699
0.39999999999996305,-9.8,10001385.247036546
0.5999999999999623,-9.8,10001383.44357333
0.7999999999999616,-9.8,10001381.232708503
0.9999999999999609,-9.8,10001378.520947155
1.1999999999999602,-9.8,10001375.216449266
1.3999999999999595,-9.8,10001371.230202733
1.5999999999999588,-9.8,10001366.477126176
1.799999999999958,-9.8,10001360.87709024
1.9999999999999574,-9.8,10001354.355847612
2.1999999999999567,-9.8,10001346.84586377
2.399999999999956,-9.8,10001338.287042195
2.5999999999999552,-9.8,10001328.62733939
2.7999999999999545,-9.8,10001317.823266849
2.999999999999954,-9.8,10001305.84027864
3.199999999999953,-9.8,10001292.65304477
3.3999999999999524,-9.8,10001278.245612076
3.5999999999999517,-9.8,10001262.61145556
3.799999999999951,-9.8,10001245.753424387
3.9999999999999503,-9.8,10001227.683587832
4.1999999999999496,-9.8,10001208.422987368
4.399999999999949,-9.8,10001188.001301976
4.599999999999948,-9.8,10001166.456434371
4.799999999999947,-9.8,10001143.834026346
4.999999999999947,-9.8,10001120.186911982
5.199999999999946,-9.8,10001095.574517507
5.399999999999945,-9.8,10001070.062217006
5.599999999999945,-9.8,10001043.72065295
5.799999999999944,-9.8,10001016.62503061
5.999999999999943,-9.8,10000988.854395164
6.1999999999999424,-9.8,10000960.490900002
6.399999999999942,-9.8,10000931.619074427
6.599999999999941,-9.8,10000902.325098436
6.79999999999994,-9.8,10000872.696091847
6.99999999999994,-9.8,10000842.819424411
7.199999999999939,-9.8,10000812.782052938
7.399999999999938,-9.8,10000782.669890905
7.5999999999999375,-9.8,10000752.567215271
7.799999999999937,-9.8,10000722.55611457
7.999999999999936,-9.8,10000692.715981696
8.199999999999935,-9.8,10000663.123054069
8.399999999999935,-9.8,10000633.850003203
8.599999999999934,-9.8,10000604.965575095
8.799999999999933,-9.8,10000576.534282133
8.999999999999932,-9.8,10000548.61614669
9.199999999999932,-9.8,10000521.266495949
9.399999999999931,-9.8,10000494.53580708
9.59999999999993,-9.8,10000468.469601195
9.79999999999993,-9.8,10000443.10838438
-10.0,-9.600000000000001,10001111.667659676
-9.8,-9.600000000000001,10001150.484364534
-9.600000000000001,-9.600000000000001,10001188.305184118
-9.400000000000002,-9.600000000000001,10001224.97813388
-9.200000000000003,-9.600000000000001,10001260.358788261
-9.000000000000004,-9.600000000000001,10001294.311910205
-8.800000000000004,-9.600000000000001,10001326.712997433
-8.600000000000005,-9.600000000000001,10001357.449719913
-8.400000000000006,-9.600000000000001,10001386.423224024
-8.200000000000006,-9.600000000000001,10001413.5492806
-8.000000000000007,-9.600000000000001,10001438.759256275
-7.800000000000008,-9.600000000000001,10001462.000890072
-7.6000000000000085,-9.600000000000001,10001483.238860229
-7.400000000000009,-9.600000000000001,10001502.45512959
-7.20000000000001,-9.600000000000001,10001519.649061484
-7.000000000000011,-9.600000000000001,10001534.83730186
-6.800000000000011,-9.600000000000001,10001548.053427346
-6.600000000000012,-9.600000000000001,10001559.347362943
-6.400000000000013,-9.600000000000001,10001568.78457694
-6.2000000000000135,-9.600000000000001,10001576.445064537
-6.000000000000014,-9.600000000000001,10001582.422135193
-5.800000000000015,-9.600000000000001,10001586.821022162
-5.600000000000016,-9.600000000000001,10001589.7573356
-5.400000000000016,-9.600000000000001,10001591.355383242
-5.200000000000017,-9.600000000000001,10001591.746384837
-5.000000000000018,-9.600000000000001,10001591.066608094
-4.8000000000000185,-9.600000000000001,10001589.455455042
-4.600000000000019,-9.600000000000001,10001587.053528346
-4.40000000000002,-9.600000000000001,10001584.000706997
-4.200000000000021,-9.600000000000001,10001580.434260469
-4.000000000000021,-9.600000000000001,10001576.487029286
-3.800000000000022,-9.600000000000001,10001572.285698432
-3.6000000000000227,-9.600000000000001,10001567.949188175
-3.4000000000000234,-9.600000000000001,10001563.587184388
-3.200000000000024,-9.600000000000001,10001559.298827836
-3.000000000000025,-9.600000000000001,10001555.171578882
-2.8000000000000256,-9.600000000000001,10001551.280270882
-2.6000000000000263,-9.600000000000001,10001547.68636219
-2.400000000000027,-9.600000000000001,10001544.437393263
-2.2000000000000277,-9.600000000000001,10001541.566652004
-2.0000000000000284,-9.600000000000001,10001539.09304699
-1.8000000000000291,-9.600000000000001,10001537.021185108
-1.6000000000000298,-9.600000000000001,10001535.34164696
-1.4000000000000306,-9.600000000000001,10001534.03145061
-1.2000000000000313,-9.600000000000001,10001533.054691592
-1.000000000000032,-9.600000000000001,10001532.36334491
-0.8000000000000327,-9.600000000000001,10001531.89821272
-0.6000000000000334,-9.600000000000001,10001531.589999864
-0.4000000000000341,-9.600000000000001,10001531.360498108
-0.20000000000003482,-9.600000000000001,10001531.123859152
-3.552713678800501e-14,-9.600000000000001,10001530.787935859
0.19999999999996376,-9.600000000000001,10001530.255671075
0.39999999999996305,-9.600000000000001,10001529.426513555
0.5999999999999623,-9.600000000000001,10001528.197840922
0.7999999999999616,-9.600000000000001,10001526.466370476
0.9999999999999609,-9.600000000000001,10001524.129539547
1.1999999999999602,-9.600000000000001,10001521.086838445
1.3999999999999595,-9.600000000000001,10001517.241080409
1.5999999999999588,-9.600000000000001,10001512.499594579
1.799999999999958,-9.600000000000001,10001506.775329715
1.9999999999999574,-9.600000000000001,10001499.987858133
2.1999999999999567,-9.600000000000001,10001492.064271232
2.399999999999956,-9.600000000000001,10001482.939959763
2.5999999999999552,-9.600000000000001,10001472.559273891
2.7999999999999545,-9.600000000000001,10001460.876059903
2.999999999999954,-9.600000000000001,10001447.854072096
3.199999999999953,-9.600000000000001,10001433.467260154
3.3999999999999524,-9.600000000000001,10001417.69993378
3.5999999999999517,-9.600000000000001,10001400.546807842
3.799999999999951,-9.600000000000001,10001382.012932621
3.9999999999999503,-9.600000000000001,10001362.113514878
4.1999999999999496,-9.600000000000001,10001340.87363659
4.399999999999949,-9.600000000000001,10001318.327878943
4.599999999999948,-9.600000000000001,10001294.519860072
4.799999999999947,-9.600000000000001,10001269.501695506
4.999999999999947,-9.600000000000001,10001243.33339079
5.199999999999946,-9.600000000000001,10001216.082176002
5.399999999999945,-9.600000000000001,10001187.821792109
5.599999999999945,-9.600000000000001,10001158.631739086
5.799999999999944,-9.600000000000001,10001128.596495656
5.999999999999943,-9.600000000000001,10001097.804720303
6.1999999999999424,-9.600000000000001,10001066.348442944
6.399999999999942,-9.600000000000001,10001034.322256165
6.599999999999941,-9.600000000000001,10001001.822514566
6.79999999999994,-9.600000000000001,10000968.946550066
6.99999999999994,-9.600000000000001,10000935.791910576
7.199999999999939,-9.600000000000001,10000902.45562862
7.399999999999938,-9.600000000000001,10000869.03352594
7.5999999999999375,-9.600000000000001,10000835.61955922
7.799999999999937,-9.600000000000001,10000802.305211559
7.999999999999936,-9.600000000000001,10000769.17893329
8.199999999999935,-9.600000000000001,10000736.325635206
8.399999999999935,-9.600000000000001,10000703.826236444
8.599999999999934,-9.600000000000001,10000671.757268503
8.799999999999933,-9.600000000000001,10000640.190536244
8.999999999999932,-9.600000000000001,10000609.192836035
9.199999999999932,-9.600000000000001,10000578.825730558
9.399999999999931,-9.600000000000001,10000549.145379238
9.59999999999993,-9.600000000000001,10000520.202422686
9.79999999999993,-9.600000000000001,10000492.041919127
-10.0,-9.400000000000002,10001188.361460345
-9.8,-9.400000000000002,10001230.038471583
-9.600000000000001,-9.400000000000002,10001270.676944412
-9.400000000000002,-9.400000000000002,10001310.116134312
-9.200000000000003,-9.400000000000002,10001348.20335762
-9.000000000000004,-9.400000000000002,10001384.795719655
-8.800000000000004,-9.400000000000002,10001419.76175339
-8.600000000000005,-9.400000000000002,10001452.982941406
-8.400000000000006,-9.400000000000002,10001484.35509502
-8.200000000000006,-9.400000000000002,10001513.789566414
-8.000000000000007,-9.400000000000002,10001541.214271842
-7.800000000000008,-9.400000000000002,10001566.574506767
-7.6000000000000085,-9.400000000000002,10001589.833537063
-7.400000000000009,-9.400000000000002,10001610.972953895
-7.20000000000001,-9.400000000000002,10001629.992783844
-7.000000000000011,-9.400000000000002,10001646.91134983
-6.800000000000011,-9.400000000000002,10001661.764882669
-6.600000000000012,-9.400000000000002,10001674.606887331
-6.400000000000013,-9.400000000000002,10001685.507272152
-6.2000000000000135,-9.400000000000002,10001694.55125333
-6.000000000000014,-9.400000000000002,10001701.838050963
-5.800000000000015,-9.400000000000002,10001707.47939635
-5.600000000000016,-9.400000000000002,10001711.59787358
-5.400000000000016,-9.400000000000002,10001714.325121066
-5.200000000000017,-9.400000000000002,10001715.79992111
-5.000000000000018,-9.400000000000002,10001716.166207207
-4.8000000000000185,-9.400000000000002,10001715.571019998
-4.600000000000019,-9.400000000000002,10001714.16244345
-4.40000000000002,-9.400000000000002,10001712.087552795
-4.200000000000021,-9.400000000000002,10001709.49040523
-4.000000000000021,-9.400000000000002,10001706.510103233
-3.800000000000022,-9.400000000000002,10001703.27895882
-3.6000000000000227,-9.400000000000002,10001699.92078483
-3.4000000000000234,-9.400000000000002,10001696.549336886
-3.200000000000024,-9.400000000000002,10001693.266926734
-3.000000000000025,-9.400000000000002,10001690.163224509
-2.8000000000000256,-9.400000000000002,10001687.31426398
-2.6000000000000263,-9.400000000000002,10001684.781661341
-2.400000000000027,-9.400000000000002,10001682.612054368
-2.2000000000000277,-9.400000000000002,10001680.836765146
-2.0000000000000284,-9.400000000000002,10001679.471685955
-1.8000000000000291,-9.400000000000002,10001678.517384395
-1.6000000000000298,-9.400000000000002,10001677.959420582
-1.4000000000000306,-9.400000000000002,10001677.768866148
-1.2000000000000313,-9.400000000000002,10001677.903012037
-1.000000000000032,-9.400000000000002,10001678.306249663
-0.8000000000000327,-9.400000000000002,10001678.911107851
-0.6000000000000334,-9.400000000000002,10001679.639426338
-0.4000000000000341,-9.400000000000002,10001680.403645217
-0.20000000000003482,-9.400000000000002,10001681.108188808
-3.552713678800501e-14,-9.400000000000002,10001681.650921902
0.19999999999996376,-9.400000000000002,10001681.924656073
0.39999999999996305,-9.400000000000002,10001681.81868401
0.5999999999999623,-9.400000000000002,10001681.22032034
0.7999999999999616,-9.400000000000002,10001680.016428098
0.9999999999999609,-9.400000000000002,10001678.094911307
1.1999999999999602,-9.400000000000002,10001675.346155265
1.3999999999999595,-9.400000000000002,10001671.664397817
1.5999999999999588,-9.400000000000002,10001666.949016465
1.799999999999958,-9.400000000000002,10001661.105718156
1.9999999999999574,-9.400000000000002,10001654.047620315
2.1999999999999567,-9.400000000000002,10001645.696213873
2.399999999999956,-9.400000000000002,10001635.982200874
2.5999999999999552,-9.400000000000002,10001624.846201332
2.7999999999999545,-9.400000000000002,10001612.239325901
2.999999999999954,-9.400000000000002,10001598.12361287
3.199999999999953,-9.400000000000002,10001582.472329741
3.3999999999999524,-9.400000000000002,10001565.270141343
3.5999999999999517,-9.400000000000002,10001546.513148034
3.799999999999951,-9.400000000000002,10001526.20879897
3.9999999999999503,-9.400000000000002,10001504.375686629
4.1999999999999496,-9.400000000000002,10001481.043230055
4.399999999999949,-9.400000000000002,10001456.251255075
4.599999999999948,-9.400000000000002,10001430.049480697
4.799999999999947,-9.400000000000002,10001402.496921482
4.999999999999947,-9.400000000000002,10001373.661216132
5.199999999999946,-9.400000000000002,10001343.617892982
5.399999999999945,-9.400000000000002,10001312.449583111
5.599999999999945,-9.400000000000002,10001280.245192025
5.799999999999944,-9.400000000000002,10001247.099040547
5.999999999999943,-9.400000000000002,10001213.109985577
6.1999999999999424,-9.400000000000002,10001178.380530844
6.399999999999942,-9.400000000000002,10001143.015937509
6.599999999999941,-9.400000000000002,10001107.123343868
6.79999999999994,-9.400000000000002,10001070.810902819
6.99999999999994,-9.400000000000002,10001034.186945137
7.199999999999939,-9.400000000000002,10000997.359175853
7.399999999999938,-9.400000000000002,10000960.433910223
7.5999999999999375,-9.400000000000002,10000923.515355105
7.799999999999937,-9.400000000000002,10000886.704940602
7.999999999999936,-9.400000000000002,10000850.100706132
8.199999999999935,-9.400000000000002,10000813.796744136
8.399999999999935,-9.400000000000002,10000777.882703967
8.599999999999934,-9.400000000000002,10000742.44335758
8.799999999999933,-9.400000000000002,10000707.558227945
8.999999999999932,-9.400000000000002,10000673.301280363
9.199999999999932,-9.400000000000002,10000639.740676166
9.399999999999931,-9.400000000000002,10000606.938587666
9.59999999999993,-9.400000000000002,10000574.951072562
9.79999999999993,-9.400000000000002,10000543.828005599
-10.0,-9.200000000000003,10001267.918772595
-9.8,-9.200000000000003,10001312.571253201
-9.600000000000001,-9.200000000000003,10001356.142167715
-9.400000000000002,-9.200000000000003,10001398.46176393
-9.200000000000003,-9.200000000000003,10001439.368869342
-9.000000000000004,-9.200000000000003,10001478.712720862
-8.800000000000004,-9.200000000000003,10001516.354698552
-8.600000000000005,-9.200000000000003,10001552.169934409
-8.400000000000006,-9.200000000000003,10001586.048768502
-8.200000000000006,-9.200000000000003,10001617.898026787
-8.000000000000007,-9.200000000000003,10001647.642097332
-7.800000000000008,-9.200000000000003,10001675.223784728
-7.6000000000000085,-9.200000000000003,10001700.60492585
-7.400000000000009,-9.200000000000003,10001723.766753938
-7.20000000000001,-9.200000000000003,10001744.710002108
-7.000000000000011,-9.200000000000003,10001763.45474175
-6.800000000000011,-9.200000000000003,10001780.039955745
-6.600000000000012,-9.200000000000003,10001794.522850933
-6.400000000000013,-9.200000000000003,10001806.977918824
-6.2000000000000135,-9.200000000000003,10001817.495757822
-6.000000000000014,-9.200000000000003,10001826.181674352
-5.800000000000015,-9.200000000000003,10001833.154084053
-5.600000000000016,-9.200000000000003,10001838.54273771
-5.400000000000016,-9.200000000000003,10001842.486799335
-5.200000000000017,-9.200000000000003,10001845.1328064
-5.000000000000018,-9.200000000000003,10001846.632544
-4.8000000000000185,-9.200000000000003,10001847.140865922
-4.600000000000019,-9.200000000000003,10001846.813496333
-4.40000000000002,-9.200000000000003,10001845.804845717
-4.200000000000021,-9.200000000000003,10001844.26587413
-4.000000000000021,-9.200000000000003,10001842.342033628
-3.800000000000022,-9.200000000000003,10001840.171319993
-3.6000000000000227,-9.200000000000003,10001837.882461589
-3.4000000000000234,-9.200000000000003,10001835.593270505
-3.200000000000024,-9.200000000000003,10001833.409178
-3.000000000000025,-9.200000000000003,10001831.421972895
-2.8000000000000256,-9.200000000000003,10001829.708757803
-2.6000000000000263,-9.200000000000003,10001828.33113442
-2.400000000000027,-9.200000000000003,10001827.334624985
-2.2000000000000277,-9.200000000000003,10001826.748333279
-2.0000000000000284,-9.200000000000003,10001826.584844548
-1.8000000000000291,-9.200000000000003,10001826.840360086
-1.6000000000000298,-9.200000000000003,10001827.495058674
-1.4000000000000306,-9.200000000000003,10001828.513673788
-1.2000000000000313,-9.200000000000003,10001829.846272567
-1.000000000000032,-9.200000000000003,10001831.429219907
-0.8000000000000327,-9.200000000000003,10001833.186308768
-0.6000000000000334,-9.200000000000003,10001835.030036055
-0.4000000000000341,-9.200000000000003,10001836.863001887
-0.20000000000003482,-9.200000000000003,10001838.579409165
-3.552713678800501e-14,-9.200000000000003,10001840.066639703
0.19999999999996376,-9.200000000000003,10001841.206882987
0.39999999999996305,-9.200000000000003,10001841.878793903
0.5999999999999623,-9.200000000000003,10001841.959156206
0.7999999999999616,-9.200000000000003,10001841.324529473
0.9999999999999609,-9.200000000000003,10001839.852858411
1.1999999999999602,-9.200000000000003,10001837.425024824
1.3999999999999595,-9.200000000000003,10001833.92632421
1.5999999999999588,-9.200000000000003,10001829.247850757
1.799999999999958,-9.200000000000003,10001823.287776511
1.9999999999999574,-9.200000000000003,10001815.952512508
2.1999999999999567,-9.200000000000003,10001807.157741796
2.399999999999956,-9.200000000000003,10001796.829316506
2.5999999999999552,-9.200000000000003,10001784.904013103
2.7999999999999545,-9.200000000000003,10001771.330142247
2.999999999999954,-9.200000000000003,10001756.068011556
3.199999999999953,-9.200000000000003,10001739.09024162
3.3999999999999524,-9.200000000000003,10001720.381937385
3.5999999999999517,-9.200000000000003,10001699.940718733
3.799999999999951,-9.200000000000003,10001677.776615627
3.9999999999999503,-9.200000000000003,10001653.911834609
4.1999999999999496,-9.200000000000003,10001628.380404592
4.399999999999949,-9.200000000000003,10001601.227711054
4.599999999999948,-9.200000000000003,10001572.50992848
4.799999999999947,-9.200000000000003,10001542.293361733
4.999999999999947,-9.200000000000003,10001510.653707488
5.199999999999946,-9.200000000000003,10001477.675247261
5.399999999999945,-9.200000000000003,10001443.449983781
5.599999999999945,-9.200000000000003,10001408.07673244
5.799999999999944,-9.200000000000003,10001371.660179617
5.999999999999943,-9.200000000000003,10001334.309919216
6.1999999999999424,-9.200000000000003,10001296.139478695
6.399999999999942,-9.200000000000003,10001257.265345087
6.599999999999941,-9.200000000000003,10001217.806001265
6.79999999999994,-9.200000000000003,10001177.880981814
6.99999999999994,-9.200000000000003,10001137.60995732
7.199999999999939,-9.200000000000003,10001097.111854974
7.399999999999938,-9.200000000000003,10001056.504022684
7.5999999999999375,-9.200000000000003,10001015.901442938
7.799999999999937,-9.200000000000003,10000975.41600182
7.999999999999936,-9.200000000000003,10000935.155817622
8.199999999999935,-9.200000000000003,10000895.224632729
8.399999999999935,-9.200000000000003,10000855.721271355
8.599999999999934,-9.200000000000003,10000816.739165097
8.799999999999933,-9.200000000000003,10000778.365947193
8.999999999999932,-9.200000000000003,10000740.683115747
9.199999999999932,-9.200000000000003,10000703.765765319
9.399999999999931,-9.200000000000003,10000667.682385668
9.59999999999993,-9.200000000000003,10000632.494725686
9.79999999999993,-9.200000000000003,10000598.257720076
-10.0,-9.000000000000004,10001350.196073197
-9.8,-9.000000000000004,10001397.932365533
-9.600000000000001,-9.000000000000004,10001444.543569516
-9.400000000000002,-9.000000000000004,10001489.85068062
-9.200000000000003,-9.000000000000004,10001533.68380886
-9.000000000000004,-9.000000000000004,10001575.88411291
-8.800000000000004,-9.000000000000004,10001616.305631492
-8.600000000000005,-9.000000000000004,10001654.816981276
-8.400000000000006,-9.000000000000004,10001691.302891992
-8.200000000000006,-9.000000000000004,10001725.66555149
-8.000000000000007,-9.000000000000004,10001757.825736193
-7.800000000000008,-9.000000000000004,10001787.723705478
-7.6000000000000085,-9.000000000000004,10001815.319842268
-7.400000000000009,-9.000000000000004,10001840.595026083
-7.20000000000001,-9.000000000000004,10001863.550729258
-7.000000000000011,-9.000000000000004,10001884.20883161
-6.800000000000011,-9.000000000000004,10001902.611153636
-6.600000000000012,-9.000000000000004,10001918.818713097
-6.400000000000013,-9.000000000000004,10001932.910714708
-6.2000000000000135,-9.000000000000004,10001944.983287107
-6.000000000000014,-9.000000000000004,10001955.147985814
-5.800000000000015,-9.000000000000004,10001963.530084772
-5.600000000000016,-9.000000000000004,10001970.266682757
-5.400000000000016,-9.000000000000004,10001975.504654035
-5.200000000000017,-9.000000000000004,10001979.39847516
-5.000000000000018,-9.000000000000004,10001982.1079618
-4.8000000000000185,-9.000000000000004,10001983.795950793
-4.600000000000019,-9.000000000000004,10001984.625963265
-4.40000000000002,-9.000000000000004,10001984.759884648
-4.200000000000021,-9.000000000000004,10001984.355696786
-4.000000000000021,-9.000000000000004,10001983.565296032
-3.800000000000022,-9.000000000000004,10001982.532429324
-3.6000000000000227,-9.000000000000004,10001981.390777912
-3.4000000000000234,-9.000000000000004,10001980.262215324
-3.200000000000024,-9.000000000000004,10001979.25526309
-3.000000000000025,-9.000000000000004,10001978.463763863
-2.8000000000000256,-9.000000000000004,10001977.9657878
-2.6000000000000263,-9.000000000000004,10001977.822783977
-2.400000000000027,-9.000000000000004,10001978.07898434
-2.2000000000000277,-9.000000000000004,10001978.76106367
-2.0000000000000284,-9.000000000000004,10001979.878054759
-1.8000000000000291,-9.000000000000004,10001981.421514142
-1.6000000000000298,-9.000000000000004,10001983.365929963
-1.4000000000000306,-9.000000000000004,10001985.669359993
-1.2000000000000313,-9.000000000000004,10001988.274284773
-1.000000000000032,-9.000000000000004,10001991.108657992
-0.8000000000000327,-9.000000000000004,10001994.087133862
-0.6000000000000334,-9.000000000000004,10001997.112449287
-0.4000000000000341,-9.000000000000004,10002000.076937117
-0.20000000000003482,-9.000000000000004,10002002.864145694
-3.552713678800501e-14,-9.000000000000004,10002005.350539254
0.19999999999996376,-9.000000000000004,10002007.407253614
0.39999999999996305,-9.000000000000004,10002008.90188167
0.5999999999999623,-9.000000000000004,10002009.700263929
0.7999999999999616,-9.000000000000004,10002009.668260148
0.9999999999999609,-9.000000000000004,10002008.673479471
1.1999999999999602,-9.000000000000004,10002006.58694796
1.3999999999999595,-9.000000000000004,10002003.284694135
1.5999999999999588,-9.000000000000004,10001998.649235193
1.799999999999958,-9.000000000000004,10001992.570948578
1.9999999999999574,-9.000000000000004,10001984.949315844
2.1999999999999567,-9.000000000000004,10001975.694028022
2.399999999999956,-9.000000000000004,10001964.725943979
2.5999999999999552,-9.000000000000004,10001951.977895632
2.7999999999999545,-9.000000000000004,10001937.395336006
2.999999999999954,-9.000000000000004,10001920.936828455
3.199999999999953,-9.000000000000004,10001902.574377362
3.3999999999999524,-9.000000000000004,10001882.29360259
3.5999999999999517,-9.000000000000004,10001860.093761878
3.799999999999951,-9.000000000000004,10001835.98762691
3.9999999999999503,-9.000000000000004,10001810.001220418
4.1999999999999496,-9.000000000000004,10001782.173422888
4.399999999999949,-9.000000000000004,10001752.55545868
4.599999999999948,-9.000000000000004,10001721.21027224
4.799999999999947,-9.000000000000004,10001688.211805906
4.999999999999947,-9.000000000000004,10001653.64419138
5.199999999999946,-9.000000000000004,10001617.60086731
5.399999999999945,-9.000000000000004,10001580.183635721
5.599999999999945,-9.000000000000004,10001541.501670018
5.799999999999944,-9.000000000000004,10001501.670487264
5.999999999999943,-9.000000000000004,10001460.810897164
6.1999999999999424,-9.000000000000004,10001419.047939783
6.399999999999942,-9.000000000000004,10001376.509823635
6.599999999999941,-9.000000000000004,10001333.326875055
6.79999999999994,-9.000000000000004,10001289.630509159
6.99999999999994,-9.000000000000004,10001245.552231876
7.199999999999939,-9.000000000000004,10001201.222681742
7.399999999999938,-9.000000000000004,10001156.770719174
7.5999999999999375,-9.000000000000004,10001112.322570061
7.799999999999937,-9.000000000000004,10001068.001029577
7.999999999999936,-9.000000000000004,10001023.924731024
8.199999999999935,-9.000000000000004,10000980.20748369
8.399999999999935,-9.000000000000004,10000936.957682634
8.599999999999934,-9.000000000000004,10000894.277792389
8.799999999999933,-9.000000000000004,10000852.263905691
8.999999999999932,-9.000000000000004,10000811.005377475
9.199999999999932,-9.000000000000004,10000770.584533453
9.399999999999931,-9.000000000000004,10000731.076451993
9.59999999999993,-9.000000000000004,10000692.548817163
9.79999999999993,-9.000000000000004,10000655.06184027
-10.0,-8.800000000000004,10001435.021377983
-9.8,-8.800000000000004,10001485.94155364
-9.600000000000001,-8.800000000000004,10001535.692465588
-9.400000000000002,-8.800000000000004,10001584.085615057
-9.200000000000003,-8.800000000000004,10001630.942167481
-9.000000000000004,-8.800000000000004,10001676.094993709
-8.800000000000004,-8.800000000000004,10001719.390601499
-8.600000000000005,-8.800000000000004,10001760.690924782
-8.400000000000006,-8.800000000000004,10001799.874939613
-8.200000000000006,-8.800000000000004,10001836.840078082
-8.000000000000007,-8.800000000000004,10001871.503414111
-7.800000000000008,-8.800000000000004,10001903.802598633
-7.6000000000000085,-8.800000000000004,10001933.696525307
-7.400000000000009,-8.800000000000004,10001961.165712472
-7.20000000000001,-8.800000000000004,10001986.2123915
-7.000000000000011,-8.800000000000004,10002008.86029673
-6.800000000000011,-8.800000000000004,10002029.154157221
-6.600000000000012,-8.800000000000004,10002047.15889561
-6.400000000000013,-8.800000000000004,10002062.958544487
-6.2000000000000135,-8.800000000000004,10002076.654895542
-6.000000000000014,-8.800000000000004,10002088.365901401
-5.800000000000015,-8.800000000000004,10002098.223854298
-5.600000000000016,-8.800000000000004,10002106.37336956
-5.400000000000016,-8.800000000000004,10002112.969205199
-5.200000000000017,-8.800000000000004,10002118.173951557
-5.000000000000018,-8.800000000000004,10002122.155627046
-4.8000000000000185,-8.800000000000004,10002125.085217407
-4.600000000000019,-8.800000000000004,10002127.134196544
-4.40000000000002,-8.800000000000004,10002128.472067077
-4.200000000000021,-8.800000000000004,10002129.26395789
-4.000000000000021,-8.800000000000004,10002129.668314746
-3.800000000000022,-8.800000000000004,10002129.834717888
-3.6000000000000227,-8.800000000000004,10002129.901858026
-3.4000000000000234,-8.800000000000004,10002129.995699061
-3.200000000000024,-8.800000000000004,10002130.227852259
-3.000000000000025,-8.800000000000004,10002130.694182813
-2.8000000000000256,-8.800000000000004,10002131.47366548
-2.6000000000000263,-8.800000000000004,10002132.627501689
-2.400000000000027,-8.800000000000004,10002134.198506072
-2.2000000000000277,-8.800000000000004,10002136.210765842
-2.0000000000000284,-8.800000000000004,10002138.66957222
-1.8000000000000291,-8.800000000000004,10002141.5616187
-1.6000000000000298,-8.800000000000004,10002144.85545714
-1.4000000000000306,-8.800000000000004,10002148.502198776
-1.2000000000000313,-8.800000000000004,10002152.4364441
-1.000000000000032,-8.800000000000004,10002156.577422366
-0.8000000000000327,-8.800000000000004,10002160.830319164
-0.6000000000000334,-8.800000000000004,10002165.087768257
-0.4000000000000341,-8.800000000000004,10002169.231482344
-0.20000000000003482,-8.800000000000004,10002173.133996274
-3.552713678800501e-14,-8.800000000000004,10002176.660495525
0.19999999999996376,-8.800000000000004,10002179.67070258
0.39999999999996305,-8.800000000000004,10002182.020794054
0.5999999999999623,-8.800000000000004,10002183.565322002
0.7999999999999616,-8.800000000000004,10002184.159113957
0.9999999999999609,-8.800000000000004,10002183.659127383
1.1999999999999602,-8.800000000000004,10002181.926236121
1.3999999999999595,-8.800000000000004,10002178.826928027
1.5999999999999588,-8.800000000000004,10002174.234895283
1.799999999999958,-8.800000000000004,10002168.032500988
1.9999999999999574,-8.800000000000004,10002160.112108076
2.1999999999999567,-8.800000000000004,10002150.37725901
2.399999999999956,-8.800000000000004,10002138.743697133
2.5999999999999552,-8.800000000000004,10002125.140223097
2.7999999999999545,-8.800000000000004,10002109.509382138
2.999999999999954,-8.800000000000004,10002091.807980342
3.199999999999953,-8.800000000000004,10002072.007430263
3.3999999999999524,-8.800000000000004,10002050.093928363
3.5999999999999517,-8.800000000000004,10002026.06846875
3.799999999999951,-8.800000000000004,10001999.946699414
3.9999999999999503,-8.800000000000004,10001971.758628834
4.1999999999999496,-8.800000000000004,10001941.548192192
4.399999999999949,-8.800000000000004,10001909.372687766
4.599999999999948,-8.800000000000004,10001875.302094977
4.799999999999947,-8.800000000000004,10001839.41828648
4.999999999999947,-8.800000000000004,10001801.81414731
5.199999999999946,-8.800000000000004,10001762.592614513
5.399999999999945,-8.800000000000004,10001721.865650957
5.599999999999945,-8.800000000000004,10001679.753167085
5.799999999999944,-8.800000000000004,10001636.381904334
5.999999999999943,-8.800000000000004,10001591.88429357
6.1999999999999424,-8.800000000000004,10001546.397301646
6.399999999999942,-8.800000000000004,10001500.061278554
6.599999999999941,-8.800000000000004,10001453.01881703
6.79999999999994,-8.800000000000004,10001405.413635762
6.99999999999994,-8.800000000000004,10001357.389496446
7.199999999999939,-8.800000000000004,10001309.08916407
7.399999999999938,-8.800000000000004,10001260.65341887
7.5999999999999375,-8.800000000000004,10001212.220127303
7.799999999999937,-8.800000000000004,10001163.923378421
7.999999999999936,-8.800000000000004,10001115.892690955
8.199999999999935,-8.800000000000004,10001068.25229534
8.399999999999935,-8.800000000000004,10001021.120493867
8.599999999999934,-8.800000000000004,10000974.609101178
8.799999999999933,-8.800000000000004,10000928.822966259
8.999999999999932,-8.800000000000004,10000883.859576158
9.199999999999932,-8.800000000000004,10000839.808740837
9.399999999999931,-8.800000000000004,10000796.752357593
9.59999999999993,-8.800000000000004,10000754.764252862
9.79999999999993,-8.800000000000004,10000713.910098419
-10.0,-8.600000000000005,10001522.194078311
-9.8,-8.600000000000005,10001576.388492003
-9.600000000000001,-8.600000000000005,10001629.368617846
-9.400000000000002,-8.600000000000005,10001680.93622334
-9.200000000000003,-8.600000000000005,10001730.903303329
-9.000000000000004,-8.600000000000005,10001779.094230818
-8.800000000000004,-8.600000000000005,10001825.347790964
-8.600000000000005,-8.600000000000005,10001869.519063802
-8.400000000000006,-8.600000000000005,10001911.481122902
-8.200000000000006,-8.600000000000005,10001951.12651964
-8.000000000000007,-8.600000000000005,10001988.368525593
-7.800000000000008,-8.600000000000005,10002023.142109238
-7.6000000000000085,-8.600000000000005,10002055.404627347
-7.400000000000009,-8.600000000000005,10002085.136215795
-7.20000000000001,-8.600000000000005,10002112.339869715
-7.000000000000011,-8.600000000000005,10002137.041207928
-6.800000000000011,-8.600000000000005,10002159.287922077
-6.600000000000012,-8.600000000000005,10002179.148916194
-6.400000000000013,-8.600000000000005,10002196.713147871
-6.2000000000000135,-8.600000000000005,10002212.088187346
-6.000000000000014,-8.600000000000005,10002225.398515692
-5.800000000000015,-8.600000000000005,10002236.783587804
-5.600000000000016,-8.600000000000005,10002246.395690003
-5.400000000000016,-8.600000000000005,10002254.39762538
-5.200000000000017,-8.600000000000005,10002260.960263038
-5.000000000000018,-8.600000000000005,10002266.259989418
-4.8000000000000185,-8.600000000000005,10002270.476101417
-4.600000000000019,-8.600000000000005,10002273.788181696
-4.40000000000002,-8.600000000000005,10002276.373496555
-4.200000000000021,-8.600000000000005,10002278.404455926
-4.000000000000021,-8.600000000000005,10002280.046173679
-3.800000000000022,-8.600000000000005,10002281.454164114
-3.6000000000000227,-8.600000000000005,10002282.772207998
-3.4000000000000234,-8.600000000000005,10002284.130417958
-3.200000000000024,-8.600000000000005,10002285.64352953
-3.000000000000025,-8.600000000000005,10002287.409439838
-2.8000000000000256,-8.600000000000005,10002289.508011593
-2.6000000000000263,-8.600000000000005,10002292.000155404
-2.400000000000027,-8.600000000000005,10002294.927198716
-2.2000000000000277,-8.600000000000005,10002298.310544934
-2.0000000000000284,-8.600000000000005,10002302.151621718
-1.8000000000000291,-8.600000000000005,10002306.432112806
-1.6000000000000298,-8.600000000000005,10002311.114463711
-1.4000000000000306,-8.600000000000005,10002316.142647447
-1.2000000000000313,-8.600000000000005,10002321.443173084
-1.000000000000032,-8.600000000000005,10002326.92631672
-0.8000000000000327,-8.600000000000005,10002332.487551697
-0.6000000000000334,-8.600000000000005,10002338.009152807
-0.4000000000000341,-8.600000000000005,10002343.36194744
-0.20000000000003482,-8.600000000000005,10002348.407185413
-3.552713678800501e-14,-8.600000000000005,10002352.998498576
0.19999999999996376,-8.600000000000005,10002356.98392098
0.39999999999996305,-8.600000000000005,10002360.2079407
0.5999999999999623,-8.600000000000005,10002362.513555007
0.7999999999999616,-8.600000000000005,10002363.744301725
0.9999999999999609,-8.600000000000005,10002363.746240934
1.1999999999999602,-8.600000000000005,10002362.36986302
1.3999999999999595,-8.600000000000005,10002359.471900987
1.5999999999999588,-8.600000000000005,10002354.91702722
1.799999999999958,-8.600000000000005,10002348.579417273
1.9999999999999574,-8.600000000000005,10002340.344165735
2.1999999999999567,-8.600000000000005,10002330.108541908
2.399999999999956,-8.600000000000005,10002317.783075547
2.5999999999999552,-8.600000000000005,10002303.292465637
2.7999999999999545,-8.600000000000005,10002286.576307692
2.999999999999954,-8.600000000000005,10002267.589637632
3.199999999999953,-8.600000000000005,10002246.303292565
3.3999999999999524,-8.600000000000005,10002222.704091223
3.5999999999999517,-8.600000000000005,10002196.79483873
3.799999999999951,-8.600000000000005,10002168.59416245
3.9999999999999503,-8.600000000000005,10002138.136187268
4.1999999999999496,-8.600000000000005,10002105.470060296
4.399999999999949,-8.600000000000005,10002070.659336224
4.599999999999948,-8.600000000000005,10002033.781235741
4.799999999999947,-8.600000000000005,10001994.925790241
4.999999999999947,-8.600000000000005,10001954.194886815
5.199999999999946,-8.600000000000005,10001911.70122795
5.399999999999945,-8.600000000000005,10001867.567220628
5.599999999999945,-8.600000000000005,10001821.923809681
5.799999999999944,-8.600000000000005,10001774.909270033
5.999999999999943,-8.600000000000005,10001726.667972354
6.1999999999999424,-8.600000000000005,10001677.349136088
6.399999999999942,-8.600000000000005,10001627.105583366
6.599999999999941,-8.600000000000005,10001576.092506558
6.79999999999994,-8.600000000000005,10001524.466261443
6.99999999999994,-8.600000000000005,10001472.383197112
7.199999999999939,-8.600000000000005,10001419.998532664
7.399999999999938,-8.600000000000005,10001367.465289803
7.5999999999999375,-8.600000000000005,10001314.933289312
7.799999999999937,-8.600000000000005,10001262.548218254
7.999999999999936,-8.600000000000005,10001210.450773655
8.199999999999935,-8.600000000000005,10001158.775887212
8.399999999999935,-8.600000000000005,10001107.652034558
8.599999999999934,-8.600000000000005,10001057.200631358
8.799999999999933,-8.600000000000005,10001007.535517588
8.999999999999932,-8.600000000000005,10000958.76253022
9.199999999999932,-8.600000000000005,10000910.979163654
9.399999999999931,-8.600000000000005,10000864.274316242
9.59999999999993,-8.600000000000005,10000818.72812052
9.79999999999993,-8.600000000000005,10000774.411853952
-10.0,-8.400000000000006,10001611.485173874
-9.8,-8.400000000000006,10001669.033048818
-9.600000000000001,-8.400000000000006,10001725.320533024
-9.400000000000002,-8.400000000000006,10001780.139423111
-9.200000000000003,-8.400000000000006,10001833.292318072
-9.000000000000004,-8.400000000000006,10001884.594882142
-8.800000000000004,-8.400000000000006,10001933.8779835
-8.600000000000005,-8.400000000000006,10001980.989672465
-8.400000000000006,-8.400000000000006,10002025.796964701
-8.200000000000006,-8.400000000000006,10002068.187397322
-8.000000000000007,-8.400000000000006,10002108.070329089
-7.800000000000008,-8.400000000000006,10002145.37795961
-7.6000000000000085,-8.400000000000006,10002180.066046856
-7.400000000000009,-8.400000000000006,10002212.114307119
-7.20000000000001,-8.400000000000006,10002241.526486753
-7.000000000000011,-8.400000000000006,10002268.330100635
-6.800000000000011,-8.400000000000006,10002292.57583779
-6.600000000000012,-8.400000000000006,10002314.336640472
-6.400000000000013,-8.400000000000006,10002333.706468644
-6.2000000000000135,-8.400000000000006,10002350.798767148
-6.000000000000014,-8.400000000000006,10002365.744658196
-5.800000000000015,-8.400000000000006,10002378.690886399
-5.600000000000016,-8.400000000000006,10002389.797547942
-5.400000000000016,-8.400000000000006,10002399.235639079
-5.200000000000017,-8.400000000000006,10002407.184462203
-5.000000000000018,-8.400000000000006,10002413.82892994
-4.8000000000000185,-8.400000000000006,10002419.356809331
-4.600000000000019,-8.400000000000006,10002423.955948768
-4.40000000000002,-8.400000000000006,10002427.81153049
-4.200000000000021,-8.400000000000006,10002431.103390401
-4.000000000000021,-8.400000000000006,10002434.003445577
-3.800000000000022,-8.400000000000006,10002436.673267448
-3.6000000000000227,-8.400000000000006,10002439.261835733
-3.4000000000000234,-8.400000000000006,10002441.903504785
-3.200000000000024,-8.400000000000006,10002444.71620993
-3.000000000000025,-8.400000000000006,10002447.799937053
-2.8000000000000256,-8.400000000000006,10002451.235474003
-2.6000000000000263,-8.400000000000006,10002455.083457483
-2.400000000000027,-8.400000000000006,10002459.383724088
-2.2000000000000277,-8.400000000000006,10002464.154969174
-2.0000000000000284,-8.400000000000006,10002469.394712301
-1.8000000000000291,-8.400000000000006,10002475.079563254
-1.6000000000000298,-8.400000000000006,10002481.165778179
-1.4000000000000306,-8.400000000000006,10002487.590091167
-1.2000000000000313,-8.400000000000006,10002494.270802895
-1.000000000000032,-8.400000000000006,10002501.109104572
-0.8000000000000327,-8.400000000000006,10002507.990612641
-0.6000000000000334,-8.400000000000006,10002514.787087249
-0.4000000000000341,-8.400000000000006,10002521.358305829
-0.20000000000003482,-8.400000000000006,10002527.554061722
-3.552713678800501e-14,-8.400000000000006,10002533.2162571
0.19999999999996376,-8.400000000000006,10002538.181059217
0.39999999999996305,-8.400000000000006,10002542.281089166
0.5999999999999623,-8.400000000000006,10002545.34761318
0.7999999999999616,-8.400000000000006,10002547.212707503
0.9999999999999609,-8.400000000000006,10002547.711369464
1.1999999999999602,-8.400000000000006,10002546.68354917
1.3999999999999595,-8.400000000000006,10002543.976078399
1.5999999999999588,-8.400000000000006,10002539.444475604
1.799999999999958,-8.400000000000006,10002532.95460849
1.9999999999999574,-8.400000000000006,10002524.384198327
2.1999999999999567,-8.400000000000006,10002513.624152854
2.399999999999956,-8.400000000000006,10002500.579717508
2.5999999999999552,-8.400000000000006,10002485.171437431
2.7999999999999545,-8.400000000000006,10002467.335925506
2.999999999999954,-8.400000000000006,10002447.026434287
3.199999999999953,-8.400000000000006,10002424.21323228
3.3999999999999524,-8.400000000000006,10002398.883787395
3.5999999999999517,-8.400000000000006,10002371.042762693
3.799999999999951,-8.400000000000006,10002340.711831473
3.9999999999999503,-8.400000000000006,10002307.929320803
4.1999999999999496,-8.400000000000006,10002272.74969399
4.399999999999949,-8.400000000000006,10002235.242884124
4.599999999999948,-8.400000000000006,10002195.493491855
4.799999999999947,-8.400000000000006,10002153.599861616
4.999999999999947,-8.400000000000006,10002109.673051246
5.199999999999946,-8.400000000000006,10002063.835710391
5.399999999999945,-8.400000000000006,10002016.220883515
5.599999999999945,-8.400000000000006,10001966.97075328
5.799999999999944,-8.400000000000006,10001916.23534015
5.999999999999943,-8.400000000000006,10001864.171173591
6.1999999999999424,-8.400000000000006,10001810.93995
6.399999999999942,-8.400000000000006,10001756.707191743
6.599999999999941,-8.400000000000006,10001701.640921038
6.79999999999994,-8.400000000000006,10001645.910361528
6.99999999999994,-8.400000000000006,10001589.684679454
7.199999999999939,-8.400000000000006,10001533.13177528
7.399999999999938,-8.400000000000006,10001476.417135531
7.5999999999999375,-8.400000000000006,10001419.702753386
7.799999999999937,-8.400000000000006,10001363.146125471
7.999999999999936,-8.400000000000006,10001306.899330959
8.199999999999935,-8.400000000000006,10001251.10819795
8.399999999999935,-8.400000000000006,10001195.911560822
8.599999999999934,-8.400000000000006,10001141.440611169
8.799999999999933,-8.400000000000006,10001087.818343611
8.999999999999932,-8.400000000000006,10001035.159096867
9.199999999999932,-8.400000000000006,10000983.56818927
9.399999999999931,-8.400000000000006,10000933.141647061
9.59999999999993,-8.400000000000006,10000883.9660228
9.79999999999993,-8.400000000000006,10000836.11830052
-10.0,-8.200000000000006,10001702.63792375
-9.8,-8.200000000000006,10001763.605997467
-9.600000000000001,-8.200000000000006,10001823.26623907
-9.400000000000002,-8.200000000000006,10001881.400239531
-9.200000000000003,-8.200000000000006,10001937.80097743
-9.000000000000004,-8.200000000000006,10001992.275196087
-8.800000000000004,-8.200000000000006,10002044.645649087
-8.600000000000005,-8.200000000000006,10002094.753175888
-8.400000000000006,-8.200000000000006,10002142.458571246
-8.200000000000006,-8.200000000000006,10002187.644214712
-8.000000000000007,-8.200000000000006,10002230.215429857
-7.800000000000008,-8.200000000000006,10002270.101546947
-7.6000000000000085,-8.200000000000006,10002307.256647274
-7.400000000000009,-8.200000000000006,10002341.659972638
-7.20000000000001,-8.200000000000006,10002373.315988818
-7.000000000000011,-8.200000000000006,10002402.254097773
-6.800000000000011,-8.200000000000006,10002428.527999284
-6.600000000000012,-8.200000000000006,10002452.21470876
-6.400000000000013,-8.200000000000006,10002473.413243907
-6.2000000000000135,-8.200000000000006,10002492.24299869
-6.000000000000014,-8.200000000000006,10002508.84182855
-5.800000000000015,-8.200000000000006,10002523.363875708
-5.600000000000016,-8.200000000000006,10002535.977167988
-5.400000000000016,-8.200000000000006,10002546.861028394
-5.200000000000017,-8.200000000000006,10002556.203335816
-5.000000000000018,-8.200000000000006,10002564.197679678
-4.8000000000000185,-8.200000000000006,10002571.040452857
-4.600000000000019,-8.200000000000006,10002576.92792803
-4.40000000000002,-8.200000000000006,10002582.05336253
-4.200000000000021,-8.200000000000006,10002586.604175828
-4.000000000000021,-8.200000000000006,10002590.759242203
-3.800000000000022,-8.200000000000006,10002594.686338628
-3.6000000000000227,-8.200000000000006,10002598.5397849
-3.4000000000000234,-8.200000000000006,10002602.458309295
-3.200000000000024,-8.200000000000006,10002606.56316879
-3.000000000000025,-8.200000000000006,10002610.956548372
-2.8000000000000256,-8.200000000000006,10002615.720258871
-2.6000000000000263,-8.200000000000006,10002620.91474765
-2.400000000000027,-8.200000000000006,10002626.578431234
-2.2000000000000277,-8.200000000000006,10002632.727353591
-2.0000000000000284,-8.200000000000006,10002639.355168654
-1.8000000000000291,-8.200000000000006,10002646.433440633
-1.6000000000000298,-8.200000000000006,10002653.912250925
-1.4000000000000306,-8.200000000000006,10002661.72109605
-1.2000000000000313,-8.200000000000006,10002669.770057037
-1.000000000000032,-8.200000000000006,10002677.951217204
-0.8000000000000327,-8.200000000000006,10002686.140302254
-0.6000000000000334,-8.200000000000006,10002694.198514123
-0.4000000000000341,-8.200000000000006,10002701.974528132
-0.20000000000003482,-8.200000000000006,10002709.30662166
-3.552713678800501e-14,-8.200000000000006,10002716.024901696
0.19999999999996376,-8.200000000000006,10002721.953598453
0.39999999999996305,-8.200000000000006,10002726.913392484
0.5999999999999623,-8.200000000000006,10002730.723743387
0.7999999999999616,-8.200000000000006,10002733.205189565
0.9999999999999609,-8.200000000000006,10002734.181589954
1.1999999999999602,-8.200000000000006,10002733.482280612
1.3999999999999595,-8.200000000000006,10002730.944121368
1.5999999999999588,-8.200000000000006,10002726.413410207
1.799999999999958,-8.200000000000006,10002719.74764567
1.9999999999999574,-8.200000000000006,10002710.817120528
2.1999999999999567,-8.200000000000006,10002699.506332796
2.399999999999956,-8.200000000000006,10002685.71520318
2.5999999999999552,-8.200000000000006,10002669.360090973
2.7999999999999545,-8.200000000000006,10002650.374603303
2.999999999999954,-8.200000000000006,10002628.710195605
3.199999999999953,-8.200000000000006,10002604.336563637
3.3999999999999524,-8.200000000000006,10002577.241830213
3.5999999999999517,-8.200000000000006,10002547.43253192
3.799999999999951,-8.200000000000006,10002514.933413524
3.9999999999999503,-8.200000000000006,10002479.787039537
4.1999999999999496,-8.200000000000006,10002442.053234288
4.399999999999949,-8.200000000000006,10002401.808363287
4.599999999999948,-8.200000000000006,10002359.144469984
4.799999999999947,-8.200000000000006,10002314.168283038
4.999999999999947,-8.200000000000006,10002267.000109961
5.199999999999946,-8.200000000000006,10002217.772633644
5.399999999999945,-8.200000000000006,10002166.62962855
5.599999999999945,-8.200000000000006,10002113.724613447
5.799999999999944,-8.200000000000006,10002059.21945753
5.999999999999943,-8.200000000000006,10002003.282956433
6.1999999999999424,-8.200000000000006,10001946.089394195
6.399999999999942,-8.200000000000006,10001887.817106597
6.599999999999941,-8.200000000000006,10001828.647060534
6.79999999999994,-8.200000000000006,10001768.761463141
6.99999999999994,-8.200000000000006,10001708.342413444
7.199999999999939,-8.200000000000006,10001647.570608085
7.399999999999938,-8.200000000000006,10001586.624111623
7.5999999999999375,-8.200000000000006,10001525.677200526
7.799999999999937,-8.200000000000006,10001464.899288846
7.999999999999936,-8.200000000000006,10001404.453942085
8.199999999999935,-8.200000000000006,10001344.497984622
8.399999999999935,-8.200000000000006,10001285.18070468
8.599999999999934,-8.200000000000006,10001226.643159522
8.799999999999933,-8.200000000000006,10001169.017582446
8.999999999999932,-8.200000000000006,10001112.426891837
9.199999999999932,-8.200000000000006,10001056.984301511
9.399999999999931,-8.200000000000006,10001002.793030502
9.59999999999993,-8.200000000000006,10000949.94610952
9.79999999999993,-8.200000000000006,10000898.526280401
-10.0,-8.000000000000007,10001795.36892895
-9.8,-8.000000000000007,10001859.810188986
-9.600000000000001,-8.000000000000007,10001922.894553607
-9.400000000000002,-8.000000000000007,10001984.393176146
-9.200000000000003,-8.000000000000007,10002044.089191083
-9.000000000000004,-8.000000000000007,10002101.78020749
-8.800000000000004,-8.000000000000007,10002157.280663304
-8.600000000000005,-8.000000000000007,10002210.424000176
-8.400000000000006,-8.000000000000007,10002261.064620774
-8.200000000000006,-8.000000000000007,10002309.079593148
-8.000000000000007,-8.000000000000007,10002354.370070282
-7.800000000000008,-8.000000000000007,10002396.862397265
-7.6000000000000085,-8.000000000000007,10002436.508883342
-7.400000000000009,-8.000000000000007,10002473.288221478
-7.20000000000001,-8.000000000000007,10002507.205543898
-7.000000000000011,-8.000000000000007,10002538.292108174
-6.800000000000011,-8.000000000000007,10002566.604614737
-6.600000000000012,-8.000000000000007,10002592.224163018
-6.400000000000013,-8.000000000000007,10002615.254859738
-6.2000000000000135,-8.000000000000007,10002635.822098868
-6.000000000000014,-8.000000000000007,10002654.070538534
-5.800000000000015,-8.000000000000007,10002670.16180546
-5.600000000000016,-8.000000000000007,10002684.271962121
-5.400000000000016,-8.000000000000007,10002696.588775929
-5.200000000000017,-8.000000000000007,10002707.308833072
-5.000000000000018,-8.000000000000007,10002716.634542048
-4.8000000000000185,-8.000000000000007,10002724.771073703
-4.600000000000019,-8.000000000000007,10002731.92328527
-4.40000000000002,-8.000000000000007,10002738.292675892
-4.200000000000021,-8.000000000000007,10002744.074420106
-4.000000000000021,-8.000000000000007,10002749.454524066
-3.800000000000022,-8.000000000000007,10002754.607146591
-3.6000000000000227,-8.000000000000007,10002759.692123981
-3.4000000000000234,-8.000000000000007,10002764.85273362
-3.200000000000024,-8.000000000000007,10002770.213726837
-3.000000000000025,-8.000000000000007,10002775.879656762
-2.8000000000000256,-8.000000000000007,10002781.933521545
-2.6000000000000263,-8.000000000000007,10002788.435737982
-2.400000000000027,-8.000000000000007,10002795.423454922
-2.2000000000000277,-8.000000000000007,10002802.91021033
-2.0000000000000284,-8.000000000000007,10002810.885930354
-1.8000000000000291,-8.000000000000007,10002819.317263521
-1.6000000000000298,-8.000000000000007,10002828.148238126
-1.4000000000000306,-8.000000000000007,10002837.301226312
-1.2000000000000313,-8.000000000000007,10002846.678194122
-1.000000000000032,-8.000000000000007,10002856.162213098
-0.8000000000000327,-8.000000000000007,10002865.619205825
-0.6000000000000334,-8.000000000000007,10002874.899895303
-0.4000000000000341,-8.000000000000007,10002883.84192586
-0.20000000000003482,-8.000000000000007,10002892.272122111
-3.552713678800501e-14,-8.000000000000007,10002900.008851422
0.19999999999996376,-8.000000000000007,10002906.864455242
0.39999999999996305,-8.000000000000007,10002912.647714837
0.5999999999999623,-8.000000000000007,10002917.16631786
0.7999999999999616,-8.000000000000007,10002920.229293324
0.9999999999999609,-8.000000000000007,10002921.649384378
1.1999999999999602,-8.000000000000007,10002921.245330183
1.3999999999999595,-8.000000000000007,10002918.844030757
1.5999999999999588,-8.000000000000007,10002914.282571062
1.799999999999958,-8.000000000000007,10002907.410083676
1.9999999999999574,-8.000000000000007,10002898.089432199
2.1999999999999567,-8.000000000000007,10002886.198700761
2.399999999999956,-8.000000000000007,10002871.632478058
2.5999999999999552,-8.000000000000007,10002854.302927468
2.7999999999999545,-8.000000000000007,10002834.14063794
2.999999999999954,-8.000000000000007,10002811.095253268
3.199999999999953,-8.000000000000007,10002785.13588024
3.3999999999999524,-8.000000000000007,10002756.251278892
3.5999999999999517,-8.000000000000007,10002724.449840592
3.799999999999951,-8.000000000000007,10002689.759361971
3.9999999999999503,-8.000000000000007,10002652.226624833
4.1999999999999496,-8.000000000000007,10002611.91679407
4.399999999999949,-8.000000000000007,10002568.912647096
4.599999999999948,-8.000000000000007,10002523.313649805
4.799999999999947,-8.000000000000007,10002475.234895034
4.999999999999947,-8.000000000000007,10002424.805920472
5.199999999999946,-8.000000000000007,10002372.169423416
5.399999999999945,-8.000000000000007,10002317.479890294
5.599999999999945,-8.000000000000007,10002260.902158856
5.799999999999944,-8.000000000000007,10002202.609930908
5.999999999999943,-8.000000000000007,10002142.78425319
6.1999999999999424,-8.000000000000007,10002081.611983418
6.399999999999942,-8.000000000000007,10002019.284257954
6.599999999999941,-8.000000000000007,10001955.994976664
6.79999999999994,-8.000000000000007,10001891.939319592
6.99999999999994,-8.000000000000007,10001827.312309017
7.199999999999939,-8.000000000000007,10001762.30742928
7.399999999999938,-8.000000000000007,10001697.115315437
7.5999999999999375,-8.000000000000007,10001631.922520623
7.799999999999937,-8.000000000000007,10001566.910370473
7.999999999999936,-8.000000000000007,10001502.253911698
8.199999999999935,-8.000000000000007,10001438.120960465
8.399999999999935,-8.000000000000007,10001374.671254821
8.599999999999934,-8.000000000000007,10001312.055714129
8.799999999999933,-8.000000000000007,10001250.415807074
8.999999999999932,-8.000000000000007,10001189.883028623
9.199999999999932,-8.000000000000007,10001130.578485094
9.399999999999931,-8.000000000000007,10001072.612585353
9.59999999999993,-8.000000000000007,10001016.084835209
9.79999999999993,-8.000000000000007,10000961.083731094
-10.0,-7.800000000000008,10001889.369649697
-9.8,-7.800000000000008,10001957.322188549
-9.600000000000001,-7.800000000000008,10002023.866847267
-9.400000000000002,-7.800000000000008,10002088.764113072
-9.200000000000003,-7.800000000000008,10002151.787054092
-9.000000000000004,-7.800000000000008,10002212.723930983
-8.800000000000004,-7.800000000000008,10002271.380661694
-8.600000000000005,-7.800000000000008,10002327.58309727
-8.400000000000006,-7.800000000000008,10002381.17906862
-8.200000000000006,-7.800000000000008,10002432.04016719
-8.000000000000007,-7.800000000000008,10002480.063226156
-7.800000000000008,-7.800000000000008,10002525.171473293
-7.6000000000000085,-7.800000000000008,10002567.315331684
-7.400000000000009,-7.800000000000008,10002606.472850224
-7.20000000000001,-7.800000000000008,10002642.649751864
-7.000000000000011,-7.800000000000008,10002675.879094038
-6.800000000000011,-7.800000000000008,10002706.220542315
-6.600000000000012,-7.800000000000008,10002733.759265006
-6.400000000000013,-7.800000000000008,10002758.604462963
-6.2000000000000135,-7.800000000000008,10002780.88755531
-6.000000000000014,-7.800000000000008,10002800.760047702
-5.800000000000015,-7.800000000000008,10002818.391115308
-5.600000000000016,-7.800000000000008,10002833.964937668
-5.400000000000016,-7.800000000000008,10002847.677826755
-5.200000000000017,-7.800000000000008,10002859.73519303
-5.000000000000018,-7.800000000000008,10002870.348396981
-4.8000000000000185,-7.800000000000008,10002879.731535202
-4.600000000000019,-7.800000000000008,10002888.098211106
-4.40000000000002,-7.800000000000008,10002895.658340018
-4.200000000000021,-7.800000000000008,10002902.615037523
-4.000000000000021,-7.800000000000008,10002909.161638092
-3.800000000000022,-7.800000000000008,10002915.478888143
-3.6000000000000227,-7.800000000000008,10002921.732354432
-3.4000000000000234,-7.800000000000008,10002928.070084449
-3.200000000000024,-7.800000000000008,10002934.620550793
-3.000000000000025,-7.800000000000008,10002941.490906477
-2.8000000000000256,-7.800000000000008,10002948.765572483
-2.6000000000000263,-7.800000000000008,10002956.50517322
-2.400000000000027,-7.800000000000008,10002964.745829705
-2.2000000000000277,-7.800000000000008,10002973.49881439
-2.0000000000000284,-7.800000000000008,10002982.750565765
-1.8000000000000291,-7.800000000000008,10002992.463055477
-1.6000000000000298,-7.800000000000008,10003002.574495228
-1.4000000000000306,-7.800000000000008,10003013.000366086
-1.2000000000000313,-7.800000000000008,10003023.634748248
-1.000000000000032,-7.800000000000008,10003034.351925535
-0.8000000000000327,-7.800000000000008,10003045.008235551
-0.6000000000000334,-7.800000000000008,10003055.44413363
-0.4000000000000341,-7.800000000000008,10003065.486436715
-0.20000000000003482,-7.800000000000008,10003074.95071173
-3.552713678800501e-14,-7.800000000000008,10003083.643772166
0.19999999999996376,-7.800000000000008,10003091.36624633
0.39999999999996305,-7.800000000000008,10003097.91518102
0.5999999999999623,-7.800000000000008,10003103.086645192
0.7999999999999616,-7.800000000000008,10003106.678299535
0.9999999999999609,-7.800000000000008,10003108.491899706
1.1999999999999602,-7.800000000000008,10003108.335702978
1.3999999999999595,-7.800000000000008,10003106.02675077
1.5999999999999588,-7.800000000000008,10003101.393002125
1.799999999999958,-7.800000000000008,10003094.275296297
1.9999999999999574,-7.800000000000008,10003084.529125715
2.1999999999999567,-7.800000000000008,10003072.026203832
2.399999999999956,-7.800000000000008,10003056.655815726
2.5999999999999552,-7.800000000000008,10003038.32594254
2.7999999999999545,-7.800000000000008,10003016.964154115
2.999999999999954,-7.800000000000008,10002992.51826737
3.199999999999953,-7.800000000000008,10002964.956770923
3.3999999999999524,-7.800000000000008,10002934.26901934
3.5999999999999517,-7.800000000000008,10002900.465203078
3.799999999999951,-7.800000000000008,10002863.576102592
3.9999999999999503,-7.800000000000008,10002823.652637297
4.1999999999999496,-7.800000000000008,10002780.765222069
4.399999999999949,-7.800000000000008,10002735.002945589
4.599999999999948,-7.800000000000008,10002686.472586384
4.799999999999947,-7.800000000000008,10002635.297483435
4.999999999999947,-7.800000000000008,10002581.616279272
5.199999999999946,-7.800000000000008,10002525.581553992
5.399999999999945,-7.800000000000008,10002467.358369099
5.599999999999945,-7.800000000000008,10002407.12274016
5.799999999999944,-7.800000000000008,10002345.06005718
5.999999999999943,-7.800000000000008,10002281.36347131
6.1999999999999424,-7.800000000000008,10002216.232265983
6.399999999999942,-7.800000000000008,10002149.870229818
6.599999999999941,-7.800000000000008,10002082.484047906
6.79999999999994,-7.800000000000008,10002014.281726869
6.99999999999994,-7.800000000000008,10001945.47106818
7.199999999999939,-7.800000000000008,10001876.258202793
7.399999999999938,-7.800000000000008,10001806.846198924
7.5999999999999375,-7.800000000000008,10001737.433753353
7.799999999999937,-7.800000000000008,10001668.213975225
7.999999999999936,-7.800000000000008,10001599.373269813
8.199999999999935,-7.800000000000008,10001531.090328297
8.399999999999935,-7.800000000000008,10001463.53522803
8.599999999999934,-7.800000000000008,10001396.868646514
8.799999999999933,-7.800000000000008,10001331.241190648
8.999999999999932,-7.800000000000008,10001266.792841788
9.199999999999932,-7.800000000000008,10001203.652515648
9.399999999999931,-7.800000000000008,10001141.937734958
9.59999999999993,-7.800000000000008,10001081.754411811
9.79999999999993,-7.800000000000008,10001023.196735512
-10.0,-7.6000000000000085,10001984.308350153
-9.8,-7.6000000000000085,10002055.794367542
-9.600000000000001,-7.6000000000000085,10002125.819292236
-9.400000000000002,-7.6000000000000085,10002194.132721517
-9.200000000000003,-7.6000000000000085,10002260.49743733
-9.000000000000004,-7.6000000000000085,10002324.692137677
-8.800000000000004,-7.6000000000000085,10002386.514013495
-8.600000000000005,-7.6000000000000085,10002445.781126924
-8.400000000000006,-7.6000000000000085,10002502.334549045
-8.200000000000006,-7.6000000000000085,10002556.040218312
-8.000000000000007,-7.6000000000000085,10002606.790484704
-7.800000000000008,-7.6000000000000085,10002654.505309552
-7.6000000000000085,-7.6000000000000085,10002699.133096095
-7.400000000000009,-7.6000000000000085,10002740.651131945
-7.20000000000001,-7.6000000000000085,10002779.065630976
-7.000000000000011,-7.6000000000000085,10002814.411368951
-6.800000000000011,-7.6000000000000085,10002846.750914013
-6.600000000000012,-7.6000000000000085,10002876.173460323
-6.400000000000013,-7.6000000000000085,10002902.793279925
-6.2000000000000135,-7.6000000000000085,10002926.747814564
-6.000000000000014,-7.6000000000000085,10002948.195435548
-5.800000000000015,-7.6000000000000085,10002967.3129055
-5.600000000000016,-7.6000000000000085,10002984.292580932
-5.400000000000016,-7.6000000000000085,10002999.339399127
-5.200000000000017,-7.6000000000000085,10003012.667696327
-5.000000000000018,-7.6000000000000085,10003024.497906996
-4.8000000000000185,-7.6000000000000085,10003035.05319573
-4.600000000000019,-7.6000000000000085,10003044.55607416
-4.40000000000002,-7.6000000000000085,10003053.225055184
-4.200000000000021,-7.6000000000000085,10003061.27139566
-4.000000000000021,-7.6000000000000085,10003068.89597676
-3.800000000000022,-7.6000000000000085,10003076.286368385
-3.6000000000000227,-7.6000000000000085,10003083.614120312
-3.4000000000000234,-7.6000000000000085,10003091.032318518
-3.200000000000024,-7.6000000000000085,10003098.67344013
-3.000000000000025,-7.6000000000000085,10003106.647535143
-2.8000000000000256,-7.6000000000000085,10003115.04075715
-2.6000000000000263,-7.6000000000000085,10003123.914259465
-2.400000000000027,-7.6000000000000085,10003133.303466745
-2.2000000000000277,-7.6000000000000085,10003143.217726167
-2.0000000000000284,-7.6000000000000085,10003153.640336134
-1.8000000000000291,-7.6000000000000085,10003164.528944688
-1.6000000000000298,-7.6000000000000085,10003175.816304317
-1.4000000000000306,-7.6000000000000085,10003187.411364703
-1.2000000000000313,-7.6000000000000085,10003199.200680451
-1.000000000000032,-7.6000000000000085,10003211.050106613
-0.8000000000000327,-7.6000000000000085,10003222.806751512
-0.6000000000000334,-7.6000000000000085,10003234.301153367
-0.4000000000000341,-7.6000000000000085,10003245.34964513
-0.20000000000003482,-7.6000000000000085,10003255.756870333
-3.552713678800501e-14,-7.6000000000000085,10003265.318411803
0.19999999999996376,-7.6000000000000085,10003273.823494922
0.39999999999996305,-7.6000000000000085,10003281.057727326
0.5999999999999623,-7.6000000000000085,10003286.805837872
0.7999999999999616,-7.6000000000000085,10003290.854379091
0.9999999999999609,-7.6000000000000085,10003292.99435922
1.1999999999999602,-7.6000000000000085,10003293.02377214
1.3999999999999595,-7.6000000000000085,10003290.749996241
1.5999999999999588,-7.6000000000000085,10003285.992036058
1.799999999999958,-7.6000000000000085,10003278.582583759
1.9999999999999574,-7.6000000000000085,10003268.369880782
2.1999999999999567,-7.6000000000000085,10003255.219363414
2.399999999999956,-7.6000000000000085,10003239.015079465
2.5999999999999552,-7.6000000000000085,10003219.660866784
2.7999999999999545,-7.6000000000000085,10003197.081287628
2.999999999999954,-7.6000000000000085,10003171.222316295
3.199999999999953,-7.6000000000000085,10003142.0517806
3.3999999999999524,-7.6000000000000085,10003109.559560716
3.5999999999999517,-7.6000000000000085,10003073.757551761
3.799999999999951,-7.6000000000000085,10003034.679399047
3.9999999999999503,-7.6000000000000085,10002992.380017245
4.1999999999999496,-7.6000000000000085,10002946.93490678
4.399999999999949,-7.6000000000000085,10002898.439282568
4.599999999999948,-7.6000000000000085,10002847.007031688
4.799999999999947,-7.6000000000000085,10002792.769517886
4.999999999999947,-7.6000000000000085,10002735.874251617
5.199999999999946,-7.6000000000000085,10002676.483445225
5.399999999999945,-7.6000000000000085,10002614.772473026
5.599999999999945,-7.6000000000000085,10002550.928256387
5.799999999999944,-7.6000000000000085,10002485.147593714
5.999999999999943,-7.6000000000000085,10002417.635455018
6.1999999999999424,-7.6000000000000085,10002348.60326004
6.399999999999942,-7.6000000000000085,10002278.267158374
6.599999999999941,-7.6000000000000085,10002206.846328989
6.79999999999994,-7.6000000000000085,10002134.561315522
6.99999999999994,-7.6000000000000085,10002061.632412529
7.199999999999939,-7.6000000000000085,10001988.278116582
7.399999999999938,-7.6000000000000085,10001914.71365464
7.5999999999999375,-7.6000000000000085,10001841.149600733
7.799999999999937,-7.6000000000000085,10001767.790590378
7.999999999999936,-7.6000000000000085,10001694.834140701
8.199999999999935,-7.6000000000000085,10001622.4695826
8.399999999999935,-7.6000000000000085,10001550.877109773
8.599999999999934,-7.6000000000000085,10001480.226947904
8.799999999999933,-7.6000000000000085,10001410.678645834
8.999999999999932,-7.6000000000000085,10001342.380489154
9.199999999999932,-7.6000000000000085,10001275.469035257
9.399999999999931,-7.6000000000000085,10001210.068767717
9.59999999999993,-7.6000000000000085,10001146.291866656
9.79999999999993,-7.6000000000000085,10001084.238090722
-10.0,-7.400000000000009,10002079.832452413
-9.8,-7.400000000000009,10002154.857431063
-9.600000000000001,-7.400000000000009,10002228.3655736
-9.400000000000002,-7.400000000000009,10002300.095369807
-9.200000000000003,-7.400000000000009,10002369.799099494
-9.000000000000004,-7.400000000000009,10002437.245684987
-8.800000000000004,-7.400000000000009,10002502.223381512
-8.600000000000005,-7.400000000000009,10002564.542259347
-8.400000000000006,-7.400000000000009,10002624.0364339
-8.200000000000006,-7.400000000000009,10002680.566003252
-8.000000000000007,-7.400000000000009,10002734.018656708
-7.800000000000008,-7.400000000000009,10002784.310922883
-7.6000000000000085,-7.400000000000009,10002831.389031425
-7.400000000000009,-7.400000000000009,10002875.229368752
-7.20000000000001,-7.400000000000009,10002915.838514857
-7.000000000000011,-7.400000000000009,10002953.252855293
-6.800000000000011,-7.400000000000009,10002987.537769718
-6.600000000000012,-7.400000000000009,10003018.786405694
-6.400000000000013,-7.400000000000009,10003047.118053626
-6.2000000000000135,-7.400000000000009,10003072.67614573
-6.000000000000014,-7.400000000000009,10003095.625908451
-5.800000000000015,-7.400000000000009,10003116.151703812
-5.600000000000016,-7.400000000000009,10003134.454100557
-5.400000000000016,-7.400000000000009,10003150.74672058
-5.200000000000017,-7.400000000000009,10003165.252909875
-5.000000000000018,-7.400000000000009,10003178.202286087
-4.8000000000000185,-7.400000000000009,10003189.827216648
-4.600000000000019,-7.400000000000009,10003200.35928227
-4.40000000000002,-7.400000000000009,10003210.025780486
-4.200000000000021,-7.400000000000009,10003219.04632273
-4.000000000000021,-7.400000000000009,10003227.629576407
-3.800000000000022,-7.400000000000009,10003235.970200367
-3.6000000000000227,-7.400000000000009,10003244.24601844
-3.4000000000000234,-7.400000000000009,10003252.615471091
-3.200000000000024,-7.400000000000009,10003261.2153802
-3.000000000000025,-7.400000000000009,10003270.15905619
-2.8000000000000256,-7.400000000000009,10003279.534770817
-2.6000000000000263,-7.400000000000009,10003289.404612537
-2.400000000000027,-7.400000000000009,10003299.80373502
-2.2000000000000277,-7.400000000000009,10003310.74000289
-2.0000000000000284,-7.400000000000009,10003322.194032514
-1.8000000000000291,-7.400000000000009,10003334.119619567
-1.6000000000000298,-7.400000000000009,10003346.444539318
-1.4000000000000306,-7.400000000000009,10003359.07170033
-1.2000000000000313,-7.400000000000009,10003371.88062739
-1.000000000000032,-7.400000000000009,10003384.729245227
-0.8000000000000327,-7.400000000000009,10003397.455931045
-0.6000000000000334,-7.400000000000009,10003409.881800769
-0.4000000000000341,-7.400000000000009,10003421.813191703
-0.20000000000003482,-7.400000000000009,10003433.044302683
-3.552713678800501e-14,-7.400000000000009,10003443.359951774
0.19999999999996376,-7.400000000000009,10003452.538411379
0.39999999999996305,-7.400000000000009,10003460.354280895
0.5999999999999623,-7.400000000000009,10003466.58135797
0.7999999999999616,-7.400000000000009,10003470.995470988
0.9999999999999609,-7.400000000000009,10003473.377237165
1.1999999999999602,-7.400000000000009,10003473.51471328
1.3999999999999595,-7.400000000000009,10003471.205908524
1.5999999999999588,-7.400000000000009,10003466.261132268
1.799999999999958,-7.400000000000009,10003458.505152615
1.9999999999999574,-7.400000000000009,10003447.77914522
2.1999999999999567,-7.400000000000009,10003433.942415345
2.399999999999956,-7.400000000000009,10003416.873879736
2.5999999999999552,-7.400000000000009,10003396.473298615
2.7999999999999545,-7.400000000000009,10003372.662251525
2.999999999999954,-7.400000000000009,10003345.38485433
3.199999999999953,-7.400000000000009,10003314.608217923
3.3999999999999524,-7.400000000000009,10003280.32265239
3.5999999999999517,-7.400000000000009,10003242.541623298
3.799999999999951,-7.400000000000009,10003201.301469402
3.9999999999999503,-7.400000000000009,10003156.660893632
4.1999999999999496,-7.400000000000009,10003108.70024128
4.399999999999949,-7.400000000000009,10003057.520581199
4.599999999999948,-7.400000000000009,10003003.242607484
4.799999999999947,-7.400000000000009,10002946.005380312
4.999999999999947,-7.400000000000009,10002885.964925686
5.199999999999946,-7.400000000000009,10002823.292714482
5.399999999999945,-7.400000000000009,10002758.174041713
5.599999999999945,-7.400000000000009,10002690.80632697
5.799999999999944,-7.400000000000009,10002621.397357062
5.999999999999943,-7.400000000000009,10002550.16349136
6.1999999999999424,-7.400000000000009,10002477.327849973
6.399999999999942,-7.400000000000009,10002403.118503978
6.599999999999941,-7.400000000000009,10002327.76668606
6.79999999999994,-7.400000000000009,10002251.505038798
6.99999999999994,-7.400000000000009,10002174.565916497
7.199999999999939,-7.400000000000009,10002097.179755252
7.399999999999938,-7.400000000000009,10002019.573524272
7.5999999999999375,-7.400000000000009,10001941.969270106
7.799999999999937,-7.400000000000009,10001864.582763702
7.999999999999936,-7.400000000000009,10001787.622258669
8.199999999999935,-7.400000000000009,10001711.287367448
8.399999999999935,-7.400000000000009,10001635.768060463
8.599999999999934,-7.400000000000009,10001561.243791763
8.799999999999933,-7.400000000000009,10001487.882753056
8.999999999999932,-7.400000000000009,10001415.84125662
9.199999999999932,-7.400000000000009,10001345.263246108
9.399999999999931,-7.400000000000009,10001276.279932978
9.59999999999993,-7.400000000000009,10001209.009555085
9.79999999999993,-7.400000000000009,10001143.55725283
-10.0,-7.20000000000001,10002175.571270794
-9.8,-7.20000000000001,10002254.123348836
-9.600000000000001,-7.20000000000001,10002331.100028317
-9.400000000000002,-7.20000000000001,10002406.228482367
-9.200000000000003,-7.20000000000001,10002479.2502785
-9.000000000000004,-7.20000000000001,10002549.92435334
-8.800000000000004,-7.20000000000001,10002618.029817654
-8.600000000000005,-7.20000000000001,10002683.368543554
-8.400000000000006,-7.20000000000001,10002745.767488236
-8.200000000000006,-7.20000000000001,10002805.080711942
-8.000000000000007,-7.20000000000001,10002861.191052279
-7.800000000000008,-7.20000000000001,10002914.011421999
-7.6000000000000085,-7.20000000000001,10002963.485703385
-7.400000000000009,-7.20000000000001,10003009.58921878
-7.20000000000001,-7.20000000000001,10003052.328763863
-7.000000000000011,-7.20000000000001,10003091.742197629
-6.800000000000011,-7.20000000000001,10003127.897590596
-6.600000000000012,-7.20000000000001,10003160.891940422
-6.400000000000013,-7.20000000000001,10003190.849471621
-6.2000000000000135,-7.20000000000001,10003217.919543313
-6.000000000000014,-7.20000000000001,10003242.274195865
-5.800000000000015,-7.20000000000001,10003264.105373494
-5.600000000000016,-7.20000000000001,10003283.62186555
-5.400000000000016,-7.20000000000001,10003301.046014013
-5.200000000000017,-7.20000000000001,10003316.610238671
-5.000000000000018,-7.20000000000001,10003330.553434314
-4.8000000000000185,-7.20000000000001,10003343.11729631
-4.600000000000019,-7.20000000000001,10003354.542631779
-4.40000000000002,-7.20000000000001,10003365.065713342
-4.200000000000021,-7.20000000000001,10003374.914731337
-4.000000000000021,-7.20000000000001,10003384.306398077
-3.800000000000022,-7.20000000000001,10003393.442754686
-3.6000000000000227,-7.20000000000001,10003402.508226996
-3.4000000000000234,-7.20000000000001,10003411.666972317
-3.200000000000024,-7.20000000000001,10003421.060553411
-3.000000000000025,-7.20000000000001,10003430.805970235
-2.8000000000000256,-7.20000000000001,10003440.994073534
-2.6000000000000263,-7.20000000000001,10003451.688377986
-2.400000000000027,-7.20000000000001,10003462.924285728
-2.2000000000000277,-7.20000000000001,10003474.708724493
-2.0000000000000284,-7.20000000000001,10003487.020197986
-1.8000000000000291,-7.20000000000001,10003499.809239771
-1.6000000000000298,-7.20000000000001,10003512.999255963
-1.4000000000000306,-7.20000000000001,10003526.487736445
-1.2000000000000313,-7.20000000000001,10003540.147809392
-1.000000000000032,-7.20000000000001,10003553.830109332
-0.8000000000000327,-7.20000000000001,10003567.36492532
-0.6000000000000334,-7.20000000000001,10003580.56459259
-0.4000000000000341,-7.20000000000001,10003593.226088755
-0.20000000000003482,-7.20000000000001,10003605.13379386
-3.552713678800501e-14,-7.20000000000001,10003616.062372657
0.19999999999996376,-7.20000000000001,10003625.77973719
0.39999999999996305,-7.20000000000001,10003634.050048068
0.5999999999999623,-7.20000000000001,10003640.636713857
0.7999999999999616,-7.20000000000001,10003645.305349503
0.9999999999999609,-7.20000000000001,10003647.82665674
1.1999999999999602,-7.20000000000001,10003647.979191959
1.3999999999999595,-7.20000000000001,10003645.551989831
1.5999999999999588,-7.20000000000001,10003640.34701418
1.799999999999958,-7.20000000000001,10003632.181411065
1.9999999999999574,-7.20000000000001,10003620.889542518
2.1999999999999567,-7.20000000000001,10003606.324783318
2.399999999999956,-7.20000000000001,10003588.36106668
2.5999999999999552,-7.20000000000001,10003566.89416881
2.7999999999999545,-7.20000000000001,10003541.84272576
2.999999999999954,-7.20000000000001,10003513.14897973
3.199999999999953,-7.20000000000001,10003480.779255494
3.3999999999999524,-7.20000000000001,10003444.724170728
3.5999999999999517,-7.20000000000001,10003404.998587275
3.799999999999951,-7.20000000000001,10003361.641313057
3.9999999999999503,-7.20000000000001,10003314.71456695
4.1999999999999496,-7.20000000000001,10003264.303221196
4.399999999999949,-7.20000000000001,10003210.513837874
4.599999999999948,-7.20000000000001,10003153.473517628
4.799999999999947,-7.20000000000001,10003093.328580216
4.999999999999947,-7.20000000000001,10003030.243097432
5.199999999999946,-7.20000000000001,10002964.39729984
5.399999999999945,-7.20000000000001,10002895.985879
5.599999999999945,-7.20000000000001,10002825.216207331
5.799999999999944,-7.20000000000001,10002752.30649733
5.999999999999943,-7.20000000000001,10002677.483921831
6.1999999999999424,-7.20000000000001,10002600.982716206
6.399999999999942,-7.20000000000001,10002523.042282682
6.599999999999941,-7.20000000000001,10002443.905315995
6.79999999999994,-7.20000000000001,10002363.81596839
6.99999999999994,-7.20000000000001,10002283.018070666
7.199999999999939,-7.20000000000001,10002201.753424598
7.399999999999938,-7.20000000000001,10002120.26018043
7.5999999999999375,-7.20000000000001,10002038.771311643
7.799999999999937,-7.20000000000001,10001957.513197359
7.999999999999936,-7.20000000000001,10001876.704321256
8.199999999999935,-7.20000000000001,10001796.55409393
8.399999999999935,-7.20000000000001,10001717.26180414
8.599999999999934,-7.20000000000001,10001639.015702505
8.799999999999933,-7.20000000000001,10001561.99221981
8.999999999999932,-7.20000000000001,10001486.355320297
9.199999999999932,-7.20000000000001,10001412.255989056
9.399999999999931,-7.20000000000001,10001339.83185104
9.59999999999993,-7.20000000000001,10001269.206918178
9.79999999999993,-7.20000000000001,10001200.491459705
-10.0,-7.000000000000011,10002271.139086943
-9.8,-7.000000000000011,10002353.188646408
-9.600000000000001,-7.000000000000011,10002433.601164661
-9.400000000000002,-7.000000000000011,10002512.09230002
-9.200000000000003,-7.000000000000011,10002588.392705888
-9.000000000000004,-7.000000000000011,10002662.25112848
-8.800000000000004,-7.000000000000011,10002733.437327376
-8.600000000000005,-7.000000000000011,10002801.744768828
-8.400000000000006,-7.000000000000011,10002866.993044237
-8.200000000000006,-7.000000000000011,10002929.029969819
-8.000000000000007,-7.000000000000011,10002987.733328018
-7.800000000000008,-7.000000000000011,10003043.012216533
-7.6000000000000085,-7.000000000000011,10003094.807976957
-7.400000000000009,-7.000000000000011,10003143.094681868
-7.20000000000001,-7.000000000000011,10003187.879166473
-7.000000000000011,-7.000000000000011,10003229.200598542
-6.800000000000011,-7.000000000000011,10003267.129588425
-6.600000000000012,-7.000000000000011,10003301.766848672
-6.400000000000013,-7.000000000000011,10003333.241420781
-6.2000000000000135,-7.000000000000011,10003361.708494129
-6.000000000000014,-7.000000000000011,10003387.346849186
-5.800000000000015,-7.000000000000011,10003410.355963783
-5.600000000000016,-7.000000000000011,10003430.952826938
-5.400000000000016,-7.000000000000011,10003449.368509786
-5.200000000000017,-7.000000000000011,10003465.844547255
-5.000000000000018,-7.000000000000011,10003480.629187083
-4.8000000000000185,-7.000000000000011,10003493.97356491
-4.600000000000019,-7.000000000000011,10003506.127864953
-4.40000000000002,-7.000000000000011,10003517.337525664
-4.200000000000021,-7.000000000000011,10003527.83954844
-4.000000000000021,-7.000000000000011,10003537.85896523
-3.800000000000022,-7.000000000000011,10003547.605517497
-3.6000000000000227,-7.000000000000011,10003557.270594964
-3.4000000000000234,-7.000000000000011,10003567.024477527
-3.200000000000024,-7.000000000000011,10003577.013918145
-3.000000000000025,-7.000000000000011,10003587.360098375
-2.8000000000000256,-7.000000000000011,10003598.156981641
-2.6000000000000263,-7.000000000000011,10003609.470082454
-2.400000000000027,-7.000000000000011,10003621.33566286
-2.2000000000000277,-7.000000000000011,10003633.760360437
-2.0000000000000284,-7.000000000000011,10003646.72124524
-1.8000000000000291,-7.000000000000011,10003660.166296585
-1.6000000000000298,-7.000000000000011,10003674.015284283
-1.4000000000000306,-7.000000000000011,10003688.161033204
-1.2000000000000313,-7.000000000000011,10003702.47104477
-1.000000000000032,-7.000000000000011,10003716.789444512
-0.8000000000000327,-7.000000000000011,10003730.939220736
-0.6000000000000334,-7.000000000000011,10003744.724716235
-0.4000000000000341,-7.000000000000011,10003757.934332497
-0.20000000000003482,-7.000000000000011,10003770.343404068
-3.552713678800501e-14,-7.000000000000011,10003781.717199733
0.19999999999996376,-7.000000000000011,10003791.814006928
0.39999999999996305,-7.000000000000011,10003800.388256097
0.5999999999999623,-7.000000000000011,10003807.19364276
0.7999999999999616,-7.000000000000011,10003811.986206697
0.9999999999999609,-7.000000000000011,10003814.527329672
1.1999999999999602,-7.000000000000011,10003814.58661583
1.3999999999999595,-7.000000000000011,10003811.944621794
1.5999999999999588,-7.000000000000011,10003806.395406816
1.799999999999958,-7.000000000000011,10003797.748876926
1.9999999999999574,-7.000000000000011,10003785.832900755
2.1999999999999567,-7.000000000000011,10003770.495178562
2.399999999999956,-7.000000000000011,10003751.604849957
2.5999999999999552,-7.000000000000011,10003729.0538297
2.7999999999999545,-7.000000000000011,10003702.757864865
2.999999999999954,-7.000000000000011,10003672.657310352
3.199999999999953,-7.000000000000011,10003638.717623413
3.3999999999999524,-7.000000000000011,10003600.9295812
3.5999999999999517,-7.000000000000011,10003559.309228538
3.799999999999951,-7.000000000000011,10003513.897566106
3.9999999999999503,-7.000000000000011,10003464.75999176
4.1999999999999496,-7.000000000000011,10003411.985510208
4.399999999999949,-7.000000000000011,10003355.685728183
4.599999999999948,-7.000000000000011,10003295.993654039
4.799999999999947,-7.000000000000011,10003233.062322132
4.999999999999947,-7.000000000000011,10003167.063263424
5.199999999999946,-7.000000000000011,10003098.184844472
5.399999999999945,-7.000000000000011,10003026.630497588
5.599999999999945,-7.000000000000011,10002952.616864977
5.799999999999944,-7.000000000000011,10002876.37187971
5.999999999999943,-7.000000000000011,10002798.132805927
6.1999999999999424,-7.000000000000011,10002718.144260153
6.399999999999942,-7.000000000000011,10002636.656234726
6.599999999999941,-7.000000000000011,10002553.922143344
6.79999999999994,-7.000000000000011,10002470.19690752
6.99999999999994,-7.000000000000011,10002385.735101402
7.199999999999939,-7.000000000000011,10002300.789170882
7.399999999999938,-7.000000000000011,10002215.607741332
7.5999999999999375,-7.000000000000011,10002130.434026673
7.799999999999937,-7.000000000000011,10002045.504350653
7.999999999999936,-7.000000000000011,10001961.046789518
8.199999999999935,-7.000000000000011,10001877.27994342
8.399999999999935,-7.000000000000011,10001794.411842186
8.599999999999934,-7.000000000000011,10001712.638989236
8.799999999999933,-7.000000000000011,10001632.145545859
8.999999999999932,-7.000000000000011,10001553.102656337
9.199999999999932,-7.000000000000011,10001475.66791292
9.399999999999931,-7.000000000000011,10001399.984958194
9.59999999999993,-7.000000000000011,10001326.18322107
9.79999999999993,-7.000000000000011,10001254.377781365
-10.0,-6.800000000000011,10002366.138516963
-9.8,-6.800000000000011,10002451.638003191
-9.600000000000001,-6.800000000000011,10002535.435503721
-9.400000000000002,-6.800000000000011,10002617.234978098
-9.200000000000003,-6.800000000000011,10002696.755975146
-9.000000000000004,-6.800000000000011,10002773.736854136
-8.800000000000004,-6.800000000000011,10002847.937821493
-8.600000000000005,-6.800000000000011,10002919.143730953
-8.400000000000006,-6.800000000000011,10002987.166597726
-8.200000000000006,-6.800000000000011,10003051.84778102
-8.000000000000007,-6.800000000000011,10003113.059793908
-7.800000000000008,-6.800000000000011,10003170.707705105
-7.6000000000000085,-6.800000000000011,10003224.730103664
-7.400000000000009,-6.800000000000011,10003275.099604582
-7.20000000000001,-6.800000000000011,10003321.822880967
-7.000000000000011,-6.800000000000011,10003364.940216377
-6.800000000000011,-6.800000000000011,10003404.524579143
-6.600000000000012,-6.800000000000011,10003440.680228774
-6.400000000000013,-6.800000000000011,10003473.540872648
-6.2000000000000135,-6.800000000000011,10003503.267399114
-6.000000000000014,-6.800000000000011,10003530.045220433
-5.800000000000015,-6.800000000000011,10003554.081265895
-5.600000000000016,-6.800000000000011,10003575.600671394
-5.400000000000016,-6.800000000000011,10003594.843217008
-5.200000000000017,-6.800000000000011,10003612.059568305
-5.000000000000018,-6.800000000000011,10003627.50738024
-4.8000000000000185,-6.800000000000011,10003641.447324613
-4.600000000000019,-6.800000000000011,10003654.139102954
-4.40000000000002,-6.800000000000011,10003665.837506477
-4.200000000000021,-6.800000000000011,10003676.788583443
-4.000000000000021,-6.800000000000011,10003687.225971822
-3.800000000000022,-6.800000000000011,10003697.367451796
-3.6000000000000227,-6.800000000000011,10003707.411768233
-3.4000000000000234,-6.800000000000011,10003717.5357682
-3.200000000000024,-6.800000000000011,10003727.891892685
-3.000000000000025,-6.800000000000011,10003738.606055323
-2.8000000000000256,-6.800000000000011,10003749.775934134
-2.6000000000000263,-6.800000000000011,10003761.469695086
-2.400000000000027,-6.800000000000011,10003773.72515913
-2.2000000000000277,-6.800000000000011,10003786.549417127
-2.0000000000000284,-6.800000000000011,10003799.918889893
-1.8000000000000291,-6.800000000000011,10003813.779823834
-1.6000000000000298,-6.800000000000011,10003828.049206197
-1.4000000000000306,-6.800000000000011,10003842.616077878
-1.2000000000000313,-6.800000000000011,10003857.343216464
-1.000000000000032,-6.800000000000011,10003872.069157366
-0.8000000000000327,-6.800000000000011,10003886.610516746
-0.6000000000000334,-6.800000000000011,10003900.764576832
-0.4000000000000341,-6.800000000000011,10003914.312091395
-0.20000000000003482,-6.800000000000011,10003927.020267595
-3.552713678800501e-14,-6.800000000000011,10003938.645879155
0.19999999999996376,-6.800000000000011,10003948.93846572
0.39999999999996305,-6.800000000000011,10003957.643573463
0.5999999999999623,-6.800000000000011,10003964.50599324
0.7999999999999616,-6.800000000000011,10003969.272954084
0.9999999999999609,-6.800000000000011,10003971.697232198
1.1999999999999602,-6.800000000000011,10003971.54013815
1.3999999999999595,-6.800000000000011,10003968.574348174
1.5999999999999588,-6.800000000000011,10003962.586548846
1.799999999999958,-6.800000000000011,10003953.379868098
1.9999999999999574,-6.800000000000011,10003940.776069473
2.1999999999999567,-6.800000000000011,10003924.61749047
2.399999999999956,-6.800000000000011,10003904.768709935
2.5999999999999552,-6.800000000000011,10003881.117933502
2.7999999999999545,-6.800000000000011,10003853.578090096
2.999999999999954,-6.800000000000011,10003822.087636435
3.199999999999953,-6.800000000000011,10003786.6110701
3.3999999999999524,-6.800000000000011,10003747.139155416
3.5999999999999517,-6.800000000000011,10003703.688869553
3.799999999999951,-6.800000000000011,10003656.303079376
3.9999999999999503,-6.800000000000011,10003605.049962273
4.1999999999999496,-6.800000000000011,10003550.022186639
4.399999999999949,-6.800000000000011,10003491.335869854
4.599999999999948,-6.800000000000011,10003429.129333314
4.799999999999947,-6.800000000000011,10003363.561675593
4.999999999999947,-6.800000000000011,10003294.811186014
5.199999999999946,-6.800000000000011,10003223.07362153
5.399999999999945,-6.800000000000011,10003148.560370587
5.599999999999945,-6.800000000000011,10003071.496527562
5.799999999999944,-6.800000000000011,10002992.118901547
5.999999999999943,-6.800000000000011,10002910.673982631
6.1999999999999424,-6.800000000000011,10002827.415888434
6.399999999999942,-6.800000000000011,10002742.604312673
6.599999999999941,-6.800000000000011,10002656.502496503
6.79999999999994,-6.800000000000011,10002569.37524217
6.99999999999994,-6.800000000000011,10002481.486987071
7.199999999999939,-6.800000000000011,10002393.099954778
7.399999999999938,-6.800000000000011,10002304.472397953
7.5999999999999375,-6.800000000000011,10002215.856946286
7.799999999999937,-6.800000000000011,10002127.49907084
7.999999999999936,-6.800000000000011,10002039.635674339
8.199999999999935,-6.800000000000011,10001952.493815009
8.399999999999935,-6.800000000000011,10001866.289569866
8.599999999999934,-6.800000000000011,10001781.227041427
8.799999999999933,-6.800000000000011,10001697.497510105
8.999999999999932,-6.800000000000011,10001615.27873285
9.199999999999932,-6.800000000000011,10001534.734387033
9.399999999999931,-6.800000000000011,10001456.013657019
9.59999999999993,-6.800000000000011,10001379.2509595
9.79999999999993,-6.800000000000011,10001304.565802488
-10.0,-6.600000000000012,10002460.164113283
-9.8,-6.600000000000012,10002549.04809504
-9.600000000000001,-6.600000000000012,10002636.161675246
-9.400000000000002,-6.600000000000012,10002721.196948603
-9.200000000000003,-6.600000000000012,10002803.862183802
-9.000000000000004,-6.600000000000012,10002883.88516825
-8.800000000000004,-6.600000000000012,10002961.016361216
-8.600000000000005,-6.600000000000012,10003035.031801313
-8.400000000000006,-6.600000000000012,10003105.735717157
-8.200000000000006,-6.600000000000012,10003172.962793695
-8.000000000000007,-6.600000000000012,10003236.580051832
-7.800000000000008,-6.600000000000012,10003296.488304552
-7.6000000000000085,-6.600000000000012,10003352.623159496
-7.400000000000009,-6.600000000000012,10003404.955545282
-7.20000000000001,-6.600000000000012,10003453.49174666
-7.000000000000011,-6.600000000000012,10003498.272941962
-6.800000000000011,-6.600000000000012,10003539.374244802
-6.600000000000012,-6.600000000000012,10003576.90326052
-6.400000000000013,-6.600000000000012,10003610.99817634
-6.2000000000000135,-6.600000000000012,10003641.825412318
-6.000000000000014,-6.600000000000012,10003669.576867912
-5.800000000000015,-6.600000000000012,10003694.46680589
-5.600000000000016,-6.600000000000012,10003716.728421729
-5.400000000000016,-6.600000000000012,10003736.610151872
-5.200000000000017,-6.600000000000012,10003754.371778702
-5.000000000000018,-6.600000000000012,10003770.2803932
-4.8000000000000185,-6.600000000000012,10003784.606278531
-4.600000000000019,-6.600000000000012,10003797.618778626
-4.40000000000002,-6.600000000000012,10003809.582215652
-4.200000000000021,-6.600000000000012,10003820.751918862
-4.000000000000021,-6.600000000000012,10003831.370424766
-3.800000000000022,-6.600000000000012,10003841.663905086
-3.6000000000000227,-6.600000000000012,10003851.838874402
-3.4000000000000234,-6.600000000000012,10003862.079224091
-3.200000000000024,-6.600000000000012,10003872.543623077
-3.000000000000025,-6.600000000000012,10003883.36331934
-2.8000000000000256,-6.600000000000012,10003894.640368938
-2.6000000000000263,-6.600000000000012,10003906.446312135
-2.400000000000027,-6.600000000000012,10003918.821308468
-2.2000000000000277,-6.600000000000012,10003931.773735352
-2.0000000000000284,-6.600000000000012,10003945.280247306
-1.8000000000000291,-6.600000000000012,10003959.286285846
-1.6000000000000298,-6.600000000000012,10003973.707023475
-1.4000000000000306,-6.600000000000012,10003988.428718956
-1.2000000000000313,-6.600000000000012,10004003.310455495
-1.000000000000032,-6.600000000000012,10004018.186228579
-0.8000000000000327,-6.600000000000012,10004032.86734594
-0.6000000000000334,-6.600000000000012,10004047.145098811
-0.4000000000000341,-6.600000000000012,10004060.79366085
-0.20000000000003482,-6.600000000000012,10004073.573169373
-3.552713678800501e-14,-6.600000000000012,10004085.232942468
0.19999999999996376,-6.600000000000012,10004095.514785098
0.39999999999996305,-6.600000000000012,10004104.15633802
0.5999999999999623,-6.600000000000012,10004110.894424096
0.7999999999999616,-6.600000000000012,10004115.468348622
0.9999999999999609,-6.600000000000012,10004117.623112328
1.1999999999999602,-6.600000000000012,10004117.112498645
1.3999999999999595,-6.600000000000012,10004113.701999972
1.5999999999999588,-6.600000000000012,10004107.171551188
1.799999999999958,-6.600000000000012,10004097.318042548
1.9999999999999574,-6.600000000000012,10004083.957588058
2.1999999999999567,-6.600000000000012,10004066.927529534
2.399999999999956,-6.600000000000012,10004046.088160893
2.5999999999999552,-6.600000000000012,10004021.324161228
2.7999999999999545,-6.600000000000012,10003992.545729483
2.999999999999954,-6.600000000000012,10003959.689417537
3.199999999999953,-6.600000000000012,10003922.718662316
3.3999999999999524,-6.600000000000012,10003881.62402122
3.5999999999999517,-6.600000000000012,10003836.423118595
3.799999999999951,-6.600000000000012,10003787.160313996
3.9999999999999503,-6.600000000000012,10003733.906105991
4.1999999999999496,-6.600000000000012,10003676.756287582
4.399999999999949,-6.600000000000012,10003615.830871703
4.599999999999948,-6.600000000000012,10003551.272806913
4.799999999999947,-6.600000000000012,10003483.246505143
4.999999999999947,-6.600000000000012,10003411.936204309
5.199999999999946,-6.600000000000012,10003337.544189623
5.399999999999945,-6.600000000000012,10003260.288897859
5.599999999999945,-6.600000000000012,10003180.402929109
5.799999999999944,-6.600000000000012,10003098.130990358
5.999999999999943,-6.600000000000012,10003013.727795037
6.1999999999999424,-6.600000000000012,10002927.455941865
6.399999999999942,-6.600000000000012,10002839.583795536
6.599999999999941,-6.600000000000012,10002750.383390766
6.79999999999994,-6.600000000000012,10002660.128379779
6.99999999999994,-6.600000000000012,10002569.092042025
7.199999999999939,-6.600000000000012,10002477.545373214
7.399999999999938,-6.600000000000012,10002385.755269125
7.5999999999999375,-6.600000000000012,10002293.982817784
7.799999999999937,-6.600000000000012,10002202.48171179
7.999999999999936,-6.600000000000012,10002111.496790653
8.199999999999935,-6.600000000000012,10002021.262721097
8.399999999999935,-6.600000000000012,10001932.002821367
8.599999999999934,-6.600000000000012,10001843.928033715
8.799999999999933,-6.600000000000012,10001757.236047436
8.999999999999932,-6.600000000000012,10001672.11057305
9.199999999999932,-6.600000000000012,10001588.720766595
9.399999999999931,-6.600000000000012,10001507.22080143
9.59999999999993,-6.600000000000012,10001427.749583554
9.79999999999993,-6.600000000000012,10001350.430605045
-10.0,-6.400000000000013,10002552.80613762
-9.8,-6.400000000000013,10002644.99161196
-9.600000000000001,-6.400000000000013,10002735.334692333
-9.400000000000002,-6.400000000000013,10002823.515464542
-9.200000000000003,-6.400000000000013,10002909.230760578
-9.000000000000004,-6.400000000000013,10002992.197626598
-8.800000000000004,-6.400000000000013,10003072.156592421
-8.600000000000005,-6.400000000000013,10003148.874686588
-8.400000000000006,-6.400000000000013,10003222.14814396
-8.200000000000006,-6.400000000000013,10003291.804756757
-8.000000000000007,-6.400000000000013,10003357.705825105
-7.800000000000008,-6.400000000000013,10003419.747669054
-7.6000000000000085,-6.400000000000013,10003477.862671027
-7.400000000000009,-6.400000000000013,10003532.019825127
-7.20000000000001,-6.400000000000013,10003582.224778028
-7.000000000000011,-6.400000000000013,10003628.519354647
-6.800000000000011,-6.400000000000013,10003670.980570635
-6.600000000000012,-6.400000000000013,10003709.719142687
-6.400000000000013,-6.400000000000013,10003744.877516234
-6.2000000000000135,-6.400000000000013,10003776.627438663
-6.000000000000014,-6.400000000000013,10003805.167114036
-5.800000000000015,-6.400000000000013,10003830.717982598
-5.600000000000016,-6.400000000000013,10003853.521174844
-5.400000000000016,-6.400000000000013,10003873.833695376
-5.200000000000017,-6.400000000000013,10003891.924396418
-5.000000000000018,-6.400000000000013,10003908.069804017
-4.8000000000000185,-6.400000000000013,10003922.54986236
-4.600000000000019,-6.400000000000013,10003935.643662408
-4.40000000000002,-6.400000000000013,10003947.625220886
-4.200000000000021,-6.400000000000013,10003958.75937421
-4.000000000000021,-6.400000000000013,10003969.297849309
-3.800000000000022,-6.400000000000013,10003979.475569572
-3.6000000000000227,-6.400000000000013,10003989.507249609
-3.4000000000000234,-6.400000000000013,10003999.584326863
-3.200000000000024,-6.400000000000013,10004009.872271948
-3.000000000000025,-6.400000000000013,10004020.508312643
-2.8000000000000256,-6.400000000000013,10004031.599599248
-2.6000000000000263,-6.400000000000013,10004043.221831309
-2.400000000000027,-6.400000000000013,10004055.4183581
-2.2000000000000277,-6.400000000000013,10004068.199757349
-2.0000000000000284,-6.400000000000013,10004081.543889303
-1.8000000000000291,-6.400000000000013,10004095.396415757
-1.6000000000000298,-6.400000000000013,10004109.67176693
-1.4000000000000306,-6.400000000000013,10004124.254532587
-1.2000000000000313,-6.400000000000013,10004139.001248179
-1.000000000000032,-6.400000000000013,10004153.742541589
-0.8000000000000327,-6.400000000000013,10004168.285601875
-0.6000000000000334,-6.400000000000013,10004182.416927775
-0.4000000000000341,-6.400000000000013,10004195.905311093
-0.20000000000003482,-6.400000000000013,10004208.50500817
-3.552713678800501e-14,-6.400000000000013,10004219.959051542
0.19999999999996376,-6.400000000000013,10004230.0026536
0.39999999999996305,-6.400000000000013,10004238.366654519
0.5999999999999623,-6.400000000000013,10004244.780967811
0.7999999999999616,-6.400000000000013,10004248.977978753
0.9999999999999609,-6.400000000000013,10004250.695853148
1.1999999999999602,-6.400000000000013,10004249.681716872
1.3999999999999595,-6.400000000000013,10004245.69466991
1.5999999999999588,-6.400000000000013,10004238.508602217
1.799999999999958,-6.400000000000013,10004227.914782666
1.9999999999999574,-6.400000000000013,10004213.72419655
2.1999999999999567,-6.400000000000013,10004195.769611245
2.399999999999956,-6.400000000000013,10004173.907354098
2.5999999999999552,-6.400000000000013,10004148.01879078
2.7999999999999545,-6.400000000000013,10004118.011496725
2.999999999999954,-6.400000000000013,10004083.820118306
3.199999999999953,-6.400000000000013,10004045.406924391
3.3999999999999524,-6.400000000000013,10004002.762052707
3.5999999999999517,-6.400000000000013,10003955.90345886
3.799999999999951,-6.400000000000013,10003904.876579134
3.9999999999999503,-6.400000000000013,10003849.753721109
4.1999999999999496,-6.400000000000013,10003790.633198667
4.399999999999949,-6.400000000000013,10003727.638230281
4.599999999999948,-6.400000000000013,10003660.91562136
4.799999999999947,-6.400000000000013,10003590.634252965
4.999999999999947,-6.400000000000013,10003516.983400468
5.199999999999946,-6.400000000000013,10003440.170906588
5.399999999999945,-6.400000000000013,10003360.421233715
5.599999999999945,-6.400000000000013,10003277.973420793
5.799999999999944,-6.400000000000013,10003193.078969775
5.999999999999943,-6.400000000000013,10003105.999686422
6.1999999999999424,-6.400000000000013,10003017.005499527
6.399999999999942,-6.400000000000013,10002926.372281706
6.599999999999941,-6.400000000000013,10002834.379693894
6.79999999999994,-6.400000000000013,10002741.30907425
6.99999999999994,-6.400000000000013,10002647.441390773
7.199999999999939,-6.400000000000013,10002553.055275284
7.399999999999938,-6.400000000000013,10002458.425154615
7.5999999999999375,-6.400000000000013,10002363.819493113
7.799999999999937,-6.400000000000013,10002269.49915851
7.999999999999936,-6.400000000000013,10002175.715921417
8.199999999999935,-6.400000000000013,10002082.7110966
8.399999999999935,-6.400000000000013,10001990.714332296
8.599999999999934,-6.400000000000013,10001899.942551909
8.799999999999933,-6.400000000000013,10001810.599050537
8.999999999999932,-6.400000000000013,10001722.872746974
9.199999999999932,-6.400000000000013,10001636.937590163
9.399999999999931,-6.400000000000013,10001552.95211744
9.59999999999993,-6.400000000000013,10001471.059160437
9.79999999999993,-6.400000000000013,10001391.38569324
-10.0,-6.2000000000000135,10002643.654436342
-9.8,-6.2000000000000135,10002739.041376548
-9.600000000000001,-6.2000000000000135,10002832.510324284
-9.400000000000002,-6.2000000000000135,10002923.729239006
-9.200000000000003,-6.2000000000000135,10003012.383382931
-9.000000000000004,-6.2000000000000135,10003098.178911489
-8.800000000000004,-6.2000000000000135,10003180.846258715
-8.600000000000005,-6.2000000000000135,10003260.143259764
-8.400000000000006,-6.2000000000000135,10003335.857955692
-8.200000000000006,-6.2000000000000135,10003407.811029835
-8.000000000000007,-6.2000000000000135,10003475.857830325
-7.800000000000008,-6.2000000000000135,10003539.889939575
-7.6000000000000085,-6.2000000000000135,10003599.83625851
-7.400000000000009,-6.2000000000000135,10003655.663581403
-7.20000000000001,-6.2000000000000135,10003707.37664538
-7.000000000000011,-6.2000000000000135,10003755.017647728
-6.800000000000011,-6.2000000000000135,10003798.665233068
-6.600000000000012,-6.2000000000000135,10003838.432961782
-6.400000000000013,-6.2000000000000135,10003874.467279926
-6.2000000000000135,-6.2000000000000135,10003906.945019709
-6.000000000000014,-6.2000000000000135,10003936.070467684
-5.800000000000015,-6.2000000000000135,10003962.072045378
-5.600000000000016,-6.2000000000000135,10003985.198653676
-5.400000000000016,-6.2000000000000135,10004005.71573807
-5.200000000000017,-6.2000000000000135,10004023.901136419
-5.000000000000018,-6.2000000000000135,10004040.040774401
-4.8000000000000185,-6.2000000000000135,10004054.42427599
-4.600000000000019,-6.2000000000000135,10004067.340557335
-4.40000000000002,-6.2000000000000135,10004079.073472118
-4.200000000000021,-6.2000000000000135,10004089.897574924
-4.000000000000021,-6.2000000000000135,10004100.074066497
-3.800000000000022,-6.2000000000000135,10004109.846980914
-3.6000000000000227,-6.2000000000000135,10004119.43966992
-3.4000000000000234,-6.2000000000000135,10004129.05163396
-3.200000000000024,-6.2000000000000135,10004138.855742935
-3.000000000000025,-6.2000000000000135,10004148.995882755
-2.8000000000000256,-6.2000000000000135,10004159.58505603
-2.6000000000000263,-6.2000000000000135,10004170.703957628
-2.400000000000027,-6.2000000000000135,10004182.40003769
-2.2000000000000277,-6.2000000000000135,10004194.687056767
-2.0000000000000284,-6.2000000000000135,10004207.545130022
-1.8000000000000291,-6.2000000000000135,10004220.921249807
-1.6000000000000298,-6.2000000000000135,10004234.730268953
-1.4000000000000306,-6.2000000000000135,10004248.85632053
-1.2000000000000313,-6.2000000000000135,10004263.1546439
-1.000000000000032,-6.2000000000000135,10004277.453781793
-0.8000000000000327,-6.2000000000000135,10004291.55810855
-0.6000000000000334,-6.2000000000000135,10004305.250646265
-0.4000000000000341,-6.2000000000000135,10004318.296122571
-0.20000000000003482,-6.2000000000000135,10004330.44422207
-3.552713678800501e-14,-6.2000000000000135,10004341.432982149
0.19999999999996376,-6.2000000000000135,10004350.99228375
0.39999999999996305,-6.2000000000000135,10004358.847388009
0.5999999999999623,-6.2000000000000135,10004364.722470963
0.7999999999999616,-6.2000000000000135,10004368.344110306
0.9999999999999609,-6.2000000000000135,10004369.444680635
1.1999999999999602,-6.2000000000000135,10004367.765616529
1.3999999999999595,-6.2000000000000135,10004363.060506256
1.5999999999999588,-6.2000000000000135,10004355.097982615
1.799999999999958,-6.2000000000000135,10004343.664381433
1.9999999999999574,-6.2000000000000135,10004328.566142512
2.1999999999999567,-6.2000000000000135,10004309.631932221
2.399999999999956,-6.2000000000000135,10004286.714471223
2.5999999999999552,-6.2000000000000135,10004259.692055443
2.7999999999999545,-6.2000000000000135,10004228.469762573
2.999999999999954,-6.2000000000000135,10004192.980340708
3.199999999999953,-6.2000000000000135,10004153.184779782
3.3999999999999524,-6.2000000000000135,10004109.07257026
3.5999999999999517,-6.2000000000000135,10004060.661657143
3.799999999999951,-6.2000000000000135,10004007.99810063
3.9999999999999503,-6.2000000000000135,10003951.155457811
4.1999999999999496,-6.2000000000000135,10003890.233902324
4.399999999999949,-6.2000000000000135,10003825.359101307
4.599999999999948,-6.2000000000000135,10003756.680870881
4.799999999999947,-6.2000000000000135,10003684.371633027
4.999999999999947,-6.2000000000000135,10003608.624697937
5.199999999999946,-6.2000000000000135,10003529.652396858
5.399999999999945,-6.2000000000000135,10003447.684090953
5.599999999999945,-6.2000000000000135,10003362.964081993
5.799999999999944,-6.2000000000000135,10003275.749450527
5.999999999999943,-6.2000000000000135,10003186.307846913
6.1999999999999424,-6.2000000000000135,10003094.915259784
6.399999999999942,-6.2000000000000135,10003001.853785789
6.599999999999941,-6.2000000000000135,10002907.40942315
6.79999999999994,-6.2000000000000135,10002811.86991039
6.99999999999994,-6.2000000000000135,10002715.522629883
7.199999999999939,-6.2000000000000135,10002618.652594455
7.399999999999938,-6.2000000000000135,10002521.540533187
7.5999999999999375,-6.2000000000000135,10002424.461090954
7.799999999999937,-6.2000000000000135,10002327.681154083
7.999999999999936,-6.2000000000000135,10002231.458312608
8.199999999999935,-6.2000000000000135,10002136.03946755
8.399999999999935,-6.2000000000000135,10002041.659589706
8.599999999999934,-6.2000000000000135,10001948.540634338
8.799999999999933,-6.2000000000000135,10001856.890614366
8.999999999999932,-6.2000000000000135,10001766.902832776
9.199999999999932,-6.2000000000000135,10001678.75527313
9.399999999999931,-6.2000000000000135,10001592.610145587
9.59999999999993,-6.2000000000000135,10001508.613584196
9.79999999999993,-6.2000000000000135,10001426.895489898
-10.0,-6.000000000000014,10002732.302347172
-9.8,-6.000000000000014,10002830.774485987
-9.600000000000001,-6.000000000000014,10002927.24948407
-9.400000000000002,-6.000000000000014,10003021.383088639
-9.200000000000003,-6.000000000000014,10003112.8488874
-9.000000000000004,-6.000000000000014,10003201.342020242
-8.800000000000004,-6.000000000000014,10003286.58267967
-8.600000000000005,-6.000000000000014,10003368.319340248
-8.400000000000006,-6.000000000000014,10003446.331660496
-8.200000000000006,-6.000000000000014,10003520.433004988
-8.000000000000007,-6.000000000000014,10003590.472539786
-7.800000000000008,-6.000000000000014,10003656.336860737
-7.6000000000000085,-6.000000000000014,10003717.951121561
-7.400000000000009,-6.000000000000014,10003775.279636692
-7.20000000000001,-6.000000000000014,10003828.325942582
-7.000000000000011,-6.000000000000014,10003877.132310282
-6.800000000000011,-6.000000000000014,10003921.778711552
-6.600000000000012,-6.000000000000014,10003962.381250102
-6.400000000000013,-6.000000000000014,10003999.090078954
-6.2000000000000135,-6.000000000000014,10004032.086833797
-6.000000000000014,-6.000000000000014,10004061.581620634
-5.800000000000015,-6.000000000000014,10004087.809603773
-5.600000000000016,-6.000000000000014,10004111.02724703
-5.400000000000016,-6.000000000000014,10004131.508266902
-5.200000000000017,-6.000000000000014,10004149.539361231
-5.000000000000018,-6.000000000000014,10004165.415780358
-4.8000000000000185,-6.000000000000014,10004179.43681012
-4.600000000000019,-6.000000000000014,10004191.901237028
-4.40000000000002,-6.000000000000014,10004203.102865612
-4.200000000000021,-6.000000000000014,10004213.326156374
-4.000000000000021,-6.000000000000014,10004222.84205004
-3.800000000000022,-6.000000000000014,10004231.904039774
-3.6000000000000227,-6.000000000000014,10004240.744548174
-3.4000000000000234,-6.000000000000014,10004249.571659893
-3.200000000000024,-6.000000000000014,10004258.566254133
-3.000000000000025,-6.000000000000014,10004267.879573984
-2.8000000000000256,-6.000000000000014,10004277.631261777
-2.6000000000000263,-6.000000000000014,10004287.907881623
-2.400000000000027,-6.000000000000014,10004298.761942131
-2.2000000000000277,-6.000000000000014,10004310.21142404
-2.0000000000000284,-6.000000000000014,10004322.239809556
-1.8000000000000291,-6.000000000000014,10004334.796602523
-1.6000000000000298,-6.000000000000014,10004347.798321154
-1.4000000000000306,-6.000000000000014,10004361.129938565
-1.2000000000000313,-6.000000000000014,10004374.646740101
-1.000000000000032,-6.000000000000014,10004388.17656126
-0.8000000000000327,-6.000000000000014,10004401.522365442
-0.6000000000000334,-6.000000000000014,10004414.465117097
-0.4000000000000341,-6.000000000000014,10004426.766902948
-0.20000000000003482,-6.000000000000014,10004438.174252084
-3.552713678800501e-14,-6.000000000000014,10004448.421604525
0.19999999999996376,-6.000000000000014,10004457.234877616
0.39999999999996305,-6.000000000000014,10004464.335080056
0.5999999999999623,-6.000000000000014,10004469.441924624
0.7999999999999616,-6.000000000000014,10004472.277392555
0.9999999999999609,-6.000000000000014,10004472.569204979
1.1999999999999602,-6.000000000000014,10004470.054159904
1.3999999999999595,-6.000000000000014,10004464.481296655
1.5999999999999588,-6.000000000000014,10004455.614853553
1.799999999999958,-6.000000000000014,10004443.236988733
1.9999999999999574,-6.000000000000014,10004427.150238287
2.1999999999999567,-6.000000000000014,10004407.1796905
2.399999999999956,-6.000000000000014,10004383.17485933
2.5999999999999552,-6.000000000000014,10004355.011244878
2.7999999999999545,-6.000000000000014,10004322.59157309
2.999999999999954,-6.000000000000014,10004285.846711092
3.199999999999953,-6.000000000000014,10004244.736258835
3.3999999999999524,-6.000000000000014,10004199.248821625
3.5999999999999517,-6.000000000000014,10004149.401971634
3.799999999999951,-6.000000000000014,10004095.241910063
3.9999999999999503,-6.000000000000014,10004036.84284443
4.1999999999999496,-6.000000000000014,10003974.306098392
4.399999999999949,-6.000000000000014,10003907.758973664
4.599999999999948,-6.000000000000014,10003837.353385722
4.799999999999947,-6.000000000000014,10003763.264296573
4.999999999999947,-6.000000000000014,10003685.687969124
5.199999999999946,-6.000000000000014,10003604.84006862
5.399999999999945,-6.000000000000014,10003520.953637218
5.599999999999945,-6.000000000000014,10003434.27696793
5.799999999999944,-6.000000000000014,10003345.071404161
5.999999999999943,-6.000000000000014,10003253.609090626
6.1999999999999424,-6.000000000000014,10003160.170700813
6.399999999999942,-6.000000000000014,10003065.043165209
6.599999999999941,-6.000000000000014,10002968.517423358
6.79999999999994,-6.000000000000014,10002870.886221463
6.99999999999994,-6.000000000000014,10002772.44197571
7.199999999999939,-6.000000000000014,10002673.474719755
7.399999999999938,-6.000000000000014,10002574.270153074
7.5999999999999375,-6.000000000000014,10002475.107804844
7.799999999999937,-6.000000000000014,10002376.259326117
7.999999999999936,-6.000000000000014,10002277.986920992
8.199999999999935,-6.000000000000014,10002180.541925425
8.399999999999935,-6.000000000000014,10002084.163540255
8.599999999999934,-6.000000000000014,10001989.077723086
8.799999999999933,-6.000000000000014,10001895.4962416
8.999999999999932,-6.000000000000014,10001803.615889126
9.199999999999932,-6.000000000000014,10001713.617861388
9.399999999999931,-6.000000000000014,10001625.667291718
9.59999999999993,-6.000000000000014,10001539.912940573
9.79999999999993,-6.000000000000014,10001456.487033617
-10.0,-5.800000000000015,10002818.35056549
-9.8,-5.800000000000015,10002919.776400166
-9.600000000000001,-5.800000000000015,10003019.122546814
-9.400000000000002,-5.800000000000015,10003116.032491263
-9.200000000000003,-5.800000000000015,10003210.168075431
-9.000000000000004,-5.800000000000015,10003301.213328598
-8.800000000000004,-5.800000000000015,10003388.878081502
-8.600000000000005,-5.800000000000015,10003472.901301792
-8.400000000000006,-5.800000000000015,10003553.05409262
-8.200000000000006,-5.800000000000015,10003629.142300583
-8.000000000000007,-5.800000000000015,10003701.00868471
-7.800000000000008,-5.800000000000015,10003768.534604924
-7.6000000000000085,-5.800000000000015,10003831.641195903
-7.400000000000009,-5.800000000000015,10003890.29000054
-7.20000000000001,-5.800000000000015,10003944.483046278
-7.000000000000011,-5.800000000000015,10003994.26235691
-6.800000000000011,-5.800000000000015,10004039.708902117
-6.600000000000012,-5.800000000000015,10004080.940996714
-6.400000000000013,-5.800000000000015,10004118.112171153
-6.2000000000000135,-5.800000000000015,10004151.408543909
-6.000000000000014,-5.800000000000015,10004181.045735247
-5.800000000000015,-5.800000000000015,10004207.265369512
-5.600000000000016,-5.800000000000015,10004230.331220383
-5.400000000000016,-5.800000000000015,10004250.525059355
-5.200000000000017,-5.800000000000015,10004268.142272715
-5.000000000000018,-5.800000000000015,10004283.487315753
-4.8000000000000185,-5.800000000000015,10004296.869075494
-4.600000000000019,-5.800000000000015,10004308.596214006
-4.40000000000002,-5.800000000000015,10004318.972564204
-4.200000000000021,-5.800000000000015,10004328.292648312
-4.000000000000021,-5.800000000000015,10004336.837386359
-3.800000000000022,-5.800000000000015,10004344.870057967
-3.6000000000000227,-5.800000000000015,10004352.632575642
-3.4000000000000234,-5.800000000000015,10004360.342121724
-3.200000000000024,-5.800000000000015,10004368.188194292
-3.000000000000025,-5.800000000000015,10004376.33009991
-2.8000000000000256,-5.800000000000015,10004384.894923126
-2.6000000000000263,-5.800000000000015,10004393.975994343
-2.400000000000027,-5.800000000000015,10004403.631869359
-2.2000000000000277,-5.800000000000015,10004413.88582547
-2.0000000000000284,-5.800000000000015,10004424.725870807
-1.8000000000000291,-5.800000000000015,10004436.105255716
-1.6000000000000298,-5.800000000000015,10004447.943467654
-1.4000000000000306,-5.800000000000015,10004460.127684077
-1.2000000000000313,-5.800000000000015,10004472.514651764
-1.000000000000032,-5.800000000000015,10004484.932955507
-0.8000000000000327,-5.800000000000015,10004497.185634555
-0.6000000000000334,-5.800000000000015,10004509.053101365
-0.4000000000000341,-5.800000000000015,10004520.29631442
-0.20000000000003482,-5.800000000000015,10004530.660154821
-3.552713678800501e-14,-5.800000000000015,10004539.87695523
0.19999999999996376,-5.800000000000015,10004547.67012951
0.39999999999996305,-5.800000000000015,10004553.757851858
0.5999999999999623,-5.800000000000015,10004557.856735526
0.7999999999999616,-5.800000000000015,10004559.685463155
0.9999999999999609,-5.800000000000015,10004558.968323288
1.1999999999999602,-5.800000000000015,10004555.438610788
1.3999999999999595,-5.800000000000015,10004548.841852272
1.5999999999999588,-5.800000000000015,10004538.938821819
1.799999999999958,-5.800000000000015,10004525.50831618
1.9999999999999574,-5.800000000000015,10004508.34966332
2.1999999999999567,-5.800000000000015,10004487.28494255
2.399999999999956,-5.800000000000015,10004462.16089917
2.5999999999999552,-5.800000000000015,10004432.85054114
2.7999999999999545,-5.800000000000015,10004399.254409775
2.999999999999954,-5.800000000000015,10004361.301520873
3.199999999999953,-5.800000000000015,10004318.949976908
3.3999999999999524,-5.800000000000015,10004272.187254857
3.5999999999999517,-5.800000000000015,10004221.030177938
3.799999999999951,-5.800000000000015,10004165.524582976
3.9999999999999503,-5.800000000000015,10004105.744698217
4.1999999999999496,-5.800000000000015,10004041.792249065
4.399999999999949,-5.800000000000015,10003973.795311702
4.599999999999948,-5.800000000000015,10003901.906936565
4.799999999999947,-5.800000000000015,10003826.303565256
4.999999999999947,-5.800000000000015,10003747.183265785
5.199999999999946,-5.800000000000015,10003664.763812019
5.399999999999945,-5.800000000000015,10003579.28063373
5.599999999999945,-5.800000000000015,10003490.98466393
5.799999999999944,-5.800000000000015,10003400.140110003
5.999999999999943,-5.800000000000015,10003307.022174964
6.1999999999999424,-5.800000000000015,10003211.914754221
6.399999999999942,-5.800000000000015,10003115.10813257
6.599999999999941,-5.800000000000015,10003016.896704767
6.79999999999994,-5.800000000000015,10002917.576741807
6.99999999999994,-5.800000000000015,10002817.444223331
7.199999999999939,-5.800000000000015,10002716.792755011
7.399999999999938,-5.800000000000015,10002615.911587786
7.5999999999999375,-5.800000000000015,10002515.083753966
7.799999999999937,-5.800000000000015,10002414.584333155
7.999999999999936,-5.800000000000015,10002314.678858921
8.199999999999935,-5.800000000000015,10002215.621874971
8.399999999999935,-5.800000000000015,10002117.655647635
8.599999999999934,-5.800000000000015,10002021.009039354
8.799999999999933,-5.800000000000015,10001925.896545859
8.999999999999932,-5.800000000000015,10001832.517497877
9.199999999999932,-5.800000000000015,10001741.055426361
9.399999999999931,-5.800000000000015,10001651.67758854
9.59999999999993,-5.800000000000015,10001564.534650488
9.79999999999993,-5.800000000000015,10001479.760520568
-10.0,-5.600000000000016,10002901.410900509
-9.8,-5.600000000000016,10003005.644900626
-9.600000000000001,-5.600000000000016,10003107.713518122
-9.400000000000002,-5.600000000000016,10003207.247970304
-9.200000000000003,-5.600000000000016,10003303.898320818
-9.000000000000004,-5.600000000000016,10003397.337428221
-8.800000000000004,-5.600000000000016,10003487.264671884
-8.600000000000005,-5.600000000000016,10003573.40939212
-8.400000000000006,-5.600000000000016,10003655.533984622
-8.200000000000006,-5.600000000000016,10003733.436594
-8.000000000000007,-5.600000000000016,10003806.953356802
-7.800000000000008,-5.600000000000016,10003875.960151257
-7.6000000000000085,-5.600000000000016,10003940.37381871
-7.400000000000009,-5.600000000000016,10004000.152830347
-7.20000000000001,-5.600000000000016,10004055.297381878
-7.000000000000011,-5.600000000000016,10004105.84890865
-6.800000000000011,-5.600000000000016,10004151.889023433
-6.600000000000012,-5.600000000000016,10004193.537889183
-6.400000000000013,-5.600000000000016,10004230.952048767
-6.2000000000000135,-5.600000000000016,10004264.3217432
-6.000000000000014,-5.600000000000016,10004293.867758643
-5.800000000000015,-5.600000000000016,10004319.8378507
-5.600000000000016,-5.600000000000016,10004342.502801616
-5.400000000000016,-5.600000000000016,10004362.152172232
-5.200000000000017,-5.600000000000016,10004379.089815458
-5.000000000000018,-5.600000000000016,10004393.629221786
-4.8000000000000185,-5.600000000000016,10004406.088769669
-4.600000000000019,-5.600000000000016,10004416.786954721
-4.40000000000002,-5.600000000000016,10004426.037671216
-4.200000000000021,-5.600000000000016,10004434.145617751
-4.000000000000021,-5.600000000000016,10004441.401895987
-3.800000000000022,-5.600000000000016,10004448.079867207
-3.6000000000000227,-5.600000000000016,10004454.43132617
-3.4000000000000234,-5.600000000000016,10004460.683045637
-3.200000000000024,-5.600000000000016,10004467.033737857
-3.000000000000025,-5.600000000000016,10004473.651471723
-2.8000000000000256,-5.600000000000016,10004480.671576135
-2.6000000000000263,-5.600000000000016,10004488.195051737
-2.400000000000027,-5.600000000000016,10004496.287504528
-2.2000000000000277,-5.600000000000016,10004504.978606349
-2.0000000000000284,-5.600000000000016,10004514.26207891
-1.8000000000000291,-5.600000000000016,10004524.096189918
-1.6000000000000298,-5.600000000000016,10004534.40474238
-1.4000000000000306,-5.600000000000016,10004545.078531113
-1.2000000000000313,-5.600000000000016,10004555.977234274
-1.000000000000032,-5.600000000000016,10004566.931702172
-0.8000000000000327,-5.600000000000016,10004577.746600939
-0.6000000000000334,-5.600000000000016,10004588.203364827
-0.4000000000000341,-5.600000000000016,10004598.063408019
-0.20000000000003482,-5.600000000000016,10004607.071544765
-3.552713678800501e-14,-5.600000000000016,10004614.959565556
0.19999999999996376,-5.600000000000016,10004621.449916804
0.39999999999996305,-5.600000000000016,10004626.259431971
0.5999999999999623,-5.600000000000016,10004629.103063423
0.7999999999999616,-5.600000000000016,10004629.697566291
0.9999999999999609,-5.600000000000016,10004627.765088169
1.1999999999999602,-5.600000000000016,10004623.036621708
1.3999999999999595,-5.600000000000016,10004615.255280701
1.5999999999999588,-5.600000000000016,10004604.17936428
1.799999999999958,-5.600000000000016,10004589.585178088
1.9999999999999574,-5.600000000000016,10004571.269585827
2.1999999999999567,-5.600000000000016,10004549.052269133
2.399999999999956,-5.600000000000016,10004522.777678445
2.5999999999999552,-5.600000000000016,10004492.316662168
2.7999999999999545,-5.600000000000016,10004457.56776602
2.999999999999954,-5.600000000000016,10004418.45819889
3.199999999999953,-5.600000000000016,10004374.944465784
3.3999999999999524,-5.600000000000016,10004327.012672469
3.5999999999999517,-5.600000000000016,10004274.678510157
3.799999999999951,-5.600000000000016,10004217.986932043
3.9999999999999503,-5.600000000000016,10004157.011536613
4.1999999999999496,-5.600000000000016,10004091.853675429
4.399999999999949,-5.600000000000016,10004022.641305488
4.599999999999948,-5.600000000000016,10003949.527608365
4.799999999999947,-5.600000000000016,10003872.689399926
4.999999999999947,-5.600000000000016,10003792.325355794
5.199999999999946,-5.600000000000016,10003708.654078664
5.399999999999945,-5.600000000000016,10003621.912034146
5.599999999999945,-5.600000000000016,10003532.351382086
5.799999999999944,-5.600000000000016,10003440.237730179
5.999999999999943,-5.600000000000016,10003345.847836435
6.1999999999999424,-5.600000000000016,10003249.467286201
6.399999999999942,-5.600000000000016,10003151.388168702
6.599999999999941,-5.600000000000016,10003051.906776724
6.79999999999994,-5.600000000000016,10002951.321351815
6.99999999999994,-5.600000000000016,10002849.929895695
7.199999999999939,-5.600000000000016,10002748.028066898
7.399999999999938,-5.600000000000016,10002645.907179803
7.5999999999999375,-5.600000000000016,10002543.852321217
7.799999999999937,-5.600000000000016,10002442.140597679
7.999999999999936,-5.600000000000016,10002341.039524512
8.199999999999935,-5.600000000000016,10002240.805565607
8.399999999999935,-5.600000000000016,10002141.682830816
8.599999999999934,-5.600000000000016,10002043.901935706
8.799999999999933,-5.600000000000016,10001947.679026546
8.999999999999932,-5.600000000000016,10001853.214971313
9.199999999999932,-5.600000000000016,10001760.69471581
9.399999999999931,-5.600000000000016,10001670.286802163
9.59999999999993,-5.600000000000016,10001582.1430455
9.79999999999993,-5.600000000000016,10001496.398362944
-10.0,-5.400000000000016,10002981.109855508
-9.8,-5.400000000000016,10003087.993849657
-9.600000000000001,-5.400000000000016,10003192.62397635
-9.400000000000002,-5.400000000000016,10003294.619224602
-9.200000000000003,-5.400000000000016,10003393.61789139
-9.000000000000004,-5.400000000000016,10003489.28164468
-8.800000000000004,-5.400000000000016,10003581.299358763
-8.600000000000005,-5.400000000000016,10003669.390657168
-8.400000000000006,-5.400000000000016,10003753.309101718
-8.200000000000006,-5.400000000000016,10003832.844971066
-8.000000000000007,-5.400000000000016,10003907.82757785
-7.800000000000008,-5.400000000000016,10003978.127080606
-7.6000000000000085,-5.400000000000016,10004043.655754551
-7.400000000000009,-5.400000000000016,10004104.368694019
-7.20000000000001,-5.400000000000016,10004160.263928933
-7.000000000000011,-5.400000000000016,10004211.381947426
-6.800000000000011,-5.400000000000016,10004257.804626899
-6.600000000000012,-5.400000000000016,10004299.653586086
-6.400000000000013,-5.400000000000016,10004337.0879806
-6.2000000000000135,-5.400000000000016,10004370.301774113
-6.000000000000014,-5.400000000000016,10004399.520526432
-5.800000000000015,-5.400000000000016,10004424.997747991
-5.600000000000016,-5.400000000000016,10004447.010877633
-5.400000000000016,-5.400000000000016,10004465.85694687
-5.200000000000017,-5.400000000000016,10004481.847998861
-5.000000000000018,-5.400000000000016,10004495.306334127
-4.8000000000000185,-5.400000000000016,10004506.55965746
-4.600000000000019,-5.400000000000016,10004515.936201435
-4.40000000000002,-5.400000000000016,10004523.759901684
-4.200000000000021,-5.400000000000016,10004530.345697215
-4.000000000000021,-5.400000000000016,10004535.99502614
-3.800000000000022,-5.400000000000016,10004540.99158285
-3.6000000000000227,-5.400000000000016,10004545.597397378
-3.4000000000000234,-5.400000000000016,10004550.049291292
-3.200000000000024,-5.400000000000016,10004554.55575744
-3.000000000000025,-5.400000000000016,10004559.294302875
-2.8000000000000256,-5.400000000000016,10004564.409286255
-2.6000000000000263,-5.400000000000016,10004570.01027212
-2.400000000000027,-5.400000000000016,10004576.170915969
-2.2000000000000277,-5.400000000000016,10004582.928385166
-2.0000000000000284,-5.400000000000016,10004590.283312304
-1.8000000000000291,-5.400000000000016,10004598.200269416
-1.6000000000000298,-5.400000000000016,10004606.608743804
-1.4000000000000306,-5.400000000000016,10004615.404589083
-1.2000000000000313,-5.400000000000016,10004624.451918807
-1.000000000000032,-5.400000000000016,10004633.585404243
-0.8000000000000327,-5.400000000000016,10004642.612933356
-0.6000000000000334,-5.400000000000016,10004651.318584003
-0.4000000000000341,-5.400000000000016,10004659.465861514
-0.20000000000003482,-5.400000000000016,10004666.801148798
-3.552713678800501e-14,-5.400000000000016,10004673.057315918
0.19999999999996376,-5.400000000000016,10004677.957435917
0.39999999999996305,-5.400000000000016,10004681.218554115
0.5999999999999623,-5.400000000000016,10004682.555459583
0.7999999999999616,-5.400000000000016,10004681.68440938
0.9999999999999609,-5.400000000000016,10004678.326758882
1.1999999999999602,-5.400000000000016,10004672.212454718
1.3999999999999595,-5.400000000000016,10004663.083350452
1.5999999999999588,-5.400000000000016,10004650.69630926
1.799999999999958,-5.400000000000016,10004634.826062076
1.9999999999999574,-5.400000000000016,10004615.267794337
2.1999999999999567,-5.400000000000016,10004591.839439001
2.399999999999956,-5.400000000000016,10004564.383658363
2.5999999999999552,-5.400000000000016,10004532.769501762
2.7999999999999545,-5.400000000000016,10004496.893730987
2.999999999999954,-5.400000000000016,10004456.68180963
3.199999999999953,-5.400000000000016,10004412.088556934
3.3999999999999524,-5.400000000000016,10004363.09847072
3.5999999999999517,-5.400000000000016,10004309.725727784
3.799999999999951,-5.400000000000016,10004252.013873605
3.9999999999999503,-5.400000000000016,10004190.035216324
4.1999999999999496,-5.400000000000016,10004123.889942855
4.399999999999949,-5.400000000000016,10004053.704977257
4.599999999999948,-5.400000000000016,10003979.6326037
4.799999999999947,-5.400000000000016,10003901.848877976
4.999999999999947,-5.400000000000016,10003820.551852856
5.199999999999946,-5.400000000000016,10003735.959643492
5.399999999999945,-5.400000000000016,10003648.308359768
5.599999999999945,-5.400000000000016,10003557.849932617
5.799999999999944,-5.400000000000016,10003464.849861369
5.999999999999943,-5.400000000000016,10003369.58490876
6.1999999999999424,-5.400000000000016,10003272.340769567
6.399999999999942,-5.400000000000016,10003173.409737887
6.599999999999941,-5.400000000000016,10003073.088396927
6.79999999999994,-5.400000000000016,10002971.67535381
6.99999999999994,-5.400000000000016,10002869.46904022
7.199999999999939,-5.400000000000016,10002766.765598116
7.399999999999938,-5.400000000000016,10002663.85686773
7.5999999999999375,-5.400000000000016,10002561.028493261
7.799999999999937,-5.400000000000016,10002458.558159422
7.999999999999936,-5.400000000000016,10002356.713970125
8.199999999999935,-5.400000000000016,10002255.752978286
8.399999999999935,-5.400000000000016,10002155.91987379
8.599999999999934,-5.400000000000016,10002057.44583442
8.799999999999933,-5.400000000000016,10001960.54754269
8.999999999999932,-5.400000000000016,10001865.426369458
9.199999999999932,-5.400000000000016,10001772.267723434
9.399999999999931,-5.400000000000016,10001681.240563892
9.59999999999993,-5.400000000000016,10001592.49707236
9.79999999999993,-5.400000000000016,10001506.172477584
-10.0,-5.200000000000017,10003057.091972265
-9.8,-5.200000000000017,10003166.45668549
-9.600000000000001,-5.200000000000017,10003273.47672037
-9.400000000000002,-5.200000000000017,10003377.758930432
-9.200000000000003,-5.200000000000017,10003478.929906892
-9.000000000000004,-5.200000000000017,10003576.640152704
-8.800000000000004,-5.200000000000017,10003670.568024397
-8.600000000000005,-5.200000000000017,10003760.423375368
-8.400000000000006,-5.200000000000017,10003845.950837813
-8.200000000000006,-5.200000000000017,10003926.932685254
-8.000000000000007,-5.200000000000017,10004003.191223608
-7.800000000000008,-5.200000000000017,10004074.59066591
-7.6000000000000085,-5.200000000000017,10004141.038453884
-7.400000000000009,-5.200000000000017,10004202.48599862
-7.20000000000001,-5.200000000000017,10004258.92882211
-7.000000000000011,-5.200000000000017,10004310.406091671
-6.800000000000011,-5.200000000000017,10004356.99954949
-6.600000000000012,-5.200000000000017,10004398.831850026
-6.400000000000013,-5.200000000000017,10004436.064328201
-6.2000000000000135,-5.200000000000017,10004468.894231178
-6.000000000000014,-5.200000000000017,10004497.551455732
-5.800000000000015,-5.200000000000017,10004522.29484175
-5.600000000000016,-5.200000000000017,10004543.408079797
-5.400000000000016,-5.200000000000017,10004561.195297237
-5.200000000000017,-5.200000000000017,10004575.976392385
-5.000000000000018,-5.200000000000017,10004588.082190137
-4.8000000000000185,-5.200000000000017,10004597.849494936
-4.600000000000019,-5.200000000000017,10004605.616117908
-4.40000000000002,-5.200000000000017,10004611.715954695
-4.200000000000021,-5.200000000000017,10004616.474188637
-4.000000000000021,-5.200000000000017,10004620.202690963
-3.800000000000022,-5.200000000000017,10004623.195685154
-3.6000000000000227,-5.200000000000017,10004625.72573733
-3.4000000000000234,-5.200000000000017,10004628.040127985
-3.200000000000024,-5.200000000000017,10004630.3576531
-3.000000000000025,-5.200000000000017,10004632.865894789
-2.8000000000000256,-5.200000000000017,10004635.718993105
-2.6000000000000263,-5.200000000000017,10004639.035942012
-2.400000000000027,-5.200000000000017,10004642.899423467
-2.2000000000000277,-5.200000000000017,10004647.355184926
-2.0000000000000284,-5.200000000000017,10004652.41195674
-1.8000000000000291,-5.200000000000017,10004658.041897798
-1.6000000000000298,-5.200000000000017,10004664.18154986
-1.4000000000000306,-5.200000000000017,10004670.733273916
-1.2000000000000313,-5.200000000000017,10004677.567135463
-1.000000000000032,-5.200000000000017,10004684.523199866
-0.8000000000000327,-5.200000000000017,10004691.41419431
-0.6000000000000334,-5.200000000000017,10004698.028488804
-0.4000000000000341,-5.200000000000017,10004704.133345906
-0.20000000000003482,-5.200000000000017,10004709.478386667
-3.552713678800501e-14,-5.200000000000017,10004713.79921925
0.19999999999996376,-5.200000000000017,10004716.821176454
0.39999999999996305,-5.200000000000017,10004718.263108833
0.5999999999999623,-5.200000000000017,10004717.841181656
0.7999999999999616,-5.200000000000017,10004715.272625843
0.9999999999999609,-5.200000000000017,10004710.279395811
1.1999999999999602,-5.200000000000017,10004702.591690375
1.3999999999999595,-5.200000000000017,10004691.951296536
1.5999999999999588,-5.200000000000017,10004678.11472009
1.799999999999958,-5.200000000000017,10004660.856071351
1.9999999999999574,-5.200000000000017,10004639.96967888
2.1999999999999567,-5.200000000000017,10004615.272408726
2.399999999999956,-5.200000000000017,10004586.605671579
2.5999999999999552,-5.200000000000017,10004553.837104816
2.7999999999999545,-5.200000000000017,10004516.861921174
2.999999999999954,-5.200000000000017,10004475.603920203
3.199999999999953,-5.200000000000017,10004430.016163057
3.3999999999999524,-5.200000000000017,10004380.081315096
3.5999999999999517,-5.200000000000017,10004325.811664745
3.799999999999951,-5.200000000000017,10004267.248830393
3.9999999999999503,-5.200000000000017,10004204.463170314
4.1999999999999496,-5.200000000000017,10004137.552913444
4.399999999999949,-5.200000000000017,10004066.643031174
4.599999999999948,-5.200000000000017,10003991.883872518
4.799999999999947,-5.200000000000017,10003913.449586583
4.999999999999947,-5.200000000000017,10003831.536357665
5.199999999999946,-5.200000000000017,10003746.36047927
5.399999999999945,-5.200000000000017,10003658.156293862
5.599999999999945,-5.200000000000017,10003567.174025517
5.799999999999944,-5.200000000000017,10003473.67753249
5.999999999999943,-5.200000000000017,10003377.942006424
6.1999999999999424,-5.200000000000017,10003280.251644164
6.399999999999942,-5.200000000000017,10003180.897317301
6.599999999999941,-5.200000000000017,10003080.174263326
6.79999999999994,-5.200000000000017,10002978.379820954
6.99999999999994,-5.200000000000017,10002875.81123055
7.199999999999939,-5.200000000000017,10002772.763518903
7.399999999999938,-5.200000000000017,10002669.527485667
7.5999999999999375,-5.200000000000017,10002566.38780692
7.799999999999937,-5.200000000000017,10002463.621269122
7.999999999999936,-5.200000000000017,10002361.495144766
8.199999999999935,-5.200000000000017,10002260.265718842
8.399999999999935,-5.200000000000017,10002160.176973147
8.599999999999934,-5.200000000000017,10002061.459433421
8.799999999999933,-5.200000000000017,10001964.329182193
8.999999999999932,-5.200000000000017,10001868.987038387
9.199999999999932,-5.200000000000017,10001775.617902763
9.399999999999931,-5.200000000000017,10001684.390266653
9.59999999999993,-5.200000000000017,10001595.455879727
9.79999999999993,-5.200000000000017,10001508.949571168
-10.0,-5.000000000000018,10003129.022887649
-9.8,-5.000000000000018,10003240.689598184
-9.600000000000001,-5.000000000000018,10003349.919063933
-9.400000000000002,-5.000000000000018,10003456.306153221
-9.200000000000003,-5.000000000000018,10003559.465866683
-9.000000000000004,-5.000000000000018,10003659.037618302
-8.800000000000004,-5.000000000000018,10003754.689280154
-8.600000000000005,-5.000000000000018,10003846.120923165
-8.400000000000006,-5.000000000000018,10003933.068189654
-8.200000000000006,-5.000000000000018,10004015.30523837
-8.000000000000007,-5.000000000000018,10004092.647208871
-7.800000000000008,-5.000000000000018,10004164.952159345
-7.6000000000000085,-5.000000000000018,10004232.122440256
-7.400000000000009,-5.000000000000018,10004294.105475476
-7.20000000000001,-5.000000000000018,10004350.89393221
-7.000000000000011,-5.000000000000018,10004402.525271496
-6.800000000000011,-5.000000000000018,10004449.080681475
-6.600000000000012,-5.000000000000018,10004490.683406394
-6.400000000000013,-5.000000000000018,10004527.49649459
-6.2000000000000135,-5.000000000000018,10004559.719998771
-6.000000000000014,-5.000000000000018,10004587.58767138
-5.800000000000015,-5.000000000000018,10004611.363206377
-5.600000000000016,-5.000000000000018,10004631.336086404
-5.400000000000016,-5.000000000000018,10004647.817100871
-5.200000000000017,-5.000000000000018,10004661.133605646
-5.000000000000018,-5.000000000000018,10004671.624598991
-4.8000000000000185,-5.000000000000018,10004679.635690857
-4.600000000000019,-5.000000000000018,10004685.514043655
-4.40000000000002,-5.000000000000018,10004689.60336219
-4.200000000000021,-5.000000000000018,10004692.239008665
-4.000000000000021,-5.000000000000018,10004693.743315484
-3.800000000000022,-5.000000000000018,10004694.42116409
-3.6000000000000227,-5.000000000000018,10004694.55589257
-3.4000000000000234,-5.000000000000018,10004694.405588245
-3.200000000000024,-5.000000000000018,10004694.199813917
-3.000000000000025,-5.000000000000018,10004694.136808548
-2.8000000000000256,-5.000000000000018,10004694.381194469
-2.6000000000000263,-5.000000000000018,10004695.062214375
-2.400000000000027,-5.000000000000018,10004696.272512397
-2.2000000000000277,-5.000000000000018,10004698.067464514
-2.0000000000000284,-5.000000000000018,10004700.465054909
-1.8000000000000291,-5.000000000000018,10004703.446286414
-1.6000000000000298,-5.000000000000018,10004706.95610537
-1.4000000000000306,-5.000000000000018,10004710.90481399
-1.2000000000000313,-5.000000000000018,10004715.169936774
-1.000000000000032,-5.000000000000018,10004719.598501856
-0.8000000000000327,-5.000000000000018,10004724.009693343
-0.6000000000000334,-5.000000000000018,10004728.197826825
-0.4000000000000341,-5.000000000000018,10004731.935597192
-0.20000000000003482,-5.000000000000018,10004734.977546003
-3.552713678800501e-14,-5.000000000000018,10004737.063694395
0.19999999999996376,-5.000000000000018,10004737.923287433
0.39999999999996305,-5.000000000000018,10004737.278596284
0.5999999999999623,-5.000000000000018,10004734.848726124
0.7999999999999616,-5.000000000000018,10004730.353379646
0.9999999999999609,-5.000000000000018,10004723.516528914
1.1999999999999602,-5.000000000000018,10004714.069951413
1.3999999999999595,-5.000000000000018,10004701.756590046
1.5999999999999588,-5.000000000000018,10004686.333700793
1.799999999999958,-5.000000000000018,10004667.575756257
1.9999999999999574,-5.000000000000018,10004645.2770778
2.1999999999999567,-5.000000000000018,10004619.25417383
2.399999999999956,-5.000000000000018,10004589.347766396
2.5999999999999552,-5.000000000000018,10004555.424493166
2.7999999999999545,-5.000000000000018,10004517.378276344
2.999999999999954,-5.000000000000018,10004475.131354714
3.199999999999953,-5.000000000000018,10004428.634979218
3.3999999999999524,-5.000000000000018,10004377.869776592
3.5999999999999517,-5.000000000000018,10004322.845789347
3.799999999999951,-5.000000000000018,10004263.602203844
3.9999999999999503,-5.000000000000018,10004200.20678141
4.1999999999999496,-5.000000000000018,10004132.755010147
4.399999999999949,-5.000000000000018,10004061.368997626
4.599999999999948,-5.000000000000018,10003986.196126638
4.799999999999947,-5.000000000000018,10003907.40749787
4.999999999999947,-5.000000000000018,10003825.196184754
5.199999999999946,-5.000000000000018,10003739.775326649
5.399999999999945,-5.000000000000018,10003651.376087068
5.599999999999945,-5.000000000000018,10003560.245504078
5.799999999999944,-5.000000000000018,10003466.644259732
5.999999999999943,-5.000000000000018,10003370.84439524
6.1999999999999424,-5.000000000000018,10003273.126997713
6.399999999999942,-5.000000000000018,10003173.779883571
6.599999999999941,-5.000000000000018,10003073.09530248
6.79999999999994,-5.000000000000018,10002971.367684245
6.99999999999994,-5.000000000000018,10002868.891449656
7.199999999999939,-5.000000000000018,10002765.958904449
7.399999999999938,-5.000000000000018,10002662.858233746
7.5999999999999375,-5.000000000000018,10002559.871612396
7.799999999999937,-5.000000000000018,10002457.273444531
7.999999999999936,-5.000000000000018,10002355.328743659
8.199999999999935,-5.000000000000018,10002254.291662442
8.399999999999935,-5.000000000000018,10002154.404179284
8.599999999999934,-5.000000000000018,10002055.894946666
8.799999999999933,-5.000000000000018,10001958.9783043
8.999999999999932,-5.000000000000018,10001863.85345809
9.199999999999932,-5.000000000000018,10001770.703824166
9.399999999999931,-5.000000000000018,10001679.696535416
9.59999999999993,-5.000000000000018,10001590.982106404
9.79999999999993,-5.000000000000018,10001504.694251072
-10.0,-4.8000000000000185,10003196.592059413
-9.8,-4.8000000000000185,10003310.374340966
-9.600000000000001,-4.8000000000000185,10003421.625728974
-9.400000000000002,-4.8000000000000185,10003529.929318829
-9.200000000000003,-4.8000000000000185,10003634.888694631
-9.000000000000004,-4.8000000000000185,10003736.132312478
-8.800000000000004,-4.8000000000000185,10003833.317643961
-8.600000000000005,-4.8000000000000185,10003926.135010842
-8.400000000000006,-4.8000000000000185,10004014.311045386
-8.200000000000006,-4.8000000000000185,10004097.611715987
-8.000000000000007,-4.8000000000000185,10004175.844863756
-7.800000000000008,-4.8000000000000185,10004248.862203388
-7.6000000000000085,-4.8000000000000185,10004316.56074986
-7.400000000000009,-4.8000000000000185,10004378.883642063
-7.20000000000001,-4.8000000000000185,10004435.820344225
-7.000000000000011,-4.8000000000000185,10004487.40621673
-6.800000000000011,-4.8000000000000185,10004533.721458457
-6.600000000000012,-4.8000000000000185,10004574.88943371
-6.400000000000013,-4.8000000000000185,10004611.074407289
-6.2000000000000135,-4.8000000000000185,10004642.478721552
-6.000000000000014,-4.8000000000000185,10004669.339458793
-5.800000000000015,-4.8000000000000185,10004691.92464101
-5.600000000000016,-4.8000000000000185,10004710.529026963
-5.400000000000016,-4.8000000000000185,10004725.469572911
-5.200000000000017,-4.8000000000000185,10004737.08062878
-5.000000000000018,-4.8000000000000185,10004745.708945448
-4.8000000000000185,-4.8000000000000185,10004751.708571333
-4.600000000000019,-4.8000000000000185,10004755.435717462
-4.40000000000002,-4.8000000000000185,10004757.243669784
-4.200000000000021,-4.8000000000000185,10004757.47782566
-4.000000000000021,-4.8000000000000185,10004756.47092813
-3.800000000000022,-4.8000000000000185,10004754.538567172
-3.6000000000000227,-4.8000000000000185,10004751.975011416
-3.4000000000000234,-4.8000000000000185,10004749.049427185
-3.200000000000024,-4.8000000000000185,10004746.002534255
-3.000000000000025,-4.8000000000000185,10004743.043739434
-2.8000000000000256,-4.8000000000000185,10004740.348780572
-2.6000000000000263,-4.8000000000000185,10004738.05790446
-2.400000000000027,-4.8000000000000185,10004736.274593117
-2.2000000000000277,-4.8000000000000185,10004735.064843856
-2.0000000000000284,-4.8000000000000185,10004734.456999656
-1.8000000000000291,-4.8000000000000185,10004734.442118034
-1.6000000000000298,-4.8000000000000185,10004734.974858567
-1.4000000000000306,-4.8000000000000185,10004735.974861994
-1.2000000000000313,-4.8000000000000185,10004737.328587301
-1.000000000000032,-4.8000000000000185,10004738.891567353
-0.8000000000000327,-4.8000000000000185,10004740.491039043
-0.6000000000000334,-4.8000000000000185,10004741.92889974
-0.4000000000000341,-4.8000000000000185,10004742.984939098
-0.20000000000003482,-4.8000000000000185,10004743.42029315
-3.552713678800501e-14,-4.8000000000000185,10004742.981066547
0.19999999999996376,-4.8000000000000185,10004741.402068613
0.39999999999996305,-4.8000000000000185,10004738.410609515
0.5999999999999623,-4.8000000000000185,10004733.730304291
0.7999999999999616,-4.8000000000000185,10004727.084834551
0.9999999999999609,-4.8000000000000185,10004718.201620463
1.1999999999999602,-4.8000000000000185,10004706.815358913
1.3999999999999595,-4.8000000000000185,10004692.671387501
1.5999999999999588,-4.8000000000000185,10004675.52883809
1.799999999999958,-4.8000000000000185,10004655.163548118
1.9999999999999574,-4.8000000000000185,10004631.370702408
2.1999999999999567,-4.8000000000000185,10004603.967182972
2.399999999999956,-4.8000000000000185,10004572.793609053
2.5999999999999552,-4.8000000000000185,10004537.716054317
2.7999999999999545,-4.8000000000000185,10004498.6274329
2.999999999999954,-4.8000000000000185,10004455.448550288
3.199999999999953,-4.8000000000000185,10004408.128819473
3.3999999999999524,-4.8000000000000185,10004356.646646775
3.5999999999999517,-4.8000000000000185,10004301.009495525
3.799999999999951,-4.8000000000000185,10004241.253639225
3.9999999999999503,-4.8000000000000185,10004177.443618981
4.1999999999999496,-4.8000000000000185,10004109.671422709
4.399999999999949,-4.8000000000000185,10004038.055406073
4.599999999999948,-4.8000000000000185,10003962.738977209
4.799999999999947,-4.8000000000000185,10003883.889068816
4.999999999999947,-4.8000000000000185,10003801.694422692
5.199999999999946,-4.8000000000000185,10003716.363712627
5.399999999999945,-4.8000000000000185,10003628.123532174
5.599999999999945,-4.8000000000000185,10003537.216274159
5.799999999999944,-4.8000000000000185,10003443.89792864
5.999999999999943,-4.8000000000000185,10003348.435825754
6.1999999999999424,-4.8000000000000185,10003251.106349133
6.399999999999942,-4.8000000000000185,10003152.192644816
6.599999999999941,-4.8000000000000185,10003051.98234929
6.79999999999994,-4.8000000000000185,10002950.765359055
6.99999999999994,-4.8000000000000185,10002848.83166249
7.199999999999939,-4.8000000000000185,10002746.469253123
7.399999999999938,-4.8000000000000185,10002643.962141626
7.5999999999999375,-4.8000000000000185,10002541.588481814
7.799999999999937,-4.8000000000000185,10002439.618824001
7.999999999999936,-4.8000000000000185,10002338.314506983
8.199999999999935,-4.8000000000000185,10002237.926197834
8.399999999999935,-4.8000000000000185,10002138.692586582
8.599999999999934,-4.8000000000000185,10002040.839240864
8.799999999999933,-4.8000000000000185,10001944.577623557
8.999999999999932,-4.8000000000000185,10001850.104274582
9.199999999999932,-4.8000000000000185,10001757.600156056
9.399999999999931,-4.8000000000000185,10001667.23015851
9.59999999999993,-4.8000000000000185,10001579.142763976
9.79999999999993,-4.8000000000000185,10001493.4698606
-10.0,-4.600000000000019,10003259.515128389
-9.8,-4.600000000000019,10003375.220642943
-9.600000000000001,-4.600000000000019,10003488.301302534
-9.400000000000002,-4.600000000000019,10003598.328707833
-9.200000000000003,-4.600000000000019,10003704.895263337
-9.000000000000004,-4.600000000000019,10003807.618657533
-8.800000000000004,-4.600000000000019,10003906.146100314
-8.600000000000005,-4.600000000000019,10004000.158247415
-8.400000000000006,-4.600000000000019,10004089.372745179
-8.200000000000006,-4.600000000000019,10004173.54733424
-8.000000000000007,-4.600000000000019,10004252.482456846
-7.800000000000008,-4.600000000000019,10004326.02332024
-7.6000000000000085,-4.600000000000019,10004394.061377078
-7.400000000000009,-4.600000000000019,10004456.535193268
-7.20000000000001,-4.600000000000019,10004513.43068392
-7.000000000000011,-4.600000000000019,10004564.780708551
-6.800000000000011,-4.600000000000019,10004610.664027778
-6.600000000000012,-4.600000000000019,10004651.203634577
-6.400000000000013,-4.600000000000019,10004686.564483933
-6.2000000000000135,-4.600000000000019,10004716.950655103
-6.000000000000014,-4.600000000000019,10004742.601990309
-5.800000000000015,-4.600000000000019,10004763.790262623
-5.600000000000016,-4.600000000000019,10004780.814933583
-5.400000000000016,-4.600000000000019,10004793.998567779
-5.200000000000017,-4.600000000000019,10004803.681976985
-5.000000000000018,-4.600000000000019,10004810.219170414
-4.8000000000000185,-4.600000000000019,10004813.972190162
-4.600000000000019,-4.600000000000019,10004815.305911921
-4.40000000000002,-4.600000000000019,10004814.582890624
-4.200000000000021,-4.600000000000019,10004812.1583287
-4.000000000000021,-4.600000000000019,10004808.375241414
-3.800000000000022,-4.600000000000019,10004803.559889117
-3.6000000000000227,-4.600000000000019,10004798.017540596
-3.4000000000000234,-4.600000000000019,10004792.028624898
-3.200000000000024,-4.600000000000019,10004785.845321445
-3.000000000000025,-4.600000000000019,10004779.688630061
-2.8000000000000256,-4.600000000000019,10004773.745953668
-2.6000000000000263,-4.600000000000019,10004768.169217447
-2.400000000000027,-4.600000000000019,10004763.073539054
-2.2000000000000277,-4.600000000000019,10004758.53645538
-2.0000000000000284,-4.600000000000019,10004754.597702438
-1.8000000000000291,-4.600000000000019,10004751.259536516
-1.6000000000000298,-4.600000000000019,10004748.487576742
-1.4000000000000306,-4.600000000000019,10004746.212141873
-1.2000000000000313,-4.600000000000019,10004744.330047652
-1.000000000000032,-4.600000000000019,10004742.706825225
-0.8000000000000327,-4.600000000000019,10004741.179316433
-0.6000000000000334,-4.600000000000019,10004739.558597784
-0.4000000000000341,-4.600000000000019,10004737.633182038
-0.20000000000003482,-4.600000000000019,10004735.172444303
-3.552713678800501e-14,-4.600000000000019,10004731.930218546
0.19999999999996376,-4.600000000000019,10004727.648510134
0.39999999999996305,-4.600000000000019,10004722.061270826
0.5999999999999623,-4.600000000000019,10004714.898183936
0.7999999999999616,-4.600000000000019,10004705.888409665
0.9999999999999609,-4.600000000000019,10004694.764243249
1.1999999999999602,-4.600000000000019,10004681.26464196
1.3999999999999595,-4.600000000000019,10004665.138580726
1.5999999999999588,-4.600000000000019,10004646.148200234
1.799999999999958,-4.600000000000019,10004624.071715798
1.9999999999999574,-4.600000000000019,10004598.706059873
2.1999999999999567,-4.600000000000019,10004569.869235761
2.399999999999956,-4.600000000000019,10004537.402364802
2.5999999999999552,-4.600000000000019,10004501.171414046
2.7999999999999545,-4.600000000000019,10004461.068596028
2.999999999999954,-4.600000000000019,10004417.01343664
3.199999999999953,-4.600000000000019,10004368.953511443
3.3999999999999524,-4.600000000000019,10004316.864854718
3.5999999999999517,-4.600000000000019,10004260.75204924
3.799999999999951,-4.600000000000019,10004200.648008287
3.9999999999999503,-4.600000000000019,10004136.613464376
4.1999999999999496,-4.600000000000019,10004068.736182023
4.399999999999949,-4.600000000000019,10003997.1299142
4.599999999999948,-4.600000000000019,10003921.933124198
4.799999999999947,-4.600000000000019,10003843.307496198
4.999999999999947,-4.600000000000019,10003761.436259286
5.199999999999946,-4.600000000000019,10003676.522350453
5.399999999999945,-4.600000000000019,10003588.786442783
5.599999999999945,-4.600000000000019,10003498.46486532
5.799999999999944,-4.600000000000019,10003405.807441019
5.999999999999943,-4.600000000000019,10003311.075268846
6.1999999999999424,-4.600000000000019,10003214.538475456
6.399999999999942,-4.600000000000019,10003116.473961031
6.599999999999941,-4.600000000000019,10003017.163162693
6.79999999999994,-4.600000000000019,10002916.88985761
6.99999999999994,-4.600000000000019,10002815.938026369
7.199999999999939,-4.600000000000019,10002714.589795565
7.399999999999938,-4.600000000000019,10002613.123476714
7.5999999999999375,-4.600000000000019,10002511.811716715
7.799999999999937,-4.600000000000019,10002410.919773081
7.999999999999936,-4.600000000000019,10002310.703925168
8.199999999999935,-4.600000000000019,10002211.410030527
8.399999999999935,-4.600000000000019,10002113.27223353
8.599999999999934,-4.600000000000019,10002016.511831252
8.799999999999933,-4.600000000000019,10001921.336299833
8.999999999999932,-4.600000000000019,10001827.938482413
9.199999999999932,-4.600000000000019,10001736.495938066
9.399999999999931,-4.600000000000019,10001647.170449425
9.59999999999993,-4.600000000000019,10001560.107685069
9.79999999999993,-4.600000000000019,10001475.437011313
-10.0,-4.40000000000002,10003317.53589493
-9.8,-4.40000000000002,10003434.968200898
-9.600000000000001,-4.40000000000002,10003549.682234975
-9.400000000000002,-4.40000000000002,10003661.23845053
-9.200000000000003,-4.40000000000002,10003769.21837567
-9.000000000000004,-4.40000000000002,10003873.229184188
-8.800000000000004,-4.40000000000002,10003972.90802146
-8.600000000000005,-4.40000000000002,10004067.926013798
-8.400000000000006,-4.40000000000002,10004157.991893737
-8.200000000000006,-4.40000000000002,10004242.855178682
-8.000000000000007,-4.40000000000002,10004322.308846919
-7.800000000000008,-4.40000000000002,10004396.191462638
-7.6000000000000085,-4.40000000000002,10004464.388710234
-7.400000000000009,-4.40000000000002,10004526.834307892
-7.20000000000001,-4.40000000000002,10004583.51028068
-7.000000000000011,-4.40000000000002,10004634.446584158
-6.800000000000011,-4.40000000000002,10004679.720080586
-6.600000000000012,-4.40000000000002,10004719.452880913
-6.400000000000013,-4.40000000000002,10004753.810076533
-6.2000000000000135,-4.40000000000002,10004782.996895328
-6.000000000000014,-4.40000000000002,10004807.25532625
-5.800000000000015,-4.40000000000002,10004826.860265668
-5.600000000000016,-4.40000000000002,10004842.115246626
-5.400000000000016,-4.40000000000002,10004853.347818878
-5.200000000000017,-4.40000000000002,10004860.904652925
-5.000000000000018,-4.40000000000002,10004865.146445412
-4.8000000000000185,-4.40000000000002,10004866.442705551
-4.600000000000019,-4.40000000000002,10004865.166503433
-4.40000000000002,-4.40000000000002,10004861.68926054
-4.200000000000021,-4.40000000000002,10004856.375660747
-4.000000000000021,-4.40000000000002,10004849.578756934
-3.800000000000022,-4.40000000000002,10004841.635343518
-3.6000000000000227,-4.40000000000002,10004832.861659583
-3.4000000000000234,-4.40000000000002,10004823.549480384
-3.200000000000024,-4.40000000000002,10004813.96264745
-3.000000000000025,-4.40000000000002,10004804.334079027
-2.8000000000000256,-4.40000000000002,10004794.863294031
-2.6000000000000263,-4.40000000000002,10004785.714473305
-2.400000000000027,-4.40000000000002,10004777.015072994
-2.2000000000000277,-4.40000000000002,10004768.854995532
-2.0000000000000284,-4.40000000000002,10004761.286314929
-1.8000000000000291,-4.40000000000002,10004754.323544463
-1.6000000000000298,-4.40000000000002,10004747.944427
-1.4000000000000306,-4.40000000000002,10004742.09122072
-1.2000000000000313,-4.40000000000002,10004736.672446635
-1.000000000000032,-4.40000000000002,10004731.565058462
-0.8000000000000327,-4.40000000000002,10004726.616990669
-0.6000000000000334,-4.40000000000002,10004721.650036614
-0.4000000000000341,-4.40000000000002,10004716.463005858
-0.20000000000003482,-4.40000000000002,10004710.83510764
-3.552713678800501e-14,-4.40000000000002,10004704.529506642
0.19999999999996376,-4.40000000000002,10004697.296996854
0.39999999999996305,-4.40000000000002,10004688.879740205
0.5999999999999623,-4.40000000000002,10004679.015017912
0.7999999999999616,-4.40000000000002,10004667.43894483
0.9999999999999609,-4.40000000000002,10004653.89009975
1.1999999999999602,-4.40000000000002,10004638.113027938
1.3999999999999595,-4.40000000000002,10004619.861575928
1.5999999999999588,-4.40000000000002,10004598.902022753
1.799999999999958,-4.40000000000002,10004575.015976079
1.9999999999999574,-4.40000000000002,10004548.00300636
2.1999999999999567,-4.40000000000002,10004517.68299666
2.399999999999956,-4.40000000000002,10004483.898190672
2.5999999999999552,-4.40000000000002,10004446.514925886
2.7999999999999545,-4.40000000000002,10004405.425043602
2.999999999999954,-4.40000000000002,10004360.546971785
3.199999999999953,-4.40000000000002,10004311.826480934
3.3999999999999524,-4.40000000000002,10004259.237117192
3.5999999999999517,-4.40000000000002,10004202.780320453
3.799999999999951,-4.40000000000002,10004142.485238727
3.9999999999999503,-4.40000000000002,10004078.408252968
4.1999999999999496,-4.40000000000002,10004010.632229317
4.399999999999949,-4.40000000000002,10003939.265518064
4.599999999999948,-4.40000000000002,10003864.440720588
4.799999999999947,-4.40000000000002,10003786.313247232
4.999999999999947,-4.40000000000002,10003705.05969026
5.199999999999946,-4.40000000000002,10003620.876037097
5.399999999999945,-4.40000000000002,10003533.97574952
5.599999999999945,-4.40000000000002,10003444.587734833
5.799999999999944,-4.40000000000002,10003352.954234954
5.999999999999943,-4.40000000000002,10003259.328659074
6.1999999999999424,-4.40000000000002,10003163.97338486
6.399999999999942,-4.40000000000002,10003067.157552393
6.599999999999941,-4.40000000000002,10002969.154873865
6.79999999999994,-4.40000000000002,10002870.241480859
6.99999999999994,-4.40000000000002,10002770.693829441
7.199999999999939,-4.40000000000002,10002670.786681775
7.399999999999938,-4.40000000000002,10002570.791181142
7.5999999999999375,-4.40000000000002,10002470.973035375
7.799999999999937,-4.40000000000002,10002371.590821857
7.999999999999936,-4.40000000000002,10002272.894425131
8.199999999999935,-4.40000000000002,10002175.123616247
8.399999999999935,-4.40000000000002,10002078.506780915
8.599999999999934,-4.40000000000002,10001983.259801548
8.799999999999933,-4.40000000000002,10001889.585096346
8.999999999999932,-4.40000000000002,10001797.670816695
9.199999999999932,-4.40000000000002,10001707.69020237
9.399999999999931,-4.40000000000002,10001619.801092362
9.59999999999993,-4.40000000000002,10001534.145587556
9.79999999999993,-4.40000000000002,10001450.849860102
-10.0,-4.200000000000021,10003370.427898392
-9.8,-4.200000000000021,10003489.388239823
-9.600000000000001,-4.200000000000021,10003605.538370214
-9.400000000000002,-4.200000000000021,10003718.42801473
-9.200000000000003,-4.200000000000021,10003827.628197119
-9.000000000000004,-4.200000000000021,10003932.735894807
-8.800000000000004,-4.200000000000021,10004033.37844703
-8.600000000000005,-4.200000000000021,10004129.217643758
-8.400000000000006,-4.200000000000021,10004219.953426844
-8.200000000000006,-4.200000000000021,10004305.327140031
-8.000000000000007,-4.200000000000021,10004385.124271119
-7.800000000000008,-4.200000000000021,10004459.176637145
-7.6000000000000085,-4.200000000000021,10004527.363972452
-7.400000000000009,-4.200000000000021,10004589.61488908
-7.20000000000001,-4.200000000000021,10004645.907189425
-7.000000000000011,-4.200000000000021,10004696.267521972
-6.800000000000011,-4.200000000000021,10004740.770382084
-6.600000000000012,-4.200000000000021,10004779.536471015
-6.400000000000013,-4.200000000000021,10004812.730437338
-6.2000000000000135,-4.200000000000021,10004840.55803542
-6.000000000000014,-4.200000000000021,10004863.262745585
-5.800000000000015,-4.200000000000021,10004881.121909544
-5.600000000000016,-4.200000000000021,10004894.442442622
-5.400000000000016,-4.200000000000021,10004903.556191215
-5.200000000000017,-4.200000000000021,10004908.81500912
-5.000000000000018,-4.200000000000021,10004910.585630635
-4.8000000000000185,-4.200000000000021,10004909.244420636
-4.600000000000019,-4.200000000000021,10004905.172082987
-4.40000000000002,-4.200000000000021,10004898.748408012
-4.200000000000021,-4.200000000000021,10004890.347137857
-4.000000000000021,-4.200000000000021,10004880.331025174
-3.800000000000022,-4.200000000000021,10004869.047155825
-3.6000000000000227,-4.200000000000021,10004856.822600627
-3.4000000000000234,-4.200000000000021,10004843.960454099
-3.200000000000024,-4.200000000000021,10004830.73631066
-3.000000000000025,-4.200000000000021,10004817.395220274
-2.8000000000000256,-4.200000000000021,10004804.149156664
-2.6000000000000263,-4.200000000000021,10004791.17502219
-2.400000000000027,-4.200000000000021,10004778.613204114
-2.2000000000000277,-4.200000000000021,10004766.5666879
-2.0000000000000284,-4.200000000000021,10004755.100724267
-1.8000000000000291,-4.200000000000021,10004744.243038181
-1.6000000000000298,-4.200000000000021,10004733.984560052
-1.4000000000000306,-4.200000000000021,10004724.280652085
-1.2000000000000313,-4.200000000000021,10004715.052796222
-1.000000000000032,-4.200000000000021,10004706.190704484
-0.8000000000000327,-4.200000000000021,10004697.554807678
-0.6000000000000334,-4.200000000000021,10004688.979074692
-0.4000000000000341,-4.200000000000021,10004680.27411169
-0.20000000000003482,-4.200000000000021,10004671.230488598
-3.552713678800501e-14,-4.200000000000021,10004661.622239335
0.19999999999996376,-4.200000000000021,10004651.210481986
0.39999999999996305,-4.200000000000021,10004639.747106047
0.5999999999999623,-4.200000000000021,10004626.978475144
0.7999999999999616,-4.200000000000021,10004612.649095932
0.9999999999999609,-4.200000000000021,10004596.505206566
1.1999999999999602,-4.200000000000021,10004578.298241533
1.3999999999999595,-4.200000000000021,10004557.788133252
1.5999999999999588,-4.200000000000021,10004534.746414993
1.799999999999958,-4.200000000000021,10004508.95909398
1.9999999999999574,-4.200000000000021,10004480.229268072
2.1999999999999567,-4.200000000000021,10004448.37946393
2.399999999999956,-4.200000000000021,10004413.25367936
2.5999999999999552,-4.200000000000021,10004374.71911696
2.7999999999999545,-4.200000000000021,10004332.667600749
2.999999999999954,-4.200000000000021,10004287.01667178
3.199999999999953,-4.200000000000021,10004237.710362848
3.3999999999999524,-4.200000000000021,10004184.719656238
3.5999999999999517,-4.200000000000021,10004128.042632187
3.799999999999951,-4.200000000000021,10004067.70431884
3.9999999999999503,-4.200000000000021,10004003.75625769
4.1999999999999496,-4.200000000000021,10003936.275800897
4.399999999999949,-4.200000000000021,10003865.365159426
4.599999999999948,-4.200000000000021,10003791.150222661
4.799999999999947,-4.200000000000021,10003713.779171962
4.999999999999947,-4.200000000000021,10003633.420911739
5.199999999999946,-4.200000000000021,10003550.263342598
5.399999999999945,-4.200000000000021,10003464.51150172
5.599999999999945,-4.200000000000021,10003376.385595841
5.799999999999944,-4.200000000000021,10003286.11895225
5.999999999999943,-4.200000000000021,10003193.955912838
6.1999999999999424,-4.200000000000021,10003100.14969566
6.399999999999942,-4.200000000000021,10003004.960247722
6.599999999999941,-4.200000000000021,10002908.652111467
6.79999999999994,-4.200000000000021,10002811.492326444
6.99999999999994,-4.200000000000021,10002713.748385945
7.199999999999939,-4.200000000000021,10002615.686266972
7.399999999999938,-4.200000000000021,10002517.568550175
7.5999999999999375,-4.200000000000021,10002419.652644493
7.799999999999937,-4.200000000000021,10002322.18912944
7.999999999999936,-4.200000000000021,10002225.420226
8.199999999999935,-4.200000000000021,10002129.578405097
8.399999999999935,-4.200000000000021,10002034.88514073
8.599999999999934,-4.200000000000021,10001941.549812796
8.799999999999933,-4.200000000000021,10001849.768762829
8.999999999999932,-4.200000000000021,10001759.724504039
9.199999999999932,-4.200000000000021,10001671.585085168
9.399999999999931,-4.200000000000021,10001585.50360624
9.59999999999993,-4.200000000000021,10001501.61788254
9.79999999999993,-4.200000000000021,10001420.050251918
-10.0,-4.000000000000021,10003417.995598838
-9.8,-4.000000000000021,10003538.284643345
-9.600000000000001,-4.000000000000021,10003655.67401137
-9.400000000000002,-4.000000000000021,10003769.703192128
-9.200000000000003,-4.000000000000021,10003879.933147635
-9.000000000000004,-4.000000000000021,10003985.95104446
-8.800000000000004,-4.000000000000021,10004087.374737361
-8.600000000000005,-4.000000000000021,10004183.856931642
-8.400000000000006,-4.000000000000021,10004275.08895496
-8.200000000000006,-4.000000000000021,10004360.804074513
-8.000000000000007,-4.000000000000021,10004440.780302163
-7.800000000000008,-4.000000000000021,10004514.842637952
-7.6000000000000085,-4.000000000000021,10004582.86471123
-7.400000000000009,-4.000000000000021,10004644.769788587
-7.20000000000001,-4.000000000000021,10004700.531128133
-7.000000000000011,-4.000000000000021,10004750.171670849
-6.800000000000011,-4.000000000000021,10004793.763070773
-6.600000000000012,-4.000000000000021,10004831.424077274
-6.400000000000013,-4.000000000000021,10004863.318293577
-6.2000000000000135,-4.000000000000021,10004889.651346399
-6.000000000000014,-4.000000000000021,10004910.667511467
-5.800000000000015,-4.000000000000021,10004926.645848762
-5.600000000000016,-4.000000000000021,10004937.89590935
-5.400000000000016,-4.000000000000021,10004944.753082423
-5.200000000000017,-4.000000000000021,10004947.573656686
-5.000000000000018,-4.000000000000021,10004946.729674151
-4.8000000000000185,-4.000000000000021,10004942.603656976
-4.600000000000019,-4.000000000000021,10004935.5832889
-4.40000000000002,-4.000000000000021,10004926.056132399
-4.200000000000021,-4.000000000000021,10004914.40446047
-4.000000000000021,-4.000000000000021,10004901.000278827
-3.800000000000022,-4.000000000000021,10004886.200609306
-3.6000000000000227,-4.000000000000021,10004870.343099594
-3.4000000000000234,-4.000000000000021,10004853.742017427
-3.200000000000024,-4.000000000000021,10004836.684679711
-3.000000000000025,-4.000000000000021,10004819.428358626
-2.8000000000000256,-4.000000000000021,10004802.197697897
-2.6000000000000263,-4.000000000000021,10004785.182663303
-2.400000000000027,-4.000000000000021,10004768.53704223
-2.2000000000000277,-4.000000000000021,10004752.377497941
-2.0000000000000284,-4.000000000000021,10004736.783175353
-1.8000000000000291,-4.000000000000021,10004721.795846596
-1.6000000000000298,-4.000000000000021,10004707.420576805
-1.4000000000000306,-4.000000000000021,10004693.626883231
-1.2000000000000313,-4.000000000000021,10004680.350354403
-1.000000000000032,-4.000000000000021,10004667.494690383
-0.8000000000000327,-4.000000000000021,10004654.934120512
-0.6000000000000334,-4.000000000000021,10004642.516151214
-0.4000000000000341,-4.000000000000021,10004630.064593682
-0.20000000000003482,-4.000000000000021,10004617.382819338
-3.552713678800501e-14,-4.000000000000021,10004604.257190038
0.19999999999996376,-4.000000000000021,10004590.460609907
0.39999999999996305,-4.000000000000021,10004575.756146472
0.5999999999999623,-4.000000000000021,10004559.900670135
0.7999999999999616,-4.000000000000021,10004542.64846338
0.9999999999999609,-4.000000000000021,10004523.7547537
1.1999999999999602,-4.000000000000021,10004502.979127616
1.3999999999999595,-4.000000000000021,10004480.088786831
1.5999999999999588,-4.000000000000021,10004454.861611534
1.799999999999958,-4.000000000000021,10004427.08900024
1.9999999999999574,-4.000000000000021,10004396.578459918
2.1999999999999567,-4.000000000000021,10004363.155924704
2.399999999999956,-4.000000000000021,10004326.667786099
2.5999999999999552,-4.000000000000021,10004286.982621925
2.7999999999999545,-4.000000000000021,10004243.992615862
2.999999999999954,-4.000000000000021,10004197.614663487
3.199999999999953,-4.000000000000021,10004147.791164806
3.3999999999999524,-4.000000000000021,10004094.490507124
3.5999999999999517,-4.000000000000021,10004037.707245477
3.799999999999951,-4.000000000000021,10003977.461991223
3.9999999999999503,-4.000000000000021,10003913.801022155
4.1999999999999496,-4.000000000000021,10003846.795630218
4.399999999999949,-4.000000000000021,10003776.541225009
4.599999999999948,-4.000000000000021,10003703.156213243
4.799999999999947,-4.000000000000021,10003626.78067593
4.999999999999947,-4.000000000000021,10003547.574866174
5.199999999999946,-4.000000000000021,10003465.717551438
5.399999999999945,-4.000000000000021,10003381.40422474
5.599999999999945,-4.000000000000021,10003294.845209429
5.799999999999944,-4.000000000000021,10003206.263682269
5.999999999999943,-4.000000000000021,10003115.893639162
6.1999999999999424,-4.000000000000021,10003023.977827404
6.399999999999942,-4.000000000000021,10002930.765667439
6.599999999999941,-4.000000000000021,10002836.511186186
6.79999999999994,-4.000000000000021,10002741.47098274
6.99999999999994,-4.000000000000021,10002645.90224586
7.199999999999939,-4.000000000000021,10002550.0608412
7.399999999999938,-4.000000000000021,10002454.199484468
7.5999999999999375,-4.000000000000021,10002358.566015072
7.799999999999937,-4.000000000000021,10002263.401782874
7.999999999999936,-4.000000000000021,10002168.940158863
8.199999999999935,-4.000000000000021,10002075.4051786
8.399999999999935,-4.000000000000021,10001983.010325454
8.599999999999934,-4.000000000000021,10001891.957458625
8.799999999999933,-4.000000000000021,10001802.43588927
8.999999999999932,-4.000000000000021,10001714.621606126
9.199999999999932,-4.000000000000021,10001628.67665038
9.399999999999931,-4.000000000000021,10001544.748637928
9.59999999999993,-4.000000000000021,10001462.970425637
9.79999999999993,-4.000000000000021,10001383.459916897
-10.0,-3.800000000000022,10003460.075169934
-9.8,-3.800000000000022,10003581.494665883
-9.600000000000001,-3.800000000000022,10003699.928536797
-9.400000000000002,-3.800000000000022,10003814.906601932
-9.200000000000003,-3.800000000000022,10003925.980275441
-9.000000000000004,-3.800000000000022,10004032.72736672
-8.800000000000004,-3.800000000000022,10004134.756632036
-8.600000000000005,-3.800000000000022,10004231.712003643
-8.400000000000006,-3.800000000000022,10004323.276426392
-8.200000000000006,-3.800000000000022,10004409.17523725
-8.000000000000007,-3.800000000000022,10004489.179029763
-7.800000000000008,-3.800000000000022,10004563.105953401
-7.6000000000000085,-3.800000000000022,10004630.823406681
-7.400000000000009,-3.800000000000022,10004692.249092873
-7.20000000000001,-3.800000000000022,10004747.35141768
-7.000000000000011,-3.800000000000022,10004796.149219276
-6.800000000000011,-3.800000000000022,10004838.710832568
-6.600000000000012,-3.800000000000022,10004875.152500687
-6.400000000000013,-3.800000000000022,10004905.636158036
-6.2000000000000135,-3.800000000000022,10004930.366619678
-6.000000000000014,-3.800000000000022,10004949.58822205
-5.800000000000015,-3.800000000000022,10004963.580968855
-5.600000000000016,-3.800000000000022,10004972.656244205
-5.400000000000016,-3.800000000000022,10004977.152161751
-5.200000000000017,-3.800000000000022,10004977.428624073
-5.000000000000018,-3.800000000000022,10004973.862170523
-4.8000000000000185,-3.800000000000022,10004966.840694275
-4.600000000000019,-3.800000000000022,10004956.758110236
-4.40000000000002,-3.800000000000022,10004944.00905494
-4.200000000000021,-3.800000000000022,10004928.983697465
-4.000000000000021,-3.800000000000022,10004912.06273705
-3.800000000000022,-3.800000000000022,10004893.612658275
-3.6000000000000227,-3.800000000000022,10004873.981308797
-3.4000000000000234,-3.800000000000022,10004853.493857782
-3.200000000000024,-3.800000000000022,10004832.449185386
-3.000000000000025,-3.800000000000022,10004811.116745256
-2.8000000000000256,-3.800000000000022,10004789.733933225
-2.6000000000000263,-3.800000000000022,10004768.50398617
-2.400000000000027,-3.800000000000022,10004747.594425859
-2.2000000000000277,-3.800000000000022,10004727.136053475
-2.0000000000000284,-3.800000000000022,10004707.22249171
-1.8000000000000291,-3.800000000000022,10004687.910262814
-1.6000000000000298,-3.800000000000022,10004669.219383253
-1.4000000000000306,-3.800000000000022,10004651.13444836
-1.2000000000000313,-3.800000000000022,10004633.606174039
-1.000000000000032,-3.800000000000022,10004616.553357007
-0.8000000000000327,-3.800000000000022,10004599.865210459
-0.6000000000000334,-3.800000000000022,10004583.40402829
-0.4000000000000341,-3.800000000000022,10004567.00812837
-0.20000000000003482,-3.800000000000022,10004550.495023381
-3.552713678800501e-14,-3.800000000000022,10004533.664767079
0.19999999999996376,-3.800000000000022,10004516.30342348
0.39999999999996305,-3.800000000000022,10004498.186607545
0.5999999999999623,-3.800000000000022,10004479.083047248
0.7999999999999616,-3.800000000000022,10004458.758119155
0.9999999999999609,-3.800000000000022,10004436.97731235
1.1999999999999602,-3.800000000000022,10004413.50957888
1.3999999999999595,-3.800000000000022,10004388.130532384
1.5999999999999588,-3.800000000000022,10004360.625460701
1.799999999999958,-3.800000000000022,10004330.792122336
1.9999999999999574,-3.800000000000022,10004298.443301091
2.1999999999999567,-3.800000000000022,10004263.40909756
2.399999999999956,-3.800000000000022,10004225.538940685
2.5999999999999552,-3.800000000000022,10004184.70330689
2.7999999999999545,-3.800000000000022,10004140.795138653
2.999999999999954,-3.800000000000022,10004093.730958482
3.199999999999953,-3.800000000000022,10004043.451678164
3.3999999999999524,-3.800000000000022,10003989.923106829
3.5999999999999517,-3.800000000000022,10003933.136164827
3.799999999999951,-3.800000000000022,10003873.106813516
3.9999999999999503,-3.800000000000022,10003809.875713862
4.1999999999999496,-3.800000000000022,10003743.507629268
4.399999999999949,-3.800000000000022,10003674.090590257
4.599999999999948,-3.800000000000022,10003601.734840414
4.799999999999947,-3.800000000000022,10003526.57158455
4.999999999999947,-3.800000000000022,10003448.75156128
5.199999999999946,-3.800000000000022,10003368.443462996
5.399999999999945,-3.800000000000022,10003285.832226865
5.599999999999945,-3.800000000000022,10003201.117220758
5.799999999999944,-3.800000000000022,10003114.510347916
5.999999999999943,-3.800000000000022,10003026.23409404
6.1999999999999424,-3.800000000000022,10002936.519539796
6.399999999999942,-3.800000000000022,10002845.604361141
6.599999999999941,-3.800000000000022,10002753.730838768
6.79999999999994,-3.800000000000022,10002661.143896941
6.99999999999994,-3.800000000000022,10002568.08919054
7.199999999999939,-3.800000000000022,10002474.811257813
7.399999999999938,-3.800000000000022,10002381.551754605
7.5999999999999375,-3.800000000000022,10002288.547784263
7.799999999999937,-3.800000000000022,10002196.030335538
7.999999999999936,-3.800000000000022,10002104.222839154
8.199999999999935,-3.800000000000022,10002013.339851659
8.399999999999935,-3.800000000000022,10001923.585873544
8.599999999999934,-3.800000000000022,10001835.15430662
8.799999999999933,-3.800000000000022,10001748.226553975
8.999999999999932,-3.800000000000022,10001662.971264003
9.199999999999932,-3.800000000000022,10001579.543718424
9.399999999999931,-3.800000000000022,10001498.085362568
9.59999999999993,-3.800000000000022,10001418.723474877
9.79999999999993,-3.800000000000022,10001341.570971008
-10.0,-3.6000000000000227,10003496.53492076
-9.8,-3.6000000000000227,10003618.889247824
-9.600000000000001,-3.6000000000000227,10003738.176591856
-9.400000000000002,-3.6000000000000227,10003853.917741379
-9.200000000000003,-3.6000000000000227,10003965.655147478
-9.000000000000004,-3.6000000000000227,10004072.957784085
-8.800000000000004,-3.6000000000000227,10004175.42575949
-8.600000000000005,-3.6000000000000227,10004272.69460482
-8.400000000000006,-3.6000000000000227,10004364.439169023
-8.200000000000006,-3.6000000000000227,10004450.377055319
-8.000000000000007,-3.6000000000000227,10004530.271540735
-7.800000000000008,-3.6000000000000227,10004603.93392832
-7.6000000000000085,-3.6000000000000227,10004671.225290652
-7.400000000000009,-3.6000000000000227,10004732.05757318
-7.20000000000001,-3.6000000000000227,10004786.394036539
-7.000000000000011,-3.6000000000000227,10004834.2490282
-6.800000000000011,-3.6000000000000227,10004875.68708503
-6.600000000000012,-3.6000000000000227,10004910.821379863
-6.400000000000013,-3.6000000000000227,10004939.811536213
-6.2000000000000135,-3.6000000000000227,10004962.860846026
-6.000000000000014,-3.6000000000000227,10004980.212935291
-5.800000000000015,-3.6000000000000227,10004992.147931505
-5.600000000000016,-3.6000000000000227,10004998.978194926
-5.400000000000016,-3.6000000000000227,10005001.043682385
-5.200000000000017,-3.6000000000000227,10004998.707017904
-5.000000000000018,-3.6000000000000227,10004992.348348157
-4.8000000000000185,-3.6000000000000227,10004982.36006355
-4.600000000000019,-3.6000000000000227,10004969.141466348
-4.40000000000002,-3.6000000000000227,10004953.093466867
-4.200000000000021,-3.6000000000000227,10004934.613386616
-4.000000000000021,-3.6000000000000227,10004914.089943765
-3.800000000000022,-3.6000000000000227,10004891.898491707
-3.6000000000000227,-3.6000000000000227,10004868.39657537
-3.4000000000000234,-3.6000000000000227,10004843.919863278
-3.200000000000024,-3.6000000000000227,10004818.778505387
-3.000000000000025,-3.6000000000000227,10004793.253958616
-2.8000000000000256,-3.6000000000000227,10004767.59631292
-2.6000000000000263,-3.6000000000000227,10004742.022141887
-2.400000000000027,-3.6000000000000227,10004716.71289255
-2.2000000000000277,-3.6000000000000227,10004691.813820155
-2.0000000000000284,-3.6000000000000227,10004667.433464792
-1.8000000000000291,-3.6000000000000227,10004643.643658543
-1.6000000000000298,-3.6000000000000227,10004620.480043964
-1.4000000000000306,-3.6000000000000227,10004597.943077717
-1.2000000000000313,-3.6000000000000227,10004575.999486823
-1.000000000000032,-3.6000000000000227,10004554.584139591
-0.8000000000000327,-3.6000000000000227,10004533.602288712
-0.6000000000000334,-3.6000000000000227,10004512.932140475
-0.4000000000000341,-3.6000000000000227,10004492.427701274
-0.20000000000003482,-3.6000000000000227,10004471.92185094
-3.552713678800501e-14,-3.6000000000000227,10004451.229591541
0.19999999999996376,-3.6000000000000227,10004430.151420252
0.39999999999996305,-3.6000000000000227,10004408.47677578
0.5999999999999623,-3.6000000000000227,10004385.987509271
0.7999999999999616,-3.6000000000000227,10004362.4613328
0.9999999999999609,-3.6000000000000227,10004337.675201287
1.1999999999999602,-3.6000000000000227,10004311.408586875
1.3999999999999595,-3.6000000000000227,10004283.446608366
1.5999999999999588,-3.6000000000000227,10004253.582982257
1.799999999999958,-3.6000000000000227,10004221.622765953
1.9999999999999574,-3.6000000000000227,10004187.384868119
2.1999999999999567,-3.6000000000000227,10004150.704305299
2.399999999999956,-3.6000000000000227,10004111.434188385
2.5999999999999552,-3.6000000000000227,10004069.447426744
2.7999999999999545,-3.6000000000000227,10004024.638141928
2.999999999999954,-3.6000000000000227,10003976.92278696
3.199999999999953,-3.6000000000000227,10003926.240970911
3.3999999999999524,-3.6000000000000227,10003872.555992085
3.5999999999999517,-3.6000000000000227,10003815.85508641
3.799999999999951,-3.6000000000000227,10003756.149400653
3.9999999999999503,-3.6000000000000227,10003693.473702807
4.1999999999999496,-3.6000000000000227,10003627.885844374
4.399999999999949,-3.6000000000000227,10003559.465991428
4.599999999999948,-3.6000000000000227,10003488.315643068
4.799999999999947,-3.6000000000000227,10003414.556457365
4.999999999999947,-3.6000000000000227,10003338.328906052
5.199999999999946,-3.6000000000000227,10003259.790780125
5.399999999999945,-3.6000000000000227,10003179.115568936
5.599999999999945,-3.6000000000000227,10003096.49073584
5.799999999999944,-3.6000000000000227,10003012.115913255
5.999999999999943,-3.6000000000000227,10002926.201039981
6.1999999999999424,-3.6000000000000227,10002838.96446285
6.399999999999942,-3.6000000000000227,10002750.631024385
6.599999999999941,-3.6000000000000227,10002661.430156996
6.79999999999994,-3.6000000000000227,10002571.594003279
6.99999999999994,-3.6000000000000227,10002481.355580654
7.199999999999939,-3.6000000000000227,10002390.947007265
7.399999999999938,-3.6000000000000227,10002300.597804466
7.5999999999999375,-3.6000000000000227,10002210.533289671
7.799999999999937,-3.6000000000000227,10002120.973071588
7.999999999999936,-3.6000000000000227,10002032.129658243
8.199999999999935,-3.6000000000000227,10001944.207186272
8.399999999999935,-3.6000000000000227,10001857.400278324
8.599999999999934,-3.6000000000000227,10001771.893033603
8.799999999999933,-3.6000000000000227,10001687.858154811
8.999999999999932,-3.6000000000000227,10001605.456213193
9.199999999999932,-3.6000000000000227,10001524.835051669
9.399999999999931,-3.6000000000000227,10001446.129324613
9.59999999999993,-3.6000000000000227,10001369.460171347
9.79999999999993,-3.6000000000000227,10001294.935019214
-10.0,-3.4000000000000234,10003527.275371432
-9.8,-3.4000000000000234,10003650.3729629
-9.600000000000001,-3.4000000000000234,10003770.327890318
-9.400000000000002,-3.4000000000000234,10003886.652622256
-9.200000000000003,-3.4000000000000234,10003998.88130112
-9.000000000000004,-3.4000000000000234,10004106.574653972
-8.800000000000004,-3.4000000000000234,10004209.324655242
-8.600000000000005,-3.4000000000000234,10004306.758866603
-8.400000000000006,-3.4000000000000234,10004398.54438328
-8.200000000000006,-3.4000000000000234,10004484.391321434
-8.000000000000007,-3.4000000000000234,10004564.05578795
-7.800000000000008,-3.4000000000000234,10004637.342282062
-7.6000000000000085,-3.4000000000000234,10004704.105487103
-7.400000000000009,-3.4000000000000234,10004764.25142085
-7.20000000000001,-3.4000000000000234,10004817.737923441
-7.000000000000011,-3.4000000000000234,10004864.574472986
-6.800000000000011,-3.4000000000000234,10004904.821330516
-6.600000000000012,-3.4000000000000234,10004938.588027094
-6.400000000000013,-3.4000000000000234,10004966.031217247
-6.2000000000000135,-3.4000000000000234,10004987.351933425
-6.000000000000014,-3.4000000000000234,10005002.792286238
-5.800000000000015,-3.4000000000000234,10005012.631664278
-5.600000000000016,-3.4000000000000234,10005017.182495376
-5.400000000000016,-3.4000000000000234,10005016.78563778
-5.200000000000017,-3.4000000000000234,10005011.805475287
-5.000000000000018,-3.4000000000000234,10005002.624794202
-4.8000000000000185,-3.4000000000000234,10004989.63952242
-4.600000000000019,-3.4000000000000234,10004973.253411878
-4.40000000000002,-3.4000000000000234,10004953.872744944
-4.200000000000021,-3.4000000000000234,10004931.901143225
-4.000000000000021,-3.4000000000000234,10004907.734553838
-3.800000000000022,-3.4000000000000234,10004881.756483387
-3.6000000000000227,-3.4000000000000234,10004854.333543977
-3.4000000000000234,-3.4000000000000234,10004825.811368782
-3.200000000000024,-3.4000000000000234,10004796.510946948
-3.000000000000025,-3.4000000000000234,10004766.725419238
-2.8000000000000256,-3.4000000000000234,10004736.717367202
-2.6000000000000263,-3.4000000000000234,10004706.716619518
-2.400000000000027,-3.4000000000000234,10004676.918590123
-2.2000000000000277,-3.4000000000000234,10004647.483153867
-2.0000000000000284,-3.4000000000000234,10004618.534056678
-1.8000000000000291,-3.4000000000000234,10004590.158849098
-1.6000000000000298,-3.4000000000000234,10004562.409324275
-1.4000000000000306,-3.4000000000000234,10004535.302434757
-1.2000000000000313,-3.4000000000000234,10004508.821656
-1.000000000000032,-3.4000000000000234,10004482.918759415
-0.8000000000000327,-3.4000000000000234,10004457.515953181
-0.6000000000000334,-3.4000000000000234,10004432.508345643
-0.4000000000000341,-3.4000000000000234,10004407.766683483
-0.20000000000003482,-3.4000000000000234,10004383.140315246
-3.552713678800501e-14,-3.4000000000000234,10004358.460329903
0.19999999999996376,-3.4000000000000234,10004333.542820333
0.39999999999996305,-3.4000000000000234,10004308.192222256
0.5999999999999623,-3.4000000000000234,10004282.204680834
0.7999999999999616,-3.4000000000000234,10004255.371399127
0.9999999999999609,-3.4000000000000234,10004227.481925443
1.1999999999999602,-3.4000000000000234,10004198.327339657
1.3999999999999595,-3.4000000000000234,10004167.703302113
1.5999999999999588,-3.4000000000000234,10004135.412932571
1.799999999999958,-3.4000000000000234,10004101.269490594
1.9999999999999574,-3.4000000000000234,10004065.098833006
2.1999999999999567,-3.4000000000000234,10004026.74162813
2.399999999999956,-3.4000000000000234,10003986.05531086
2.5999999999999552,-3.4000000000000234,10003942.91576655
2.7999999999999545,-3.4000000000000234,10003897.218735939
2.999999999999954,-3.4000000000000234,10003848.88093696
3.199999999999953,-3.4000000000000234,10003797.84090312
3.3999999999999524,-3.4000000000000234,10003744.059541393
3.5999999999999517,-3.4000000000000234,10003687.520415893
3.799999999999951,-3.4000000000000234,10003628.229766335
3.9999999999999503,-3.4000000000000234,10003566.21627305
4.1999999999999496,-3.4000000000000234,10003501.530582499
4.399999999999949,-3.4000000000000234,10003434.244609362
4.599999999999948,-3.4000000000000234,10003364.450632889
4.799999999999947,-3.4000000000000234,10003292.260206712
4.999999999999947,-3.4000000000000234,10003217.802902319
5.199999999999946,-3.4000000000000234,10003141.224907368
5.399999999999945,-3.4000000000000234,10003062.687500425
5.599999999999945,-3.4000000000000234,10002982.36542407
5.799999999999944,-3.4000000000000234,10002900.44517837
5.999999999999943,-3.4000000000000234,10002817.123256398
6.1999999999999424,-3.4000000000000234,10002732.604343155
6.399999999999942,-3.4000000000000234,10002647.099498494
6.599999999999941,-3.4000000000000234,10002560.824343858
6.79999999999994,-3.4000000000000234,10002473.997271627
6.99999999999994,-3.4000000000000234,10002386.837694611
7.199999999999939,-3.4000000000000234,10002299.564352017
7.399999999999938,-3.4000000000000234,10002212.393686673
7.5999999999999375,-3.4000000000000234,10002125.5383069
7.799999999999937,-3.4000000000000234,10002039.205544636
7.999999999999936,-3.4000000000000234,10001953.596119983
8.199999999999935,-3.4000000000000234,10001868.902920451
8.399999999999935,-3.4000000000000234,10001785.309901658
8.599999999999934,-3.4000000000000234,10001702.991114412
8.799999999999933,-3.4000000000000234,10001622.109861592
8.999999999999932,-3.4000000000000234,10001542.81798649
9.199999999999932,-3.4000000000000234,10001465.2552929
9.399999999999931,-3.4000000000000234,10001389.549095616
9.59999999999993,-3.4000000000000234,10001315.813898774
9.79999999999993,-3.4000000000000234,10001244.151198186
-10.0,-3.200000000000024,10003552.229013212
-9.8,-3.200000000000024,10003675.883633126
-9.600000000000001,-3.200000000000024,10003796.326665772
-9.400000000000002,-3.200000000000024,10003913.063039484
-9.200000000000003,-3.200000000000024,10004025.61930941
-9.000000000000004,-3.200000000000024,10004133.548609052
-8.800000000000004,-3.200000000000024,10004236.435354829
-8.600000000000005,-3.200000000000024,10004333.899628827
-8.400000000000006,-3.200000000000024,10004425.6011688
-8.200000000000006,-3.200000000000024,10004511.242899934
-8.000000000000007,-3.200000000000024,10004590.573949564
-7.800000000000008,-3.200000000000024,10004663.392094135
-7.6000000000000085,-3.200000000000024,10004729.545596655
-7.400000000000009,-3.200000000000024,10004788.934402939
-7.20000000000001,-3.200000000000024,10004841.510675544
-7.000000000000011,-3.200000000000024,10004887.2786555
-6.800000000000011,-3.200000000000024,10004926.293853225
-6.600000000000012,-3.200000000000024,10004958.661581462
-6.400000000000013,-3.200000000000024,10004984.534854151
-6.2000000000000135,-3.200000000000024,10005004.111685798
-6.000000000000014,-3.200000000000024,10005017.631835885
-5.800000000000015,-3.200000000000024,10005025.373051815
-5.600000000000016,-3.200000000000024,10005027.646871949
-5.400000000000016,-3.200000000000024,10005024.794056883
-5.200000000000017,-3.200000000000024,10005017.179722548
-5.000000000000018,-3.200000000000024,10005005.188252527
-4.8000000000000185,-3.200000000000024,10004989.218069423
-4.600000000000019,-3.200000000000024,10004969.676345931
-4.40000000000002,-3.200000000000024,10004946.973735584
-4.200000000000021,-3.200000000000024,10004921.519201113
-4.000000000000021,-3.200000000000024,10004893.715014737
-3.800000000000022,-3.200000000000024,10004863.95200009
-3.6000000000000227,-3.200000000000024,10004832.605079513
-3.4000000000000234,-3.200000000000024,10004800.029183572
-3.200000000000024,-3.200000000000024,10004766.55557218
-3.000000000000025,-3.200000000000024,10004732.488608174
-2.8000000000000256,-3.200000000000024,10004698.103015823
-2.6000000000000263,-3.200000000000024,10004663.641647585
-2.400000000000027,-3.200000000000024,10004629.313773608
-2.2000000000000277,-3.200000000000024,10004595.293899637
-2.0000000000000284,-3.200000000000024,10004561.721110405
-1.8000000000000291,-3.200000000000024,10004528.698927574
-1.6000000000000298,-3.200000000000024,10004496.295663737
-1.4000000000000306,-3.200000000000024,10004464.545247255
-1.2000000000000313,-3.200000000000024,10004433.448486572
-1.000000000000032,-3.200000000000024,10004402.97473757
-0.8000000000000327,-3.200000000000024,10004373.063933115
-0.6000000000000334,-3.200000000000024,10004343.628930684
-0.4000000000000341,-3.200000000000024,10004314.558131358
-0.20000000000003482,-3.200000000000024,10004285.718321966
-3.552713678800501e-14,-3.200000000000024,10004256.95769144
0.19999999999996376,-3.200000000000024,10004228.108972467
0.39999999999996305,-3.200000000000024,10004198.992660433
0.5999999999999623,-3.200000000000024,10004169.420263171
0.7999999999999616,-3.200000000000024,10004139.197537074
0.9999999999999609,-3.200000000000024,10004108.127667867
1.1999999999999602,-3.200000000000024,10004076.014357371
1.3999999999999595,-3.200000000000024,10004042.664781017
1.5999999999999588,-3.200000000000024,10004007.892384551
1.799999999999958,-3.200000000000024,10003971.519492341
1.9999999999999574,-3.200000000000024,10003933.379703619
2.1999999999999567,-3.200000000000024,10003893.320057021
2.399999999999956,-3.200000000000024,10003851.202947997
2.5999999999999552,-3.200000000000024,10003806.90778739
2.7999999999999545,-3.200000000000024,10003760.3323935
2.999999999999954,-3.200000000000024,10003711.394113608
3.199999999999953,-3.200000000000024,10003660.030674351
3.3999999999999524,-3.200000000000024,10003606.200763725
3.5999999999999517,-3.200000000000024,10003549.884350378
3.799999999999951,-3.200000000000024,10003491.082748778
3.9999999999999503,-3.200000000000024,10003429.818441162
4.1999999999999496,-3.200000000000024,10003366.134669537
4.399999999999949,-3.200000000000024,10003300.094812771
4.599999999999948,-3.200000000000024,10003231.781565607
4.799999999999947,-3.200000000000024,10003161.295937655
4.999999999999947,-3.200000000000024,10003088.756091548
5.199999999999946,-3.200000000000024,10003014.296040285
5.399999999999945,-3.200000000000024,10002938.064224256
5.599999999999945,-3.200000000000024,10002860.221988771
5.799999999999944,-3.200000000000024,10002780.941982964
5.999999999999943,-3.200000000000024,10002700.406500757
6.1999999999999424,-3.200000000000024,10002618.805784155
6.399999999999942,-3.200000000000024,10002536.336308545
6.599999999999941,-3.200000000000024,10002453.199068934
6.79999999999994,-3.200000000000024,10002369.597885048
6.99999999999994,-3.200000000000024,10002285.73774215
7.199999999999939,-3.200000000000024,10002201.823183207
7.399999999999938,-3.200000000000024,10002118.056766642
7.5999999999999375,-3.200000000000024,10002034.637602573
7.799999999999937,-3.200000000000024,10001951.759978795
7.999999999999936,-3.200000000000024,10001869.612086304
8.199999999999935,-3.200000000000024,10001788.374852538
8.399999999999935,-3.200000000000024,10001708.220888857
8.599999999999934,-3.200000000000024,10001629.313557263
8.799999999999933,-3.200000000000024,10001551.806159714
8.999999999999932,-3.200000000000024,10001475.841251887
9.199999999999932,-3.200000000000024,10001401.550081782
9.399999999999931,-3.200000000000024,10001329.052152125
9.59999999999993,-3.200000000000024,10001258.454904273
9.79999999999993,-3.200000000000024,10001189.853520066
-10.0,-3.000000000000025,10003571.359787714
-9.8,-3.000000000000025,10003695.391650746
-9.600000000000001,-3.000000000000025,10003816.150818044
-9.400000000000002,-3.000000000000025,10003933.13552249
-9.200000000000003,-3.000000000000025,10004045.865516977
-9.000000000000004,-3.000000000000025,10004153.887056194
-8.800000000000004,-3.000000000000025,10004256.77763324
-8.600000000000005,-3.000000000000025,10004354.150396151
-8.400000000000006,-3.000000000000025,10004445.658173442
-8.200000000000006,-3.000000000000025,10004530.997043159
-8.000000000000007,-3.000000000000025,10004609.909386659
-7.800000000000008,-3.000000000000025,10004682.186376397
-7.6000000000000085,-3.000000000000025,10004747.669855984
-7.400000000000009,-3.000000000000025,10004806.253580779
-7.20000000000001,-3.000000000000025,10004857.883797923
-7.000000000000011,-3.000000000000025,10004902.559155805
-6.800000000000011,-3.000000000000025,10004940.329944273
-6.600000000000012,-3.000000000000025,10004971.296678307
-6.400000000000013,-3.000000000000025,10004995.608048795
-6.2000000000000135,-3.000000000000025,10005013.458274797
-6.000000000000014,-3.000000000000025,10005025.083901457
-5.800000000000015,-3.000000000000025,10005030.7600967
-5.600000000000016,-3.000000000000025,10005030.79650779
-5.400000000000016,-3.000000000000025,10005025.532745365
-5.200000000000017,-3.000000000000025,10005015.333567932
-5.000000000000018,-3.000000000000025,10005000.583843581
-4.8000000000000185,-3.000000000000025,10004981.683367956
-4.600000000000019,-3.000000000000025,10004959.04161844
-4.40000000000002,-3.000000000000025,10004933.07252369
-4.200000000000021,-3.000000000000025,10004904.18932561
-4.000000000000021,-3.000000000000025,10004872.799607301
-3.800000000000022,-3.000000000000025,10004839.300555838
-3.6000000000000227,-3.000000000000025,10004804.074522765
-3.4000000000000234,-3.000000000000025,10004767.484938562
-3.200000000000024,-3.000000000000025,10004729.872629607
-3.000000000000025,-3.000000000000025,10004691.552578062
-2.8000000000000256,-3.000000000000025,10004652.81115657
-2.6000000000000263,-3.000000000000025,10004613.903860724
-2.400000000000027,-3.000000000000025,10004575.053553678
-2.2000000000000277,-3.000000000000025,10004536.449228339
-2.0000000000000284,-3.000000000000025,10004498.245284416
-1.8000000000000291,-3.000000000000025,10004460.561309572
-1.6000000000000298,-3.000000000000025,10004423.48234667
-1.4000000000000306,-3.000000000000025,10004387.059622366
-1.2000000000000313,-3.000000000000025,10004351.311706567
-1.000000000000032,-3.000000000000025,10004316.226067087
-0.8000000000000327,-3.000000000000025,10004281.760979842
-0.6000000000000334,-3.000000000000025,10004247.847751498
-0.4000000000000341,-3.000000000000025,10004214.393209264
-0.20000000000003482,-3.000000000000025,10004181.282410968
-3.552713678800501e-14,-3.000000000000025,10004148.381527904
0.19999999999996376,-3.000000000000025,10004115.540853066
0.39999999999996305,-3.000000000000025,10004082.59788831
0.5999999999999623,-3.000000000000025,10004049.380465413
0.7999999999999616,-3.000000000000025,10004015.70985819
0.9999999999999609,-3.000000000000025,10003981.403845295
1.1999999999999602,-3.000000000000025,10003946.27968651
1.3999999999999595,-3.000000000000025,10003910.156978462
1.5999999999999588,-3.000000000000025,10003872.860359462
1.799999999999958,-3.000000000000025,10003834.222036794
1.9999999999999574,-3.000000000000025,10003794.084113702
2.1999999999999567,-3.000000000000025,10003752.3006972
2.399999999999956,-3.000000000000025,10003708.73977168
2.5999999999999552,-3.000000000000025,10003663.284827108
2.7999999999999545,-3.000000000000025,10003615.836234242
2.999999999999954,-3.000000000000025,10003566.312362855
3.199999999999953,-3.000000000000025,10003514.650442204
3.3999999999999524,-3.000000000000025,10003460.80716617
3.5999999999999517,-3.000000000000025,10003404.759048287
3.799999999999951,-3.000000000000025,10003346.502534514
3.9999999999999503,-3.000000000000025,10003286.053884039
4.1999999999999496,-3.000000000000025,10003223.44883033
4.399999999999949,-3.000000000000025,10003158.742036685
4.599999999999948,-3.000000000000025,10003092.006361868
4.799999999999947,-3.000000000000025,10003023.331952894
4.999999999999947,-3.000000000000025,10002952.825182945
5.199999999999946,-3.000000000000025,10002880.607453221
5.399999999999945,-3.000000000000025,10002806.813878017
5.599999999999945,-3.000000000000025,10002731.591872709
5.799999999999944,-3.000000000000025,10002655.099664275
5.999999999999943,-3.000000000000025,10002577.504743908
6.1999999999999424,-3.000000000000025,10002498.982280947
6.399999999999942,-3.000000000000025,10002419.713516733
6.599999999999941,-3.000000000000025,10002339.884156369
6.79999999999994,-3.000000000000025,10002259.682775436
6.99999999999994,-3.000000000000025,10002179.299257757
7.199999999999939,-3.000000000000025,10002098.923279075
7.399999999999938,-3.000000000000025,10002018.742850382
7.5999999999999375,-3.000000000000025,10001938.942933155
7.799999999999937,-3.000000000000025,10001859.704137472
7.999999999999936,-3.000000000000025,10001781.201512428
8.199999999999935,-3.000000000000025,10001703.603436807
8.399999999999935,-3.000000000000025,10001627.070616433
8.599999999999934,-3.000000000000025,10001551.755193138
8.799999999999933,-3.000000000000025,10001477.799968714
8.999999999999932,-3.000000000000025,10001405.337745914
9.199999999999932,-3.000000000000025,10001334.490786962
9.399999999999931,-3.000000000000025,10001265.37038887
9.59999999999993,-3.000000000000025,10001198.076573536
9.79999999999993,-3.000000000000025,10001132.697889403
-10.0,-2.8000000000000256,10003584.66232205
-9.8,-2.8000000000000256,10003708.899049053
-9.600000000000001,-2.8000000000000256,10003829.810801707
-9.400000000000002,-2.8000000000000256,10003946.890022539
-9.200000000000003,-2.8000000000000256,10004059.650506161
-9.000000000000004,-2.8000000000000256,10004167.63240044
-8.800000000000004,-2.8000000000000256,10004270.406964812
-8.600000000000005,-2.8000000000000256,10004367.581011027
-8.400000000000006,-2.8000000000000256,10004458.800955582
-8.200000000000006,-2.8000000000000256,10004543.756418483
-8.000000000000007,-2.8000000000000256,10004622.18330974
-7.800000000000008,-2.8000000000000256,10004693.866352962
-7.6000000000000085,-2.8000000000000256,10004758.641004486
-7.400000000000009,-2.8000000000000256,10004816.394736346
-7.20000000000001,-2.8000000000000256,10004867.06766199
-7.000000000000011,-2.8000000000000256,10004910.652494762
-6.800000000000011,-2.8000000000000256,10004947.19384037
-6.600000000000012,-2.8000000000000256,10004976.786835816
-6.400000000000013,-2.8000000000000256,10004999.575158287
-6.2000000000000135,-2.8000000000000256,10005015.74843801
-6.000000000000014,-2.8000000000000256,10005025.539118787
-5.800000000000015,-2.8000000000000256,10005029.21881888
-5.600000000000016,-2.8000000000000256,10005027.094252681
-5.400000000000016,-2.8000000000000256,10005019.502780112
-5.200000000000017,-2.8000000000000256,10005006.807655895
-5.000000000000018,-2.8000000000000256,10004989.39305466
-4.8000000000000185,-2.8000000000000256,10004967.658949954
-4.600000000000019,-2.8000000000000256,10004942.015926123
-4.40000000000002,-2.8000000000000256,10004912.880001191
-4.200000000000021,-2.8000000000000256,10004880.667536803
-4.000000000000021,-2.8000000000000256,10004845.790307676
-3.800000000000022,-2.8000000000000256,10004808.65079842
-3.6000000000000227,-2.8000000000000256,10004769.637789628
-3.4000000000000234,-2.8000000000000256,10004729.122288594
-3.200000000000024,-2.8000000000000256,10004687.4538523
-3.000000000000025,-2.8000000000000256,10004644.957342435
-2.8000000000000256,-2.8000000000000256,10004601.930143697
-2.6000000000000263,-2.8000000000000256,10004558.63986794
-2.400000000000027,-2.8000000000000256,10004515.322558189
-2.2000000000000277,-2.8000000000000256,10004472.181397885
-2.0000000000000284,-2.8000000000000256,10004429.385922749
-1.8000000000000291,-2.8000000000000256,10004387.0717247
-1.6000000000000298,-2.8000000000000256,10004345.340630319
-1.4000000000000306,-2.8000000000000256,10004304.261329785
-1.2000000000000313,-2.8000000000000256,10004263.87042657
-1.000000000000032,-2.8000000000000256,10004224.173873315
-0.8000000000000327,-2.8000000000000256,10004185.148755329
-0.6000000000000334,-2.8000000000000256,10004146.745379979
-0.4000000000000341,-2.8000000000000256,10004108.889628137
-0.20000000000003482,-2.8000000000000256,10004071.48552226
-3.552713678800501e-14,-2.8000000000000256,10004034.41796534
0.19999999999996376,-2.8000000000000256,10003997.555604896
0.39999999999996305,-2.8000000000000256,10003960.753777355
0.5999999999999623,-2.8000000000000256,10003923.857489344
0.7999999999999616,-2.8000000000000256,10003886.704394827
0.9999999999999609,-2.8000000000000256,10003849.12772925
1.1999999999999602,-2.8000000000000256,10003810.959164986
1.3999999999999595,-2.8000000000000256,10003772.031555474
1.5999999999999588,-2.8000000000000256,10003732.181538928
1.799999999999958,-2.8000000000000256,10003691.251976162
1.9999999999999574,-2.8000000000000256,10003649.094200632
2.1999999999999567,-2.8000000000000256,10003605.570062645
2.399999999999956,-2.8000000000000256,10003560.553753274
2.5999999999999552,-2.8000000000000256,10003513.933397176
2.7999999999999545,-2.8000000000000256,10003465.612406943
2.999999999999954,-2.8000000000000256,10003415.51059495
3.199999999999953,-2.8000000000000256,10003363.56504182
3.3999999999999524,-2.8000000000000256,10003309.730723513
3.5999999999999517,-2.8000000000000256,10003253.980901757
3.799999999999951,-2.8000000000000256,10003196.307285035
3.9999999999999503,-2.8000000000000256,10003136.719969505
4.1999999999999496,-2.8000000000000256,10003075.24717124
4.399999999999949,-2.8000000000000256,10003011.934762886
4.599999999999948,-2.8000000000000256,10002946.845629273
4.799999999999947,-2.8000000000000256,10002880.058857823
4.999999999999947,-2.8000000000000256,10002811.66878044
5.199999999999946,-2.8000000000000256,10002741.783884516
5.399999999999945,-2.8000000000000256,10002670.52561095
5.599999999999945,-2.8000000000000256,10002598.027057687
5.799999999999944,-2.8000000000000256,10002524.431607062
5.999999999999943,-2.8000000000000256,10002449.891495422
6.1999999999999424,-2.8000000000000256,10002374.566342933
6.399999999999942,-2.8000000000000256,10002298.621661259
6.599999999999941,-2.8000000000000256,10002222.227355959
6.79999999999994,-2.8000000000000256,10002145.556239795
6.99999999999994,-2.8000000000000256,10002068.782572173
7.199999999999939,-2.8000000000000256,10001992.080638876
7.399999999999938,-2.8000000000000256,10001915.623385152
7.5999999999999375,-2.8000000000000256,10001839.581113933
7.799999999999937,-2.8000000000000256,10001764.120259658
7.999999999999936,-2.8000000000000256,10001689.40224687
8.199999999999935,-2.8000000000000256,10001615.582441228
8.399999999999935,-2.8000000000000256,10001542.809199307
8.599999999999934,-2.8000000000000256,10001471.223021999
8.799999999999933,-2.8000000000000256,10001400.955815032
8.999999999999932,-2.8000000000000256,10001332.130258653
9.199999999999932,-2.8000000000000256,10001264.859287271
9.399999999999931,-2.8000000000000256,10001199.245678548
9.59999999999993,-2.8000000000000256,10001135.381750217
9.79999999999993,-2.8000000000000256,10001073.349161863
-10.0,-2.6000000000000263,10003592.160957268
-9.8,-2.6000000000000263,10003716.438364174
-9.600000000000001,-2.6000000000000263,10003837.348304179
-9.400000000000002,-2.6000000000000263,10003954.37838906
-9.200000000000003,-2.6000000000000263,10004067.037352651
-9.000000000000004,-2.6000000000000263,10004174.860060036
-8.800000000000004,-2.6000000000000263,10004277.412276857
-8.600000000000005,-2.6000000000000263,10004374.295124266
-8.400000000000006,-2.6000000000000263,10004465.149149144
-8.200000000000006,-2.6000000000000263,10004549.657944564
-8.000000000000007,-2.6000000000000263,10004627.551262181
-7.800000000000008,-2.6000000000000263,10004698.607566232
-7.6000000000000085,-2.6000000000000263,10004762.655987721
-7.400000000000009,-2.6000000000000263,10004819.577647349
-7.20000000000001,-2.6000000000000263,10004869.30632616
-7.000000000000011,-2.6000000000000263,10004911.828473894
-6.800000000000011,-2.6000000000000263,10004947.18255625
-6.600000000000012,-2.6000000000000263,10004975.457753325
-6.400000000000013,-2.6000000000000263,10004996.792032495
-6.2000000000000135,-2.6000000000000263,10005011.369629206
-6.000000000000014,-2.6000000000000263,10005019.417979065
-5.800000000000015,-2.6000000000000263,10005021.20415311
-5.600000000000016,-2.6000000000000263,10005017.030856
-5.400000000000016,-2.6000000000000263,10005007.23205322
-5.200000000000017,-2.6000000000000263,10004992.168298451
-5.000000000000018,-2.6000000000000263,10004972.221836003
-4.8000000000000185,-2.6000000000000263,10004947.791555276
-4.600000000000019,-2.6000000000000263,10004919.287874982
-4.40000000000002,-2.6000000000000263,10004887.127634045
-4.200000000000021,-2.6000000000000263,10004851.729063952
-4.000000000000021,-2.6000000000000263,10004813.506913811
-3.800000000000022,-2.6000000000000263,10004772.867794616
-3.6000000000000227,-2.6000000000000263,10004730.20580368
-3.4000000000000234,-2.6000000000000263,10004685.898483207
-3.200000000000024,-2.6000000000000263,10004640.303159934
-3.000000000000025,-2.6000000000000263,10004593.753704567
-2.8000000000000256,-2.6000000000000263,10004546.557741638
-2.6000000000000263,-2.6000000000000263,10004498.994331805
-2.400000000000027,-2.6000000000000263,10004451.31214021
-2.2000000000000277,-2.6000000000000263,10004403.72809625
-2.0000000000000284,-2.6000000000000263,10004356.42654201
-1.8000000000000291,-2.6000000000000263,10004309.558859294
-1.6000000000000298,-2.6000000000000263,10004263.243558079
-1.4000000000000306,-2.6000000000000263,10004217.566803101
-1.2000000000000313,-2.6000000000000263,10004172.583349807
-1.000000000000032,-2.6000000000000263,10004128.317856116
-0.8000000000000327,-2.6000000000000263,10004084.766532809
-0.6000000000000334,-2.6000000000000263,10004041.899092255
-0.4000000000000341,-2.6000000000000263,10003999.660953145
-0.20000000000003482,-2.6000000000000263,10003957.975657629
-3.552713678800501e-14,-2.6000000000000263,10003916.74745674
0.19999999999996376,-2.6000000000000263,10003875.864020245
0.39999999999996305,-2.6000000000000263,10003835.19922796
0.5999999999999623,-2.6000000000000263,10003794.616001043
0.7999999999999616,-2.6000000000000263,10003753.969133891
0.9999999999999609,-2.6000000000000263,10003713.108089587
1.1999999999999602,-2.6000000000000263,10003671.87972483
1.3999999999999595,-2.6000000000000263,10003630.130913215
1.5999999999999588,-2.6000000000000263,10003587.711039143
1.799999999999958,-2.6000000000000263,10003544.4743381
1.9999999999999574,-2.6000000000000263,10003500.28206244
2.1999999999999567,-2.6000000000000263,10003455.004455414
2.399999999999956,-2.6000000000000263,10003408.522519689
2.5999999999999552,-2.6000000000000263,10003360.729569893
2.7999999999999545,-2.6000000000000263,10003311.53256209
2.999999999999954,-2.6000000000000263,10003260.853196125
3.199999999999953,-2.6000000000000263,10003208.628789805
3.3999999999999524,-2.6000000000000263,10003154.812926495
3.5999999999999517,-2.6000000000000263,10003099.375880335
3.799999999999951,-2.6000000000000263,10003042.30482554
3.9999999999999503,-2.6000000000000263,10002983.603838295
4.1999999999999496,-2.6000000000000263,10002923.293701643
4.399999999999949,-2.6000000000000263,10002861.41152536
4.599999999999948,-2.6000000000000263,10002798.010194123
4.799999999999947,-2.6000000000000263,10002733.15765857
4.999999999999947,-2.6000000000000263,10002666.936084663
5.199999999999946,-2.6000000000000263,10002599.44087753
5.399999999999945,-2.6000000000000263,10002530.77959649
5.599999999999945,-2.6000000000000263,10002461.070778279
5.799999999999944,-2.6000000000000263,10002390.442685554
5.999999999999943,-2.6000000000000263,10002319.031997828
6.1999999999999424,-2.6000000000000263,10002246.982461555
6.399999999999942,-2.6000000000000263,10002174.443515899
6.599999999999941,-2.6000000000000263,10002101.568909988
6.79999999999994,-2.6000000000000263,10002028.515326882
6.99999999999994,-2.6000000000000263,10001955.441028567
7.199999999999939,-2.6000000000000263,10001882.50453544
7.399999999999938,-2.6000000000000263,10001809.86335262
7.5999999999999375,-2.6000000000000263,10001737.672754306
7.799999999999937,-2.6000000000000263,10001666.084636316
7.999999999999936,-2.6000000000000263,10001595.24644544
8.199999999999935,-2.6000000000000263,10001525.300193215
8.399999999999935,-2.6000000000000263,10001456.38156024
8.599999999999934,-2.6000000000000263,10001388.61909582
8.799999999999933,-2.6000000000000263,10001322.13351652
8.999999999999932,-2.6000000000000263,10001257.037105825
9.199999999999932,-2.6000000000000263,10001193.433215842
9.399999999999931,-2.6000000000000263,10001131.415870894
9.59999999999993,-2.6000000000000263,10001071.06947155
9.79999999999993,-2.6000000000000263,10001012.46859675
-10.0,-2.400000000000027,10003593.908606505
-9.8,-2.400000000000027,10003718.071328707
-9.600000000000001,-2.400000000000027,10003838.834759045
-9.400000000000002,-2.400000000000027,10003955.682686057
-9.200000000000003,-2.400000000000027,10004068.119727403
-9.000000000000004,-2.400000000000027,10004175.676335525
-8.800000000000004,-2.400000000000027,10004277.913566772
-8.600000000000005,-2.400000000000027,10004374.427540202
-8.400000000000006,-2.400000000000027,10004464.853516115
-8.200000000000006,-2.400000000000027,10004548.869529786
-8.000000000000007,-2.400000000000027,10004626.199522585
-7.800000000000008,-2.400000000000027,10004696.615920497
-7.6000000000000085,-2.400000000000027,10004759.941619042
-7.400000000000009,-2.400000000000027,10004816.051343316
-7.20000000000001,-2.400000000000027,10004864.872362388
-7.000000000000011,-2.400000000000027,10004906.384548035
-6.800000000000011,-2.400000000000027,10004940.619778987
-6.600000000000012,-2.400000000000027,10004967.660702774
-6.400000000000013,-2.400000000000027,10004987.638878046
-6.2000000000000135,-2.400000000000027,10005000.732330509
-6.000000000000014,-2.400000000000027,10005007.162565066
-5.800000000000015,-2.400000000000027,10005007.19108549
-5.600000000000016,-2.400000000000027,10005001.115480306
-5.400000000000016,-2.400000000000027,10004989.265140057
-5.200000000000017,-2.400000000000027,10004971.996675925
-5.000000000000018,-2.400000000000027,10004949.689113349
-4.8000000000000185,-2.400000000000027,10004922.73893626
-4.600000000000019,-2.400000000000027,10004891.555058278
-4.40000000000002,-2.400000000000027,10004856.553796334
-4.200000000000021,-2.400000000000027,10004818.153919965
-4.000000000000021,-2.400000000000027,10004776.771846155
-3.800000000000022,-2.400000000000027,10004732.817044761
-3.6000000000000227,-2.400000000000027,10004686.687714089
-3.4000000000000234,-2.400000000000027,10004638.766779397
-3.200000000000024,-2.400000000000027,10004589.418260062
-3.000000000000025,-2.400000000000027,10004538.984043166
-2.8000000000000256,-2.400000000000027,10004487.781093309
-2.6000000000000263,-2.400000000000027,10004436.099120025
-2.400000000000027,-2.400000000000027,10004384.198716085
-2.2000000000000277,-2.400000000000027,10004332.309971707
-2.0000000000000284,-2.400000000000027,10004280.631562164
-1.8000000000000291,-2.400000000000027,10004229.330298863
-1.6000000000000298,-2.400000000000027,10004178.541127326
-1.4000000000000306,-2.400000000000027,10004128.36754957
-1.2000000000000313,-2.400000000000027,10004078.882443046
-1.000000000000032,-2.400000000000027,10004030.129243877
-0.8000000000000327,-2.400000000000027,10003982.123458557
-0.6000000000000334,-2.400000000000027,10003934.854465406
-0.4000000000000341,-2.400000000000027,10003888.287565218
-0.20000000000003482,-2.400000000000027,10003842.36623926
-3.552713678800501e-14,-2.400000000000027,10003797.014572516
0.19999999999996376,-2.400000000000027,10003752.139800206
0.39999999999996305,-2.400000000000027,10003707.63493671
0.5999999999999623,-2.400000000000027,10003663.381447328
0.7999999999999616,-2.400000000000027,10003619.251925454
0.9999999999999609,-2.400000000000027,10003575.112740021
1.1999999999999602,-2.400000000000027,10003530.826620843
1.3999999999999595,-2.400000000000027,10003486.255152375
1.5999999999999588,-2.400000000000027,10003441.261149684
1.799999999999958,-2.400000000000027,10003395.710893542
1.9999999999999574,-2.400000000000027,10003349.476204999
2.1999999999999567,-2.400000000000027,10003302.436343009
2.399999999999956,-2.400000000000027,10003254.479711978
2.5999999999999552,-2.400000000000027,10003205.505369317
2.7999999999999545,-2.400000000000027,10003155.424326055
2.999999999999954,-2.400000000000027,10003104.160636507
3.199999999999953,-2.400000000000027,10003051.65227573
3.3999999999999524,-2.400000000000027,10002997.851805963
3.5999999999999517,-2.400000000000027,10002942.72683568
3.799999999999951,-2.400000000000027,10002886.260276904
3.9999999999999503,-2.400000000000027,10002828.450408451
4.1999999999999496,-2.400000000000027,10002769.310754389
4.399999999999949,-2.400000000000027,10002708.86978854
4.599999999999948,-2.400000000000027,10002647.170477154
4.799999999999947,-2.400000000000027,10002584.26967291
4.999999999999947,-2.400000000000027,10002520.237374367
5.199999999999946,-2.400000000000027,10002455.155865582
5.399999999999945,-2.400000000000027,10002389.118751237
5.599999999999945,-2.400000000000027,10002322.229902836
5.799999999999944,-2.400000000000027,10002254.60233176
5.999999999999943,-2.400000000000027,10002186.357004905
6.1999999999999424,-2.400000000000027,10002117.621618507
6.399999999999942,-2.400000000000027,10002048.529345347
6.599999999999941,-2.400000000000027,10001979.217570186
6.79999999999994,-2.400000000000027,10001909.826627547
6.99999999999994,-2.400000000000027,10001840.498555353
7.199999999999939,-2.400000000000027,10001771.375876982
7.399999999999938,-2.400000000000027,10001702.600423504
7.5999999999999375,-2.400000000000027,10001634.312206708
7.799999999999937,-2.400000000000027,10001566.64835253
7.999999999999936,-2.400000000000027,10001499.742103314
8.199999999999935,-2.400000000000027,10001433.721896125
8.399999999999935,-2.400000000000027,10001368.710523173
8.599999999999934,-2.400000000000027,10001304.824379109
8.799999999999933,-2.400000000000027,10001242.172798783
8.999999999999932,-2.400000000000027,10001180.857487801
9.199999999999932,-2.400000000000027,10001120.972047105
9.399999999999931,-2.400000000000027,10001062.60159158
9.59999999999993,-2.400000000000027,10001005.822461722
9.79999999999993,-2.400000000000027,10000950.70202634
-10.0,-2.2000000000000277,10003589.98547677
-9.8,-2.2000000000000277,10003713.88743518
-9.600000000000001,-2.2000000000000277,10003834.369737031
-9.400000000000002,-2.2000000000000277,10003950.91339559
-9.200000000000003,-2.2000000000000277,10004063.01989705
-9.000000000000004,-2.2000000000000277,10004170.216190657
-8.800000000000004,-2.2000000000000277,10004272.05944633
-8.600000000000005,-2.2000000000000277,10004368.141506577
-8.400000000000006,-2.2000000000000277,10004458.092963558
-8.200000000000006,-2.2000000000000277,10004541.586797357
-8.000000000000007,-2.2000000000000277,10004618.341518281
-7.800000000000008,-2.2000000000000277,10004688.12376372
-7.6000000000000085,-2.2000000000000277,10004750.75030905
-7.400000000000009,-2.2000000000000277,10004806.089461649
-7.20000000000001,-2.2000000000000277,10004854.061817463
-7.000000000000011,-2.2000000000000277,10004894.640370298
-6.800000000000011,-2.2000000000000277,10004927.849974861
-6.600000000000012,-2.2000000000000277,10004953.766175546
-6.400000000000013,-2.2000000000000277,10004972.51342339
-6.2000000000000135,-2.2000000000000277,10004984.262713913
-6.000000000000014,-2.2000000000000277,10004989.22868763
-5.800000000000015,-2.2000000000000277,10004987.666243749
-5.600000000000016,-2.2000000000000277,10004979.866724724
-5.400000000000016,-2.2000000000000277,10004966.153735597
-5.200000000000017,-2.2000000000000277,10004946.878666803
-5.000000000000018,-2.2000000000000277,10004922.415992675
-4.8000000000000185,-2.2000000000000277,10004893.158419672
-4.600000000000019,-2.2000000000000277,10004859.511959089
-4.40000000000002,-2.2000000000000277,10004821.890998032
-4.200000000000021,-2.2000000000000277,10004780.713440267
-4.000000000000021,-2.2000000000000277,10004736.395985058
-3.800000000000022,-2.2000000000000277,10004689.349607546
-3.6000000000000227,-2.2000000000000277,10004639.975298507
-3.4000000000000234,-2.2000000000000277,10004588.660115033
-3.200000000000024,-2.2000000000000277,10004535.773586402
-3.000000000000025,-2.2000000000000277,10004481.664511885
-2.8000000000000256,-2.2000000000000277,10004426.658179305
-2.6000000000000263,-2.2000000000000277,10004371.054025043
-2.400000000000027,-2.2000000000000277,10004315.12374826
-2.2000000000000277,-2.2000000000000277,10004259.109884223
-2.0000000000000284,-2.2000000000000277,10004203.224834139
-1.8000000000000291,-2.2000000000000277,10004147.65034195
-1.6000000000000298,-2.2000000000000277,10004092.537402106
-1.4000000000000306,-2.2000000000000277,10004038.006576575
-1.2000000000000313,-2.2000000000000277,10003984.148694338
-1.000000000000032,-2.2000000000000277,10003931.025902463
-0.8000000000000327,-2.2000000000000277,10003878.673034376
-0.6000000000000334,-2.2000000000000277,10003827.099258326
-0.4000000000000341,-2.2000000000000277,10003776.289967353
-0.20000000000003482,-2.2000000000000277,10003726.208870906
-3.552713678800501e-14,-2.2000000000000277,10003676.800248004
0.19999999999996376,-2.2000000000000277,10003627.991322204
0.39999999999996305,-2.2000000000000277,10003579.694719514
0.5999999999999623,-2.2000000000000277,10003531.810971923
0.7999999999999616,-2.2000000000000277,10003484.231031144
0.9999999999999609,-2.2000000000000277,10003436.838759415
1.1999999999999602,-2.2000000000000277,10003389.513366861
1.3999999999999595,-2.2000000000000277,10003342.131767718
1.5999999999999588,-2.2000000000000277,10003294.570830654
1.799999999999958,-2.2000000000000277,10003246.709501615
1.9999999999999574,-2.2000000000000277,10003198.43078057
2.1999999999999567,-2.2000000000000277,10003149.62353678
2.399999999999956,-2.2000000000000277,10003100.184150126
2.5999999999999552,-2.2000000000000277,10003050.017969005
2.7999999999999545,-2.2000000000000277,10002999.040578194
2.999999999999954,-2.2000000000000277,10002947.178872602
3.199999999999953,-2.2000000000000277,10002894.371935446
3.3999999999999524,-2.2000000000000277,10002840.57172167
3.5999999999999517,-2.2000000000000277,10002785.74354956
3.799999999999951,-2.2000000000000277,10002729.866405424
3.9999999999999503,-2.2000000000000277,10002672.933068067
4.1999999999999496,-2.2000000000000277,10002614.950061202
4.399999999999949,-2.2000000000000277,10002555.937443448
4.599999999999948,-2.2000000000000277,10002495.928446718
4.799999999999947,-2.2000000000000277,10002434.96897476
4.999999999999947,-2.2000000000000277,10002373.116974525
5.199999999999946,-2.2000000000000277,10002310.441693705
5.399999999999945,-2.2000000000000277,10002247.022838194
5.599999999999945,-2.2000000000000277,10002182.949643685
5.799999999999944,-2.2000000000000277,10002118.319875734
5.999999999999943,-2.2000000000000277,10002053.238772664
6.1999999999999424,-2.2000000000000277,10001987.817945596
6.399999999999942,-2.2000000000000277,10001922.174249643
6.599999999999941,-2.2000000000000277,10001856.428639902
6.79999999999994,-2.2000000000000277,10001790.705025414
6.99999999999994,-2.2000000000000277,10001725.129133618
7.199999999999939,-2.2000000000000277,10001659.827397121
7.399999999999938,-2.2000000000000277,10001594.925873779
7.5999999999999375,-2.2000000000000277,10001530.54921015
7.799999999999937,-2.2000000000000277,10001466.819657506
7.999999999999936,-2.2000000000000277,10001403.856148401
8.199999999999935,-2.2000000000000277,10001341.773440862
8.399999999999935,-2.2000000000000277,10001280.681336066
8.599999999999934,-2.2000000000000277,10001220.683974242
8.799999999999933,-2.2000000000000277,10001161.87921248
8.999999999999932,-2.2000000000000277,10001104.358086893
9.199999999999932,-2.2000000000000277,10001048.204360578
9.399999999999931,-2.2000000000000277,10000993.494157733
9.59999999999993,-2.2000000000000277,10000940.29568322
9.79999999999993,-2.2000000000000277,10000888.669026071
-10.0,-2.0000000000000284,10003580.497684982
-9.8,-2.0000000000000284,10003704.002403332
-9.600000000000001,-2.0000000000000284,10003824.079252243
-9.400000000000002,-2.0000000000000284,10003940.207550164
-9.200000000000003,-2.0000000000000284,10004051.886668848
-9.000000000000004,-2.0000000000000284,10004158.640995841
-8.800000000000004,-2.0000000000000284,10004260.024668928
-8.600000000000005,-2.0000000000000284,10004355.62601031
-8.400000000000006,-2.0000000000000284,10004445.071592113
-8.200000000000006,-2.0000000000000284,10004528.029870197
-8.000000000000007,-2.0000000000000284,10004604.214329818
-7.800000000000008,-2.0000000000000284,10004673.386094343
-7.6000000000000085,-2.0000000000000284,10004735.355957095
-7.400000000000009,-2.0000000000000284,10004789.985805845
-7.20000000000001,-2.0000000000000284,10004837.189419711
-7.000000000000011,-2.0000000000000284,10004876.932628764
-6.800000000000011,-2.0000000000000284,10004909.232837401
-6.600000000000012,-2.0000000000000284,10004934.157923225
-6.400000000000013,-2.0000000000000284,10004951.82453354
-6.2000000000000135,-2.0000000000000284,10004962.395811474
-6.000000000000014,-2.0000000000000284,10004966.078592867
-5.800000000000015,-2.0000000000000284,10004963.120123368
-5.600000000000016,-2.0000000000000284,10004953.804352265
-5.400000000000016,-2.0000000000000284,10004938.44786567
-5.200000000000017,-2.0000000000000284,10004917.395526249
-5.000000000000018,-2.0000000000000284,10004891.015890036
-4.8000000000000185,-2.0000000000000284,10004859.696472708
-4.600000000000019,-2.0000000000000284,10004823.8389382
-4.40000000000002,-2.0000000000000284,10004783.854281608
-4.200000000000021,-2.0000000000000284,10004740.158076053
-4.000000000000021,-2.0000000000000284,10004693.165849822
-3.800000000000022,-2.0000000000000284,10004643.288655423
-3.6000000000000227,-2.0000000000000284,10004590.928886792
-3.4000000000000234,-2.0000000000000284,10004536.476394443
-3.200000000000024,-2.0000000000000284,10004480.304941485
-3.000000000000025,-2.0000000000000284,10004422.769035986
-2.8000000000000256,-2.0000000000000284,10004364.201167382
-2.6000000000000263,-2.0000000000000284,10004304.90946693
-2.400000000000027,-2.0000000000000284,10004245.175804356
-2.2000000000000277,-2.0000000000000284,10004185.25432533
-2.0000000000000284,-2.0000000000000284,10004125.370427245
-1.8000000000000291,-2.0000000000000284,10004065.72016401
-1.6000000000000298,-2.0000000000000284,10004006.470064476
-1.4000000000000306,-2.0000000000000284,10003947.757343642
-1.2000000000000313,-2.0000000000000284,10003889.69048105
-1.000000000000032,-2.0000000000000284,10003832.350136789
-0.8000000000000327,-2.0000000000000284,10003775.790372388
-0.6000000000000334,-2.0000000000000284,10003720.040141433
-0.4000000000000341,-2.0000000000000284,10003665.10501308
-0.20000000000003482,-2.0000000000000284,10003610.969090857
-3.552713678800501e-14,-2.0000000000000284,10003557.597088745
0.19999999999996376,-2.0000000000000284,10003504.936527096
0.39999999999996305,-2.0000000000000284,10003452.92001181
0.5999999999999623,-2.0000000000000284,10003401.467561698
0.7999999999999616,-2.0000000000000284,10003350.488950798
0.9999999999999609,-2.0000000000000284,10003299.886034634
1.1999999999999602,-2.0000000000000284,10003249.555031864
1.3999999999999595,-2.0000000000000284,10003199.388735479
1.5999999999999588,-2.0000000000000284,10003149.278630413
1.799999999999958,-2.0000000000000284,10003099.116897443
1.9999999999999574,-2.0000000000000284,10003048.79828596
2.1999999999999567,-2.0000000000000284,10002998.22184123
2.399999999999956,-2.0000000000000284,10002947.292474426
2.5999999999999552,-2.0000000000000284,10002895.922366466
2.7999999999999545,-2.0000000000000284,10002844.032199217
2.999999999999954,-2.0000000000000284,10002791.552210104
3.199999999999953,-2.0000000000000284,10002738.423068373
3.3999999999999524,-2.0000000000000284,10002684.5965734
3.5999999999999517,-2.0000000000000284,10002630.036177322
3.799999999999951,-2.0000000000000284,10002574.717336118
3.9999999999999503,-2.0000000000000284,10002518.627694719
4.1999999999999496,-2.0000000000000284,10002461.767113287
4.399999999999949,-2.0000000000000284,10002404.147543006
4.599999999999948,-2.0000000000000284,10002345.792760726
4.799999999999947,-2.0000000000000284,10002286.737972986
4.999999999999947,-2.0000000000000284,10002227.029300436
5.199999999999946,-2.0000000000000284,10002166.723154575
5.399999999999945,-2.0000000000000284,10002105.885519046
5.599999999999945,-2.0000000000000284,10002044.591148201
5.799999999999944,-2.0000000000000284,10001982.922695803
5.999999999999943,-2.0000000000000284,10001920.969786873
6.1999999999999424,-2.0000000000000284,10001858.828045601
6.399999999999942,-2.0000000000000284,10001796.598092154
6.599999999999941,-2.0000000000000284,10001734.38452083
6.79999999999994,-2.0000000000000284,10001672.294871705
6.99999999999994,-2.0000000000000284,10001610.438607363
7.199999999999939,-2.0000000000000284,10001548.926105687
7.399999999999938,-2.0000000000000284,10001487.867679039
7.5999999999999375,-2.0000000000000284,10001427.372629281
7.799999999999937,-2.0000000000000284,10001367.548347356
7.999999999999936,-2.0000000000000284,10001308.499465108
8.199999999999935,-2.0000000000000284,10001250.327066123
8.399999999999935,-2.0000000000000284,10001193.127961364
8.599999999999934,-2.0000000000000284,10001136.994034303
8.799999999999933,-2.0000000000000284,10001082.011659276
8.999999999999932,-2.0000000000000284,10001028.261195673
9.199999999999932,-2.0000000000000284,10000975.816559674
9.399999999999931,-2.0000000000000284,10000924.744874112
9.59999999999993,-2.0000000000000284,10000875.10619624
9.79999999999993,-2.0000000000000284,10000826.953322157
-10.0,-1.8000000000000291,10003565.575794533
-9.8,-1.8000000000000291,10003688.556580273
-9.600000000000001,-1.8000000000000291,10003808.114015808
-9.400000000000002,-1.8000000000000291,10003923.726829208
-9.200000000000003,-1.8000000000000291,10004034.893318973
-9.000000000000004,-1.8000000000000291,10004141.136276633
-8.800000000000004,-1.8000000000000291,10004242.007686295
-8.600000000000005,-1.8000000000000291,10004337.093129968
-8.400000000000006,-1.8000000000000291,10004426.015831329
-8.200000000000006,-1.8000000000000291,10004508.440275852
-8.000000000000007,-1.8000000000000291,10004584.075351786
-7.800000000000008,-1.8000000000000291,10004652.676964028
-7.6000000000000085,-1.8000000000000291,10004714.050081598
-7.400000000000009,-1.8000000000000291,10004768.050188843
-7.20000000000001,-1.8000000000000291,10004814.58412052
-7.000000000000011,-1.8000000000000291,10004853.610271208
-6.800000000000011,-1.8000000000000291,10004885.138180202
-6.600000000000012,-1.8000000000000291,10004909.227503352
-6.400000000000013,-1.8000000000000291,10004925.98639359
-6.2000000000000135,-1.8000000000000291,10004935.569321483
-6.000000000000014,-1.8000000000000291,10004938.1743761
-5.800000000000015,-1.8000000000000291,10004934.040094538
-5.600000000000016,-1.8000000000000291,10004923.44187537
-5.400000000000016,-1.8000000000000291,10004906.688037122
-5.200000000000017,-1.8000000000000291,10004884.115587313
-5.000000000000018,-1.8000000000000291,10004856.085770808
-4.8000000000000185,-1.8000000000000291,10004822.979467934
-4.600000000000019,-1.8000000000000291,10004785.192513192
-4.40000000000002,-1.8000000000000291,10004743.131004453
-4.200000000000021,-1.8000000000000291,10004697.206670249
-4.000000000000021,-1.8000000000000291,10004647.832359351
-3.800000000000022,-1.8000000000000291,10004595.417712307
-3.6000000000000227,-1.8000000000000291,10004540.365069248
-3.4000000000000234,-1.8000000000000291,10004483.065661985
-3.200000000000024,-1.8000000000000291,10004423.896131732
-3.000000000000025,-1.8000000000000291,10004363.215406507
-2.8000000000000256,-1.8000000000000291,10004301.36196483
-2.6000000000000263,-1.8000000000000291,10004238.651504736
-2.400000000000027,-1.8000000000000291,10004175.375029728
-2.2000000000000277,-1.8000000000000291,10004111.797355954
-2.0000000000000284,-1.8000000000000291,10004048.15603808
-1.8000000000000291,-1.8000000000000291,10003984.660704888
-1.6000000000000298,-1.8000000000000291,10003921.492789885
-1.4000000000000306,-1.8000000000000291,10003858.8056369
-1.2000000000000313,-1.8000000000000291,10003796.724956352
-1.000000000000032,-1.8000000000000291,10003735.349604078
-0.8000000000000327,-1.8000000000000291,10003674.752651649
-0.6000000000000334,-1.8000000000000291,10003614.982714986
-0.4000000000000341,-1.8000000000000291,10003556.065506537
-0.20000000000003482,-1.8000000000000291,10003498.005575558
-3.552713678800501e-14,-1.8000000000000291,10003440.788200937
0.19999999999996376,-1.8000000000000291,10003384.381401401
0.39999999999996305,-1.8000000000000291,10003328.738028973
0.5999999999999623,-1.8000000000000291,10003273.797912996
0.7999999999999616,-1.8000000000000291,10003219.49002376
0.9999999999999609,-1.8000000000000291,10003165.734627005
1.1999999999999602,-1.8000000000000291,10003112.445402771
1.3999999999999595,-1.8000000000000291,10003059.531504687
1.5999999999999588,-1.8000000000000291,10003006.899538323
1.799999999999958,-1.8000000000000291,10002954.455439905
1.9999999999999574,-1.8000000000000291,10002902.106239367
2.1999999999999567,-1.8000000000000291,10002849.7616943
2.399999999999956,-1.8000000000000291,10002797.335783863
2.5999999999999552,-1.8000000000000291,10002744.748054255
2.7999999999999545,-1.8000000000000291,10002691.924809514
2.999999999999954,-1.8000000000000291,10002638.800143735
3.199999999999953,-1.8000000000000291,10002585.316812685
3.3999999999999524,-1.8000000000000291,10002531.426944755
3.5999999999999517,-1.8000000000000291,10002477.092592869
3.799999999999951,-1.8000000000000291,10002422.28613058
3.9999999999999503,-1.8000000000000291,10002366.990496932
4.1999999999999496,-1.8000000000000291,10002311.199296026
4.399999999999949,-1.8000000000000291,10002254.916758293
4.599999999999948,-1.8000000000000291,10002198.157571513
4.799999999999947,-1.8000000000000291,10002140.946590496
4.999999999999947,-1.8000000000000291,10002083.318435047
5.199999999999946,-1.8000000000000291,10002025.316986488
5.399999999999945,-1.8000000000000291,10001966.994793527
5.599999999999945,-1.8000000000000291,10001908.41239856
5.799999999999944,-1.8000000000000291,10001849.637595886
5.999999999999943,-1.8000000000000291,10001790.74463335
6.1999999999999424,-1.8000000000000291,10001731.813369025
6.399999999999942,-1.8000000000000291,10001672.928394446
6.599999999999941,-1.8000000000000291,10001614.17813578
6.79999999999994,-1.8000000000000291,10001555.653943902
6.99999999999994,-1.8000000000000291,10001497.449184103
7.199999999999939,-1.8000000000000291,10001439.658335553
7.399999999999938,-1.8000000000000291,10001382.376110153
7.5999999999999375,-1.8000000000000291,10001325.696599642
7.799999999999937,-1.8000000000000291,10001269.71245918
7.999999999999936,-1.8000000000000291,10001214.514134815
8.199999999999935,-1.8000000000000291,10001160.189141318
8.399999999999935,-1.8000000000000291,10001106.821396051
8.599999999999934,-1.8000000000000291,10001054.490613585
8.799999999999933,-1.8000000000000291,10001003.271764796
8.999999999999932,-1.8000000000000291,10000953.234603308
9.199999999999932,-1.8000000000000291,10000904.443261147
9.399999999999931,-1.8000000000000291,10000856.955914546
9.59999999999993,-1.8000000000000291,10000810.824520042
9.79999999999993,-1.8000000000000291,10000766.09462004
-10.0,-1.6000000000000298,10003545.373294076
-9.8,-1.6000000000000298,10003667.713297209
-9.600000000000001,-1.6000000000000298,10003786.64766272
-9.400000000000002,-1.6000000000000298,10003901.655647881
-9.200000000000003,-1.6000000000000298,10004012.235534765
-9.000000000000004,-1.6000000000000298,10004117.909500657
-8.800000000000004,-1.6000000000000298,10004218.228270905
-8.600000000000005,-1.6000000000000298,10004312.775484234
-8.400000000000006,-1.6000000000000298,10004401.171704436
-8.200000000000006,-1.6000000000000298,10004483.078017514
-8.000000000000007,-1.6000000000000298,10004558.199159794
-7.800000000000008,-1.6000000000000298,10004626.28613002
-7.6000000000000085,-1.6000000000000298,10004687.138247015
-7.400000000000009,-1.6000000000000298,10004740.604623592
-7.20000000000001,-1.6000000000000298,10004786.585037384
-7.000000000000011,-1.6000000000000298,10004825.03018936
-6.800000000000011,-1.6000000000000298,10004855.941351058
-6.600000000000012,-1.6000000000000298,10004879.369411986
-6.400000000000013,-1.6000000000000298,10004895.41334835
-6.2000000000000135,-1.6000000000000298,10004904.218143813
-6.000000000000014,-1.6000000000000298,10004905.972201629
-5.800000000000015,-1.6000000000000298,10004900.904295292
-5.600000000000016,-1.6000000000000298,10004889.280111562
-5.400000000000016,-1.6000000000000298,10004871.398445342
-5.200000000000017,-1.6000000000000298,10004847.587110115
-5.000000000000018,-1.6000000000000298,10004818.19863074
-4.8000000000000185,-1.6000000000000298,10004783.605786901
-4.600000000000019,-1.6000000000000298,10004744.19707582
-4.40000000000002,-1.6000000000000298,10004700.372161947
-4.200000000000021,-1.6000000000000298,10004652.537378818
-4.000000000000021,-1.6000000000000298,10004601.10134511
-3.800000000000022,-1.6000000000000298,10004546.47075233
-3.6000000000000227,-1.6000000000000298,10004489.046376342
-3.4000000000000234,-1.6000000000000298,10004429.219358874
-3.200000000000024,-1.6000000000000298,10004367.367798537
-3.000000000000025,-1.6000000000000298,10004303.85368394
-2.8000000000000256,-1.6000000000000298,10004239.020194193
-2.6000000000000263,-1.6000000000000298,10004173.189384934
-2.400000000000027,-1.6000000000000298,10004106.66027072
-2.2000000000000277,-1.6000000000000298,10004039.707307795
-2.0000000000000284,-1.6000000000000298,10003972.579274671
-1.8000000000000291,-1.6000000000000298,10003905.49854185
-1.6000000000000298,-1.6000000000000298,10003838.6607166
-1.4000000000000306,-1.6000000000000298,10003772.23464378
-1.2000000000000313,-1.6000000000000298,10003706.362739585
-1.000000000000032,-1.6000000000000298,10003641.161631733
-0.8000000000000327,-1.6000000000000298,10003576.723076707
-0.6000000000000334,-1.6000000000000298,10003513.115123006
-0.4000000000000341,-1.6000000000000298,10003450.38348774
-0.20000000000003482,-1.6000000000000298,10003388.553113576
-3.552713678800501e-14,-1.6000000000000298,10003327.629872805
0.19999999999996376,-1.6000000000000298,10003267.602385951
0.39999999999996305,-1.6000000000000298,10003208.4439233
0.5999999999999623,-1.6000000000000298,10003150.114359112
0.7999999999999616,-1.6000000000000298,10003092.562150039
0.9999999999999609,-1.6000000000000298,10003035.726311292
1.1999999999999602,-1.6000000000000298,10002979.538366234
1.3999999999999595,-1.6000000000000298,10002923.924247473
1.5999999999999588,-1.6000000000000298,10002868.806129882
1.799999999999958,-1.6000000000000298,10002814.104178445
1.9999999999999574,-1.6000000000000298,10002759.738196153
2.1999999999999567,-1.6000000000000298,10002705.629159672
2.399999999999956,-1.6000000000000298,10002651.700632593
2.5999999999999552,-1.6000000000000298,10002597.880048396
2.7999999999999545,-1.6000000000000298,10002544.099857206
2.999999999999954,-1.6000000000000298,10002490.298532367
3.199999999999953,-1.6000000000000298,10002436.421434628
3.3999999999999524,-1.6000000000000298,10002382.421533376
3.5999999999999517,-1.6000000000000298,10002328.259985838
3.799999999999951,-1.6000000000000298,10002273.906576583
3.9999999999999503,-1.6000000000000298,10002219.340020845
4.1999999999999496,-1.6000000000000298,10002164.548136387
4.399999999999949,-1.6000000000000298,10002109.527889544
4.599999999999948,-1.6000000000000298,10002054.285322076
4.799999999999947,-1.6000000000000298,10001998.835366206
4.999999999999947,-1.6000000000000298,10001943.201555956
5.199999999999946,-1.6000000000000298,10001887.415643398
5.399999999999945,-1.6000000000000298,10001831.517129106
5.599999999999945,-1.6000000000000298,10001775.552716311
5.799999999999944,-1.6000000000000298,10001719.575698733
5.999999999999943,-1.6000000000000298,10001663.645292174
6.1999999999999424,-1.6000000000000298,10001607.82592009
6.399999999999942,-1.6000000000000298,10001552.1864634
6.599999999999941,-1.6000000000000298,10001496.79948474
6.79999999999994,-1.6000000000000298,10001441.74043704
6.99999999999994,-1.6000000000000298,10001387.086866265
7.199999999999939,-1.6000000000000298,10001332.917617546
7.399999999999938,-1.6000000000000298,10001279.31205365
7.5999999999999375,-1.6000000000000298,10001226.349294132
7.799999999999937,-1.6000000000000298,10001174.10748286
7.999999999999936,-1.6000000000000298,10001122.66309102
8.199999999999935,-1.6000000000000298,10001072.090261847
8.399999999999935,-1.6000000000000298,10001022.460202653
8.599999999999934,-1.6000000000000298,10000973.84062882
8.799999999999933,-1.6000000000000298,10000926.29526362
8.999999999999932,-1.6000000000000298,10000879.883396856
9.199999999999932,-1.6000000000000298,10000834.659504438
9.399999999999931,-1.6000000000000298,10000790.67293019
9.59999999999993,-1.6000000000000298,10000747.967630355
9.79999999999993,-1.6000000000000298,10000706.581980463
-10.0,-1.4000000000000306,10003520.065035207
-9.8,-1.4000000000000306,10003641.657200776
-9.600000000000001,-1.4000000000000306,10003759.87497134
-9.400000000000002,-1.4000000000000306,10003874.19925912
-9.200000000000003,-1.4000000000000306,10003984.129393514
-9.000000000000004,-1.4000000000000306,10004089.187927108
-8.800000000000004,-1.4000000000000306,10004188.925230028
-8.600000000000005,-1.4000000000000306,10004282.923804116
-8.400000000000006,-1.4000000000000306,10004370.802252203
-8.200000000000006,-1.4000000000000306,10004452.218842857
-8.000000000000007,-1.4000000000000306,10004526.87461739
-7.800000000000008,-1.4000000000000306,10004594.515993183
-7.6000000000000085,-1.4000000000000306,10004654.936825868
-7.400000000000009,-1.4000000000000306,10004707.979901802
-7.20000000000001,-1.4000000000000306,10004753.537842065
-7.000000000000011,-1.4000000000000306,10004791.553409
-6.800000000000011,-1.4000000000000306,10004822.019216504
-6.600000000000012,-1.4000000000000306,10004844.97685518
-6.400000000000013,-1.4000000000000306,10004860.515453184
-6.2000000000000135,-1.4000000000000306,10004868.769702625
-6.000000000000014,-1.4000000000000306,10004869.91738989
-5.800000000000015,-1.4000000000000306,10004864.176475747
-5.600000000000016,-1.4000000000000306,10004851.801777545
-5.400000000000016,-1.4000000000000306,10004833.081311224
-5.200000000000017,-1.4000000000000306,10004808.33235489
-5.000000000000018,-1.4000000000000306,10004777.897298545
-4.8000000000000185,-1.4000000000000306,10004742.13934603
-4.600000000000019,-1.4000000000000306,10004701.438135404
-4.40000000000002,-1.4000000000000306,10004656.185342912
-4.200000000000021,-1.4000000000000306,10004606.780333364
-4.000000000000021,-1.4000000000000306,10004553.625916464
-3.800000000000022,-1.4000000000000306,10004497.124264123
-3.6000000000000227,-1.4000000000000306,10004437.67303873
-3.4000000000000234,-1.4000000000000306,10004375.661776422
-3.200000000000024,-1.4000000000000306,10004311.468563009
-3.000000000000025,-1.4000000000000306,10004245.457033457
-2.8000000000000256,-1.4000000000000306,10004177.973718897
-2.6000000000000263,-1.4000000000000306,10004109.345758175
-2.400000000000027,-1.4000000000000306,10004039.878984125
-2.2000000000000277,-1.4000000000000306,10003969.85638809
-2.0000000000000284,-1.4000000000000306,10003899.536960151
-1.8000000000000291,-1.4000000000000306,10003829.15489669
-1.6000000000000298,-1.4000000000000306,10003758.919161841
-1.4000000000000306,-1.4000000000000306,10003689.013384828
-1.2000000000000313,-1.4000000000000306,10003619.59607141
-1.000000000000032,-1.4000000000000306,10003550.80110451
-0.8000000000000327,-1.4000000000000306,10003482.738506608
-0.6000000000000334,-1.4000000000000306,10003415.495434843
-0.4000000000000341,-1.4000000000000306,10003349.137378579
-0.20000000000003482,-1.4000000000000306,10003283.709528798
-3.552713678800501e-14,-1.4000000000000306,10003219.238288714
0.19999999999996376,-1.4000000000000306,10003155.732895596
0.39999999999996305,-1.4000000000000306,10003093.18712484
0.5999999999999623,-1.4000000000000306,10003031.581048632
0.7999999999999616,-1.4000000000000306,10002970.882823268
0.9999999999999609,-1.4000000000000306,10002911.050481064
1.1999999999999602,-1.4000000000000306,10002852.03370485
1.3999999999999595,-1.4000000000000306,10002793.775565105
1.5999999999999588,-1.4000000000000306,10002736.214202125
1.799999999999958,-1.4000000000000306,10002679.284437679
1.9999999999999574,-1.4000000000000306,10002622.919302797
2.1999999999999567,-1.4000000000000306,10002567.051470475
2.399999999999956,-1.4000000000000306,10002511.614583958
2.5999999999999552,-1.4000000000000306,10002456.544473283
2.7999999999999545,-1.4000000000000306,10002401.780254416
2.999999999999954,-1.4000000000000306,10002347.265307013
3.199999999999953,-1.4000000000000306,10002292.948128365
3.3999999999999524,-1.4000000000000306,10002238.783062415
3.5999999999999517,-1.4000000000000306,10002184.730904125
3.799999999999951,-1.4000000000000306,10002130.759380504
3.9999999999999503,-1.4000000000000306,10002076.843510836
4.1999999999999496,-1.4000000000000306,10002022.96584945
4.399999999999949,-1.4000000000000306,10001969.116615392
4.599999999999948,-1.4000000000000306,10001915.29371416
4.799999999999947,-1.4000000000000306,10001861.50265724
4.999999999999947,-1.4000000000000306,10001807.756386051
5.199999999999946,-1.4000000000000306,10001754.07500733
5.399999999999945,-1.4000000000000306,10001700.485447537
5.599999999999945,-1.4000000000000306,10001647.02103435
5.799999999999944,-1.4000000000000306,10001593.72101356
5.999999999999943,-1.4000000000000306,10001540.630010096
6.1999999999999424,-1.4000000000000306,10001487.797441965
6.399999999999942,-1.4000000000000306,10001435.276896115
6.599999999999941,-1.4000000000000306,10001383.125475204
6.79999999999994,-1.4000000000000306,10001331.403124148
6.99999999999994,-1.4000000000000306,10001280.171945293
7.199999999999939,-1.4000000000000306,10001229.49551064
7.399999999999938,-1.4000000000000306,10001179.438179394
7.5999999999999375,-1.4000000000000306,10001130.064428551
7.799999999999937,-1.4000000000000306,10001081.438203841
7.999999999999936,-1.4000000000000306,10001033.62229773
8.199999999999935,-1.4000000000000306,10000986.677760594
8.399999999999935,-1.4000000000000306,10000940.66335044
8.599999999999934,-1.4000000000000306,10000895.635025943
8.799999999999933,-1.4000000000000306,10000851.645486644
8.999999999999932,-1.4000000000000306,10000808.743763564
9.199999999999932,-1.4000000000000306,10000766.974862583
9.399999999999931,-1.4000000000000306,10000726.379462153
9.59999999999993,-1.4000000000000306,10000686.993666282
9.79999999999993,-1.4000000000000306,10000648.848812805
-10.0,-1.2000000000000313,10003489.845641186
-9.8,-1.2000000000000313,10003610.592571642
-9.600000000000001,-1.2000000000000313,10003728.010088844
-9.400000000000002,-1.2000000000000313,10003841.581882803
-9.200000000000003,-1.2000000000000313,10003950.809392199
-9.000000000000004,-1.2000000000000313,10004055.216533884
-8.800000000000004,-1.2000000000000313,10004154.354227064
-8.600000000000005,-1.2000000000000313,10004247.80464527
-8.400000000000006,-1.2000000000000313,10004335.185132913
-8.200000000000006,-1.2000000000000313,10004416.151728308
-8.000000000000007,-1.2000000000000313,10004490.40224129
-7.800000000000008,-1.2000000000000313,10004557.678840717
-7.6000000000000085,-1.2000000000000313,10004617.770115465
-7.400000000000009,-1.2000000000000313,10004670.512581198
-7.20000000000001,-1.2000000000000313,10004715.791614735
-7.000000000000011,-1.2000000000000313,10004753.541807454
-6.800000000000011,-1.2000000000000313,10004783.746738989
-6.600000000000012,-1.2000000000000313,10004806.438182198
-6.400000000000013,-1.2000000000000313,10004821.694759632
-6.2000000000000135,-1.2000000000000313,10004829.640080733
-6.000000000000014,-1.2000000000000313,10004830.440396912
-5.800000000000015,-1.2000000000000313,10004824.30181906
-5.600000000000016,-1.2000000000000313,10004811.467148118
-5.400000000000016,-1.2000000000000313,10004792.212374572
-5.200000000000017,-1.2000000000000313,10004766.842906466
-5.000000000000018,-1.2000000000000313,10004735.68958819
-4.8000000000000185,-1.2000000000000313,10004699.104573704
-4.600000000000019,-1.2000000000000313,10004657.45711776
-4.40000000000002,-1.2000000000000313,10004611.129347697
-4.200000000000021,-1.2000000000000313,10004560.512075923
-4.000000000000021,-1.2000000000000313,10004506.000709994
-3.800000000000022,-1.2000000000000313,10004447.991312807
-3.6000000000000227,-1.2000000000000313,10004386.876860408
-3.4000000000000234,-1.2000000000000313,10004323.043739252
-3.200000000000024,-1.2000000000000313,10004256.868518503
-3.000000000000025,-1.2000000000000313,10004188.715026537
-2.8000000000000256,-1.2000000000000313,10004118.931754114
-2.6000000000000263,-1.2000000000000313,10004047.84960015
-2.400000000000027,-1.2000000000000313,10003975.779969336
-2.2000000000000277,-1.2000000000000313,10003903.013224872
-2.0000000000000284,-1.2000000000000313,10003829.817493523
-1.8000000000000291,-1.2000000000000313,10003756.437815074
-1.6000000000000298,-1.2000000000000313,10003683.09562334
-1.4000000000000306,-1.2000000000000313,10003609.98854178
-1.2000000000000313,-1.2000000000000313,10003537.290473323
-1.000000000000032,-1.2000000000000313,10003465.151961127
-0.8000000000000327,-1.2000000000000313,10003393.700794814
-0.6000000000000334,-1.2000000000000313,10003323.042835368
-0.4000000000000341,-1.2000000000000313,10003253.263030773
-0.20000000000003482,-1.2000000000000313,10003184.426594362
-3.552713678800501e-14,-1.2000000000000313,10003116.580317898
0.19999999999996376,-1.2000000000000313,10003049.753992112
0.39999999999996305,-1.2000000000000313,10002983.961908452
0.5999999999999623,-1.2000000000000313,10002919.204417111
0.7999999999999616,-1.2000000000000313,10002855.469517997
0.9999999999999609,-1.2000000000000313,10002792.734463101
1.1999999999999602,-1.2000000000000313,10002730.967350543
1.3999999999999595,-1.2000000000000313,10002670.12869261
1.5999999999999588,-1.2000000000000313,10002610.172941988
1.799999999999958,-1.2000000000000313,10002551.049962372
1.9999999999999574,-1.2000000000000313,10002492.706431553
2.1999999999999567,-1.2000000000000313,10002435.0871668
2.399999999999956,-1.2000000000000313,10002378.136364155
2.5999999999999552,-1.2000000000000313,10002321.798744803
2.7999999999999545,-1.2000000000000313,10002266.020603174
2.999999999999954,-1.2000000000000313,10002210.750752766
3.199999999999953,-1.2000000000000313,10002155.941367004
3.3999999999999524,-1.2000000000000313,10002101.548713543
3.5999999999999517,-1.2000000000000313,10002047.533781448
3.799999999999951,-1.2000000000000313,10001993.862801766
3.9999999999999503,-1.2000000000000313,10001940.507662732
4.1999999999999496,-1.2000000000000313,10001887.446221838
4.399999999999949,-1.2000000000000313,10001834.662517618
4.599999999999948,-1.2000000000000313,10001782.146884818
4.799999999999947,-1.2000000000000313,10001729.895977188
4.999999999999947,-1.2000000000000313,10001677.912702812
5.199999999999946,-1.2000000000000313,10001626.206077429
5.399999999999945,-1.2000000000000313,10001574.791001707
5.599999999999945,-1.2000000000000313,10001523.687968917
5.799999999999944,-1.2000000000000313,10001472.922709823
5.999999999999943,-1.2000000000000313,10001422.525782008
6.1999999999999424,-1.2000000000000313,10001372.532111106
6.399999999999942,-1.2000000000000313,10001322.980491588
6.599999999999941,-1.2000000000000313,10001273.913054915
6.79999999999994,-1.2000000000000313,10001225.374712983
6.99999999999994,-1.2000000000000313,10001177.41258458
7.199999999999939,-1.2000000000000313,10001130.075412653
7.399999999999938,-1.2000000000000313,10001083.41297985
7.5999999999999375,-1.2000000000000313,10001037.47552954
7.799999999999937,-1.2000000000000313,10000992.313199194
7.999999999999936,-1.2000000000000313,10000947.975472512
8.199999999999935,-1.2000000000000313,10000904.510656169
8.399999999999935,-1.2000000000000313,10000861.965386553
8.599999999999934,-1.2000000000000313,10000820.38417115
8.799999999999933,-1.2000000000000313,10000779.808968652
8.999999999999932,-1.2000000000000313,10000740.278811105
9.199999999999932,-1.2000000000000313,10000701.829470795
9.399999999999931,-1.2000000000000313,10000664.49317376
9.59999999999993,-1.2000000000000313,10000628.298361177
9.79999999999993,-1.2000000000000313,10000593.26949917
-10.0,-1.000000000000032,10003454.927894324
-9.8,-1.000000000000032,10003574.741638012
-9.600000000000001,-1.000000000000032,10003691.28477007
-9.400000000000002,-1.000000000000032,10003804.044869319
-9.200000000000003,-1.000000000000032,10003912.526535265
-9.000000000000004,-1.000000000000032,10004016.256029166
-8.800000000000004,-1.000000000000032,10004114.785716588
-8.600000000000005,-1.000000000000032,10004207.698246248
-8.400000000000006,-1.000000000000032,10004294.610403715
-8.200000000000006,-1.000000000000032,10004375.176583435
-8.000000000000007,-1.000000000000032,10004449.091828754
-7.800000000000008,-1.000000000000032,10004516.094396586
-7.6000000000000085,-1.000000000000032,10004575.967811462
-7.400000000000009,-1.000000000000032,10004628.542382265
-7.20000000000001,-1.000000000000032,10004673.696164086
-7.000000000000011,-1.000000000000032,10004711.355357146
-6.800000000000011,-1.000000000000032,10004741.494144075
-6.600000000000012,-1.000000000000032,10004764.133976439
-6.400000000000013,-1.000000000000032,10004779.342330163
-6.2000000000000135,-1.000000000000032,10004787.23095827
-6.000000000000014,-1.000000000000032,10004787.953676956
-5.800000000000015,-1.000000000000032,10004781.703728052
-5.600000000000016,-1.000000000000032,10004768.710766798
-5.400000000000016,-1.000000000000032,10004749.237528693
-5.200000000000017,-1.000000000000032,10004723.576232806
-5.000000000000018,-1.000000000000032,10004692.044781357
-4.8000000000000185,-1.000000000000032,10004654.982816484
-4.600000000000019,-1.000000000000032,10004612.747695146
-4.40000000000002,-1.000000000000032,10004565.710441796
-4.200000000000021,-1.000000000000032,10004514.25173618
-4.000000000000021,-1.000000000000032,10004458.757990316
-3.800000000000022,-1.000000000000032,10004399.61756444
-3.6000000000000227,-1.000000000000032,10004337.217166914
-3.4000000000000234,-1.000000000000032,10004271.938477425
-3.200000000000024,-1.000000000000032,10004204.155026976
-3.000000000000025,-1.000000000000032,10004134.229361922
-2.8000000000000256,-1.000000000000032,10004062.510512952
-2.6000000000000263,-1.000000000000032,10003989.331783667
-2.400000000000027,-1.000000000000032,10003915.008867225
-2.2000000000000277,-1.000000000000032,10003839.838293731
-2.0000000000000284,-1.000000000000032,10003764.096205598
-1.8000000000000291,-1.000000000000032,10003688.037453152
-1.6000000000000298,-1.000000000000032,10003611.894998405
-1.4000000000000306,-1.000000000000032,10003535.879611095
-1.2000000000000313,-1.000000000000032,10003460.179837978
-1.000000000000032,-1.000000000000032,10003384.962223852
-0.8000000000000327,-1.000000000000032,10003310.371760935
-0.6000000000000334,-1.000000000000032,10003236.532541938
-0.4000000000000341,-1.000000000000032,10003163.54859152
-0.20000000000003482,-1.000000000000032,10003091.50485067
-3.552713678800501e-14,-1.000000000000032,10003020.468288807
0.19999999999996376,-1.000000000000032,10002950.489119135
0.39999999999996305,-1.000000000000032,10002881.602093846
0.5999999999999623,-1.000000000000032,10002813.827857018
0.7999999999999616,-1.000000000000032,10002747.174334588
0.9999999999999609,-1.000000000000032,10002681.638142433
1.1999999999999602,-1.000000000000032,10002617.205995245
1.3999999999999595,-1.000000000000032,10002553.85610075
1.5999999999999588,-1.000000000000032,10002491.559525423
1.799999999999958,-1.000000000000032,10002430.28151965
1.9999999999999574,-1.000000000000032,10002369.982791826
2.1999999999999567,-1.000000000000032,10002310.620722443
2.399999999999956,-1.000000000000032,10002252.150510583
2.5999999999999552,-1.000000000000032,10002194.526246598
2.7999999999999545,-1.000000000000032,10002137.701905861
2.999999999999954,-1.000000000000032,10002081.632259656
3.199999999999953,-1.000000000000032,10002026.273700118
3.3999999999999524,-1.000000000000032,10001971.584977219
3.5999999999999517,-1.000000000000032,10001917.527846426
3.799999999999951,-1.000000000000032,10001864.067626536
3.9999999999999503,-1.000000000000032,10001811.173667861
4.1999999999999496,-1.000000000000032,10001758.819731655
4.399999999999949,-1.000000000000032,10001706.984282164
4.599999999999948,-1.000000000000032,10001655.650693538
4.799999999999947,-1.000000000000032,10001604.807374148
4.999999999999947,-1.000000000000032,10001554.447811715
5.199999999999946,-1.000000000000032,10001504.570542919
5.399999999999945,-1.000000000000032,10001455.17905195
5.599999999999945,-1.000000000000032,10001406.281602778
5.799999999999944,-1.000000000000032,10001357.891010417
5.999999999999943,-1.000000000000032,10001310.024356987
6.1999999999999424,-1.000000000000032,10001262.702658573
6.399999999999942,-1.000000000000032,10001215.950489333
6.599999999999941,-1.000000000000032,10001169.795569496
6.79999999999994,-1.000000000000032,10001124.268324008
6.99999999999994,-1.000000000000032,10001079.40141878
7.199999999999939,-1.000000000000032,10001035.229281453
7.399999999999938,-1.000000000000032,10000991.787613431
7.5999999999999375,-1.000000000000032,10000949.112899972
7.799999999999937,-1.000000000000032,10000907.241924645
7.999999999999936,-1.000000000000032,10000866.211294357
8.199999999999935,-1.000000000000032,10000826.056980578
8.399999999999935,-1.000000000000032,10000786.813882073
8.599999999999934,-1.000000000000032,10000748.515413791
8.799999999999933,-1.000000000000032,10000711.193126155
8.999999999999932,-1.000000000000032,10000674.876358204
9.199999999999932,-1.000000000000032,10000639.591927579
9.399999999999931,-1.000000000000032,10000605.363859564
9.59999999999993,-1.000000000000032,10000572.213156844
9.79999999999993,-1.000000000000032,10000540.157610917
-10.0,-0.8000000000000327,10003415.541106123
-9.8,-0.8000000000000327,10003534.342887385
-9.600000000000001,-0.8000000000000327,10003649.946632363
-9.400000000000002,-0.8000000000000327,10003761.844899224
-9.200000000000003,-0.8000000000000327,10003869.546481041
-9.000000000000004,-0.8000000000000327,10003972.580946807
-8.800000000000004,-0.8000000000000327,10004070.502991145
-8.600000000000005,-0.8000000000000327,10004162.89652937
-8.400000000000006,-0.8000000000000327,10004249.37847838
-8.200000000000006,-0.8000000000000327,10004329.602168601
-8.000000000000007,-0.8000000000000327,10004403.26033834
-7.800000000000008,-0.8000000000000327,10004470.087668668
-7.6000000000000085,-0.8000000000000327,10004529.862824848
-7.400000000000009,-0.8000000000000327,10004582.409978637
-7.20000000000001,-0.8000000000000327,10004627.59979473
-7.000000000000011,-0.8000000000000327,10004665.349873673
-6.800000000000011,-0.8000000000000327,10004695.62465281
-6.600000000000012,-0.8000000000000327,10004718.434775844
-6.400000000000013,-0.8000000000000327,10004733.835950261
-6.2000000000000135,-0.8000000000000327,10004741.927320072
-6.000000000000014,-0.8000000000000327,10004742.849388748
-5.800000000000015,-0.8000000000000327,10004736.781533794
-5.600000000000016,-0.8000000000000327,10004723.939160094
-5.400000000000016,-0.8000000000000327,10004704.570543563
-5.200000000000017,-0.8000000000000327,10004678.95342018
-5.000000000000018,-0.8000000000000327,10004647.391377516
-4.8000000000000185,-0.8000000000000327,10004610.210106915
-4.600000000000019,-0.8000000000000327,10004567.75357435
-4.40000000000002,-0.8000000000000327,10004520.380166614
-4.200000000000021,-0.8000000000000327,10004468.458867159
-4.000000000000021,-0.8000000000000327,10004412.365512677
-3.800000000000022,-0.8000000000000327,10004352.47917736
-3.6000000000000227,-0.8000000000000327,10004289.178727012
-3.4000000000000234,-0.8000000000000327,10004222.839579888
-3.200000000000024,-0.8000000000000327,10004153.830705423
-3.000000000000025,-0.8000000000000327,10004082.511886118
-2.8000000000000256,-0.8000000000000327,10004009.231261797
-2.6000000000000263,-0.8000000000000327,10003934.323169578
-2.400000000000027,-0.8000000000000327,10003858.106287109
-2.2000000000000277,-0.8000000000000327,10003780.882081207
-2.0000000000000284,-0.8000000000000327,10003702.933559015
-1.8000000000000291,-0.8000000000000327,10003624.524314279
-1.6000000000000298,-0.8000000000000327,10003545.897857297
-1.4000000000000306,-0.8000000000000327,10003467.27721381
-1.2000000000000313,-0.8000000000000327,10003388.864775226
-1.000000000000032,-0.8000000000000327,10003310.84238047
-0.8000000000000327,-0.8000000000000327,10003233.371608162
-0.6000000000000334,-0.8000000000000327,10003156.59425682
-0.4000000000000341,-0.8000000000000327,10003080.632990366
-0.20000000000003482,-0.8000000000000327,10003005.592126135
-3.552713678800501e-14,-0.8000000000000327,10002931.558543127
0.19999999999996376,-0.8000000000000327,10002858.602688843
0.39999999999996305,-0.8000000000000327,10002786.779664295
0.5999999999999623,-0.8000000000000327,10002716.130367834
0.7999999999999616,-0.8000000000000327,10002646.682680052
0.9999999999999609,-0.8000000000000327,10002578.452673351
1.1999999999999602,-0.8000000000000327,10002511.445831448
1.3999999999999595,-0.8000000000000327,10002445.658265527
1.5999999999999588,-0.8000000000000327,10002381.077915328
1.799999999999958,-0.8000000000000327,10002317.685724808
1.9999999999999574,-0.8000000000000327,10002255.456783405
2.1999999999999567,-0.8000000000000327,10002194.361425089
2.399999999999956,-0.8000000000000327,10002134.36627856
2.5999999999999552,-0.8000000000000327,10002075.43526289
2.7999999999999545,-0.8000000000000327,10002017.53052383
2.999999999999954,-0.8000000000000327,10001960.613306755
3.199999999999953,-0.8000000000000327,10001904.644763
3.3999999999999524,-0.8000000000000327,10001849.586686896
3.5999999999999517,-0.8000000000000327,10001795.402181432
3.799999999999951,-0.8000000000000327,10001742.056251071
3.9999999999999503,-0.8000000000000327,10001689.5163207
4.1999999999999496,-0.8000000000000327,10001637.75268023
4.399999999999949,-0.8000000000000327,10001586.7388549
4.599999999999948,-0.8000000000000327,10001536.451901857
4.799999999999947,-0.8000000000000327,10001486.872634068
4.999999999999947,-0.8000000000000327,10001437.985773176
5.199999999999946,-0.8000000000000327,10001389.780033493
5.399999999999945,-0.8000000000000327,10001342.248139795
5.599999999999945,-0.8000000000000327,10001295.38678219
5.799999999999944,-0.8000000000000327,10001249.196511753
5.999999999999943,-0.8000000000000327,10001203.681581274
6.1999999999999424,-0.8000000000000327,10001158.849735737
6.399999999999942,-0.8000000000000327,10001114.711957721
6.599999999999941,-0.8000000000000327,10001071.282173157
6.79999999999994,-0.8000000000000327,10001028.576923266
6.99999999999994,-0.8000000000000327,10000986.615008606
7.199999999999939,-0.8000000000000327,10000945.41711141
7.399999999999938,-0.8000000000000327,10000905.005402345
7.5999999999999375,-0.8000000000000327,10000865.403137872
7.799999999999937,-0.8000000000000327,10000826.634254208
7.999999999999936,-0.8000000000000327,10000788.722963717
8.199999999999935,-0.8000000000000327,10000751.69335925
8.399999999999935,-0.8000000000000327,10000715.56903166
8.599999999999934,-0.8000000000000327,10000680.372705163
8.799999999999933,-0.8000000000000327,10000646.12589491
8.999999999999932,-0.8000000000000327,10000612.848590445
9.199999999999932,-0.8000000000000327,10000580.558968278
9.399999999999931,-0.8000000000000327,10000549.273136167
9.59999999999993,-0.8000000000000327,10000519.004911117
9.79999999999993,-0.8000000000000327,10000489.765632467
-10.0,-0.6000000000000334,10003371.92947114
-9.8,-0.6000000000000334,10003489.64937644
-9.600000000000001,-0.6000000000000334,10003604.257424984
-9.400000000000002,-0.6000000000000334,10003715.252216054
-9.200000000000003,-0.6000000000000334,10003822.147742217
-9.000000000000004,-0.6000000000000334,10003924.477819076
-8.800000000000004,-0.6000000000000334,10004021.800331224
-8.600000000000005,-0.6000000000000334,10004113.701233204
-8.400000000000006,-0.6000000000000334,10004199.798247889
-8.200000000000006,-0.6000000000000334,10004279.744209537
-8.000000000000007,-0.6000000000000334,10004353.230004579
-7.800000000000008,-0.6000000000000334,10004419.987069918
-7.6000000000000085,-0.6000000000000334,10004479.78941611
-7.400000000000009,-0.6000000000000334,10004532.455150964
-7.20000000000001,-0.6000000000000334,10004577.847487543
-7.000000000000011,-0.6000000000000334,10004615.875229571
-6.800000000000011,-0.6000000000000334,10004646.492735881
-6.600000000000012,-0.6000000000000334,10004669.69937437
-6.400000000000013,-0.6000000000000334,10004685.538484167
-6.2000000000000135,-0.6000000000000334,10004694.09587255
-6.000000000000014,-0.6000000000000334,10004695.49788023
-5.800000000000015,-0.6000000000000334,10004689.909054812
-5.600000000000016,-0.6000000000000334,10004677.529477598
-5.400000000000016,-0.6000000000000334,10004658.59179307
-5.200000000000017,-0.6000000000000334,10004633.357993478
-5.000000000000018,-0.6000000000000334,10004602.116013018
-4.8000000000000185,-0.6000000000000334,10004565.176186722
-4.600000000000019,-0.6000000000000334,10004522.86762904
-4.40000000000002,-0.6000000000000334,10004475.534585616
-4.200000000000021,-0.6000000000000334,10004423.532809407
-4.000000000000021,-0.6000000000000334,10004367.226009091
-3.800000000000022,-0.6000000000000334,10004306.982413657
-3.6000000000000227,-0.6000000000000334,10004243.171492483
-3.4000000000000234,-0.6000000000000334,10004176.160865111
-3.200000000000024,-0.6000000000000334,10004106.313429419
-3.000000000000025,-0.6000000000000334,10004033.98473139
-2.8000000000000256,-0.6000000000000334,10003959.520593911
-2.6000000000000263,-0.6000000000000334,10003883.255016552
-2.400000000000027,-0.6000000000000334,10003805.50835288
-2.2000000000000277,-0.6000000000000334,10003726.58576688
-2.0000000000000284,-0.6000000000000334,10003646.775965514
-1.8000000000000291,-0.6000000000000334,10003566.350200195
-1.6000000000000298,-0.6000000000000334,10003485.561526561
-1.4000000000000306,-0.6000000000000334,10003404.644308861
-1.2000000000000313,-0.6000000000000334,10003323.81395284
-1.000000000000032,-0.6000000000000334,10003243.266849317
-0.8000000000000327,-0.6000000000000334,10003163.180509211
-0.6000000000000334,-0.6000000000000334,10003083.71387026
-0.4000000000000341,-0.6000000000000334,10003005.007755214
-0.20000000000003482,-0.6000000000000334,10002927.18546164
-3.552713678800501e-14,-0.6000000000000334,10002850.353463873
0.19999999999996376,-0.6000000000000334,10002774.602208583
0.39999999999996305,-0.6000000000000334,10002700.006986415
0.5999999999999623,-0.6000000000000334,10002626.628863387
0.7999999999999616,-0.6000000000000334,10002554.515657106
0.9999999999999609,-0.6000000000000334,10002483.702944174
1.1999999999999602,-0.6000000000000334,10002414.215086512
1.3999999999999595,-0.6000000000000334,10002346.066265749
1.5999999999999588,-0.6000000000000334,10002279.261515934
1.799999999999958,-0.6000000000000334,10002213.79774608
1.9999999999999574,-0.6000000000000334,10002149.66474505
2.1999999999999567,-0.6000000000000334,10002086.846162185
2.399999999999956,-0.6000000000000334,10002025.320457947
2.5999999999999552,-0.6000000000000334,10001965.061819408
2.7999999999999545,-0.6000000000000334,10001906.041036125
2.999999999999954,-0.6000000000000334,10001848.226332378
3.199999999999953,-0.6000000000000334,10001791.584152136
3.3999999999999524,-0.6000000000000334,10001736.079893595
3.5999999999999517,-0.6000000000000334,10001681.67859039
3.799999999999951,-0.6000000000000334,10001628.345536977
3.9999999999999503,-0.6000000000000334,10001576.046855988
4.1999999999999496,-0.6000000000000334,10001524.750005765
4.399999999999949,-0.6000000000000334,10001474.424226644
4.599999999999948,-0.6000000000000334,10001425.040924957
4.799999999999947,-0.6000000000000334,10001376.573994247
4.999999999999947,-0.6000000000000334,10001329.000073668
5.199999999999946,-0.6000000000000334,10001282.298744012
5.399999999999945,-0.6000000000000334,10001236.45266247
5.599999999999945,-0.6000000000000334,10001191.447637761
5.799999999999944,-0.6000000000000334,10001147.27264779
5.999999999999943,-0.6000000000000334,10001103.919802701
6.1999999999999424,-0.6000000000000334,10001061.384256592
6.399999999999942,-0.6000000000000334,10001019.664071826
6.599999999999941,-0.6000000000000334,10000978.760040237
6.79999999999994,-0.6000000000000334,10000938.675465973
6.99999999999994,-0.6000000000000334,10000899.415915115
7.199999999999939,-0.6000000000000334,10000860.98893737
7.399999999999938,-0.6000000000000334,10000823.403765442
7.5999999999999375,-0.6000000000000334,10000786.670997681
7.799999999999937,-0.6000000000000334,10000750.802269641
7.999999999999936,-0.6000000000000334,10000715.809920127
8.199999999999935,-0.6000000000000334,10000681.706657095
8.399999999999935,-0.6000000000000334,10000648.505228529
8.599999999999934,-0.6000000000000334,10000616.218103083
8.799999999999933,-0.6000000000000334,10000584.857164938
8.999999999999932,-0.6000000000000334,10000554.433426771
9.199999999999932,-0.6000000000000334,10000524.956764335
9.399999999999931,-0.6000000000000334,10000496.435675617
9.59999999999993,-0.6000000000000334,10000468.877066892
9.79999999999993,-0.6000000000000334,10000442.28606758
-10.0,-0.4000000000000341,10003324.350403666
-9.8,-0.4000000000000341,10003440.927036539
-9.600000000000001,-0.4000000000000341,10003554.491308771
-9.400000000000002,-0.4000000000000341,10003664.548885968
-9.200000000000003,-0.4000000000000341,10003770.619931797
-9.000000000000004,-0.4000000000000341,10003872.243415708
-8.800000000000004,-0.4000000000000341,10003968.981244646
-8.600000000000005,-0.4000000000000341,10004060.422159933
-8.400000000000006,-0.4000000000000341,10004146.185343845
-8.200000000000006,-0.4000000000000341,10004225.92368523
-8.000000000000007,-0.4000000000000341,10004299.32665909
-7.800000000000008,-0.4000000000000341,10004366.12278172
-7.6000000000000085,-0.4000000000000341,10004426.081610188
-7.400000000000009,-0.4000000000000341,10004479.015262952
-7.20000000000001,-0.4000000000000341,10004524.77944653
-7.000000000000011,-0.4000000000000341,10004563.273981756
-6.800000000000011,-0.4000000000000341,10004594.442831507
-6.600000000000012,-0.4000000000000341,10004618.273640204
-6.400000000000013,-0.4000000000000341,10004634.796803247
-6.2000000000000135,-0.4000000000000341,10004644.084091961
-6.000000000000014,-0.4000000000000341,10004646.246866347
-5.800000000000015,-0.4000000000000341,10004641.433913792
-5.600000000000016,-0.4000000000000341,10004629.82895679
-5.400000000000016,-0.4000000000000341,10004611.647876708
-5.200000000000017,-0.4000000000000341,10004587.135703318
-5.000000000000018,-0.4000000000000341,10004556.563421704
-4.8000000000000185,-0.4000000000000341,10004520.224648597
-4.600000000000019,-0.4000000000000341,10004478.432229878
-4.40000000000002,-0.4000000000000341,10004431.514809428
-4.200000000000021,-0.4000000000000341,10004379.813417174
-4.000000000000021,-0.4000000000000341,10004323.678120993
-3.800000000000022,-0.4000000000000341,10004263.464783154
-3.6000000000000227,-0.4000000000000341,10004199.531957619
-3.4000000000000234,-0.4000000000000341,10004132.237959562
-3.200000000000024,-0.4000000000000341,10004061.938133327
-3.000000000000025,-0.4000000000000341,10003988.982339758
-2.8000000000000256,-0.4000000000000341,10003913.712678501
-2.6000000000000263,-0.4000000000000341,10003836.461455762
-2.400000000000027,-0.4000000000000341,10003757.549403057
-2.2000000000000277,-0.4000000000000341,10003677.284147855
-2.0000000000000284,-0.4000000000000341,10003595.95893305
-1.8000000000000291,-0.4000000000000341,10003513.851578258
-1.6000000000000298,-0.4000000000000341,10003431.22367314
-1.4000000000000306,-0.4000000000000341,10003348.319990052
-1.2000000000000313,-0.4000000000000341,10003265.368101612
-1.000000000000032,-0.4000000000000341,10003182.578187082
-0.8000000000000327,-0.4000000000000341,10003100.143010726
-0.6000000000000334,-0.4000000000000341,10003018.238054674
-0.4000000000000341,-0.4000000000000341,10002937.021788945
-0.20000000000003482,-0.4000000000000341,10002856.636061542
-3.552713678800501e-14,-0.4000000000000341,10002777.20659222
0.19999999999996376,-0.4000000000000341,10002698.84355441
0.39999999999996305,-0.4000000000000341,10002621.642230842
0.5999999999999623,-0.4000000000000341,10002545.68372961
0.7999999999999616,-0.4000000000000341,10002471.035748597
0.9999999999999609,-0.4000000000000341,10002397.753377486
1.1999999999999602,-0.4000000000000341,10002325.879927633
1.3999999999999595,-0.4000000000000341,10002255.44778133
1.5999999999999588,-0.4000000000000341,10002186.479252867
1.799999999999958,-0.4000000000000341,10002118.987454673
1.9999999999999574,-0.4000000000000341,10002052.977162646
2.1999999999999567,-0.4000000000000341,10001988.445675284
2.399999999999956,-0.4000000000000341,10001925.383661726
2.5999999999999552,-0.4000000000000341,10001863.775994236
2.7999999999999545,-0.4000000000000341,10001803.602560867
2.999999999999954,-0.4000000000000341,10001744.839054246
3.199999999999953,-0.4000000000000341,10001687.457732627
3.3999999999999524,-0.4000000000000341,10001631.42814938
3.5999999999999517,-0.4000000000000341,10001576.717847269
3.799999999999951,-0.4000000000000341,10001523.293013982
3.9999999999999503,-0.4000000000000341,10001471.11909551
4.1999999999999496,-0.4000000000000341,10001420.161364207
4.399999999999949,-0.4000000000000341,10001370.385438632
4.599999999999948,-0.4000000000000341,10001321.757752603
4.799999999999947,-0.4000000000000341,10001274.24597128
4.999999999999947,-0.4000000000000341,10001227.819352575
5.199999999999946,-0.4000000000000341,10001182.449052759
5.399999999999945,-0.4000000000000341,10001138.10837562
5.599999999999945,-0.4000000000000341,10001094.772965252
5.799999999999944,-0.4000000000000341,10001052.420943124
5.999999999999943,-0.4000000000000341,10001011.032990785
6.1999999999999424,-0.4000000000000341,10000970.592380198
6.399999999999942,-0.4000000000000341,10000931.084954282
6.599999999999941,-0.4000000000000341,10000892.499060953
6.79999999999994,-0.4000000000000341,10000854.825444309
6.99999999999994,-0.4000000000000341,10000818.057097267
7.199999999999939,-0.4000000000000341,10000782.189080218
7.399999999999938,-0.4000000000000341,10000747.218310645
7.5999999999999375,-0.4000000000000341,10000713.14332885
7.799999999999937,-0.4000000000000341,10000679.96404506
7.999999999999936,-0.4000000000000341,10000647.681473225
8.199999999999935,-0.4000000000000341,10000616.297456726
8.399999999999935,-0.4000000000000341,10000585.8143911
8.599999999999934,-0.4000000000000341,10000556.234948661
8.799999999999933,-0.4000000000000341,10000527.561809491
8.999999999999932,-0.4000000000000341,10000499.79740307
9.199999999999932,-0.4000000000000341,10000472.943664217
9.399999999999931,-0.4000000000000341,10000447.001806673
9.59999999999993,-0.4000000000000341,10000421.972117059
9.79999999999993,-0.4000000000000341,10000397.853771528
-10.0,-0.20000000000003482,10003273.072854958
-9.8,-0.20000000000003482,10003388.45297079
-9.600000000000001,-0.20000000000003482,10003500.933139982
-9.400000000000002,-0.20000000000003482,10003610.027075866
-9.200000000000003,-0.20000000000003482,10003715.2620436
-9.000000000000004,-0.20000000000003482,10003816.18303544
-8.800000000000004,-0.20000000000003482,10003912.356778307
-8.600000000000005,-0.20000000000003482,10004003.375517044
-8.400000000000006,-0.20000000000003482,10004088.860520303
-8.200000000000006,-0.20000000000003482,10004168.46526051
-8.000000000000007,-0.20000000000003482,10004241.878224978
-7.800000000000008,-0.20000000000003482,10004308.82532152
-7.6000000000000085,-0.20000000000003482,10004369.071848975
-7.400000000000009,-0.20000000000003482,10004422.424010739
-7.20000000000001,-0.20000000000003482,10004468.729957184
-7.000000000000011,-0.20000000000003482,10004507.880351175
-6.800000000000011,-0.20000000000003482,10004539.80845874
-6.600000000000012,-0.20000000000003482,10004564.489775123
-6.400000000000013,-0.20000000000003482,10004581.941203753
-6.2000000000000135,-0.20000000000003482,10004592.219812768
-6.000000000000014,-0.20000000000003482,10004595.421200039
-5.800000000000015,-0.20000000000003482,10004591.677503014
-5.600000000000016,-0.20000000000003482,10004581.155094365
-5.400000000000016,-0.20000000000003482,10004564.05200795
-5.200000000000017,-0.20000000000003482,10004540.595142113
-5.000000000000018,-0.20000000000003482,10004511.037288828
-4.8000000000000185,-0.20000000000003482,10004475.654037585
-4.600000000000019,-0.20000000000003482,10004434.740602361
-4.40000000000002,-0.20000000000003482,10004388.608618414
-4.200000000000021,-0.20000000000003482,10004337.582953302
-4.000000000000021,-0.20000000000003482,10004281.9985733
-3.800000000000022,-0.20000000000003482,10004222.197502656
-3.6000000000000227,-0.20000000000003482,10004158.525908777
-3.4000000000000234,-0.20000000000003482,10004091.331341844
-3.200000000000024,-0.20000000000003482,10004020.960152365
-3.000000000000025,-0.20000000000003482,10003947.75510536
-2.8000000000000256,-0.20000000000003482,10003872.053204767
-2.6000000000000263,-0.20000000000003482,10003794.183737077
-2.400000000000027,-0.20000000000003482,10003714.466538573
-2.2000000000000277,-0.20000000000003482,10003633.210486524
-2.0000000000000284,-0.20000000000003482,10003550.712210957
-1.8000000000000291,-0.20000000000003482,10003467.255020428
-1.6000000000000298,-0.20000000000003482,10003383.108032536
-1.4000000000000306,-0.20000000000003482,10003298.525497839
-1.2000000000000313,-0.20000000000003482,10003213.746304145
-1.000000000000032,-0.20000000000003482,10003128.993647138
-0.8000000000000327,-0.20000000000003482,10003044.47485265
-0.6000000000000334,-0.20000000000003482,10002960.381335743
-0.4000000000000341,-0.20000000000003482,10002876.88868198
-0.20000000000003482,-0.20000000000003482,10002794.156836733
-3.552713678800501e-14,-0.20000000000003482,10002712.330389237
0.19999999999996376,-0.20000000000003482,10002631.538938958
0.39999999999996305,-0.20000000000003482,10002551.897533014
0.5999999999999623,-0.20000000000003482,10002473.5071644
0.7999999999999616,-0.20000000000003482,10002396.45532202
0.9999999999999609,-0.20000000000003482,10002320.81658446
1.1999999999999602,-0.20000000000003482,10002246.653250588
1.3999999999999595,-0.20000000000003482,10002174.016000748
1.5999999999999588,-0.20000000000003482,10002102.94458326
1.799999999999958,-0.20000000000003482,10002033.468521267
1.9999999999999574,-0.20000000000003482,10001965.607835665
2.1999999999999567,-0.20000000000003482,10001899.373779884
2.399999999999956,-0.20000000000003482,10001834.769582657
2.5999999999999552,-0.20000000000003482,10001771.791194806
2.7999999999999545,-0.20000000000003482,10001710.428036071
2.999999999999954,-0.20000000000003482,10001650.663737964
3.199999999999953,-0.20000000000003482,10001592.476878347
3.3999999999999524,-0.20000000000003482,10001535.841703463
3.5999999999999517,-0.20000000000003482,10001480.728832845
3.799999999999951,-0.20000000000003482,10001427.10594255
3.9999999999999503,-0.20000000000003482,10001374.938422145
4.1999999999999496,-0.20000000000003482,10001324.190000847
4.399999999999949,-0.20000000000003482,10001274.82333845
4.599999999999948,-0.20000000000003482,10001226.800576879
4.799999999999947,-0.20000000000003482,10001180.08384858
4.999999999999947,-0.20000000000003482,10001134.63573835
5.199999999999946,-0.20000000000003482,10001090.41969579
5.399999999999945,-0.20000000000003482,10001047.400396157
5.599999999999945,-0.20000000000003482,10001005.54404803
5.799999999999944,-0.20000000000003482,10000964.81864697
5.999999999999943,-0.20000000000003482,10000925.194175057
6.1999999999999424,-0.20000000000003482,10000886.642746948
6.399999999999942,-0.20000000000003482,10000849.138703862
6.599999999999941,-0.20000000000003482,10000812.65865759
6.79999999999994,-0.20000000000003482,10000777.181487273
6.99999999999994,-0.20000000000003482,10000742.68829236
7.199999999999939,-0.20000000000003482,10000709.162305586
7.399999999999938,-0.20000000000003482,10000676.588770369
7.5999999999999375,-0.20000000000003482,10000644.954787238
7.799999999999937,-0.20000000000003482,10000614.249134269
7.999999999999936,-0.20000000000003482,10000584.46206661
8.199999999999935,-0.20000000000003482,10000555.58510015
8.399999999999935,-0.20000000000003482,10000527.610784492
8.599999999999934,-0.20000000000003482,10000500.532470066
8.799999999999933,-0.20000000000003482,10000474.344074156
8.999999999999932,-0.20000000000003482,10000449.039850194
9.199999999999932,-0.20000000000003482,10000424.614164375
9.399999999999931,-0.20000000000003482,10000401.061283212
9.59999999999993,-0.20000000000003482,10000378.375175197
9.79999999999993,-0.20000000000003482,10000356.54932925
-10.0,-3.552713678800501e-14,10003218.375608703
-9.8,-3.552713678800501e-14,10003332.51373837
-9.600000000000001,-3.552713678800501e-14,10003443.876751676
-9.400000000000002,-3.552713678800501e-14,10003551.987340823
-9.200000000000003,-3.552713678800501e-14,10003656.38075527
-9.000000000000004,-3.552713678800501e-14,10003756.60883485
-8.800000000000004,-3.552713678800501e-14,10003852.24388371
-8.600000000000005,-3.552713678800501e-14,10003942.882330975
-8.400000000000006,-3.552713678800501e-14,10004028.148127455
-8.200000000000006,-3.552713678800501e-14,10004107.695832267
-8.000000000000007,-3.552713678800501e-14,10004181.213348495
-7.800000000000008,-3.552713678800501e-14,10004248.424273256
-7.6000000000000085,-3.552713678800501e-14,10004309.08983425
-7.400000000000009,-3.552713678800501e-14,10004363.010392241
-7.20000000000001,-3.552713678800501e-14,10004410.026496477
-7.000000000000011,-3.552713678800501e-14,10004450.01948779
-6.800000000000011,-3.552713678800501e-14,10004482.911651898
-6.600000000000012,-3.552713678800501e-14,10004508.665932797
-6.400000000000013,-3.552713678800501e-14,10004527.28522336
-6.2000000000000135,-3.552713678800501e-14,10004538.811256709
-6.000000000000014,-3.552713678800501e-14,10004543.323127879
-5.800000000000015,-3.552713678800501e-14,10004540.935480308
-5.600000000000016,-3.552713678800501e-14,10004531.796395881
-5.400000000000016,-3.552713678800501e-14,10004516.085030522
-5.200000000000017,-3.552713678800501e-14,10004494.009039415
-5.000000000000018,-3.552713678800501e-14,10004465.80183731
-4.8000000000000185,-3.552713678800501e-14,10004431.7197394
-4.600000000000019,-3.552713678800501e-14,10004392.039027646
-4.40000000000002,-3.552713678800501e-14,10004347.052985705
-4.200000000000021,-3.552713678800501e-14,10004297.068943257
-4.000000000000021,-3.552713678800501e-14,10004242.405367328
-3.800000000000022,-3.552713678800501e-14,10004183.389034655
-3.6000000000000227,-3.552713678800501e-14,10004120.352314817
-3.4000000000000234,-3.552713678800501e-14,10004053.630589692
-3.200000000000024,-3.552713678800501e-14,10003983.559829934
-3.000000000000025,-3.552713678800501e-14,10003910.474344773
-2.8000000000000256,-3.552713678800501e-14,10003834.704716736
-2.6000000000000263,-3.552713678800501e-14,10003756.575928649
-2.400000000000027,-3.552713678800501e-14,10003676.405686215
-2.2000000000000277,-3.552713678800501e-14,10003594.502935754
-2.0000000000000284,-3.552713678800501e-14,10003511.166573606
-1.8000000000000291,-3.552713678800501e-14,10003426.684340788
-1.6000000000000298,-3.552713678800501e-14,10003341.331894502
-1.4000000000000306,-3.552713678800501e-14,10003255.372046202
-1.2000000000000313,-3.552713678800501e-14,10003169.054154858
-1.000000000000032,-3.552713678800501e-14,10003082.613663333
-0.8000000000000327,-3.552713678800501e-14,10002996.271765454
-0.6000000000000334,-3.552713678800501e-14,10002910.235191599
-0.4000000000000341,-3.552713678800501e-14,10002824.696100926
-0.20000000000003482,-3.552713678800501e-14,10002739.832069179
-3.552713678800501e-14,-3.552713678800501e-14,10002655.806161845
0.19999999999996376,-3.552713678800501e-14,10002572.767083487
0.39999999999996305,-3.552713678800501e-14,10002490.849395104
0.5999999999999623,-3.552713678800501e-14,10002410.173792513
0.7999999999999616,-3.552713678800501e-14,10002330.8474397
0.9999999999999609,-3.552713678800501e-14,10002252.964352047
1.1999999999999602,-3.552713678800501e-14,10002176.605825115
1.3999999999999595,-3.552713678800501e-14,10002101.84090534
1.5999999999999588,-3.552713678800501e-14,10002028.72689933
1.799999999999958,-3.552713678800501e-14,10001957.309918942
1.9999999999999574,-3.552713678800501e-14,10001887.625459217
2.1999999999999567,-3.552713678800501e-14,10001819.699006373
2.399999999999956,-3.552713678800501e-14,10001753.546672776
2.5999999999999552,-3.552713678800501e-14,10001689.175855618
2.7999999999999545,-3.552713678800501e-14,10001626.585915519
2.999999999999954,-3.552713678800501e-14,10001565.768871043
3.199999999999953,-3.552713678800501e-14,10001506.710104482
3.3999999999999524,-3.552713678800501e-14,10001449.389074044
3.5999999999999517,-3.552713678800501e-14,10001393.780027024
3.799999999999951,-3.552713678800501e-14,10001339.85270839
3.9999999999999503,-3.552713678800501e-14,10001287.57305893
4.1999999999999496,-3.552713678800501e-14,10001236.903896993
4.399999999999949,-3.552713678800501e-14,10001187.805578012
4.599999999999948,-3.552713678800501e-14,10001140.236625964
4.799999999999947,-3.552713678800501e-14,10001094.154331401
4.999999999999947,-3.552713678800501e-14,10001049.51531098
5.199999999999946,-3.552713678800501e-14,10001006.276023993
5.399999999999945,-3.552713678800501e-14,10000964.393242044
5.599999999999945,-3.552713678800501e-14,10000923.8244687
5.799999999999944,-3.552713678800501e-14,10000884.528306775
5.999999999999943,-3.552713678800501e-14,10000846.464771735
6.1999999999999424,-3.552713678800501e-14,10000809.595550496
6.399999999999942,-3.552713678800501e-14,10000773.884205861
6.599999999999941,-3.552713678800501e-14,10000739.296327546
6.79999999999994,-3.552713678800501e-14,10000705.799631668
6.99999999999994,-3.552713678800501e-14,10000673.364011161
7.199999999999939,-3.552713678800501e-14,10000641.96154039
7.399999999999938,-3.552713678800501e-14,10000611.566437667
7.5999999999999375,-3.552713678800501e-14,10000582.154989956
7.799999999999937,-3.552713678800501e-14,10000553.705444315
7.999999999999936,-3.552713678800501e-14,10000526.19787103
8.199999999999935,-3.552713678800501e-14,10000499.61400332
8.399999999999935,-3.552713678800501e-14,10000473.937058851
8.599999999999934,-3.552713678800501e-14,10000449.151547907
8.799999999999933,-3.552713678800501e-14,10000425.243073162
8.999999999999932,-3.552713678800501e-14,10000402.1981257
9.199999999999932,-3.552713678800501e-14,10000380.00388153
9.399999999999931,-3.552713678800501e-14,10000358.64800268
9.59999999999993,-3.552713678800501e-14,10000338.118446274
9.79999999999993,-3.552713678800501e-14,10000318.403284824
-10.0,0.19999999999996376,10003160.545552863
-9.8,0.19999999999996376,10003273.40362215
-9.600000000000001,0.19999999999996376,10003383.623226484
-9.400000000000002,0.19999999999996376,10003490.736911988
-9.200000000000003,0.19999999999996376,10003594.288742134
-9.000000000000004,0.19999999999996376,10003693.838179607
-8.800000000000004,0.19999999999996376,10003788.963817742
-8.600000000000005,0.19999999999996376,10003879.266910158
-8.400000000000006,0.19999999999996376,10003964.374650372
-8.200000000000006,0.19999999999996376,10004043.943157796
-8.000000000000007,0.19999999999996376,10004117.660131413
-7.800000000000008,0.19999999999996376,10004185.247138621
-7.6000000000000085,0.19999999999996376,10004246.461513033
-7.400000000000009,0.19999999999996376,10004301.097842213
-7.20000000000001,0.19999999999996376,10004348.989033364
-7.000000000000011,0.19999999999996376,10004390.006952507
-6.800000000000011,0.19999999999996376,10004424.062639931
-6.600000000000012,0.19999999999996376,10004451.10611168
-6.400000000000013,0.19999999999996376,10004471.125763606
-6.2000000000000135,0.19999999999996376,10004484.14740057
-6.000000000000014,0.19999999999996376,10004490.23291877
-5.800000000000015,0.19999999999996376,10004489.478673916
-5.600000000000016,0.19999999999996376,10004482.013571678
-5.400000000000016,0.19999999999996376,10004467.99691969
-5.200000000000017,0.19999999999996376,10004447.616082337
-5.000000000000018,0.19999999999996376,10004421.083980396
-4.8000000000000185,0.19999999999996376,10004388.636477714
-4.600000000000019,0.19999999999996376,10004350.529696016
-4.40000000000002,0.19999999999996376,10004307.037297474
-4.200000000000021,0.19999999999996376,10004258.44777192
-4.000000000000021,0.19999999999996376,10004205.061762793
-3.800000000000022,0.19999999999996376,10004147.189462144
-3.6000000000000227,0.19999999999996376,10004085.148101183
-3.4000000000000234,0.19999999999996376,10004019.259558633
-3.200000000000024,0.19999999999996376,10003949.848104876
-3.000000000000025,0.19999999999996376,10003877.238295626
-2.8000000000000256,0.19999999999996376,10003801.75302466
-2.6000000000000263,0.19999999999996376,10003723.711741304
-2.400000000000027,0.19999999999996376,10003643.428834777
-2.2000000000000277,0.19999999999996376,10003561.212184262
-2.0000000000000284,0.19999999999996376,10003477.361870974
-1.8000000000000291,0.19999999999996376,10003392.16904609
-1.6000000000000298,0.19999999999996376,10003305.914946852
-1.4000000000000306,0.19999999999996376,10003218.870051725
-1.2000000000000313,0.19999999999996376,10003131.293364935
-1.000000000000032,0.19999999999996376,10003043.431820197
-0.8000000000000327,0.19999999999996376,10002955.51979367
-0.6000000000000334,0.19999999999996376,10002867.778716506
-0.4000000000000341,0.19999999999996376,10002780.416778058
-0.20000000000003482,0.19999999999996376,10002693.628711736
-3.552713678800501e-14,0.19999999999996376,10002607.595656453
0.19999999999996376,0.19999999999996376,10002522.485087737
0.39999999999996305,0.19999999999996376,10002438.450813625
0.5999999999999623,0.19999999999996376,10002355.63303151
0.7999999999999616,0.19999999999996376,10002274.158442978
0.9999999999999609,0.19999999999996376,10002194.140424505
1.1999999999999602,0.19999999999996376,10002115.67925238
1.3999999999999595,0.19999999999996376,10002038.862380665
1.5999999999999588,0.19999999999996376,10001963.764771212
1.799999999999958,0.19999999999996376,10001890.449274665
1.9999999999999574,0.19999999999996376,10001818.967061253
2.1999999999999567,0.19999999999996376,10001749.358099733
2.399999999999956,0.19999999999996376,10001681.651682407
2.5999999999999552,0.19999999999996376,10001615.866993448
2.7999999999999545,0.19999999999996376,10001552.013717115
2.999999999999954,0.19999999999996376,10001490.09268171
3.199999999999953,0.19999999999996376,10001430.096534379
3.3999999999999524,0.19999999999996376,10001372.0104412
3.5999999999999517,0.19999999999996376,10001315.812806364
3.799999999999951,0.19999999999996376,10001261.47600378
3.9999999999999503,0.19999999999996376,10001208.967113987
4.1999999999999496,0.19999999999996376,10001158.248659119
4.399999999999949,0.19999999999996376,10001109.279328413
4.599999999999948,0.19999999999996376,10001062.01468703
4.799999999999947,0.19999999999996376,10001016.407861033
4.999999999999947,0.19999999999996376,10000972.410191836
5.199999999999946,0.19999999999996376,10000929.971853977
5.399999999999945,0.19999999999996376,10000889.04243069
5.599999999999945,0.19999999999996376,10000849.571442576
5.799999999999944,0.19999999999996376,10000811.508825496
5.999999999999943,0.19999999999996376,10000774.805354752
6.1999999999999424,0.19999999999996376,10000739.413013596
6.399999999999942,0.19999999999996376,10000705.28530502
6.599999999999941,0.19999999999996376,10000672.377506807
6.79999999999994,0.19999999999996376,10000640.646870706
6.99999999999994,0.19999999999996376,10000610.052767452
7.199999999999939,0.19999999999996376,10000580.556780174
7.399999999999938,0.19999999999996376,10000552.122749396
7.5999999999999375,0.19999999999996376,10000524.716773441
7.799999999999937,0.19999999999996376,10000498.307168579
7.999999999999936,0.19999999999996376,10000472.864393538
8.199999999999935,0.19999999999996376,10000448.36094335
8.399999999999935,0.19999999999996376,10000424.771217614
8.599999999999934,0.19999999999996376,10000402.071368223
8.799999999999933,0.19999999999996376,10000380.239131652
8.999999999999932,0.19999999999996376,10000359.253650652
9.199999999999932,0.19999999999996376,10000339.095289959
9.399999999999931,0.19999999999996376,10000319.745450346
9.59999999999993,0.19999999999996376,10000301.186384961
9.79999999999993,0.19999999999996376,10000283.401021406
-10.0,0.39999999999996305,10003099.875927422
-9.8,0.39999999999996305,10003211.42287723
-9.600000000000001,0.39999999999996305,10003320.479155988
-9.400000000000002,0.39999999999996305,10003426.5879777
-9.200000000000003,0.39999999999996305,10003529.302991686
-9.000000000000004,0.39999999999996305,10003628.192004718
-8.800000000000004,0.39999999999996305,10003722.840561775
-8.600000000000005,0.39999999999996305,10003812.85533677
-8.400000000000006,0.39999999999996305,10003897.86728778
-8.200000000000006,0.39999999999996305,10003977.534535576
-8.000000000000007,0.39999999999996305,10004051.544929316
-7.800000000000008,0.39999999999996305,10004119.61826882
-7.6000000000000085,0.39999999999996305,10004181.508159216
-7.400000000000009,0.39999999999996305,10004237.003480397
-7.20000000000001,0.39999999999996305,10004285.929460462
-7.000000000000011,0.39999999999996305,10004328.14834947
-6.800000000000011,0.39999999999996305,10004363.55969657
-6.600000000000012,0.39999999999996305,10004392.100240197
-6.400000000000013,0.39999999999996305,10004413.743427217
-6.2000000000000135,0.39999999999996305,10004428.498582605
-6.000000000000014,0.39999999999996305,10004436.409756131
-5.800000000000015,0.39999999999996305,10004437.554276794
-5.600000000000016,0.39999999999996305,10004432.041049102
-5.400000000000016,0.39999999999996305,10004420.008627785
-5.200000000000017,0.39999999999996305,10004401.623109037
-5.000000000000018,0.39999999999996305,10004377.075877093
-4.8000000000000185,0.39999999999996305,10004346.581244677
-4.600000000000019,0.39999999999996305,10004310.3740248
-4.40000000000002,0.39999999999996305,10004268.707069572
-4.200000000000021,0.39999999999996305,10004221.848809252
-4.000000000000021,0.39999999999996305,10004170.080821654
-3.800000000000022,0.39999999999996305,10004113.695458688
-3.6000000000000227,0.39999999999996305,10004052.993552964
-3.4000000000000234,0.39999999999996305,10003988.282223511
-3.200000000000024,0.39999999999996305,10003919.87279567
-3.000000000000025,0.39999999999996305,10003848.078846274
-2.8000000000000256,0.39999999999996305,10003773.2143816
-2.6000000000000263,0.39999999999996305,10003695.592151944
-2.400000000000027,0.39999999999996305,10003615.522103803
-2.2000000000000277,0.39999999999996305,10003533.309967697
-2.0000000000000284,0.39999999999996305,10003449.255977705
-1.8000000000000291,0.39999999999996305,10003363.653716816
-1.6000000000000298,0.39999999999996305,10003276.789081128
-1.4000000000000306,0.39999999999996305,10003188.939355033
-1.2000000000000313,0.39999999999996305,10003100.372389251
-1.000000000000032,0.39999999999996305,10003011.345873682
-0.8000000000000327,0.39999999999996305,10002922.106697364
-0.6000000000000334,0.39999999999996305,10002832.890388694
-0.4000000000000341,0.39999999999996305,10002743.920629855
-0.20000000000003482,0.39999999999996305,10002655.408840528
-3.552713678800501e-14,0.39999999999996305,10002567.553827103
0.19999999999996376,0.39999999999996305,10002480.541494753
0.39999999999996305,0.39999999999996305,10002394.544620765
0.5999999999999623,0.39999999999996305,10002309.722688548
0.7999999999999616,0.39999999999996305,10002226.221782522
0.9999999999999609,0.39999999999996305,10002144.174544621
1.1999999999999602,0.39999999999996305,10002063.700193664
1.3999999999999595,0.39999999999996305,10001984.904608827
1.5999999999999588,0.39999999999996305,10001907.880478501
1.799999999999958,0.39999999999996305,10001832.70751537
1.9999999999999574,0.39999999999996305,10001759.452738134
2.1999999999999567,0.39999999999996305,10001688.17081951
2.399999999999956,0.39999999999996305,10001618.904499324
2.5999999999999552,0.39999999999996305,10001551.685060566
2.7999999999999545,0.39999999999996305,10001486.53286522
2.999999999999954,0.39999999999996305,10001423.457945665
3.199999999999953,0.39999999999996305,10001362.460646424
3.3999999999999524,0.39999999999996305,10001303.532310069
3.5999999999999517,0.39999999999996305,10001246.656000266
3.799999999999951,0.39999999999996305,10001191.807254145
3.9999999999999503,0.39999999999996305,10001138.954855721
4.1999999999999496,0.39999999999996305,10001088.0616216
4.399999999999949,0.39999999999996305,10001039.085190088
4.599999999999948,0.39999999999996305,10000991.978804708
4.799999999999947,0.39999999999996305,10000946.692083491
4.999999999999947,0.39999999999996305,10000903.171765568
5.199999999999946,0.39999999999996305,10000861.362427311
5.399999999999945,0.39999999999996305,10000821.207160879
5.599999999999945,0.39999999999996305,10000782.648208894
5.799999999999944,0.39999999999996305,10000745.627549892
5.999999999999943,0.39999999999996305,10000710.087430216
6.1999999999999424,0.39999999999996305,10000675.970839087
6.399999999999942,0.39999999999996305,10000643.221924702
6.599999999999941,0.39999999999996305,10000611.786350219
6.79999999999994,0.39999999999996305,10000581.61158962
6.99999999999994,0.39999999999996305,10000552.647164404
7.199999999999939,0.39999999999996305,10000524.84482297
7.399999999999938,0.39999999999996305,10000498.158665396
7.5999999999999375,0.39999999999996305,10000472.54521701
7.799999999999937,0.39999999999996305,10000447.963454835
7.999999999999936,0.39999999999996305,10000424.374791339
8.199999999999935,0.39999999999996305,10000401.743020412
8.399999999999935,0.39999999999996305,10000380.03423062
8.599999999999934,0.39999999999996305,10000359.216691006
8.799999999999933,0.39999999999996305,10000339.260714576
8.999999999999932,0.39999999999996305,10000320.138504688
9.199999999999932,0.39999999999996305,10000301.82398914
9.399999999999931,0.39999999999996305,10000284.292646747
9.59999999999993,0.39999999999996305,10000267.521330591
9.79999999999993,0.39999999999996305,10000251.488091951
-10.0,0.5999999999999623,10003036.664549451
-9.8,0.5999999999999623,10003146.875959845
-9.600000000000001,0.5999999999999623,10003254.75488411
-9.400000000000002,0.5999999999999623,10003359.855952794
-9.200000000000003,0.5999999999999623,10003461.743111007
-9.000000000000004,0.5999999999999623,10003559.993173052
-8.800000000000004,0.5999999999999623,10003654.199244998
-8.600000000000005,0.5999999999999623,10003743.973969312
-8.400000000000006,0.5999999999999623,10003828.952548912
-8.200000000000006,0.5999999999999623,10003908.7955121
-8.000000000000007,0.5999999999999623,10003983.191184608
-7.800000000000008,0.5999999999999623,10004051.857840467
-7.6000000000000085,0.5999999999999623,10004114.545509405
-7.400000000000009,0.5999999999999623,10004171.037424752
-7.20000000000001,0.5999999999999623,10004221.151102293
-7.000000000000011,0.5999999999999623,10004264.739047177
-6.800000000000011,0.5999999999999623,10004301.689092234
-6.600000000000012,0.5999999999999623,10004331.924377369
-6.400000000000013,0.5999999999999623,10004355.402985243
-6.2000000000000135,0.5999999999999623,10004372.117253821
-6.000000000000014,0.5999999999999623,10004382.092790656
-5.800000000000015,0.5999999999999623,10004385.387217725
-5.600000000000016,0.5999999999999623,10004382.08867848
-5.400000000000016,0.5999999999999623,10004372.31414087
-5.200000000000017,0.5999999999999623,10004356.20753134
-5.000000000000018,0.5999999999999623,10004333.937735159
-4.8000000000000185,0.5999999999999623,10004305.696497936
-4.600000000000019,0.5999999999999623,10004271.69626203
-4.40000000000002,0.5999999999999623,10004232.167969538
-4.200000000000021,0.5999999999999623,10004187.358861186
-4.000000000000021,0.5999999999999623,10004137.530297339
-3.800000000000022,0.5999999999999623,10004082.955624118
-3.6000000000000227,0.5999999999999623,10004023.918103993
-3.4000000000000234,0.5999999999999623,10003960.708926575
-3.200000000000024,0.5999999999999623,10003893.62531163
-3.000000000000025,0.5999999999999623,10003822.96871284
-2.8000000000000256,0.5999999999999623,10003749.043127535
-2.6000000000000263,0.5999999999999623,10003672.153514527
-2.400000000000027,0.5999999999999623,10003592.604319675
-2.2000000000000277,0.5999999999999623,10003510.69810657
-2.0000000000000284,0.5999999999999623,10003426.734288001
-1.8000000000000291,0.5999999999999623,10003341.007952666
-1.6000000000000298,0.5999999999999623,10003253.808780825
-1.4000000000000306,0.5999999999999623,10003165.420042291
-1.2000000000000313,0.5999999999999623,10003076.11767027
-1.000000000000032,0.5999999999999623,10002986.169405034
-0.8000000000000327,0.5999999999999623,10002895.834002214
-0.6000000000000334,0.5999999999999623,10002805.36050149
-0.4000000000000341,0.5999999999999623,10002714.987552684
-0.20000000000003482,0.5999999999999623,10002624.94279739
-3.552713678800501e-14,0.5999999999999623,10002535.442305738
0.19999999999996376,0.5999999999999623,10002446.690068867
0.39999999999996305,0.5999999999999623,10002358.877548963
0.5999999999999623,0.5999999999999623,10002272.183289485
0.7999999999999616,0.5999999999999623,10002186.772588944
0.9999999999999609,0.5999999999999623,10002102.797242023
1.1999999999999602,0.5999999999999623,10002020.395352019
1.3999999999999595,0.5999999999999623,10001939.691218397
1.5999999999999588,0.5999999999999623,10001860.79530298
1.799999999999958,0.5999999999999623,10001783.804277575
1.9999999999999574,0.5999999999999623,10001708.801155036
2.1999999999999567,0.5999999999999623,10001635.855504675
2.399999999999956,0.5999999999999623,10001565.02375179
2.5999999999999552,0.5999999999999623,10001496.34955971
2.7999999999999545,0.5999999999999623,10001429.864291497
2.999999999999954,0.5999999999999623,10001365.587546993
3.199999999999953,0.5999999999999623,10001303.527769633
3.3999999999999524,0.5999999999999623,10001243.682916246
3.5999999999999517,0.5999999999999623,10001186.041181913
3.799999999999951,0.5999999999999623,10001130.581770996
3.9999999999999503,0.5999999999999623,10001077.275704853
4.1999999999999496,0.5999999999999623,10001026.086656002
4.399999999999949,0.5999999999999623,10000976.97179834
4.599999999999948,0.5999999999999623,10000929.882662902
4.799999999999947,0.5999999999999623,10000884.765988765
4.999999999999947,0.5999999999999623,10000841.564559074
5.199999999999946,0.5999999999999623,10000800.21801271
5.399999999999945,0.5999999999999623,10000760.663622884
5.599999999999945,0.5999999999999623,10000722.837034848
5.799999999999944,0.5999999999999623,10000686.672955837
5.999999999999943,0.5999999999999623,10000652.105791606
6.1999999999999424,0.5999999999999623,10000619.070224993
6.399999999999942,0.5999999999999623,10000587.501733197
6.599999999999941,0.5999999999999623,10000557.337041682
6.79999999999994,0.5999999999999623,10000528.514513703
6.99999999999994,0.5999999999999623,10000500.974475788
7.199999999999939,0.5999999999999623,10000474.65948024
7.399999999999938,0.5999999999999623,10000449.514507035
7.5999999999999375,0.5999999999999623,10000425.48710802
7.799999999999937,0.5999999999999623,10000402.527497295
7.999999999999936,0.5999999999999623,10000380.588592019
8.199999999999935,0.5999999999999623,10000359.62600855
8.399999999999935,0.5999999999999623,10000339.598018972
8.599999999999934,0.5999999999999623,10000320.465473423
8.799999999999933,0.5999999999999623,10000302.191693554
8.999999999999932,0.5999999999999623,10000284.742342554
9.199999999999932,0.5999999999999623,10000268.0852769
9.399999999999931,0.5999999999999623,10000252.190384882
9.59999999999993,0.5999999999999623,10000237.029416569
9.79999999999993,0.5999999999999623,10000222.575809516
-10.0,0.7999999999999616,10002971.212019218
-9.8,0.7999999999999616,10003080.069738818
-9.600000000000001,0.7999999999999616,10003186.762734747
-9.400000000000002,0.7999999999999616,10003290.857734108
-9.200000000000003,0.7999999999999616,10003391.92962266
-9.000000000000004,0.7999999999999616,10003489.56482492
-8.800000000000004,0.7999999999999616,10003583.364561737
-8.600000000000005,0.7999999999999616,10003672.94794234
-8.400000000000006,0.7999999999999616,10003757.954851124
-8.200000000000006,0.7999999999999616,10003838.048593316
-8.000000000000007,0.7999999999999616,10003912.918268317
-7.800000000000008,0.7999999999999616,10003982.280844754
-7.6000000000000085,0.7999999999999616,10004045.882916875
-7.400000000000009,0.7999999999999616,10004103.502127944
-7.20000000000001,0.7999999999999616,10004154.94825233
-7.000000000000011,0.7999999999999616,10004200.063934216
-6.800000000000011,0.7999999999999616,10004238.725086655
-6.600000000000012,0.7999999999999616,10004270.840960514
-6.400000000000013,0.7999999999999616,10004296.353897946
-6.2000000000000135,0.7999999999999616,10004315.238789877
-6.000000000000014,0.7999999999999616,10004327.502260776
-5.800000000000015,0.7999999999999616,10004333.181607557
-5.600000000000016,0.7999999999999616,10004332.343521738
-5.400000000000016,0.7999999999999616,10004325.08262581
-5.200000000000017,0.7999999999999616,10004311.519855572
-5.000000000000018,0.7999999999999616,10004291.8007203
-4.8000000000000185,0.7999999999999616,10004266.093471844
-4.600000000000019,0.7999999999999616,10004234.58721246
-4.40000000000002,0.7999999999999616,10004197.489969058
-4.200000000000021,0.7999999999999616,10004155.026759136
-4.000000000000021,0.7999999999999616,10004107.437670669
-3.800000000000022,0.7999999999999616,10004054.97597503
-3.6000000000000227,0.7999999999999616,10003997.906288717
-3.4000000000000234,0.7999999999999616,10003936.502796123
-3.200000000000024,0.7999999999999616,10003871.047542388
-3.000000000000025,0.7999999999999616,10003801.82880209
-2.8000000000000256,0.7999999999999616,10003729.139526736
-2.6000000000000263,0.7999999999999616,10003653.275871431
-2.400000000000027,0.7999999999999616,10003574.535798987
-2.2000000000000277,0.7999999999999616,10003493.217758063
-2.0000000000000284,0.7999999999999616,10003409.619430766
-1.8000000000000291,0.7999999999999616,10003324.036544368
-1.6000000000000298,0.7999999999999616,10003236.761741599
-1.4000000000000306,0.7999999999999616,10003148.083504114
-1.2000000000000313,0.7999999999999616,10003058.285124348
-1.000000000000032,0.7999999999999616,10002967.643721817
-0.8000000000000327,0.7999999999999616,10002876.42930106
-0.6000000000000334,0.7999999999999616,10002784.903849822
-0.4000000000000341,0.7999999999999616,10002693.320477365
-0.20000000000003482,0.7999999999999616,10002601.922594378
-3.552713678800501e-14,0.7999999999999616,10002510.94313727
0.19999999999996376,0.7999999999999616,10002420.603840843
0.39999999999996305,0.7999999999999616,10002331.1145646
0.5999999999999623,0.7999999999999616,10002242.672678547
0.7999999999999616,0.7999999999999616,10002155.462515121
0.9999999999999609,0.7999999999999616,10002069.654894039
1.1999999999999602,0.7999999999999616,10001985.406726778
1.3999999999999595,0.7999999999999616,10001902.860707158
1.5999999999999588,0.7999999999999616,10001822.14509371
1.799999999999958,0.7999999999999616,10001743.373588609
1.9999999999999574,0.7999999999999616,10001666.645316798
2.1999999999999567,0.7999999999999616,10001592.044907495
2.399999999999956,0.7999999999999616,10001519.64267873
2.5999999999999552,0.7999999999999616,10001449.494923964
2.7999999999999545,0.7999999999999616,10001381.644298108
2.999999999999954,0.7999999999999616,10001316.120298613
3.199999999999953,0.7999999999999616,10001252.939835697
3.3999999999999524,0.7999999999999616,10001192.107884238
3.5999999999999517,0.7999999999999616,10001133.618208556
3.799999999999951,0.7999999999999616,10001077.454150174
3.9999999999999503,0.7999999999999616,10001023.589467667
4.1999999999999496,0.7999999999999616,10000971.989217084
4.399999999999949,0.7999999999999616,10000922.610660968
4.599999999999948,0.7999999999999616,10000875.404193867
4.799999999999947,0.7999999999999616,10000830.314272296
4.999999999999947,0.7999999999999616,10000787.280337498
5.199999999999946,0.7999999999999616,10000746.23771988
5.399999999999945,0.7999999999999616,10000707.11851478
5.599999999999945,0.7999999999999616,10000669.85242025
5.799999999999944,0.7999999999999616,10000634.367528517
5.999999999999943,0.7999999999999616,10000600.591064109
6.1999999999999424,0.7999999999999616,10000568.450062865
6.399999999999942,0.7999999999999616,10000537.871987367
6.599999999999941,0.7999999999999616,10000508.785275705
6.79999999999994,0.7999999999999616,10000481.119821785
6.99999999999994,0.7999999999999616,10000454.807386633
7.199999999999939,0.7999999999999616,10000429.781941313
7.399999999999938,0.7999999999999616,10000405.97994327
7.5999999999999375,0.7999999999999616,10000383.340548672
7.799999999999937,0.7999999999999616,10000361.805764377
7.999999999999936,0.7999999999999616,10000341.320543692
8.199999999999935,0.7999999999999616,10000321.832830707
8.399999999999935,0.7999999999999616,10000303.293558413
8.599999999999934,0.7999999999999616,10000285.656606056
8.799999999999933,0.7999999999999616,10000268.878721321
8.999999999999932,0.7999999999999616,10000252.919412995
9.199999999999932,0.7999999999999616,10000237.740819605
9.399999999999931,0.7999999999999616,10000223.307559429
9.59999999999993,0.7999999999999616,10000209.586566845
9.79999999999993,0.7999999999999616,10000196.54691985
-10.0,0.9999999999999609,10002903.819913682
-9.8,0.9999999999999609,10003011.311694369
-9.600000000000001,0.9999999999999609,10003116.815226838
-9.400000000000002,0.9999999999999609,10003219.90994357
-9.200000000000003,0.9999999999999609,10003320.18224833
-9.000000000000004,0.9999999999999609,10003417.228715552
-8.800000000000004,0.9999999999999609,10003510.659176819
-8.600000000000005,0.9999999999999609,10003600.09965454
-8.400000000000006,0.9999999999999609,10003685.195106013
-8.200000000000006,0.9999999999999609,10003765.611944797
-8.000000000000007,0.9999999999999609,10003841.040310863
-7.800000000000008,0.9999999999999609,10003911.196065806
-7.6000000000000085,0.9999999999999609,10003975.822494915
-7.400000000000009,0.9999999999999609,10004034.691703368
-7.20000000000001,0.9999999999999609,10004087.605699599
-7.000000000000011,0.9999999999999609,10004134.397164546
-6.800000000000011,0.9999999999999609,10004174.92991098
-6.600000000000012,0.9999999999999609,10004209.099042263
-6.400000000000013,0.9999999999999609,10004236.830824684
-6.2000000000000135,0.9999999999999609,10004258.082291596
-6.000000000000014,0.9999999999999609,10004272.84060122
-5.800000000000015,0.9999999999999609,10004281.122172749
-5.600000000000016,0.9999999999999609,10004282.97162743
-5.400000000000016,0.9999999999999609,10004278.460562628
-5.200000000000017,0.9999999999999609,10004267.686187407
-5.000000000000018,0.9999999999999609,10004250.769847851
-4.8000000000000185,0.9999999999999609,10004227.855469447
-4.600000000000019,0.9999999999999609,10004199.10794232
-4.40000000000002,0.9999999999999609,10004164.711472968
-4.200000000000021,0.9999999999999609,10004124.867923563
-4.000000000000021,0.9999999999999609,10004079.795157114
-3.800000000000022,0.9999999999999609,10004029.725403603
-3.6000000000000227,0.9999999999999609,10003974.903659103
-3.4000000000000234,0.9999999999999609,10003915.586126724
-3.200000000000024,0.9999999999999609,10003852.038705172
-3.000000000000025,0.9999999999999609,10003784.535528067
-2.8000000000000256,0.9999999999999609,10003713.357554553
-2.6000000000000263,0.9999999999999609,10003638.791209763
-2.400000000000027,0.9999999999999609,10003561.127072109
-2.2000000000000277,0.9999999999999609,10003480.658603106
-2.0000000000000284,0.9999999999999609,10003397.680914903
-1.8000000000000291,0.9999999999999609,10003312.489570366
-1.6000000000000298,0.9999999999999609,10003225.379410986
-1.4000000000000306,0.9999999999999609,10003136.643408392
-1.2000000000000313,0.9999999999999609,10003046.57153635
-1.000000000000032,0.9999999999999609,10002955.449661471
-0.8000000000000327,0.9999999999999609,10002863.558452237
-0.6000000000000334,0.9999999999999609,10002771.172307739
-0.4000000000000341,0.9999999999999609,10002678.558309035
-0.20000000000003482,0.9999999999999609,10002585.975197837
-3.552713678800501e-14,0.9999999999999609,10002493.672388589
0.19999999999996376,0.9999999999999609,10002401.889021458
0.39999999999996305,0.9999999999999609,10002310.853064714
0.5999999999999623,0.9999999999999609,10002220.780475888
0.7999999999999616,0.9999999999999609,10002131.874431405
0.9999999999999609,0.9999999999999609,10002044.324634578
1.1999999999999602,0.9999999999999609,10001958.306711543
1.3999999999999595,0.9999999999999609,10001873.981704097
1.5999999999999588,0.9999999999999609,10001791.495667413
1.799999999999958,0.9999999999999609,10001710.979379421
1.9999999999999574,0.9999999999999609,10001632.548167014
2.1999999999999567,0.9999999999999609,10001556.301852588
2.399999999999956,0.9999999999999609,10001482.32482249
2.5999999999999552,0.9999999999999609,10001410.686217012
2.7999999999999545,0.9999999999999609,10001341.440239428
2.999999999999954,0.9999999999999609,10001274.626579762
3.199999999999953,0.9999999999999609,10001210.27094692
3.3999999999999524,0.9999999999999609,10001148.38570107
3.5999999999999517,0.9999999999999609,10001088.970576687
3.799999999999951,0.9999999999999609,10001032.013485115
3.9999999999999503,0.9999999999999609,10000977.49138466
4.1999999999999496,0.9999999999999609,10000925.371205125
4.399999999999949,0.9999999999999609,10000875.610813396
4.599999999999948,0.9999999999999609,10000828.160006357
4.799999999999947,0.9999999999999609,10000782.961517422
4.999999999999947,0.9999999999999609,10000739.952023426
5.199999999999946,0.9999999999999609,10000699.063139115
5.399999999999945,0.9999999999999609,10000660.222387303
5.599999999999945,0.9999999999999609,10000623.354133831
5.799999999999944,0.9999999999999609,10000588.380477643
5.999999999999943,0.9999999999999609,10000555.222087508
6.1999999999999424,0.9999999999999609,10000523.798978508
6.399999999999942,0.9999999999999609,10000494.031222636
6.599999999999941,0.9999999999999609,10000465.8395895
6.79999999999994,0.9999999999999609,10000439.146114485
6.99999999999994,0.9999999999999609,10000413.874593087
7.199999999999939,0.9999999999999609,10000389.95100156
7.399999999999938,0.9999999999999609,10000367.303845081
7.5999999999999375,0.9999999999999609,10000345.864435818
7.799999999999937,0.9999999999999609,10000325.567104233
7.999999999999936,0.9999999999999609,10000306.34934766
8.199999999999935,0.9999999999999609,10000288.15192101
8.399999999999935,0.9999999999999609,10000270.918874748
8.599999999999934,0.9999999999999609,10000254.597545872
8.799999999999933,0.9999999999999609,10000239.138507567
8.999999999999932,0.9999999999999609,10000224.495483566
9.199999999999932,0.9999999999999609,10000210.625232913
9.399999999999931,0.9999999999999609,10000197.487410944
9.59999999999993,0.9999999999999609,10000185.044411795
9.79999999999993,0.9999999999999609,10000173.261197649
-10.0,1.1999999999999602,10002834.788976282
-9.8,1.1999999999999602,10002940.908112187
-9.600000000000001,1.1999999999999602,10003045.223283479
-9.400000000000002,1.1999999999999602,10003147.327163868
-9.200000000000003,1.1999999999999602,10003246.818183428
-9.000000000000004,1.1999999999999602,10003343.303541757
-8.800000000000004,1.1999999999999602,10003436.402118098
-8.600000000000005,1.1999999999999602,10003525.747241566
-8.400000000000006,1.1999999999999602,10003610.989287725
-8.200000000000006,1.1999999999999602,10003691.798071275
-8.000000000000007,1.1999999999999602,10003767.865009004
-7.800000000000008,1.1999999999999602,10003838.905031705
-7.6000000000000085,1.1999999999999602,10003904.658228954
-7.400000000000009,1.1999999999999602,10003964.891215723
-7.20000000000001,1.1999999999999602,10004019.398215257
-7.000000000000011,1.1999999999999602,10004068.001857733
-6.800000000000011,1.1999999999999602,10004110.55369938
-6.600000000000012,1.1999999999999602,10004146.934471227
-6.400000000000013,1.1999999999999602,10004177.054071108
-6.2000000000000135,1.1999999999999602,10004200.851315964
-6.000000000000014,1.1999999999999602,10004218.293474743
-5.800000000000015,1.1999999999999602,10004229.375604356
-5.600000000000016,1.1999999999999602,10004234.119712919
-5.400000000000016,1.1999999999999602,10004232.573775252
-5.200000000000017,1.1999999999999602,10004224.81062582
-5.000000000000018,1.1999999999999602,10004210.926753772
-4.8000000000000185,1.1999999999999602,10004191.041023491
-4.600000000000019,1.1999999999999602,10004165.293342356
-4.40000000000002,1.1999999999999602,10004133.843295263
-4.200000000000021,1.1999999999999602,10004096.86876278
-4.000000000000021,1.1999999999999602,10004054.56453707
-3.800000000000022,1.1999999999999602,10004007.14094675
-3.6000000000000227,1.1999999999999602,10003954.822498852
-3.4000000000000234,1.1999999999999602,10003897.846543228
-3.200000000000024,1.1999999999999602,10003836.461962037
-3.000000000000025,1.1999999999999602,10003770.927884566
-2.8000000000000256,1.1999999999999602,10003701.512425652
-2.6000000000000263,1.1999999999999602,10003628.49144439
-2.400000000000027,1.1999999999999602,10003552.147318648
-2.2000000000000277,1.1999999999999602,10003472.767730359
-2.0000000000000284,1.1999999999999602,10003390.644456375
-1.8000000000000291,1.1999999999999602,10003306.072160058
-1.6000000000000298,1.1999999999999602,10003219.347179491
-1.4000000000000306,1.1999999999999602,10003130.766309442
-1.2000000000000313,1.1999999999999602,10003040.625575613
-1.000000000000032,1.1999999999999602,10002949.219001494
-0.8000000000000327,1.1999999999999602,10002856.837369982
-0.6000000000000334,1.1999999999999602,10002763.766983828
-0.4000000000000341,1.1999999999999602,10002670.288431061
-0.20000000000003482,1.1999999999999602,10002576.675363129
-3.552713678800501e-14,1.1999999999999602,10002483.193295332
0.19999999999996376,1.1999999999999602,10002390.098440431
0.39999999999996305,1.1999999999999602,10002297.636587355
0.5999999999999623,1.1999999999999602,10002206.042037684
0.7999999999999616,1.1999999999999602,10002115.536612941
0.9999999999999609,1.1999999999999602,10002026.328745553
1.1999999999999602,1.1999999999999602,10001938.612665912
1.3999999999999595,1.1999999999999602,10001852.567697087
1.5999999999999588,1.1999999999999602,10001768.35766744
1.799999999999958,1.1999999999999602,10001686.130449837
1.9999999999999574,1.1999999999999602,10001606.017634314
2.1999999999999567,1.1999999999999602,10001528.134338908
2.399999999999956,1.1999999999999602,10001452.579161182
2.5999999999999552,1.1999999999999602,10001379.434270617
2.7999999999999545,1.1999999999999602,10001308.765639666
2.999999999999954,1.1999999999999602,10001240.623409027
3.199999999999953,1.1999999999999602,10001175.042380363
3.3999999999999524,1.1999999999999602,10001112.04262781
3.5999999999999517,1.1999999999999602,10001051.630217658
3.799999999999951,1.1999999999999602,10000993.79802412
3.9999999999999503,1.1999999999999602,10000938.526627734
4.1999999999999496,1.1999999999999602,10000885.785282101
4.399999999999949,1.1999999999999602,10000835.532933906
4.599999999999948,1.1999999999999602,10000787.719280943
4.799999999999947,1.1999999999999602,10000742.285852889
4.999999999999947,1.1999999999999602,10000699.167099768
5.199999999999946,1.1999999999999602,10000658.291473899
5.399999999999945,1.1999999999999602,10000619.582491715
5.599999999999945,1.1999999999999602,10000582.959763147
5.799999999999944,1.1999999999999602,10000548.339977412
5.999999999999943,1.1999999999999602,10000515.63783551
6.1999999999999424,1.1999999999999602,10000484.766921233
6.399999999999942,1.1999999999999602,10000455.640504068
6.599999999999941,1.1999999999999602,10000428.17226897
6.79999999999994,1.1999999999999602,10000402.276969554
6.99999999999994,1.1999999999999602,10000377.87100278
7.199999999999939,1.1999999999999602,10000354.872904634
7.399999999999938,1.1999999999999602,10000333.20376766
7.5999999999999375,1.1999999999999602,10000312.787582373
7.799999999999937,1.1999999999999602,10000293.551505687
7.999999999999936,1.1999999999999602,10000275.426060341
8.199999999999935,1.1999999999999602,10000258.34527008
8.399999999999935,1.1999999999999602,10000242.246735945
8.599999999999934,1.1999999999999602,10000227.071659414
8.799999999999933,1.1999999999999602,10000212.764818402
8.999999999999932,1.1999999999999602,10000199.274502315
9.199999999999932,1.1999999999999602,10000186.552412275
9.399999999999931,1.1999999999999602,10000174.553532543
9.59999999999993,1.1999999999999602,10000163.235978924
9.79999999999993,1.1999999999999602,10000152.560829712
-10.0,1.3999999999999595,10002764.417314513
-9.8,1.3999999999999595,10002869.162283413
-9.600000000000001,1.3999999999999595,10002972.294444691
-9.400000000000002,1.3999999999999595,10003073.420175256
-9.200000000000003,1.3999999999999595,10003172.150369836
-9.000000000000004,1.3999999999999595,10003268.103263289
-8.800000000000004,1.3999999999999595,10003360.907159822
-8.600000000000005,1.3999999999999595,10003450.203035457
-8.400000000000006,1.3999999999999595,10003535.646983048
-8.200000000000006,1.3999999999999595,10003616.912472509
-8.000000000000007,1.3999999999999595,10003693.692403156
-7.800000000000008,1.3999999999999595,10003765.700929338
-7.6000000000000085,1.3999999999999595,10003832.67504535
-7.400000000000009,1.3999999999999595,10003894.375920424
-7.20000000000001,1.3999999999999595,10003950.589979507
-7.000000000000011,1.3999999999999595,10004001.129730364
-6.800000000000011,1.3999999999999595,10004045.83434195
-6.600000000000012,1.3999999999999595,10004084.56998327
-6.400000000000013,1.3999999999999595,10004117.229935637
-6.2000000000000135,1.3999999999999595,10004143.734494306
-6.000000000000014,1.3999999999999595,10004164.03067814
-5.800000000000015,1.3999999999999595,10004178.091767604
-5.600000000000016,1.3999999999999595,10004185.916692756
-5.400000000000016,1.3999999999999595,10004187.529293245
-5.200000000000017,1.3999999999999595,10004182.977472039
-5.000000000000018,1.3999999999999595,10004172.332263924
-4.8000000000000185,1.3999999999999595,10004155.686838234
-4.600000000000019,1.3999999999999595,10004133.155453414
-4.40000000000002,1.3999999999999595,10004104.872378748
-4.200000000000021,1.3999999999999595,10004070.99079587
-4.000000000000021,1.3999999999999595,10004031.681690078
-3.800000000000022,1.3999999999999595,10003987.132738492
-3.6000000000000227,1.3999999999999595,10003937.547199454
-3.4000000000000234,1.3999999999999595,10003883.142804867
-3.200000000000024,1.3999999999999595,10003824.150654944
-3.000000000000025,1.3999999999999595,10003760.814112745
-2.8000000000000256,1.3999999999999595,10003693.387694446
-2.6000000000000263,1.3999999999999595,10003622.135950012
-2.400000000000027,1.3999999999999595,10003547.332328536
-2.2000000000000277,1.3999999999999595,10003469.258022275
-2.0000000000000284,1.3999999999999595,10003388.200783892
-1.8000000000000291,1.3999999999999595,10003304.45371227
-1.6000000000000298,1.3999999999999595,10003218.314003594
-1.4000000000000306,1.3999999999999595,10003130.081665983
-1.2000000000000313,1.3999999999999595,10003040.058197983
-1.000000000000032,1.3999999999999595,10002948.545233345
-0.8000000000000327,1.3999999999999595,10002855.84315672
-0.6000000000000334,1.3999999999999595,10002762.24969722
-0.4000000000000341,1.3999999999999595,10002668.058508927
-0.20000000000003482,1.3999999999999595,10002573.557749504
-3.552713678800501e-14,1.3999999999999595,10002479.028669748
0.19999999999996376,1.3999999999999595,10002384.744228454
0.39999999999996305,1.3999999999999595,10002290.967747912
0.5999999999999623,1.3999999999999595,10002197.951626144
0.7999999999999616,1.3999999999999595,10002105.93612209
0.9999999999999609,1.3999999999999595,10002015.148229701
1.1999999999999602,1.3999999999999595,10001925.800656179
1.3999999999999595,1.3999999999999595,10001838.090918543
1.5999999999999588,1.3999999999999595,10001752.200570984
1.799999999999958,1.3999999999999595,10001668.294573706
1.9999999999999574,1.3999999999999595,10001586.52081169
2.1999999999999567,1.3999999999999595,10001507.009769391
2.399999999999956,1.3999999999999595,10001429.874364773
2.5999999999999552,1.3999999999999595,10001355.20994344
2.7999999999999545,1.3999999999999595,10001283.094430901
2.999999999999954,1.3999999999999595,10001213.588638384
3.199999999999953,1.3999999999999595,10001146.736715106
3.3999999999999524,1.3999999999999595,10001082.566737654
3.5999999999999517,1.3999999999999595,10001021.091424948
3.799999999999951,1.3999999999999595,10000962.308965623
3.9999999999999503,1.3999999999999595,10000906.203943131
4.1999999999999496,1.3999999999999595,10000852.748342767
4.399999999999949,1.3999999999999595,10000801.902624158
4.599999999999948,1.3999999999999595,10000753.616842268
4.799999999999947,1.3999999999999595,10000707.831800064
4.999999999999947,1.3999999999999595,10000664.480216233
5.199999999999946,1.3999999999999595,10000623.487892013
5.399999999999945,1.3999999999999595,10000584.774862083
5.599999999999945,1.3999999999999595,10000548.25651566
5.799999999999944,1.3999999999999595,10000513.844675269
5.999999999999943,1.3999999999999595,10000481.448622193
6.1999999999999424,1.3999999999999595,10000450.976059223
6.399999999999942,1.3999999999999595,10000422.33400306
6.599999999999941,1.3999999999999595,10000395.429600386
6.79999999999994,1.3999999999999595,10000370.17086338
6.99999999999994,1.3999999999999595,10000346.467322107
7.199999999999939,1.3999999999999595,10000324.2305927
7.399999999999938,1.3999999999999595,10000303.374861836
7.5999999999999375,1.3999999999999595,10000283.817289244
7.799999999999937,1.3999999999999595,10000265.47833111
7.999999999999936,1.3999999999999595,10000248.281988412
8.199999999999935,1.3999999999999595,10000232.155984838
8.399999999999935,1.3999999999999595,10000217.03187981
8.599999999999934,1.3999999999999595,10000202.845122462
8.799999999999933,1.3999999999999595,10000189.535052825
8.999999999999932,1.3999999999999595,10000177.044856694
9.199999999999932,1.3999999999999595,10000165.321480578
9.399999999999931,1.3999999999999595,10000154.31551312
9.59999999999993,1.3999999999999595,10000143.98103914
9.79999999999993,1.3999999999999595,10000134.275472205
-10.0,1.5999999999999588,10002692.998619035
-9.8,1.5999999999999588,10002796.372723764
-9.600000000000001,1.5999999999999588,10002898.33109654
-9.400000000000002,1.5999999999999588,10002998.494205294
-9.200000000000003,1.5999999999999588,10003096.485777702
-9.000000000000004,1.5999999999999588,10003191.935428753
-8.800000000000004,1.5999999999999588,10003284.481205376
-8.600000000000005,1.5999999999999588,10003373.772017566
-8.400000000000006,1.5999999999999588,10003459.469928421
-8.200000000000006,1.5999999999999588,10003541.25227882
-8.000000000000007,1.5999999999999588,10003618.813626315
-7.800000000000008,1.5999999999999588,10003691.86748195
-7.6000000000000085,1.5999999999999588,10003760.147833165
-7.400000000000009,1.5999999999999588,10003823.410445372
-7.20000000000001,1.5999999999999588,10003881.433939349
-7.000000000000011,1.5999999999999588,10003934.020645797
-6.800000000000011,1.5999999999999588,10003980.997242523
-6.600000000000012,1.5999999999999588,10004022.21518336
-6.400000000000013,1.5999999999999588,10004057.550931077
-6.2000000000000135,1.5999999999999588,10004086.906009201
-6.000000000000014,1.5999999999999588,10004110.206889657
-5.800000000000015,1.5999999999999588,10004127.404734492
-5.600000000000016,1.5999999999999588,10004138.475010647
-5.400000000000016,1.5999999999999588,10004143.416996758
-5.200000000000017,1.5999999999999588,10004142.253200386
-5.000000000000018,1.5999999999999588,10004135.028702907
-4.8000000000000185,1.5999999999999588,10004121.810447592
-4.600000000000019,1.5999999999999588,10004102.686484318
-4.40000000000002,1.5999999999999588,10004077.765182
-4.200000000000021,1.5999999999999588,10004047.174417088
-4.000000000000021,1.5999999999999588,10004011.06074392
-3.800000000000022,1.5999999999999588,10003969.588549891
-3.6000000000000227,1.5999999999999588,10003922.939195944
-3.4000000000000234,1.5999999999999588,10003871.310140485
-3.200000000000024,1.5999999999999588,10003814.914042948
-3.000000000000025,1.5999999999999588,10003753.977841517
-2.8000000000000256,1.5999999999999588,10003688.741798481
-2.6000000000000263,1.5999999999999588,10003619.45850612
-2.400000000000027,1.5999999999999588,10003546.391845819
-2.2000000000000277,1.5999999999999588,10003469.815893691
-2.0000000000000284,1.5999999999999588,10003390.013766835
-1.8000000000000291,1.5999999999999588,10003307.276405877
-1.6000000000000298,1.5999999999999588,10003221.901291126
-1.4000000000000306,1.5999999999999588,10003134.191092025
-1.2000000000000313,1.5999999999999588,10003044.452251788
-1.000000000000032,1.5999999999999588,10002952.993511837
-0.8000000000000327,1.5999999999999588,10002860.12438318
-0.6000000000000334,1.5999999999999588,10002766.153574485
-0.4000000000000341,1.5999999999999588,10002671.387389028
-0.20000000000003482,1.5999999999999588,10002576.12810489
-3.552713678800501e-14,1.5999999999999588,10002480.672354687
0.19999999999996376,1.5999999999999588,10002385.3095226
0.39999999999996305,1.5999999999999588,10002290.320177516
0.5999999999999623,1.5999999999999588,10002195.974561714
0.7999999999999616,1.5999999999999588,10002102.531154562
0.9999999999999609,1.5999999999999588,10002010.235330246
1.1999999999999602,1.5999999999999588,10001919.318127654
1.3999999999999595,1.5999999999999588,10001829.995149078
1.5999999999999588,1.5999999999999588,10001742.46560252
1.799999999999958,1.5999999999999588,10001656.911500301
1.9999999999999574,1.5999999999999588,10001573.497023892
2.1999999999999567,1.5999999999999588,10001492.368062334
2.399999999999956,1.5999999999999588,10001413.651928527
2.5999999999999552,1.5999999999999588,10001337.457254706
2.7999999999999545,1.5999999999999588,10001263.874065321
2.999999999999954,1.5999999999999588,10001192.97402273
3.199999999999953,1.5999999999999588,10001124.810838126
3.3999999999999524,1.5999999999999588,10001059.420837734
3.5999999999999517,1.5999999999999588,10000996.82367188
3.799999999999951,1.5999999999999588,10000937.023152597
3.9999999999999503,1.5999999999999588,10000880.008203864
4.1999999999999496,1.5999999999999588,10000825.753907235
4.399999999999949,1.5999999999999588,10000774.22262488
4.599999999999948,1.5999999999999588,10000725.365181563
4.799999999999947,1.5999999999999588,10000679.12208705
4.999999999999947,1.5999999999999588,10000635.424780719
5.199999999999946,1.5999999999999588,10000594.196880896
5.399999999999945,1.5999999999999588,10000555.355422284
5.599999999999945,1.5999999999999588,10000518.81206619
5.799999999999944,1.5999999999999588,10000484.474269599
5.999999999999943,1.5999999999999588,10000452.246400904
6.1999999999999424,1.5999999999999588,10000422.03079169
6.399999999999942,1.5999999999999588,10000393.728715913
6.599999999999941,1.5999999999999588,10000367.241289621
6.79999999999994,1.5999999999999588,10000342.470286177
6.99999999999994,1.5999999999999588,10000319.31886379
7.199999999999939,1.5999999999999588,10000297.692203796
7.399999999999938,1.5999999999999588,10000277.498059742
7.5999999999999375,1.5999999999999588,10000258.64721876
7.799999999999937,1.5999999999999588,10000241.053877985
7.999999999999936,1.5999999999999588,10000224.635939876
8.199999999999935,1.5999999999999588,10000209.315231238
8.399999999999935,1.5999999999999588,10000195.017651442
8.599999999999934,1.5999999999999588,10000181.673255969
8.799999999999933,1.5999999999999588,10000169.216281699
8.999999999999932,1.5999999999999588,10000157.585120719
9.199999999999932,1.5999999999999588,10000146.7222493
9.399999999999931,1.5999999999999588,10000136.57411889
9.59999999999993,1.5999999999999588,10000127.091015508
9.79999999999993,1.5999999999999588,10000118.226893906
-10.0,1.799999999999958,10002620.82041989
-9.8,1.799999999999958,10002722.83142727
-9.600000000000001,1.799999999999958,10002823.628731677
-9.400000000000002,1.799999999999958,10002922.847206263
-9.200000000000003,1.799999999999958,10003020.123710373
-9.000000000000004,1.799999999999958,10003115.099519439
-8.800000000000004,1.799999999999958,10003207.422681982
-8.600000000000005,1.799999999999958,10003296.7502766
-8.400000000000006,1.799999999999958,10003382.750544362
-8.200000000000006,1.799999999999958,10003465.104875427
-8.000000000000007,1.799999999999958,10003543.509632207
-7.800000000000008,1.799999999999958,10003617.677795364
-7.6000000000000085,1.799999999999958,10003687.340422936
-7.400000000000009,1.799999999999958,10003752.247917091
-7.20000000000001,1.799999999999958,10003812.17109691
-7.000000000000011,1.799999999999958,10003866.902079646
-6.800000000000011,1.799999999999958,10003916.254976192
-6.600000000000012,1.799999999999958,10003960.066409923
-6.400000000000013,1.799999999999958,10003998.195870431
-6.2000000000000135,1.799999999999958,10004030.525916044
-6.000000000000014,1.799999999999958,10004056.962240279
-5.800000000000015,1.799999999999958,10004077.433618395
-5.600000000000016,1.799999999999958,10004091.891750362
-5.400000000000016,1.799999999999958,10004100.311016161
-5.200000000000017,1.799999999999958,10004102.688158404
-5.000000000000018,1.799999999999958,10004099.041905733
-4.8000000000000185,1.799999999999958,10004089.412548542
-4.600000000000019,1.799999999999958,10004073.861476319
-4.40000000000002,1.799999999999958,10004052.470683325
-4.200000000000021,1.799999999999958,10004025.342246758
-4.000000000000021,1.799999999999958,10003992.597778887
-3.800000000000022,1.799999999999958,10003954.377851978
-3.6000000000000227,1.799999999999958,10003910.841392675
-3.4000000000000234,1.799999999999958,10003862.165040283
-3.200000000000024,1.799999999999958,10003808.542461839
-3.000000000000025,1.799999999999958,10003750.183615714
-2.8000000000000256,1.799999999999958,10003687.313954726
-2.6000000000000263,1.799999999999958,10003620.173559709
-2.400000000000027,1.799999999999958,10003549.016194897
-2.2000000000000277,1.799999999999958,10003474.108277462
-2.0000000000000284,1.799999999999958,10003395.727755075
-1.8000000000000291,1.799999999999958,10003314.162887266
-1.6000000000000298,1.799999999999958,10003229.710928768
-1.4000000000000306,1.799999999999958,10003142.676715672
-1.2000000000000313,1.799999999999958,10003053.371158075
-1.000000000000032,1.799999999999958,10002962.109645931
-0.8000000000000327,1.799999999999958,10002869.210377736
-0.6000000000000334,1.799999999999958,10002774.992624715
-0.4000000000000341,1.799999999999958,10002679.774945637
-0.20000000000003482,1.799999999999958,10002583.873370023
-3.552713678800501e-14,1.799999999999958,10002487.599569367
0.19999999999996376,1.799999999999958,10002391.259037545
0.39999999999996305,1.799999999999958,10002295.149302753
0.5999999999999623,1.799999999999958,10002199.558193719
0.7999999999999616,1.799999999999958,10002104.76218287
0.9999999999999609,1.799999999999958,10002011.02482862
1.1999999999999602,1.799999999999958,10001918.59533765
1.3999999999999595,1.799999999999958,10001827.707266437
1.5999999999999588,1.799999999999958,10001738.57737914
1.799999999999958,1.799999999999958,10001651.404676331
1.9999999999999574,1.799999999999958,10001566.369606283
2.1999999999999567,1.799999999999958,10001483.63346726
2.399999999999956,1.799999999999958,10001403.338006107
2.5999999999999552,1.799999999999958,10001325.605214883
2.7999999999999545,1.799999999999958,10001250.537324116
2.999999999999954,1.799999999999958,10001178.216987837
3.199999999999953,1.799999999999958,10001108.707652526
3.3999999999999524,1.799999999999958,10001042.054099284
3.5999999999999517,1.799999999999958,10000978.28314594
3.799999999999951,1.799999999999958,10000917.404493704
3.9999999999999503,1.799999999999958,10000859.411701092
4.1999999999999496,1.799999999999958,10000804.283266583
4.399999999999949,1.799999999999958,10000751.983800488
4.599999999999948,1.799999999999958,10000702.46526593
4.799999999999947,1.799999999999958,10000655.668268947
4.999999999999947,1.799999999999958,10000611.52337781
5.199999999999946,1.799999999999958,10000569.952452522
5.399999999999945,1.799999999999958,10000530.869966377
5.599999999999945,1.799999999999958,10000494.184302783
5.799999999999944,1.799999999999958,10000459.799012136
5.999999999999943,1.799999999999958,10000427.614015184
6.1999999999999424,1.799999999999958,10000397.526741259
6.399999999999942,1.799999999999958,10000369.433191625
6.599999999999941,1.799999999999958,10000343.22892028
6.79999999999994,1.799999999999958,10000318.809926352
6.99999999999994,1.799999999999958,10000296.073454374
7.199999999999939,1.799999999999958,10000274.918700265
7.399999999999938,1.799999999999958,10000255.247422827
7.5999999999999375,1.799999999999958,10000236.964461895
7.799999999999937,1.799999999999958,10000219.978165783
7.999999999999936,1.799999999999958,10000204.200731859
8.199999999999935,1.799999999999958,10000189.548465004
8.399999999999935,1.799999999999958,10000175.94195965
8.599999999999934,1.799999999999958,10000163.306211643
8.799999999999933,1.799999999999958,10000151.570666594
8.999999999999932,1.799999999999958,10000140.66921177
9.199999999999932,1.799999999999958,10000130.540118508
9.399999999999931,1.799999999999958,10000121.125942284
9.59999999999993,1.799999999999958,10000112.373387255
9.79999999999993,1.799999999999958,10000104.23314191
-10.0,1.9999999999999574,10002548.162396967
-9.8,1.9999999999999574,10002648.822171707
-9.600000000000001,1.9999999999999574,10002748.474258447
-9.400000000000002,1.9999999999999574,10002846.768177183
-9.200000000000003,1.9999999999999574,10002943.354149325
-9.000000000000004,1.9999999999999574,10003037.88532761
-8.800000000000004,1.9999999999999574,10003130.01996339
-8.600000000000005,1.9999999999999574,10003219.423487337
-8.400000000000006,1.9999999999999574,10003305.770482251
-8.200000000000006,1.9999999999999574,10003388.746529724
-8.000000000000007,1.9999999999999574,10003468.04991589
-7.800000000000008,1.9999999999999574,10003543.39318504
-7.6000000000000085,1.9999999999999574,10003614.504533635
-7.400000000000009,1.9999999999999574,10003681.129041031
-7.20000000000001,1.9999999999999574,10003743.029736778
-7.000000000000011,1.9999999999999574,10003799.988507781
-6.800000000000011,1.9999999999999574,10003851.806851605
-6.600000000000012,1.9999999999999574,10003898.306484917
-6.400000000000013,1.9999999999999574,10003939.329818042
-6.2000000000000135,1.9999999999999574,10003974.740308307
-6.000000000000014,1.9999999999999574,10004004.42270573
-5.800000000000015,1.9999999999999574,10004028.28320499
-5.600000000000016,1.9999999999999574,10004046.24951737
-5.400000000000016,1.9999999999999574,10004058.270875541
-5.200000000000017,1.9999999999999574,10004064.317982705
-5.000000000000018,1.9999999999999574,10004064.3829158
-4.8000000000000185,1.9999999999999574,10004058.478990301
-4.600000000000019,1.9999999999999574,10004046.640591696
-4.40000000000002,1.9999999999999574,10004028.922976093
-4.200000000000021,1.9999999999999574,10004005.402039781
-4.000000000000021,1.9999999999999574,10003976.174054885
-3.800000000000022,1.9999999999999574,10003941.355365966
-3.6000000000000227,1.9999999999999574,10003901.082040127
-3.4000000000000234,1.9999999999999574,10003855.509461563
-3.200000000000024,1.9999999999999574,10003804.81186011
-3.000000000000025,1.9999999999999574,10003749.18176263
-2.8000000000000256,1.9999999999999574,10003688.829355784
-2.6000000000000263,1.9999999999999574,10003623.981749242
-2.400000000000027,1.9999999999999574,10003554.882129217
-2.2000000000000277,1.9999999999999574,10003481.788793817
-2.0000000000000284,1.9999999999999574,10003404.974063762
-1.8000000000000291,1.9999999999999574,10003324.72306442
-1.6000000000000298,1.9999999999999574,10003241.33237817
-1.4000000000000306,1.9999999999999574,10003155.108569052
-1.2000000000000313,1.9999999999999574,10003066.3665852
-1.000000000000032,1.9999999999999574,10002975.428047866
-0.8000000000000327,1.9999999999999574,10002882.619439159
-0.6000000000000334,1.9999999999999574,10002788.270203993
-0.4000000000000341,1.9999999999999574,10002692.710784502
-0.20000000000003482,1.9999999999999574,10002596.270607864
-3.552713678800501e-14,1.9999999999999574,10002499.276050583
0.19999999999996376,1.9999999999999574,10002402.048403857
0.39999999999996305,1.9999999999999574,10002304.901865812
0.5999999999999623,1.9999999999999574,10002208.141586618
0.7999999999999616,1.9999999999999574,10002112.061792536
0.9999999999999609,1.9999999999999574,10002016.944013992
1.1999999999999602,1.9999999999999574,10001923.055441447
1.3999999999999595,1.9999999999999574,10001830.647430811
1.5999999999999588,1.9999999999999574,10001739.954177814
1.799999999999958,1.9999999999999574,10001651.19157771
1.9999999999999574,1.9999999999999574,10001564.556283634
2.1999999999999567,1.9999999999999574,10001480.224973278
2.399999999999956,1.9999999999999574,10001398.353830049
2.5999999999999552,1.9999999999999574,10001319.078241073
2.7999999999999545,1.9999999999999574,10001242.512710696
2.999999999999954,1.9999999999999574,10001168.750984645
3.199999999999953,1.9999999999999574,10001097.866376521
3.3999999999999524,1.9999999999999574,10001029.912285278
3.5999999999999517,1.9999999999999574,10000964.922889521
3.799999999999951,1.9999999999999574,10000902.914002094
3.9999999999999503,1.9999999999999574,10000843.88406646
4.1999999999999496,1.9999999999999574,10000787.815274915
4.399999999999949,1.9999999999999574,10000734.674787596
4.599999999999948,1.9999999999999574,10000684.416030724
4.799999999999947,1.9999999999999574,10000636.980052369
4.999999999999947,1.9999999999999574,10000592.296914395
5.199999999999946,1.9999999999999574,10000550.287099877
5.399999999999945,1.9999999999999574,10000510.862916466
5.599999999999945,1.9999999999999574,10000473.929877408
5.799999999999944,1.9999999999999574,10000439.38804371
5.999999999999943,1.9999999999999574,10000407.133312669
6.1999999999999424,1.9999999999999574,10000377.058640001
6.399999999999942,1.9999999999999574,10000349.055184882
6.599999999999941,1.9999999999999574,10000323.013369303
6.79999999999994,1.9999999999999574,10000298.823845292
6.99999999999994,1.9999999999999574,10000276.37836549
7.199999999999939,1.9999999999999574,10000255.570554666
7.399999999999938,1.9999999999999574,10000236.296581432
7.5999999999999375,1.9999999999999574,10000218.45573118
7.799999999999937,1.9999999999999574,10000201.950882714
7.999999999999936,1.9999999999999574,10000186.688892324
8.199999999999935,1.9999999999999574,10000172.580890192
8.399999999999935,1.9999999999999574,10000159.542494878
8.599999999999934,1.9999999999999574,10000147.493952297
8.799999999999933,1.9999999999999574,10000136.360206176
8.999999999999932,1.9999999999999574,10000126.070907213
9.199999999999932,1.9999999999999574,10000116.56036832
9.399999999999931,1.9999999999999574,10000107.76747335
9.59999999999993,1.9999999999999574,10000099.635546518
9.79999999999993,1.9999999999999574,10000092.112189526
-10.0,2.1999999999999567,10002475.294762451
-9.8,2.1999999999999567,10002574.618893905
-9.600000000000001,2.1999999999999567,10002673.144376932
-9.400000000000002,2.1999999999999567,10002770.535549168
-9.200000000000003,2.1999999999999567,10002866.456157783
-9.000000000000004,2.1999999999999567,10002960.571388038
-8.800000000000004,2.1999999999999567,10003052.549839418
-8.600000000000005,2.1999999999999567,10003142.06542872
-8.400000000000006,2.1999999999999567,10003228.79920193
-8.200000000000006,2.1999999999999567,10003312.44103975
-8.000000000000007,2.1999999999999567,10003392.691244746
-7.800000000000008,2.1999999999999567,10003469.262001503
-7.6000000000000085,2.1999999999999567,10003541.878704565
-7.400000000000009,2.1999999999999567,10003610.281152274
-7.20000000000001,2.1999999999999567,10003674.224607784
-7.000000000000011,2.1999999999999567,10003733.48073152
-6.800000000000011,2.1999999999999567,10003787.838391794
-6.600000000000012,2.1999999999999567,10003837.104362411
-6.400000000000013,2.1999999999999567,10003881.103917785
-6.2000000000000135,2.1999999999999567,10003919.681336941
-6.000000000000014,2.1999999999999567,10003952.700328367
-5.800000000000015,2.1999999999999567,10003980.044387475
-5.600000000000016,2.1999999999999567,10004001.617097681
-5.400000000000016,2.1999999999999567,10004017.342384955
-5.200000000000017,2.1999999999999567,10004027.164733835
-5.000000000000018,2.1999999999999567,10004031.049370904
-4.8000000000000185,2.1999999999999567,10004028.982419232
-4.600000000000019,2.1999999999999567,10004020.9710246
-4.40000000000002,2.1999999999999567,10004007.043451775
-4.200000000000021,2.1999999999999567,10003987.249146191
-4.000000000000021,2.1999999999999567,10003961.65875406
-3.800000000000022,2.1999999999999567,10003930.364091488
-3.6000000000000227,2.1999999999999567,10003893.47805135
-3.4000000000000234,2.1999999999999567,10003851.134435136
-3.200000000000024,2.1999999999999567,10003803.4876961
-3.000000000000025,2.1999999999999567,10003750.712579576
-2.8000000000000256,2.1999999999999567,10003693.003646703
-2.6000000000000263,2.1999999999999567,10003630.574668538
-2.400000000000027,2.1999999999999567,10003563.657879114
-2.2000000000000277,2.1999999999999567,10003492.503078056
-2.0000000000000284,2.1999999999999567,10003417.37657592
-1.8000000000000291,2.1999999999999567,10003338.559978493
-1.6000000000000298,2.1999999999999567,10003256.348809738
-1.4000000000000306,2.1999999999999567,10003171.050976673
-1.2000000000000313,2.1999999999999567,10003082.98508329
-1.000000000000032,2.1999999999999567,10002992.478604512
-0.8000000000000327,2.1999999999999567,10002899.865934836
-0.6000000000000334,2.1999999999999567,10002805.486329885
-0.4000000000000341,2.1999999999999567,10002709.681762287
-0.20000000000003482,2.1999999999999567,10002612.794716017
-3.552713678800501e-14,2.1999999999999567,10002515.165945625
0.19999999999996376,2.1999999999999567,10002417.132228471
0.39999999999996305,2.1999999999999567,10002319.024139035
0.5999999999999623,2.1999999999999567,10002221.16387481
0.7999999999999616,2.1999999999999567,10002123.863162931
0.9999999999999609,2.1999999999999567,10002027.4212757
1.1999999999999602,2.1999999999999567,10001932.123181608
1.3999999999999595,2.1999999999999567,10001838.237856077
1.5999999999999588,2.1999999999999567,10001746.016773619
1.799999999999958,2.1999999999999567,10001655.69259969
1.9999999999999574,2.1999999999999567,10001567.478097063
2.1999999999999567,2.1999999999999567,10001481.565257741
2.399999999999956,2.1999999999999567,10001398.124667292
2.5999999999999552,2.1999999999999567,10001317.305104595
2.7999999999999545,2.1999999999999567,10001239.23337581
2.999999999999954,2.1999999999999567,10001164.014377628
3.199999999999953,2.1999999999999567,10001091.731381048
3.3999999999999524,2.1999999999999567,10001022.446523698
3.5999999999999517,2.1999999999999567,10000956.2014956
3.799999999999951,2.1999999999999567,10000893.018400772
3.9999999999999503,2.1999999999999567,10000832.900774918
4.1999999999999496,2.1999999999999567,10000775.834737843
4.399999999999949,2.1999999999999567,10000721.79025808
4.599999999999948,2.1999999999999567,10000670.722506648
4.799999999999947,2.1999999999999567,10000622.57327662
4.999999999999947,2.1999999999999567,10000577.272445643
5.199999999999946,2.1999999999999567,10000534.739459157
5.399999999999945,2.1999999999999567,10000494.88481326
5.599999999999945,2.1999999999999567,10000457.611517638
5.799999999999944,2.1999999999999567,10000422.816520615
5.999999999999943,2.1999999999999567,10000390.392080395
6.1999999999999424,2.1999999999999567,10000360.227068674
6.399999999999942,2.1999999999999567,10000332.208194934
6.599999999999941,2.1999999999999567,10000306.221141981
6.79999999999994,2.1999999999999567,10000282.151605599
6.99999999999994,2.1999999999999567,10000259.886233235
7.199999999999939,2.1999999999999567,10000239.313458826
7.399999999999938,2.1999999999999567,10000220.324232714
7.5999999999999375,2.1999999999999567,10000202.81264742
7.799999999999937,2.1999999999999567,10000186.67646168
7.999999999999936,2.1999999999999567,10000171.817526404
8.199999999999935,2.1999999999999567,10000158.142117552
8.399999999999935,2.1999999999999567,10000145.56118174
8.599999999999934,2.1999999999999567,10000133.990501273
8.799999999999933,2.1999999999999567,10000123.35078571
8.999999999999932,2.1999999999999567,10000113.567697559
9.199999999999932,2.1999999999999567,10000104.571819745
9.399999999999931,2.1999999999999567,10000096.298572602
9.59999999999993,2.1999999999999567,10000088.688087946
9.79999999999993,2.1999999999999567,10000081.685047561
-10.0,2.399999999999956,10002402.476733508
-9.8,2.399999999999956,10002500.484153604
-9.600000000000001,2.399999999999956,10002597.904041126
-9.400000000000002,2.399999999999956,10002694.415653523
-9.200000000000003,2.399999999999956,10002789.696363006
-9.000000000000004,2.399999999999956,10002883.423483081
-8.800000000000004,2.399999999999956,10002975.276052918
-8.600000000000005,2.399999999999956,10003064.936562145
-8.400000000000006,2.399999999999956,10003152.092601206
-8.200000000000006,2.399999999999956,10003236.438425064
-8.000000000000007,2.399999999999956,10003317.676421149
-7.800000000000008,2.399999999999956,10003395.51847545
-7.6000000000000085,2.399999999999956,10003469.687233767
-7.400000000000009,2.399999999999956,10003539.917258048
-7.20000000000001,2.399999999999956,10003605.956080597
-7.000000000000011,2.399999999999956,10003667.565161206
-6.800000000000011,2.399999999999956,10003724.52075453
-6.600000000000012,2.399999999999956,10003776.614696365
-6.400000000000013,2.399999999999956,10003823.655118732
-6.2000000000000135,2.399999999999956,10003865.467104042
-6.000000000000014,2.399999999999956,10003901.893288633
-5.800000000000015,2.399999999999956,10003932.794425208
-5.600000000000016,2.399999999999956,10003958.04991262
-5.400000000000016,2.399999999999956,10003977.558299726
-5.200000000000017,2.399999999999956,10003991.237767888
-5.000000000000018,2.399999999999956,10003999.026594374
-4.8000000000000185,2.399999999999956,10004000.883596055
-4.600000000000019,2.399999999999956,10003996.788550168
-4.40000000000002,2.399999999999956,10003986.742585972
-4.200000000000021,2.399999999999956,10003970.768538475
-4.000000000000021,2.399999999999956,10003948.911252836
-3.800000000000022,2.399999999999956,10003921.237826072
-3.6000000000000227,2.399999999999956,10003887.83777076
-3.4000000000000234,2.399999999999956,10003848.8230844
-3.200000000000024,2.399999999999956,10003804.32820746
-3.000000000000025,2.399999999999956,10003754.509853097
-2.8000000000000256,2.399999999999956,10003699.546692358
-2.6000000000000263,2.399999999999956,10003639.63887992
-2.400000000000027,2.399999999999956,10003575.007407516
-2.2000000000000277,2.399999999999956,10003505.893274792
-2.0000000000000284,2.399999999999956,10003432.556470396
-1.8000000000000291,2.399999999999956,10003355.27475984
-1.6000000000000298,2.399999999999956,10003274.342280453
-1.4000000000000306,2.399999999999956,10003190.06794802
-1.2000000000000313,2.399999999999956,10003102.773683906
-1.000000000000032,2.399999999999956,10003012.792475773
-0.8000000000000327,2.399999999999956,10002920.466289023
-0.6000000000000334,2.399999999999956,10002826.143850002
-0.4000000000000341,2.399999999999956,10002730.178325435
-0.20000000000003482,2.399999999999956,10002632.924925445
-3.552713678800501e-14,2.399999999999956,10002534.738459952
0.19999999999996376,2.399999999999956,10002435.970879966
0.39999999999996305,2.399999999999956,10002336.968836231
0.5999999999999623,2.399999999999956,10002238.071288042
0.7999999999999616,2.399999999999956,10002139.607194627
0.9999999999999609,2.399999999999956,10002041.893320177
1.1999999999999602,2.399999999999956,10001945.23218196
1.3999999999999595,2.399999999999956,10001849.910168255
1.5999999999999588,2.399999999999956,10001756.195849977
1.799999999999958,2.399999999999956,10001664.338506175
1.9999999999999574,2.399999999999956,10001574.566879813
2.1999999999999567,2.399999999999956,10001487.088175979
2.399999999999956,2.399999999999956,10001402.087310353
2.5999999999999552,2.399999999999956,10001319.726411356
2.7999999999999545,2.399999999999956,10001240.144575031
2.999999999999954,2.399999999999956,10001163.457867576
3.199999999999953,2.399999999999956,10001089.759566344
3.3999999999999524,2.399999999999956,10001019.12062669
3.5999999999999517,2.399999999999956,10000951.590358665
3.799999999999951,2.399999999999956,10000887.197294824
3.9999999999999503,2.399999999999956,10000825.950228218
4.1999999999999496,2.399999999999956,10000767.839397743
4.399999999999949,2.399999999999956,10000712.837796964
4.599999999999948,2.399999999999956,10000660.902581707
4.799999999999947,2.399999999999956,10000611.976551667
4.999999999999947,2.399999999999956,10000565.989681525
5.199999999999946,2.399999999999956,10000522.860677864
5.399999999999945,2.399999999999956,10000482.498539401
5.599999999999945,2.399999999999956,10000444.804099485
5.799999999999944,2.399999999999956,10000409.671531737
5.999999999999943,2.399999999999956,10000376.989801655
6.1999999999999424,2.399999999999956,10000346.644049326
6.399999999999942,2.399999999999956,10000318.516890595
6.599999999999941,2.399999999999956,10000292.489626486
6.79999999999994,2.399999999999956,10000268.443353029
6.99999999999994,2.399999999999956,10000246.25996585
7.199999999999939,2.399999999999956,10000225.82305623
7.399999999999938,2.399999999999956,10000207.018697213
7.5999999999999375,2.399999999999956,10000189.736120418
7.799999999999937,2.399999999999956,10000173.868285714
7.999999999999936,2.399999999999956,10000159.312347531
8.199999999999935,2.399999999999956,10000145.970022775
8.399999999999935,2.399999999999956,10000133.747866357
8.599999999999934,2.399999999999956,10000122.55746116
8.799999999999933,2.399999999999956,10000112.315529853
8.999999999999932,2.399999999999956,10000102.943976374
9.199999999999932,2.399999999999956,10000094.36986507
9.399999999999931,2.399999999999956,10000086.525345575
9.59999999999993,2.399999999999956,10000079.347531281
9.79999999999993,2.399999999999956,10000072.77833915
-10.0,2.5999999999999552,10002329.955112923
-9.8,2.5999999999999552,10002426.667704208
-9.600000000000001,2.5999999999999552,10002523.00502621
-9.400000000000002,2.5999999999999552,10002618.661292396
-9.200000000000003,2.5999999999999552,10002713.327537505
-9.000000000000004,2.5999999999999552,10002806.693242162
-8.800000000000004,2.5999999999999552,10002898.447925555
-8.600000000000005,2.5999999999999552,10002988.282692015
-8.400000000000006,2.5999999999999552,10003075.89171984
-8.200000000000006,2.5999999999999552,10003160.973683136
-8.000000000000007,2.5999999999999552,10003243.233100466
-7.800000000000008,2.5999999999999552,10003322.381606717
-7.6000000000000085,2.5999999999999552,10003398.139147367
-7.400000000000009,2.5999999999999552,10003470.235097071
-7.20000000000001,2.5999999999999552,10003538.409306549
-7.000000000000011,2.5999999999999552,10003602.413083974
-6.800000000000011,2.5999999999999552,10003662.010118455
-6.600000000000012,2.5999999999999552,10003716.977354297
-6.400000000000013,2.5999999999999552,10003767.105825298
-6.2000000000000135,2.5999999999999552,10003812.201458199
-6.000000000000014,2.5999999999999552,10003852.08585393
-5.800000000000015,2.5999999999999552,10003886.597054044
-5.600000000000016,2.5999999999999552,10003915.590298092
-5.400000000000016,2.5999999999999552,10003938.938775655
-5.200000000000017,2.5999999999999552,10003956.534374168
-5.000000000000018,2.5999999999999552,10003968.288421024
-4.8000000000000185,2.5999999999999552,10003974.132415367
-4.600000000000019,2.5999999999999552,10003974.01874219
-4.40000000000002,2.5999999999999552,10003967.921358265
-4.200000000000021,2.5999999999999552,10003955.836436763
-4.000000000000021,2.5999999999999552,10003937.782955043
-3.800000000000022,2.5999999999999552,10003913.803207971
-3.6000000000000227,2.5999999999999552,10003883.96322771
-3.4000000000000234,2.5999999999999552,10003848.353089973
-3.200000000000024,2.5999999999999552,10003807.087086467
-3.000000000000025,2.5999999999999552,10003760.30374376
-2.8000000000000256,2.5999999999999552,10003708.165669834
-2.6000000000000263,2.5999999999999552,10003650.859211601
-2.400000000000027,2.5999999999999552,10003588.593909012
-2.2000000000000277,2.5999999999999552,10003521.601734713
-2.0000000000000284,2.5999999999999552,10003450.136111699
-1.8000000000000291,2.5999999999999552,10003374.470705723
-1.6000000000000298,2.5999999999999552,10003294.897993546
-1.4000000000000306,2.5999999999999552,10003211.727612779
-1.2000000000000313,2.5999999999999552,10003125.284503909
-1.000000000000032,2.5999999999999552,10003035.906859629
-0.8000000000000327,2.5999999999999552,10002943.943901144
-0.6000000000000334,2.5999999999999552,10002849.753505263
-0.4000000000000341,2.5999999999999552,10002753.699709691
-0.20000000000003482,2.5999999999999552,10002656.15012721
-3.552713678800501e-14,2.5999999999999552,10002557.473301778
0.19999999999996376,2.5999999999999552,10002458.036041442
0.39999999999996305,2.5999999999999552,10002358.200763948
0.5999999999999623,2.5999999999999552,10002258.322891075
0.7999999999999616,2.5999999999999552,10002158.748327285
0.9999999999999609,2.5999999999999552,10002059.811056769
1.1999999999999602,2.5999999999999552,10001961.830891008
1.3999999999999595,2.5999999999999552,10001865.111396138
1.5999999999999588,2.5999999999999552,10001769.9380261
1.799999999999958,2.5999999999999552,10001676.576483706
1.9999999999999574,2.5999999999999552,10001585.271327464
2.1999999999999567,2.5999999999999552,10001496.244837563
2.399999999999956,2.5999999999999552,10001409.696149675
2.5999999999999552,2.5999999999999552,10001325.800660439
2.7999999999999545,2.5999999999999552,10001244.709703969
2.999999999999954,2.5999999999999552,10001166.55049403
3.199999999999953,2.5999999999999552,10001091.426322442
3.3999999999999524,2.5999999999999552,10001019.417000288
3.5999999999999517,2.5999999999999552,10000950.579525115
3.799999999999951,2.5999999999999552,10000884.948954325
3.9999999999999503,2.5999999999999552,10000822.53946249
4.1999999999999496,2.5999999999999552,10000763.345558528
4.399999999999949,2.5999999999999552,10000707.343437321
4.599999999999948,2.5999999999999552,10000654.492439605
4.799999999999947,2.5999999999999552,10000604.736593833
4.999999999999947,2.5999999999999552,10000558.006213997
5.199999999999946,2.5999999999999552,10000514.219528224
5.399999999999945,2.5999999999999552,10000473.284314197
5.599999999999945,2.5999999999999552,10000435.09951903
5.799999999999944,2.5999999999999552,10000399.5568432
5.999999999999943,2.5999999999999552,10000366.542270217
6.1999999999999424,2.5999999999999552,10000335.937526086
6.399999999999942,2.5999999999999552,10000307.621455088
6.599999999999941,2.5999999999999552,10000281.471300794
6.79999999999994,2.5999999999999552,10000257.36388386
6.99999999999994,2.5999999999999552,10000235.176670419
7.199999999999939,2.5999999999999552,10000214.78872731
7.399999999999938,2.5999999999999552,10000196.081562517
7.5999999999999375,2.5999999999999552,10000178.939851156
7.799999999999937,2.5999999999999552,10000163.252049206
7.999999999999936,2.5999999999999552,10000148.910898618
8.199999999999935,2.5999999999999552,10000135.81382897
8.399999999999935,2.5999999999999552,10000123.863261683
8.599999999999934,2.5999999999999552,10000112.96682393
8.799999999999933,2.5999999999999552,10000103.03747982
8.999999999999932,2.5999999999999552,10000093.99358699
9.199999999999932,2.5999999999999552,10000085.758886883
9.399999999999931,2.5999999999999552,10000078.262437118
9.59999999999993,2.5999999999999552,10000071.438494168
9.79999999999993,2.5999999999999552,10000065.22635439
-10.0,2.7999999999999545,10002257.96299457
-9.8,2.7999999999999545,10002353.405188138
-9.600000000000001,2.7999999999999545,10002448.684619324
-9.400000000000002,2.7999999999999545,10002543.510430967
-9.200000000000003,2.7999999999999545,10002637.58729906
-9.000000000000004,2.7999999999999545,10002730.616856314
-8.800000000000004,2.7999999999999545,10002822.299093936
-8.600000000000005,2.7999999999999545,10002912.33373073
-8.400000000000006,2.7999999999999545,10003000.421540994
-8.200000000000006,2.7999999999999545,10003086.26563505
-8.000000000000007,2.7999999999999545,10003169.57268898
-7.800000000000008,2.7999999999999545,10003250.054122467
-7.6000000000000085,2.7999999999999545,10003327.427226257
-7.400000000000009,2.7999999999999545,10003401.416242816
-7.20000000000001,2.7999999999999545,10003471.753405698
-7.000000000000011,2.7999999999999545,10003538.179944692
-6.800000000000011,2.7999999999999545,10003600.447064782
-6.600000000000012,2.7999999999999545,10003658.31690754
-6.400000000000013,2.7999999999999545,10003711.563503586
-6.2000000000000135,2.7999999999999545,10003759.973724121
-6.000000000000014,2.7999999999999545,10003803.348238463
-5.800000000000015,2.7999999999999545,10003841.50248291
-5.600000000000016,2.7999999999999545,10003874.267644007
-5.400000000000016,2.7999999999999545,10003901.491656926
-5.200000000000017,2.7999999999999545,10003923.040216671
-5.000000000000018,2.7999999999999545,10003938.797796864
-4.8000000000000185,2.7999999999999545,10003948.668667609
-4.600000000000019,2.7999999999999545,10003952.57790083
-4.40000000000002,2.7999999999999545,10003950.472348435
-4.200000000000021,2.7999999999999545,10003942.321575856
-4.000000000000021,2.7999999999999545,10003928.118731283
-3.800000000000022,2.7999999999999545,10003907.881328838
-3.6000000000000227,2.7999999999999545,10003881.651922796
-3.4000000000000234,2.7999999999999545,10003849.49864928
-3.200000000000024,2.7999999999999545,10003811.515611902
-3.000000000000025,2.7999999999999545,10003767.823088728
-2.8000000000000256,2.7999999999999545,10003718.567539504
-2.6000000000000263,2.7999999999999545,10003663.921394458
-2.400000000000027,2.7999999999999545,10003604.08260896
-2.2000000000000277,2.7999999999999545,10003539.273972126
-2.0000000000000284,2.7999999999999545,10003469.742161516
-1.8000000000000291,2.7999999999999545,10003395.756540876
-1.6000000000000298,2.7999999999999545,10003317.607702749
-1.4000000000000306,2.7999999999999545,10003235.605762962
-1.2000000000000313,2.7999999999999545,10003150.07841921
-1.000000000000032,2.7999999999999545,10003061.368790954
-0.8000000000000327,2.7999999999999545,10002969.83306281
-0.6000000000000334,2.7999999999999545,10002875.837957902
-0.4000000000000341,2.7999999999999545,10002779.758071667
-0.20000000000003482,2.7999999999999545,10002681.973099917
-3.552713678800501e-14,2.7999999999999545,10002582.864997538
0.19999999999996376,2.7999999999999545,10002482.815105997
0.39999999999996305,2.7999999999999545,10002382.201288871
0.5999999999999623,2.7999999999999545,10002281.395114763
0.7999999999999616,2.7999999999999545,10002180.759126157
0.9999999999999609,2.7999999999999545,10002080.644231392
1.1999999999999602,2.7999999999999545,10001981.387254452
1.3999999999999595,2.7999999999999545,10001883.308674404
1.5999999999999588,2.7999999999999545,10001786.710582556
1.799999999999958,2.7999999999999545,10001691.874881316
1.9999999999999574,2.7999999999999545,10001599.061744127
2.1999999999999567,2.7999999999999545,10001508.508350993
2.399999999999956,2.7999999999999545,10001420.427909078
2.5999999999999552,2.7999999999999545,10001335.008962823
2.7999999999999545,2.7999999999999545,10001252.414992902
2.999999999999954,2.7999999999999545,10001172.78429875
3.199999999999953,2.7999999999999545,10001096.230154617
3.3999999999999524,2.7999999999999545,10001022.841225203
3.5999999999999517,2.7999999999999545,10000952.682223085
3.799999999999951,2.7999999999999545,10000885.794787087
3.9999999999999503,2.7999999999999545,10000822.19855816
4.1999999999999496,2.7999999999999545,10000761.892427266
4.399999999999949,2.7999999999999545,10000704.855928494
4.599999999999948,2.7999999999999545,10000651.050749721
4.799999999999947,2.7999999999999545,10000600.422333026
4.999999999999947,2.7999999999999545,10000552.901537374
5.199999999999946,2.7999999999999545,10000508.406336853
5.399999999999945,2.7999999999999545,10000466.84352919
5.599999999999945,2.7999999999999545,10000428.11043082
5.799999999999944,2.7999999999999545,10000392.09653684
5.999999999999943,2.7999999999999545,10000358.685126463
6.1999999999999424,2.7999999999999545,10000327.75479698
6.399999999999942,2.7999999999999545,10000299.180911848
6.599999999999941,2.7999999999999545,10000272.836951109
6.79999999999994,2.7999999999999545,10000248.595754974
6.99999999999994,2.7999999999999545,10000226.330653938
7.199999999999939,2.7999999999999545,10000205.916481216
7.399999999999938,2.7999999999999545,10000187.230465632
7.5999999999999375,2.7999999999999545,10000170.153005073
7.799999999999937,2.7999999999999545,10000154.568322632
7.999999999999936,2.7999999999999545,10000140.365009127
8.199999999999935,2.7999999999999545,10000127.43645712
8.399999999999935,2.7999999999999545,10000115.681192733
8.599999999999934,2.7999999999999545,10000105.003112502
8.799999999999933,2.7999999999999545,10000095.311633104
8.999999999999932,2.7999999999999545,10000086.521762379
9.199999999999932,2.7999999999999545,10000078.554100258
9.399999999999931,2.7999999999999545,10000071.33477826
9.59999999999993,2.7999999999999545,10000064.795346154
9.79999999999993,2.7999999999999545,10000058.872614145
-10.0,2.999999999999954,10002186.718609102
-9.8,2.999999999999954,10002280.916972864
-9.600000000000001,2.999999999999954,10002375.16445084
-9.400000000000002,2.999999999999954,10002469.18502911
-9.200000000000003,2.999999999999954,10002562.696948245
-9.000000000000004,2.999999999999954,10002655.413927361
-8.800000000000004,2.999999999999954,10002747.04637649
-8.600000000000005,2.999999999999954,10002837.302589552
-8.400000000000006,2.999999999999954,10002925.889912575
-8.200000000000006,2.999999999999954,10003012.515883964
-8.000000000000007,2.999999999999954,10003096.889346175
-7.800000000000008,2.999999999999954,10003178.721530216
-7.6000000000000085,2.999999999999954,10003257.727116661
-7.400000000000009,2.999999999999954,10003333.625278547
-7.20000000000001,2.999999999999954,10003406.140713094
-7.000000000000011,2.999999999999954,10003475.004670175
-6.800000000000011,2.999999999999954,10003539.955986045
-6.600000000000012,2.999999999999954,10003600.742130868
-6.400000000000013,2.999999999999954,10003657.120278029
-6.2000000000000135,2.999999999999954,10003708.858402153
-6.000000000000014,2.999999999999954,10003755.736411126
-5.800000000000015,2.999999999999954,10003797.54731523
-5.600000000000016,2.999999999999954,10003834.09843402
-5.400000000000016,2.999999999999954,10003865.212638482
-5.200000000000017,2.999999999999954,10003890.729622973
-5.000000000000018,2.999999999999954,10003910.507197862
-4.8000000000000185,2.999999999999954,10003924.42259056
-4.600000000000019,2.999999999999954,10003932.37373917
-4.40000000000002,2.999999999999954,10003934.28055993
-4.200000000000021,2.999999999999954,10003930.086166814
-4.000000000000021,2.999999999999954,10003919.758019375
-3.800000000000022,2.999999999999954,10003903.288973143
-3.6000000000000227,2.999999999999954,10003880.698205823
-3.4000000000000234,2.999999999999954,10003852.031992152
-3.200000000000024,2.999999999999954,10003817.364300782
-3.000000000000025,2.999999999999954,10003776.797187658
-2.8000000000000256,2.999999999999954,10003730.46096257
-2.6000000000000263,2.999999999999954,10003678.514108252
-2.400000000000027,2.999999999999954,10003621.14293497
-2.2000000000000277,2.999999999999954,10003558.560957856
-2.0000000000000284,2.999999999999954,10003491.007988809
-1.8000000000000291,2.999999999999954,10003418.748940155
-1.6000000000000298,2.999999999999954,10003342.07234257
-1.4000000000000306,2.999999999999954,10003261.288585562
-1.2000000000000313,2.999999999999954,10003176.727894312
-1.000000000000032,2.999999999999954,10003088.738062209
-0.8000000000000327,2.999999999999954,10002997.68196367
-0.6000000000000334,2.999999999999954,10002903.934876384
-0.4000000000000341,2.999999999999954,10002807.881646538
-0.20000000000003482,2.999999999999954,10002709.91373384
-3.552713678800501e-14,2.999999999999954,10002610.426176028
0.19999999999996376,2.999999999999954,10002509.814514343
0.39999999999996305,2.999999999999954,10002408.47172241
0.5999999999999623,2.999999999999954,10002306.78518112
0.7999999999999616,2.999999999999954,10002205.133741153
0.9999999999999609,2.999999999999954,10002103.88491316
1.1999999999999602,2.999999999999954,10002003.39222302
1.3999999999999595,2.999999999999954,10001903.992766414
1.5999999999999588,2.999999999999954,10001806.004992831
1.799999999999958,2.999999999999954,10001709.726744885
1.9999999999999574,2.999999999999954,10001615.433573704
2.1999999999999567,2.999999999999954,10001523.377346115
2.399999999999956,2.999999999999954,10001433.785153853
2.5999999999999552,2.999999999999954,10001346.85852972
2.7999999999999545,2.999999999999954,10001262.772970246
2.999999999999954,2.999999999999954,10001181.677759297
3.199999999999953,2.999999999999954,10001103.696082346
3.3999999999999524,2.999999999999954,10001028.925416641
3.5999999999999517,2.999999999999954,10000957.438178735
3.799999999999951,2.999999999999954,10000889.282607399
3.9999999999999503,2.999999999999954,10000824.483857268
4.1999999999999496,2.999999999999954,10000763.04527647
4.399999999999949,2.999999999999954,10000704.94983994
4.599999999999948,2.999999999999954,10000650.161709396
4.799999999999947,2.999999999999954,10000598.627890632
4.999999999999947,2.999999999999954,10000550.279959159
5.199999999999946,2.999999999999954,10000505.035826169
5.399999999999945,2.999999999999954,10000462.801518004
5.599999999999945,2.999999999999954,10000423.472944248
5.799999999999944,2.999999999999954,10000386.93763147
5.999999999999943,2.999999999999954,10000353.076402193
6.1999999999999424,2.999999999999954,10000321.764981093
6.399999999999942,2.999999999999954,10000292.875513155
6.599999999999941,2.999999999999954,10000266.277981292
6.79999999999994,2.999999999999954,10000241.841513604
6.99999999999994,2.999999999999954,10000219.435573159
7.199999999999939,2.999999999999954,10000198.931025708
7.399999999999938,2.999999999999954,10000180.201083181
7.5999999999999375,2.999999999999954,10000163.122122929
7.799999999999937,2.999999999999954,10000147.574384725
7.999999999999936,2.999999999999954,10000133.442549247
8.199999999999935,2.999999999999954,10000120.61620325
8.399999999999935,2.999999999999954,10000108.990197858
8.599999999999934,2.999999999999954,10000098.46490739
8.799999999999933,2.999999999999954,10000088.94639686
8.999999999999932,2.999999999999954,10000080.346506815
9.199999999999932,2.999999999999954,10000072.582864372
9.399999999999931,2.999999999999954,10000065.578829516
9.59999999999993,2.999999999999954,10000059.263385551
9.79999999999993,2.999999999999954,10000053.57098236
-10.0,3.199999999999953,10002116.424323393
-9.8,3.199999999999953,10002209.407141998
-9.600000000000001,3.199999999999953,10002302.6494812
-9.400000000000002,3.199999999999953,10002395.890028419
-9.200000000000003,3.199999999999953,10002488.86046031
-9.000000000000004,3.199999999999953,10002581.286469553
-8.800000000000004,3.199999999999953,10002672.888789939
-8.600000000000005,3.199999999999953,10002763.384215211
-8.400000000000006,3.199999999999953,10002852.486609375
-8.200000000000006,3.199999999999953,10002939.907908307
-8.000000000000007,3.199999999999953,10003025.359114662
-7.800000000000008,3.199999999999953,10003108.551290069
-7.6000000000000085,3.199999999999953,10003189.196550373
-7.400000000000009,3.199999999999953,10003267.009071156
-7.20000000000001,3.199999999999953,10003341.706111759
-7.000000000000011,3.199999999999953,10003413.009066707
-6.800000000000011,3.199999999999953,10003480.644553412
-6.600000000000012,3.199999999999953,10003544.345544647
-6.400000000000013,3.199999999999953,10003603.852553157
-6.2000000000000135,3.199999999999953,10003658.914874224
-6.000000000000014,3.199999999999953,10003709.291889831
-5.800000000000015,3.199999999999953,10003754.754435513
-5.600000000000016,3.199999999999953,10003795.08622782
-5.400000000000016,3.199999999999953,10003830.085347133
-5.200000000000017,3.199999999999953,10003859.565766834
-5.000000000000018,3.199999999999953,10003883.358916266
-4.8000000000000185,3.199999999999953,10003901.315261167
-4.600000000000019,3.199999999999953,10003913.305881852
-4.40000000000002,3.199999999999953,10003919.224026134
-4.200000000000021,3.199999999999953,10003918.986611195
-4.000000000000021,3.199999999999953,10003912.535646424
-3.800000000000022,3.199999999999953,10003899.83954751
-3.6000000000000227,3.199999999999953,10003880.894311335
-3.4000000000000234,3.199999999999953,10003855.724521013
-3.200000000000024,3.199999999999953,10003824.384151278
-3.000000000000025,3.199999999999953,10003786.957145967
-2.8000000000000256,3.199999999999953,10003743.557741951
-2.6000000000000263,3.199999999999953,10003694.33051701
-2.400000000000027,3.199999999999953,10003639.450143326
-2.2000000000000277,3.199999999999953,10003579.120832918
-2.0000000000000284,3.199999999999953,10003513.575466694
-1.8000000000000291,3.199999999999953,10003443.074404346
-1.6000000000000298,3.199999999999953,10003367.903978493
-1.4000000000000306,3.199999999999953,10003288.374682438
-1.2000000000000313,3.199999999999953,10003204.819067026
-1.000000000000032,3.199999999999953,10003117.589367995
-0.8000000000000327,3.199999999999953,10003027.054890744
-0.6000000000000334,3.199999999999953,10002933.599184388
-0.4000000000000341,3.199999999999953,10002837.617041543
-0.20000000000003482,3.199999999999953,10002739.511363737
-3.552713678800501e-14,3.199999999999953,10002639.689935371
0.19999999999996376,3.199999999999953,10002538.562150866
0.39999999999996305,3.199999999999953,10002436.535740776
0.5999999999999623,3.199999999999953,10002334.013542486
0.7999999999999616,3.199999999999953,10002231.390360221
0.9999999999999609,3.199999999999953,10002129.049957251
1.1999999999999602,3.199999999999953,10002027.362220256
1.3999999999999595,3.199999999999953,10001926.68053245
1.5999999999999588,3.199999999999953,10001827.339387776
1.799999999999958,3.199999999999953,10001729.652273633
1.9999999999999574,3.199999999999953,10001633.909844479
2.1999999999999567,3.199999999999953,10001540.378403073
2.399999999999956,3.199999999999953,10001449.298700387
2.5999999999999552,3.199999999999953,10001360.885059563
2.7999999999999545,3.199999999999953,10001275.324823614
2.999999999999954,3.199999999999953,10001192.778121188
3.199999999999953,3.199999999999953,10001113.377939656
3.3999999999999524,3.199999999999953,10001037.230490178
3.5999999999999517,3.199999999999953,10000964.415845236
3.799999999999951,3.199999999999953,10000894.988825759
3.9999999999999503,3.199999999999953,10000828.980111852
4.1999999999999496,3.199999999999953,10000766.397549175
4.399999999999949,3.199999999999953,10000707.227621267
4.599999999999948,3.199999999999953,10000651.437057346
4.799999999999947,3.199999999999953,10000598.974544793
4.999999999999947,3.199999999999953,10000549.772515977
5.199999999999946,3.199999999999953,10000503.748979867
5.399999999999945,3.199999999999953,10000460.809370413
5.599999999999945,3.199999999999953,10000420.84838543
5.799999999999944,3.199999999999953,10000383.75179193
5.999999999999943,3.199999999999953,10000349.398176316
6.1999999999999424,3.199999999999953,10000317.660620555
6.399999999999942,3.199999999999953,10000288.408288172
6.599999999999941,3.199999999999953,10000261.507906877
6.79999999999994,3.199999999999953,10000236.825137384
6.99999999999994,3.199999999999953,10000214.22582084
7.199999999999939,3.199999999999953,10000193.577099895
7.399999999999938,3.199999999999953,10000174.748411013
7.5999999999999375,3.199999999999953,10000157.612347815
7.799999999999937,3.199999999999953,10000142.045397434
7.999999999999936,3.199999999999953,10000127.928553587
8.199999999999935,3.199999999999953,10000115.147811642
8.399999999999935,3.199999999999953,10000103.594552334
8.599999999999934,3.199999999999953,10000093.165821642
8.799999999999933,3.199999999999953,10000083.764515305
8.999999999999932,3.199999999999953,10000075.299476808
9.199999999999932,3.199999999999953,10000067.68551812
9.399999999999931,3.199999999999953,10000060.843372438
9.59999999999993,3.199999999999953,10000054.699588202
9.79999999999993,3.199999999999953,10000049.186373362
-10.0,3.3999999999999524,10002047.265804796
-9.8,3.3999999999999524,10002139.06265325
-9.600000000000001,3.3999999999999524,10002231.327156056
-9.400000000000002,3.3999999999999524,10002323.812508192
-9.200000000000003,3.3999999999999524,10002416.263645882
-9.000000000000004,3.3999999999999524,10002508.418079035
-8.800000000000004,3.3999999999999524,10002600.006731763
-8.600000000000005,3.3999999999999524,10002690.754789665
-8.400000000000006,3.3999999999999524,10002780.382554576
-8.200000000000006,3.3999999999999524,10002868.606309531
-8.000000000000007,3.3999999999999524,10002955.139198687
-7.800000000000008,3.3999999999999524,10003039.692128535
-7.6000000000000085,3.3999999999999524,10003121.974698383
-7.400000000000009,3.3999999999999524,10003201.696169008
-7.20000000000001,3.3999999999999524,10003278.566479089
-7.000000000000011,3.3999999999999524,10003352.297319194
-6.800000000000011,3.3999999999999524,10003422.60327259
-6.600000000000012,3.3999999999999524,10003489.203031303
-6.400000000000013,3.3999999999999524,10003551.820694208
-6.2000000000000135,3.3999999999999524,10003610.187151821
-6.000000000000014,3.3999999999999524,10003664.041559901
-5.800000000000015,3.3999999999999524,10003713.13290079
-5.600000000000016,3.3999999999999524,10003757.221627995
-5.400000000000016,3.3999999999999524,10003796.081385748
-5.200000000000017,3.3999999999999524,10003829.500791295
-5.000000000000018,3.3999999999999524,10003857.28526377
-4.8000000000000185,3.3999999999999524,10003879.258879533
-4.600000000000019,3.3999999999999524,10003895.266230244
-4.40000000000002,3.3999999999999524,10003905.174256612
-4.200000000000021,3.3999999999999524,10003908.874027941
-4.000000000000021,3.3999999999999524,10003906.282435458
-3.800000000000022,3.3999999999999524,10003897.343765795
-3.6000000000000227,3.3999999999999524,10003882.031120516
-3.4000000000000234,3.3999999999999524,10003860.347647581
-3.200000000000024,3.3999999999999524,10003832.327551847
-3.000000000000025,3.3999999999999524,10003798.036853718
-2.8000000000000256,3.3999999999999524,10003757.573867926
-2.6000000000000263,3.3999999999999524,10003711.069378203
-2.400000000000027,3.3999999999999524,10003658.686488187
-2.2000000000000277,3.3999999999999524,10003600.620134091
-2.0000000000000284,3.3999999999999524,10003537.096250478
-1.8000000000000291,3.3999999999999524,10003468.370586671
-1.6000000000000298,3.3999999999999524,10003394.727177832
-1.4000000000000306,3.3999999999999524,10003316.476481311
-1.2000000000000313,3.3999999999999524,10003233.953195348
-1.000000000000032,3.3999999999999524,10003147.513783533
-0.8000000000000327,3.3999999999999524,10003057.533734255
-0.6000000000000334,3.3999999999999524,10002964.40458973
-0.4000000000000341,3.3999999999999524,10002868.530783793
-0.20000000000003482,3.3999999999999524,10002770.326331513
-3.552713678800501e-14,3.3999999999999524,10002670.211416539
0.19999999999996376,3.3999999999999524,10002568.608924158
0.39999999999996305,3.3999999999999524,10002465.940968845
0.5999999999999623,3.3999999999999524,10002362.62546511
0.7999999999999616,3.3999999999999524,10002259.072789324
0.9999999999999609,3.3999999999999524,10002155.682578089
1.1999999999999602,3.3999999999999524,10002052.840705823
1.3999999999999595,3.3999999999999524,10001950.91648036
1.5999999999999588,3.3999999999999524,10001850.260090923
1.799999999999958,3.3999999999999524,10001751.200337699
1.9999999999999574,3.3999999999999524,10001654.042666715
2.1999999999999567,3.3999999999999524,10001559.067527862
2.399999999999956,3.3999999999999524,10001466.529067893
2.5999999999999552,3.3999999999999524,10001376.654164154
2.7999999999999545,3.3999999999999524,10001289.641798945
2.999999999999954,3.3999999999999524,10001205.662768627
3.199999999999953,3.3999999999999524,10001124.85971636
3.3999999999999524,3.3999999999999524,10001047.347472461
3.5999999999999517,3.3999999999999524,10000973.213682069
3.799999999999951,3.3999999999999524,10000902.519696089
3.9999999999999503,3.3999999999999524,10000835.301698467
4.1999999999999496,3.3999999999999524,10000771.572040321
4.399999999999949,3.3999999999999524,10000711.320750112
4.599999999999948,3.3999999999999524,10000654.517187748
4.799999999999947,3.3999999999999524,10000601.11181066
4.999999999999947,3.3999999999999524,10000551.038019858
5.199999999999946,3.3999999999999524,10000504.214055263
5.399999999999945,3.3999999999999524,10000460.544910828
5.599999999999945,3.3999999999999524,10000419.924242014
5.799999999999944,3.3999999999999524,10000382.236240447
5.999999999999943,3.3999999999999524,10000347.357453056
6.1999999999999424,3.3999999999999524,10000315.158525929
6.399999999999942,3.3999999999999524,10000285.505855909
6.599999999999941,3.3999999999999524,10000258.263136031
6.79999999999994,3.3999999999999524,10000233.292783787
6.99999999999994,3.3999999999999524,10000210.457244167
7.199999999999939,3.3999999999999524,10000189.620162204
7.399999999999938,3.3999999999999524,10000170.647422276
7.5999999999999375,3.3999999999999524,10000153.408053946
7.799999999999937,3.3999999999999524,10000137.775006125
7.999999999999936,3.3999999999999524,10000123.625793383
8.199999999999935,3.3999999999999524,10000110.843019737
8.399999999999935,3.3999999999999524,10000099.314786691
8.599999999999934,3.3999999999999524,10000088.934993321
8.799999999999933,3.3999999999999524,10000079.603537003
8.999999999999932,3.3999999999999524,10000071.226424001
9.199999999999932,3.3999999999999524,10000063.715799412
9.399999999999931,3.3999999999999524,10000056.989906041
9.59999999999993,3.3999999999999524,10000050.972981796
9.79999999999993,3.3999999999999524,10000045.59510489
-10.0,3.5999999999999517,10001979.411358822
-9.8,3.5999999999999517,10002070.052672548
-9.600000000000001,3.5999999999999517,10002161.366739683
-9.400000000000002,3.5999999999999517,10002253.121021135
-9.200000000000003,3.5999999999999517,10002345.073492125
-9.000000000000004,3.5999999999999517,10002436.97328372
-8.800000000000004,3.5999999999999517,10002528.56134214
-8.600000000000005,3.5999999999999517,10002619.571107594
-8.400000000000006,3.5999999999999517,10002709.729216268
-8.200000000000006,3.5999999999999517,10002798.75623121
-8.000000000000007,3.5999999999999517,10002886.367409313
-7.800000000000008,3.5999999999999517,10002972.273513304
-7.6000000000000085,3.5999999999999517,10003056.181678653
-7.400000000000009,3.5999999999999517,10003137.796346072
-7.20000000000001,3.5999999999999517,10003216.820270544
-7.000000000000011,3.5999999999999517,10003292.955617458
-6.800000000000011,3.5999999999999517,10003365.905155594
-6.600000000000012,3.5999999999999517,10003435.373555226
-6.400000000000013,3.5999999999999517,10003501.06879758
-6.2000000000000135,3.5999999999999517,10003562.703699214
-6.000000000000014,3.5999999999999517,10003619.997551855
-5.800000000000015,3.5999999999999517,10003672.677874569
-5.600000000000016,3.5999999999999517,10003720.48227135
-5.400000000000016,3.5999999999999517,10003763.160382893
-5.200000000000017,3.5999999999999517,10003800.475917151
-5.000000000000018,3.5999999999999517,10003832.208739039
-4.8000000000000185,3.5999999999999517,10003858.156995324
-4.600000000000019,3.5999999999999517,10003878.139247203
-4.40000000000002,3.5999999999999517,10003891.99657939
-4.200000000000021,3.5999999999999517,10003899.594651928
-4.000000000000021,3.5999999999999517,10003900.8256587
-3.800000000000022,3.5999999999999517,10003895.610155221
-3.6000000000000227,3.5999999999999517,10003883.89871798
-3.4000000000000234,3.5999999999999517,10003865.673397845
-3.200000000000024,3.5999999999999517,10003840.948931685
-3.000000000000025,3.5999999999999517,10003809.773678588
-2.8000000000000256,3.5999999999999517,10003772.230250457
-2.6000000000000263,3.5999999999999517,10003728.435811048
-2.400000000000027,3.5999999999999517,10003678.542022426
-2.2000000000000277,3.5999999999999517,10003622.734623626
-2.0000000000000284,3.5999999999999517,10003561.2326326
-1.8000000000000291,3.5999999999999517,10003494.287169177
-1.6000000000000298,3.5999999999999517,10003422.179903798
-1.4000000000000306,3.5999999999999517,10003345.221143765
-1.2000000000000313,3.5999999999999517,10003263.747575676
-1.000000000000032,3.5999999999999517,10003178.119689452
-0.8000000000000327,3.5999999999999517,10003088.718915435
-0.6000000000000334,3.5999999999999517,10002995.94451177
-0.4000000000000341,3.5999999999999517,10002900.210244035
-0.20000000000003482,3.5999999999999517,10002801.940903151
-3.552713678800501e-14,3.5999999999999517,10002701.56871056
0.19999999999996376,3.5999999999999517,10002599.529661702
0.39999999999996305,3.5999999999999517,10002496.259859774
0.5999999999999623,3.5999999999999517,10002392.191891454
0.7999999999999616,3.5999999999999517,10002287.751295267
0.9999999999999609,3.5999999999999517,10002183.35317081
1.1999999999999602,3.5999999999999517,10002079.398974055
1.3999999999999595,3.5999999999999517,10001976.273539726
1.5999999999999588,3.5999999999999517,10001874.342367118
1.799999999999958,3.5999999999999517,10001773.949200274
1.9999999999999574,3.5999999999999517,10001675.413927536
2.1999999999999567,3.5999999999999517,10001579.03081942
2.399999999999956,3.5999999999999517,10001485.067117319
2.5999999999999552,3.5999999999999517,10001393.76197928
2.7999999999999545,3.5999999999999517,10001305.325782798
2.999999999999954,3.5999999999999517,10001219.939778676
3.199999999999953,3.5999999999999517,10001137.756084362
3.3999999999999524,3.5999999999999517,10001058.898000157
3.5999999999999517,3.5999999999999517,10000983.460627109
3.799999999999951,3.5999999999999517,10000911.51176163
3.9999999999999503,3.5999999999999517,10000843.093038622
4.1999999999999496,3.5999999999999517,10000778.221292553
4.399999999999949,3.5999999999999517,10000716.890104141
4.599999999999948,3.5999999999999517,10000659.071499426
4.799999999999947,3.5999999999999517,10000604.717767602
4.999999999999947,3.5999999999999517,10000553.763364524
5.199999999999946,3.5999999999999517,10000506.126869634
5.399999999999945,3.5999999999999517,10000461.712965695
5.599999999999945,3.5999999999999517,10000420.414412618
5.799999999999944,3.5999999999999517,10000382.11398909
5.999999999999943,3.5999999999999517,10000346.686378384
6.1999999999999424,3.5999999999999517,10000313.999977568
6.399999999999942,3.5999999999999517,10000283.91861243
6.599999999999941,3.5999999999999517,10000256.303143501
6.79999999999994,3.5999999999999517,10000231.012951637
6.99999999999994,3.5999999999999517,10000207.90729466
7.199999999999939,3.5999999999999517,10000186.846529426
7.399999999999938,3.5999999999999517,10000167.693196382
7.5999999999999375,3.5999999999999517,10000150.312966213
7.799999999999937,3.5999999999999517,10000134.575450346
7.999999999999936,3.5999999999999517,10000120.35487914
8.199999999999935,3.5999999999999517,10000107.530653218
8.399999999999935,3.5999999999999517,10000095.98777479
8.599999999999934,3.5999999999999517,10000085.617167046
8.799999999999933,3.5999999999999517,10000076.315890407
8.999999999999932,3.5999999999999517,10000067.987265106
9.199999999999932,3.5999999999999517,10000060.540909886
9.399999999999931,3.5999999999999517,10000053.892706713
9.59999999999993,3.5999999999999517,10000047.964701345
9.79999999999993,3.5999999999999517,10000042.684949415
-10.0,3.799999999999951,10001913.011445945
-9.8,3.799999999999951,10002002.528090628
-9.600000000000001,3.799999999999951,10002092.918833606
-9.400000000000002,3.799999999999951,10002183.965116443
-9.200000000000003,3.799999999999951,10002275.437692719
-9.000000000000004,3.799999999999951,10002367.097082747
-8.800000000000004,3.799999999999951,10002458.694055518
-8.600000000000005,3.799999999999951,10002549.97014268
-8.400000000000006,3.799999999999951,10002640.658191139
-8.200000000000006,3.799999999999951,10002730.482962716
-8.000000000000007,3.799999999999951,10002819.161790727
-7.800000000000008,3.799999999999951,10002906.405304702
-7.6000000000000085,3.799999999999951,10002991.918235175
-7.400000000000009,3.799999999999951,10003075.400310911
-7.20000000000001,3.799999999999951,10003156.547260743
-7.000000000000011,3.799999999999951,10003235.051931469
-6.800000000000011,3.799999999999951,10003310.605531957
-6.600000000000012,3.799999999999951,10003382.899011562
-6.400000000000013,3.799999999999951,10003451.624578588
-6.2000000000000135,3.799999999999951,10003516.477361254
-6.000000000000014,3.799999999999951,10003577.157210145
-5.800000000000015,3.799999999999951,10003633.37063707
-5.600000000000016,3.799999999999951,10003684.83288092
-5.400000000000016,3.799999999999951,10003731.270086538
-5.200000000000017,3.799999999999951,10003772.421578055
-5.000000000000018,3.799999999999951,10003808.04220351
-4.8000000000000185,3.799999999999951,10003837.904723322
-4.600000000000019,3.799999999999951,10003861.802211089
-4.40000000000002,3.799999999999951,10003879.55043183
-4.200000000000021,3.799999999999951,10003890.990159841
-4.000000000000021,3.799999999999951,10003895.989396296
-3.800000000000022,3.799999999999951,10003894.44544555
-3.6000000000000227,3.799999999999951,10003886.286808737
-3.4000000000000234,3.799999999999951,10003871.47485401
-3.200000000000024,3.799999999999951,10003850.005224597
-3.000000000000025,3.799999999999951,10003821.908948448
-2.8000000000000256,3.799999999999951,10003787.253217176
-2.6000000000000263,3.799999999999951,10003746.141806504
-2.400000000000027,3.799999999999951,10003698.715116091
-2.2000000000000277,3.799999999999951,10003645.149812698
-2.0000000000000284,3.799999999999951,10003585.658067504
-1.8000000000000291,3.799999999999951,10003520.486385569
-1.6000000000000298,3.799999999999951,10003449.914032867
-1.4000000000000306,3.799999999999951,10003374.251073778
-1.2000000000000313,3.799999999999951,10003293.836039275
-1.000000000000032,3.799999999999951,10003209.033253117
-0.8000000000000327,3.799999999999951,10003120.22984978
-0.6000000000000334,3.799999999999951,10003027.832523886
-0.4000000000000341,3.799999999999951,10002932.264055798
-0.20000000000003482,3.799999999999951,10002833.959662315
-3.552713678800501e-14,3.799999999999951,10002733.36322446
0.19999999999996376,3.799999999999951,10002630.92344643
0.39999999999996305,3.799999999999951,10002527.090000646
0.5999999999999623,3.799999999999951,10002422.309713602
0.7999999999999616,3.799999999999951,10002317.022845935
0.9999999999999609,3.799999999999951,10002211.659517623
1.1999999999999602,3.799999999999951,10002106.63632593
1.3999999999999595,3.799999999999951,10002002.353199292
1.5999999999999588,3.799999999999951,10001899.19052545
1.799999999999958,3.799999999999951,10001797.506586306
1.9999999999999574,3.799999999999951,10001697.63532595
2.1999999999999567,3.799999999999951,10001599.884471687
2.399999999999956,3.799999999999951,10001504.534021411
2.5999999999999552,3.799999999999951,10001411.835103858
2.7999999999999545,3.799999999999951,10001322.009211874
2.999999999999954,3.799999999999951,10001235.247802561
3.199999999999953,3.799999999999951,10001151.712252317
3.3999999999999524,3.799999999999951,10001071.53414953
3.5999999999999517,3.799999999999951,10000994.815902952
3.799999999999951,3.799999999999951,10000921.631639747
3.9999999999999503,3.799999999999951,10000852.028363967
4.1999999999999496,3.799999999999951,10000786.027343594
4.399999999999949,3.799999999999951,10000723.625692595
4.599999999999948,3.799999999999951,10000664.798113365
4.799999999999947,3.799999999999951,10000609.498764666
4.999999999999947,3.799999999999951,10000557.663220573
5.199999999999946,3.799999999999951,10000509.210486947
5.399999999999945,3.799999999999951,10000464.045043532
5.599999999999945,3.799999999999951,10000422.058881823
5.799999999999944,3.799999999999951,10000383.133511346
5.999999999999943,3.799999999999951,10000347.141909719
6.1999999999999424,3.799999999999951,10000313.950394876
6.399999999999942,3.799999999999951,10000283.42040101
6.599999999999941,3.799999999999951,10000255.410142917
6.79999999999994,3.799999999999951,10000229.776156751
6.99999999999994,3.799999999999951,10000206.374708194
7.199999999999939,3.799999999999951,10000185.063062122
7.399999999999938,3.799999999999951,10000165.700610625
7.5999999999999375,3.799999999999951,10000148.149858804
7.799999999999937,3.799999999999951,10000132.27727014
7.999999999999936,3.799999999999951,10000117.953975208
8.199999999999935,3.799999999999951,10000105.056349348
8.399999999999935,3.799999999999951,10000093.466466296
8.599999999999934,3.799999999999951,10000083.072435986
8.799999999999933,3.799999999999951,10000073.7686356
8.999999999999932,3.799999999999951,10000065.455843586
9.199999999999932,3.799999999999951,10000058.041286658
9.399999999999931,3.799999999999951,10000051.438610056
9.59999999999993,3.799999999999951,10000045.567781113
9.79999999999993,3.799999999999951,10000040.354936104
-10.0,3.9999999999999503,10001848.198380295
-9.8,3.9999999999999503,10001936.621225303
-9.600000000000001,3.9999999999999503,10002026.11508425
-9.400000000000002,3.9999999999999503,10002116.475054622
-9.200000000000003,3.9999999999999503,10002207.484371774
-9.000000000000004,3.9999999999999503,10002298.91468136
-8.800000000000004,3.9999999999999503,10002390.526348323
-8.600000000000005,3.9999999999999503,10002482.06881012
-8.400000000000006,3.9999999999999503,10002573.28098362
-8.200000000000006,3.9999999999999503,10002663.891736882
-8.000000000000007,3.9999999999999503,10002753.62043813
-7.800000000000008,3.9999999999999503,10002842.17759548
-7.6000000000000085,3.9999999999999503,10002929.265601229
-7.400000000000009,3.9999999999999503,10003014.579594811
-7.20000000000001,3.9999999999999503,10003097.808457736
-7.000000000000011,3.9999999999999503,10003178.635952845
-6.800000000000011,3.9999999999999503,10003256.742018323
-6.600000000000012,3.9999999999999503,10003331.80422458
-6.400000000000013,3.9999999999999503,10003403.499399059
-6.2000000000000135,3.9999999999999503,10003471.505420413
-6.000000000000014,3.9999999999999503,10003535.50317959
-5.800000000000015,3.9999999999999503,10003595.178700693
-5.600000000000016,3.9999999999999503,10003650.225409877
-5.400000000000016,3.9999999999999503,10003700.346535588
-5.200000000000017,3.9999999999999503,10003745.257618455
-5.000000000000018,3.9999999999999503,10003784.689104369
-4.8000000000000185,3.9999999999999503,10003818.388989687
-4.600000000000019,3.9999999999999503,10003846.125483388
-4.40000000000002,3.9999999999999503,10003867.68964742
-4.200000000000021,3.9999999999999503,10003882.897973662
-4.000000000000021,3.9999999999999503,10003891.594853867
-3.800000000000022,3.9999999999999503,10003893.654897848
-3.6000000000000227,3.9999999999999503,10003888.985055178
-3.4000000000000234,3.9999999999999503,10003877.526496492
-3.200000000000024,3.9999999999999503,10003859.256212704
-3.000000000000025,3.9999999999999503,10003834.188293463
-2.8000000000000256,3.9999999999999503,10003802.374850389
-2.6000000000000263,3.9999999999999503,10003763.906555694
-2.400000000000027,3.9999999999999503,10003718.912772827
-2.2000000000000277,3.9999999999999503,10003667.56126237
-2.0000000000000284,3.9999999999999503,10003610.057453796
-1.8000000000000291,3.9999999999999503,10003546.643281264
-1.6000000000000298,3.9999999999999503,10003477.595589584
-1.4000000000000306,3.9999999999999503,10003403.224124322
-1.2000000000000313,3.9999999999999503,10003323.869127879
-1.000000000000032,3.9999999999999503,10003239.898570616
-0.8000000000000327,3.9999999999999503,10003151.70505308
-0.6000000000000334,3.9999999999999503,10003059.70242142
-0.4000000000000341,3.9999999999999503,10002964.322143413
-0.20000000000003482,3.9999999999999503,10002866.00949683
-3.552713678800501e-14,3.9999999999999503,10002765.21962502
0.19999999999996376,3.9999999999999503,10002662.413516734
0.39999999999996305,3.9999999999999503,10002558.053968076
0.5999999999999623,3.9999999999999503,10002452.601584125
0.7999999999999616,3.9999999999999503,10002346.510876337
0.9999999999999609,3.9999999999999503,10002240.226509258
1.1999999999999602,3.9999999999999503,10002134.179746471
1.3999999999999595,3.9999999999999503,10002028.785141136
1.5999999999999588,3.9999999999999503,10001924.437511256
1.799999999999958,3.9999999999999503,10001821.50923371
1.9999999999999574,3.9999999999999503,10001720.347884798
2.1999999999999567,3.9999999999999503,10001621.274248123
2.399999999999956,3.9999999999999503,10001524.580703748
2.5999999999999552,3.9999999999999503,10001430.530005675
2.7999999999999545,3.9999999999999503,10001339.354447762
2.999999999999954,3.9999999999999503,10001251.255411869
3.199999999999953,3.9999999999999503,10001166.403285824
3.3999999999999524,3.9999999999999503,10001084.937733332
3.5999999999999517,3.9999999999999503,10001006.968293114
3.799999999999951,3.9999999999999503,10000932.575280245
3.9999999999999503,3.9999999999999503,10000861.810959417
4.1999999999999496,3.9999999999999503,10000794.700957028
4.399999999999949,3.9999999999999503,10000731.245877357
4.599999999999948,3.9999999999999503,10000671.423086835
4.799999999999947,3.9999999999999503,10000615.188630307
4.999999999999947,3.9999999999999503,10000562.479243409
5.199999999999946,3.9999999999999503,10000513.21442643
5.399999999999945,3.9999999999999503,10000467.298546474
5.599999999999945,3.9999999999999503,10000424.622936992
5.799999999999944,3.9999999999999503,10000385.067966301
5.999999999999943,3.9999999999999503,10000348.505049443
6.1999999999999424,3.9999999999999503,10000314.798581023
6.399999999999942,3.9999999999999503,10000283.807769766
6.599999999999941,3.9999999999999503,10000255.388358925
6.79999999999994,3.9999999999999503,10000229.394219957
6.99999999999994,3.9999999999999503,10000205.678810185
7.199999999999939,3.9999999999999503,10000184.096488066
7.399999999999938,3.9999999999999503,10000164.50368287
7.5999999999999375,3.9999999999999503,10000146.759917988
7.799999999999937,3.9999999999999503,10000130.728689607
7.999999999999936,3.9999999999999503,10000116.278204655
8.199999999999935,3.9999999999999503,10000103.281983614
8.399999999999935,3.9999999999999503,10000091.619335428
8.599999999999934,3.9999999999999503,10000081.17571286
8.799999999999933,3.9999999999999503,10000071.842957633
8.999999999999932,3.9999999999999503,10000063.519445308
9.199999999999932,3.9999999999999503,10000056.110140184
9.399999999999931,3.9999999999999503,10000049.526570778
9.59999999999993,3.9999999999999503,10000043.686736224
9.79999999999993,3.9999999999999503,10000038.514953835
-10.0,4.1999999999999496,10001785.08621007
-9.8,4.1999999999999496,10001872.445709657
-9.600000000000001,4.1999999999999496,10001961.068080189
-9.400000000000002,4.1999999999999496,10002050.761715153
-9.200000000000003,4.1999999999999496,10002141.322003186
-9.000000000000004,4.1999999999999496,10002232.531423293
-8.800000000000004,4.1999999999999496,10002324.159685714
-8.600000000000005,4.1999999999999496,10002415.963928906
-8.400000000000006,4.1999999999999496,10002507.688984899
-8.200000000000006,4.1999999999999496,10002599.067726823
-8.000000000000007,4.1999999999999496,10002689.821513414
-7.800000000000008,4.1999999999999496,10002779.660746217
-7.6000000000000085,4.1999999999999496,10002868.28555524
-7.400000000000009,4.1999999999999496,10002955.386628704
-7.20000000000001,4.1999999999999496,10003040.646201445
-7.000000000000011,4.1999999999999496,10003123.739215028
-6.800000000000011,4.1999999999999496,10003204.334660448
-6.600000000000012,4.1999999999999496,10003282.097111337
-6.400000000000013,4.1999999999999496,10003356.688452229
-6.2000000000000135,4.1999999999999496,10003427.769802313
-6.000000000000014,4.1999999999999496,10003495.00363066
-5.800000000000015,4.1999999999999496,10003558.056053989
-5.600000000000016,4.1999999999999496,10003616.599302843
-5.400000000000016,4.1999999999999496,10003670.314336874
-5.200000000000017,4.1999999999999496,10003718.89358449
-5.000000000000018,4.1999999999999496,10003762.043777213
-4.8000000000000185,4.1999999999999496,10003799.488844149
-4.600000000000019,4.1999999999999496,10003830.972827861
-4.40000000000002,4.1999999999999496,10003856.262779137
-4.200000000000021,4.1999999999999496,10003875.151585393
-4.000000000000021,4.1999999999999496,10003887.460685454
-3.800000000000022,4.1999999999999496,10003893.042622447
-3.6000000000000227,4.1999999999999496,10003891.783386707
-3.4000000000000234,4.1999999999999496,10003883.604501802
-3.200000000000024,4.1999999999999496,10003868.464809123
-3.000000000000025,4.1999999999999496,10003846.36190997
-2.8000000000000256,4.1999999999999496,10003817.333228683
-2.6000000000000263,4.1999999999999496,10003781.456665764
-2.400000000000027,4.1999999999999496,10003738.850816509
-2.2000000000000277,4.1999999999999496,10003689.674737686
-2.0000000000000284,4.1999999999999496,10003634.127252594
-1.8000000000000291,4.1999999999999496,10003572.445792966
-1.6000000000000298,4.1999999999999496,10003504.904784476
-1.4000000000000306,4.1999999999999496,10003431.813590935
-1.2000000000000313,4.1999999999999496,10003353.514040478
-1.000000000000032,4.1999999999999496,10003270.377564635
-0.8000000000000327,4.1999999999999496,10003182.801988479
-0.6000000000000334,4.1999999999999496,10003091.208016329
-0.4000000000000341,4.1999999999999496,10002996.035463003
-0.20000000000003482,4.1999999999999496,10002897.73928508
-3.552713678800501e-14,4.1999999999999496,10002796.78546987
0.19999999999996376,4.1999999999999496,10002693.646841988
0.39999999999996305,4.1999999999999496,10002588.798848208
0.5999999999999623,4.1999999999999496,10002482.715380937
0.7999999999999616,4.1999999999999496,10002375.864699027
0.9999999999999609,4.1999999999999496,10002268.705501989
1.1999999999999602,4.1999999999999496,10002161.683209708
1.3999999999999595,4.1999999999999496,10002055.22649519
1.5999999999999588,4.1999999999999496,10001949.74411214
1.799999999999958,4.1999999999999496,10001845.62205302
1.9999999999999574,4.1999999999999496,10001743.221066514
2.1999999999999567,4.1999999999999496,10001642.874556154
2.399999999999956,4.1999999999999496,10001544.886874745
2.5999999999999552,4.1999999999999496,10001449.532021927
2.7999999999999545,4.1999999999999496,10001357.052745173
2.999999999999954,4.1999999999999496,10001267.660037749
3.199999999999953,4.1999999999999496,10001181.533020943
3.3999999999999524,4.1999999999999496,10001098.819192031
3.5999999999999517,4.1999999999999496,10001019.635014484
3.799999999999951,4.1999999999999496,10000944.066822492
3.9999999999999503,4.1999999999999496,10000872.172008436
4.1999999999999496,4.1999999999999496,10000803.980459124
4.399999999999949,4.1999999999999496,10000739.496204745
4.599999999999948,4.1999999999999496,10000678.699243424
4.799999999999947,4.1999999999999496,10000621.547503905
4.999999999999947,4.1999999999999496,10000567.978909327
5.199999999999946,4.1999999999999496,10000517.913506202
5.399999999999945,4.1999999999999496,10000471.25562428
5.599999999999945,4.1999999999999496,10000427.896035312
5.799999999999944,4.1999999999999496,10000387.714081248
5.999999999999943,4.1999999999999496,10000350.57974544
6.1999999999999424,4.1999999999999496,10000316.355643554
6.399999999999942,4.1999999999999496,10000284.898914332
6.599999999999941,4.1999999999999496,10000256.062993685
6.79999999999994,4.1999999999999496,10000229.699259073
6.99999999999994,4.1999999999999496,10000205.658534452
7.199999999999939,4.1999999999999496,10000183.792449249
7.399999999999938,4.1999999999999496,10000163.954647776
7.5999999999999375,4.1999999999999496,10000146.001848385
7.799999999999937,4.1999999999999496,10000129.79475395
7.999999999999936,4.1999999999999496,10000115.198817661
8.199999999999935,4.1999999999999496,10000102.084869819
8.399999999999935,4.1999999999999496,10000090.329612968
8.599999999999934,4.1999999999999496,10000079.815993974
8.799999999999933,4.1999999999999496,10000070.433462538
8.999999999999932,4.1999999999999496,10000062.07812637
9.199999999999932,4.1999999999999496,10000054.652813585
9.399999999999931,4.1999999999999496,10000048.067053098
9.59999999999993,4.1999999999999496,10000042.236983692
9.79999999999993,4.1999999999999496,10000037.085202213
-10.0,4.399999999999949,10001723.770776635
-9.8,4.399999999999949,10001810.096563283
-9.600000000000001,4.399999999999949,10001897.87143644
-9.400000000000002,4.399999999999949,10001986.916694693
-9.200000000000003,4.399999999999949,10002077.039523613
-9.000000000000004,4.399999999999949,10002168.032919295
-8.800000000000004,4.399999999999949,10002259.675666342
-8.600000000000005,4.399999999999949,10002351.732383527
-8.400000000000006,4.399999999999949,10002443.953652104
-8.200000000000006,4.399999999999949,10002536.07624305
-8.000000000000007,4.399999999999949,10002627.823460497
-7.800000000000008,4.399999999999949,10002718.905619094
-7.6000000000000085,4.399999999999949,10002809.020673035
-7.400000000000009,4.399999999999949,10002897.85501379
-7.20000000000001,4.399999999999949,10002985.0844523
-7.000000000000011,4.399999999999949,10003070.375399502
-6.800000000000011,4.399999999999949,10003153.386256265
-6.600000000000012,4.399999999999949,10003233.769020688
-6.400000000000013,4.399999999999949,10003311.17111666
-6.2000000000000135,4.399999999999949,10003385.237443173
-6.000000000000014,4.399999999999949,10003455.6126389
-5.800000000000015,4.399999999999949,10003521.943551265
-5.600000000000016,4.399999999999949,10003583.881893678
-5.400000000000016,4.399999999999949,10003641.08706894
-5.200000000000017,4.399999999999949,10003693.229131304
-5.000000000000018,4.399999999999949,10003739.991854269
-4.8000000000000185,4.399999999999949,10003781.075866258
-4.600000000000019,4.399999999999949,10003816.201811856
-4.40000000000002,4.399999999999949,10003845.113492662
-4.200000000000021,4.399999999999949,10003867.580938818
-4.000000000000021,4.399999999999949,10003883.403360473
-3.800000000000022,4.399999999999949,10003892.411927538
-3.6000000000000227,4.399999999999949,10003894.472326381
-3.4000000000000234,4.399999999999949,10003889.487043634
-3.200000000000024,4.399999999999949,10003877.397329828
-3.000000000000025,4.399999999999949,10003858.184799554
-2.8000000000000256,4.399999999999949,10003831.872629613
-2.6000000000000263,4.399999999999949,10003798.526322683
-2.400000000000027,4.399999999999949,10003758.254010838
-2.2000000000000277,4.399999999999949,10003711.206280801
-2.0000000000000284,4.399999999999949,10003657.575511115
-1.8000000000000291,4.399999999999949,10003597.594719836
-1.6000000000000298,4.399999999999949,10003531.535930205
-1.4000000000000306,4.399999999999949,10003459.708070489
-1.2000000000000313,4.399999999999949,10003382.454432629
-1.000000000000032,4.399999999999949,10003300.149722466
-0.8000000000000327,4.399999999999949,10003213.196741713
-0.6000000000000334,4.399999999999949,10003122.022748515
-0.4000000000000341,4.399999999999949,10003027.075549066
-0.20000000000003482,4.399999999999949,10002928.819377365
-3.552713678800501e-14,4.399999999999949,10002827.730623586
0.19999999999996376,4.399999999999949,10002724.29347365
0.39999999999996305,4.399999999999949,10002618.995523417
0.5999999999999623,4.399999999999949,10002512.32343055
0.7999999999999616,4.399999999999949,10002404.758665247
0.9999999999999609,4.399999999999949,10002296.773418311
1.1999999999999602,4.399999999999949,10002188.826720878
1.3999999999999595,4.399999999999949,10002081.36082524
1.5999999999999588,4.399999999999949,10001974.797890332
1.799999999999958,4.399999999999949,10001869.537008975
1.9999999999999574,4.399999999999949,10001765.951606946
2.1999999999999567,4.399999999999949,10001664.387236577
2.399999999999956,4.399999999999949,10001565.159780085
2.5999999999999552,4.399999999999949,10001468.55407035
2.7999999999999545,4.399999999999949,10001374.822929524
2.999999999999954,4.399999999999949,10001284.186618822
3.199999999999953,4.399999999999949,10001196.832686419
3.3999999999999524,4.399999999999949,10001112.916194357
3.5999999999999517,4.399999999999949,10001032.56030021
3.799999999999951,4.399999999999949,10000955.857164675
3.9999999999999503,4.399999999999949,10000882.869152686
4.1999999999999496,4.399999999999949,10000813.630292816
4.399999999999949,4.399999999999949,10000748.1479577
4.599999999999948,4.399999999999949,10000686.404727181
4.799999999999947,4.399999999999949,10000628.360395512
4.999999999999947,4.399999999999949,10000573.954084361
5.199999999999946,4.399999999999949,10000523.106424576
5.399999999999945,4.399999999999949,10000475.721771298
5.599999999999945,4.399999999999949,10000431.690419387
5.799999999999944,4.399999999999949,10000390.890788736
5.999999999999943,4.399999999999949,10000353.191552173
6.1999999999999424,4.399999999999949,10000318.45368192
6.399999999999942,4.399999999999949,10000286.53239401
6.599999999999941,4.399999999999949,10000257.27897366
6.79999999999994,4.399999999999949,10000230.542468017
6.99999999999994,4.399999999999949,10000206.17123626
7.199999999999939,4.399999999999949,10000184.014350148
7.399999999999938,4.399999999999949,10000163.92284138
7.5999999999999375,4.399999999999949,10000145.750794828
7.799999999999937,4.399999999999949,10000129.356289318
7.999999999999936,4.399999999999949,10000114.602189869
8.199999999999935,4.399999999999949,10000101.356797284
8.399999999999935,4.399999999999949,10000089.494362496
8.599999999999934,4.399999999999949,10000078.895474486
8.799999999999933,4.399999999999949,10000069.447331475
8.999999999999932,4.399999999999949,10000061.043905843
9.199999999999932,4.399999999999949,10000053.586013574
9.399999999999931,4.399999999999949,10000046.98129933
9.59999999999993,4.399999999999949,10000041.144147974
9.79999999999993,4.399999999999949,10000035.995533386
-10.0,4.599999999999948,10001664.329946475
-9.8,4.599999999999948,10001749.650440864
-9.600000000000001,4.599999999999948,10001836.600060206
-9.400000000000002,4.599999999999948,10001925.012590457
-9.200000000000003,4.599999999999948,10002014.706633894
-9.000000000000004,4.599999999999948,10002105.485366903
-8.800000000000004,4.599999999999948,10002197.136360714
-8.600000000000005,4.599999999999948,10002289.43148103
-8.400000000000006,4.599999999999948,10002382.126884066
-8.200000000000006,4.599999999999948,10002474.963127816
-8.000000000000007,4.599999999999948,10002567.665417977
-7.800000000000008,4.599999999999948,10002659.94400842
-7.6000000000000085,4.599999999999948,10002751.494775666
-7.400000000000009,4.599999999999948,10002841.99998587
-7.20000000000001,4.599999999999948,10002931.129271211
-7.000000000000011,4.599999999999948,10003018.540830204
-6.800000000000011,4.599999999999948,10003103.882863434
-6.600000000000012,4.599999999999948,10003186.795252446
-6.400000000000013,4.599999999999948,10003266.911485214
-6.2000000000000135,4.599999999999948,10003343.860826693
-6.000000000000014,4.599999999999948,10003417.270727571
-5.800000000000015,4.599999999999948,10003486.769458652
-5.600000000000016,4.599999999999948,10003551.98895238
-5.400000000000016,4.599999999999948,10003612.567827025
-5.200000000000017,4.599999999999948,10003668.154563172
-5.000000000000018,4.599999999999948,10003718.410796598
-4.8000000000000185,4.599999999999948,10003763.014686404
-4.600000000000019,4.599999999999948,10003801.664312735
-4.40000000000002,4.599999999999948,10003834.081054704
-4.200000000000021,4.599999999999948,10003860.01289612
-4.000000000000021,4.599999999999948,10003879.237604894
-3.800000000000022,4.599999999999948,10003891.56573121
-3.6000000000000227,4.599999999999948,10003896.843370046
-3.4000000000000234,4.599999999999948,10003894.954635289
-3.200000000000024,4.599999999999948,10003885.823795678
-3.000000000000025,4.599999999999948,10003869.417026974
-2.8000000000000256,4.599999999999948,10003845.743739974
-2.6000000000000263,4.599999999999948,10003814.85745042
-2.400000000000027,4.599999999999948,10003776.856164059
-2.2000000000000277,4.599999999999948,10003731.882258166
-2.0000000000000284,4.599999999999948,10003680.121849436
-1.8000000000000291,4.599999999999948,10003621.80364716
-1.6000000000000298,4.599999999999948,10003557.197299734
-1.4000000000000306,4.599999999999948,10003486.611251716
-1.2000000000000313,4.599999999999948,10003410.390137525
-1.000000000000032,4.599999999999948,10003328.911746163
-0.8000000000000327,4.599999999999948,10003242.583599202
-0.6000000000000334,4.599999999999948,10003151.839191059
-0.4000000000000341,4.599999999999948,10003057.133946432
-0.20000000000003482,4.599999999999948,10002958.940954568
-3.552713678800501e-14,4.599999999999948,10002857.746543359
0.19999999999996376,4.599999999999948,10002754.045758605
0.39999999999996305,4.599999999999948,10002648.337814432
0.5999999999999623,4.599999999999948,10002541.121580433
0.7999999999999616,4.599999999999948,10002432.891169291
0.9999999999999609,4.599999999999948,10002324.131685471
1.1999999999999602,4.599999999999948,10002215.315191552
1.3999999999999595,4.599999999999948,10002106.89694343
1.5999999999999588,4.599999999999948,10001999.311939625
1.799999999999958,4.599999999999948,10001892.971823182
1.9999999999999574,4.599999999999948,10001788.262167357
2.1999999999999567,4.599999999999948,10001685.540168615
2.399999999999956,4.599999999999948,10001585.132762805
2.5999999999999552,4.599999999999948,10001487.335172415
2.7999999999999545,4.599999999999948,10001392.409885513
2.999999999999954,4.599999999999948,10001300.58605947
3.199999999999953,4.599999999999948,10001212.05933604
3.3999999999999524,4.599999999999948,10001126.992048185
3.5999999999999517,4.599999999999948,10001045.513793554
3.799999999999951,4.599999999999948,10000967.722345043
3.9999999999999503,4.599999999999948,10000893.684864998
4.1999999999999496,4.599999999999948,10000823.439386731
4.399999999999949,4.599999999999948,10000756.996525042
4.599999999999948,4.599999999999948,10000694.341376213
4.799999999999947,4.599999999999948,10000635.435567718
4.999999999999947,4.599999999999948,10000580.219418209
5.199999999999946,4.599999999999948,10000528.61416965
5.399999999999945,4.599999999999948,10000480.524255108
5.599999999999945,4.599999999999948,10000435.839568192
5.799999999999944,4.599999999999948,10000394.437702792
5.999999999999943,4.599999999999948,10000356.186134992
6.1999999999999424,4.599999999999948,10000320.9443224
6.399999999999942,4.599999999999948,10000288.565699637
6.599999999999941,4.599999999999948,10000258.899552478
6.79999999999994,4.599999999999948,10000231.792756598
6.99999999999994,4.599999999999948,10000207.091370547
7.199999999999939,4.599999999999948,10000184.642075831
7.399999999999938,4.599999999999948,10000164.293460257
7.5999999999999375,4.599999999999948,10000145.897143513
7.799999999999937,4.599999999999948,10000129.308746653
7.999999999999936,4.599999999999948,10000114.38870943
8.199999999999935,4.599999999999948,10000101.00296144
8.399999999999935,4.599999999999948,10000089.023454653
8.599999999999934,4.599999999999948,10000078.328566313
8.799999999999933,4.599999999999948,10000068.803382082
8.999999999999932,4.599999999999948,10000060.339870166
9.199999999999932,4.599999999999948,10000052.836957423
9.399999999999931,4.599999999999948,10000046.200518759
9.59999999999993,4.599999999999948,10000040.343291042
9.79999999999993,4.599999999999948,10000035.184722403
-10.0,4.799999999999947,10001606.824007714
-9.8,4.799999999999947,10001691.166049724
-9.600000000000001,4.799999999999947,10001777.310589679
-9.400000000000002,4.799999999999947,10001865.103460398
-9.200000000000003,4.799999999999947,10001954.374280632
-9.000000000000004,4.799999999999947,10002044.936053356
-8.800000000000004,4.799999999999947,10002136.58483523
-8.600000000000005,4.799999999999947,10002229.099495802
-8.400000000000006,4.799999999999947,10002322.241586389
-8.200000000000006,4.799999999999947,10002415.755339812
-8.000000000000007,4.799999999999947,10002509.367822701
-7.800000000000008,4.799999999999947,10002602.789262107
-7.6000000000000085,4.799999999999947,10002695.713567642
-7.400000000000009,4.799999999999947,10002787.819069061
-7.20000000000001,4.799999999999947,10002878.769487184
-7.000000000000011,4.799999999999947,10002968.215153411
-6.800000000000011,4.799999999999947,10003055.7944896
-6.600000000000012,4.799999999999947,10003141.135755932
-6.400000000000013,4.799999999999947,10003223.859069642
-6.2000000000000135,4.799999999999947,10003303.578692198
-6.000000000000014,4.799999999999947,10003379.905576702
-5.800000000000015,4.799999999999947,10003452.45016118
-5.600000000000016,4.799999999999947,10003520.825387223
-5.400000000000016,4.799999999999947,10003584.649917068
-5.200000000000017,4.799999999999947,10003643.551516071
-5.000000000000018,4.799999999999947,10003697.170561707
-4.8000000000000185,4.799999999999947,10003745.163634894
-4.600000000000019,4.799999999999947,10003787.207144717
-4.40000000000002,4.799999999999947,10003823.000933811
-4.200000000000021,4.799999999999947,10003852.271808818
-4.000000000000021,4.799999999999947,10003874.776938416
-3.800000000000022,4.799999999999947,10003890.30706096
-3.6000000000000227,4.799999999999947,10003898.689444281
-3.4000000000000234,4.799999999999947,10003899.790542247
-3.200000000000024,4.799999999999947,10003893.518295795
-3.000000000000025,4.799999999999947,10003879.824030695
-2.8000000000000256,4.799999999999947,10003858.703909924
-2.6000000000000263,4.799999999999947,10003830.199905246
-2.400000000000027,4.799999999999947,10003794.4002603
-2.2000000000000277,4.799999999999947,10003751.43942586
-2.0000000000000284,4.799999999999947,10003701.497457061
-1.8000000000000291,4.799999999999947,10003644.798871683
-1.6000000000000298,4.799999999999947,10003581.61097819
-1.4000000000000306,4.799999999999947,10003512.241691751
-1.2000000000000313,4.799999999999947,10003437.036865642
-1.000000000000032,4.799999999999947,10003356.37717408
-0.8000000000000327,4.799999999999947,10003270.674590623
-0.6000000000000334,4.799999999999947,10003180.368513336
-0.4000000000000341,4.799999999999947,10003085.92159386
-0.20000000000003482,4.799999999999947,10002987.815332456
-3.552713678800501e-14,4.799999999999947,10002886.545504672
0.19999999999996376,4.799999999999947,10002782.61748731
0.39999999999996305,4.799999999999947,10002676.541552328
0.5999999999999623,4.799999999999947,10002568.828196652
0.7999999999999616,4.799999999999947,10002459.983573945
0.9999999999999609,4.799999999999947,10002350.505091168
1.1999999999999602,4.799999999999947,10002240.877228444
1.3999999999999595,4.799999999999947,10002131.567635292
1.5999999999999588,4.799999999999947,10002023.023550013
1.799999999999958,4.799999999999947,10001915.668582035
1.9999999999999574,4.799999999999947,10001809.899889471
2.1999999999999567,4.799999999999947,10001706.085776247
2.399999999999956,4.799999999999947,10001604.563725153
2.5999999999999552,4.799999999999947,10001505.638875138
2.7999999999999545,4.799999999999947,10001409.58294338
2.999999999999954,4.799999999999947,10001316.633585164
3.199999999999953,4.799999999999947,10001226.994177757
3.3999999999999524,4.799999999999947,10001140.8340081
3.5999999999999517,4.799999999999947,10001058.288838573
3.799999999999951,4.799999999999947,10000979.461820394
3.9999999999999503,4.799999999999947,10000904.424720267
4.1999999999999496,4.799999999999947,10000833.219423002
4.399999999999949,4.799999999999947,10000765.859670613
4.599999999999948,4.799999999999947,10000702.332997411
4.799999999999947,4.799999999999947,10000642.60282008
4.999999999999947,4.799999999999947,10000586.610642314
5.199999999999946,4.799999999999947,10000534.278334793
5.399999999999945,4.799999999999947,10000485.510452982
5.599999999999945,4.799999999999947,10000440.196557816
5.799999999999944,4.799999999999947,10000398.213507092
5.999999999999943,4.799999999999947,10000359.427688586
6.1999999999999424,4.799999999999947,10000323.697169483
6.399999999999942,4.799999999999947,10000290.873740293
6.599999999999941,4.799999999999947,10000260.804835131
6.79999999999994,4.799999999999947,10000233.33531404
6.99999999999994,4.799999999999947,10000208.309096519
7.199999999999939,4.799999999999947,10000185.570638997
7.399999999999938,4.799999999999947,10000164.966252178
7.5999999999999375,4.799999999999947,10000146.345257197
7.799999999999937,4.799999999999947,10000129.5609822
7.999999999999936,4.799999999999947,10000114.471603343
8.199999999999935,4.799999999999947,10000100.94083628
8.399999999999935,4.799999999999947,10000088.838485828
8.599999999999934,4.799999999999947,10000078.040862955
8.799999999999933,4.799999999999947,10000068.4310792
8.999999999999932,4.799999999999947,10000059.899229418
9.199999999999932,4.799999999999947,10000052.342474159
9.399999999999931,4.799999999999947,10000045.665033137
9.59999999999993,4.799999999999947,10000039.77810131
9.79999999999993,4.799999999999947,10000034.599698694
-10.0,4.999999999999947,10001551.296220565
-9.8,4.999999999999947,10001634.68472557
-9.600000000000001,4.999999999999947,10001720.041995013
-9.400000000000002,4.999999999999947,10001807.225449245
-9.200000000000003,4.999999999999947,10001896.075306972
-9.000000000000004,4.999999999999947,10001986.414030632
-8.800000000000004,4.999999999999947,10002078.0458509
-8.600000000000005,4.999999999999947,10002170.756391272
-8.400000000000006,4.999999999999947,10002264.31241517
-8.200000000000006,4.999999999999947,10002358.461718874
-8.000000000000007,4.999999999999947,10002452.933194183
-7.800000000000008,4.999999999999947,10002547.43708438
-7.6000000000000085,4.999999999999947,10002641.665456347
-7.400000000000009,4.999999999999947,10002735.292910088
-7.20000000000001,4.999999999999947,10002827.977544568
-7.000000000000011,4.999999999999947,10002919.362195738
-6.800000000000011,4.999999999999947,10003009.075958805
-6.600000000000012,4.999999999999947,10003096.736002263
-6.400000000000013,4.999999999999947,10003181.949676018
-6.2000000000000135,4.999999999999947,10003264.316910332
-6.000000000000014,4.999999999999947,10003343.432895955
-5.800000000000015,4.999999999999947,10003418.891029619
-5.600000000000016,4.999999999999947,10003490.286102153
-5.400000000000016,4.999999999999947,10003557.217700152
-5.200000000000017,4.999999999999947,10003619.29378548
-5.000000000000018,4.999999999999947,10003676.134410981
-4.8000000000000185,4.999999999999947,10003727.375525165
-4.600000000000019,4.999999999999947,10003772.672813915
-4.40000000000002,4.999999999999947,10003811.705523262
-4.200000000000021,4.999999999999947,10003844.180204505
-4.000000000000021,4.999999999999947,10003869.834321057
-3.800000000000022,4.999999999999947,10003888.439656086
-3.6000000000000227,4.999999999999947,10003899.805460675
-3.4000000000000234,4.999999999999947,10003903.78128444
-3.200000000000024,4.999999999999947,10003900.259434072
-3.000000000000025,4.999999999999947,10003889.177009968
-2.8000000000000256,4.999999999999947,10003870.517477142
-2.6000000000000263,4.999999999999947,10003844.311733685
-2.400000000000027,4.999999999999947,10003810.638648165
-2.2000000000000277,4.999999999999947,10003769.625046005
-2.0000000000000284,4.999999999999947,10003721.445134558
-1.8000000000000291,4.999999999999947,10003666.319366122
-1.6000000000000298,4.999999999999947,10003604.512748303
-1.4000000000000306,4.999999999999947,10003536.33262078
-1.2000000000000313,4.999999999999947,10003462.125927271
-1.000000000000032,4.999999999999947,10003382.276020283
-0.8000000000000327,4.999999999999947,10003297.199044611
-0.6000000000000334,4.999999999999947,10003207.3399528
-0.4000000000000341,4.999999999999947,10003113.16821197
-0.20000000000003482,4.999999999999947,10003015.173266377
-3.552713678800501e-14,4.999999999999947,10002913.859823674
0.19999999999996376,4.999999999999947,10002809.7430351
0.39999999999996305,4.999999999999947,10002703.343640493
0.5999999999999623,4.999999999999947,10002595.183148503
0.7999999999999616,4.999999999999947,10002485.779120209
0.9999999999999609,4.999999999999947,10002375.640621092
1.1999999999999602,4.999999999999947,10002265.2639018
1.3999999999999595,4.999999999999947,10002155.12836233
1.5999999999999588,4.999999999999947,10002045.692848114
1.799999999999958,4.999999999999947,10001937.392318841
1.9999999999999574,4.999999999999947,10001830.634923426
2.1999999999999567,4.999999999999947,10001725.799506193
2.399999999999956,4.999999999999947,10001623.233561106
2.5999999999999552,4.999999999999947,10001523.251642723
2.7999999999999545,4.999999999999947,10001426.134234378
2.999999999999954,4.999999999999947,10001332.127066538
3.199999999999953,4.999999999999947,10001241.440871114
3.3999999999999524,4.999999999999947,10001154.251551066
3.5999999999999517,4.999999999999947,10001070.70073887
3.799999999999951,4.999999999999947,10000990.896712633
3.9999999999999503,4.999999999999947,10000914.91563455
4.1999999999999496,4.999999999999947,10000842.803073471
4.399999999999949,4.999999999999947,10000774.575771105
4.599999999999948,4.999999999999947,10000710.223610245
4.799999999999947,4.999999999999947,10000649.711743075
4.999999999999947,4.999999999999947,10000592.982837994
5.199999999999946,4.999999999999947,10000539.959404761
5.399999999999945,4.999999999999947,10000490.546159573
5.599999999999945,4.999999999999947,10000444.63239413
5.799999999999944,4.999999999999947,10000402.094315745
5.999999999999943,4.999999999999947,10000362.797328787
6.1999999999999424,4.999999999999947,10000326.598231377
6.399999999999942,4.999999999999947,10000293.347304905
6.599999999999941,4.999999999999947,10000262.89027784
6.79999999999994,4.999999999999947,10000235.070149058
6.99999999999994,4.999999999999947,10000209.728859568
7.199999999999939,4.999999999999947,10000186.708805166
7.399999999999938,4.999999999999947,10000165.854185764
7.5999999999999375,4.999999999999947,10000147.012190288
7.799999999999937,4.999999999999947,10000130.034018707
7.999999999999936,4.999999999999947,10000114.775745284
8.199999999999935,4.999999999999947,10000101.099029133
8.399999999999935,4.999999999999947,10000088.871679962
8.599999999999934,4.999999999999947,10000077.968088273
8.799999999999933,4.999999999999947,10000068.269530343
8.999999999999932,4.999999999999947,10000059.664359033
9.199999999999932,4.999999999999947,10000052.04809202
9.399999999999931,4.999999999999947,10000045.32340909
9.59999999999993,4.999999999999947,10000039.400070224
9.79999999999993,4.999999999999947,10000034.194765884
-10.0,5.199999999999946,10001497.773509173
-9.8,5.199999999999946,10001580.231153589
-9.600000000000001,5.199999999999946,10001664.816328365
-9.400000000000002,5.199999999999946,10001751.397567023
-9.200000000000003,5.199999999999946,10001839.82525901
-9.000000000000004,5.199999999999946,10001929.930949029
-8.800000000000004,5.199999999999946,10002021.52672312
-8.600000000000005,5.199999999999946,10002114.404704768
-8.400000000000006,5.199999999999946,10002208.336685723
-8.200000000000006,5.199999999999946,10002303.073917087
-8.000000000000007,5.199999999999946,10002398.347086465
-7.800000000000008,5.199999999999946,10002493.86650657
-7.6000000000000085,5.199999999999946,10002589.322539736
-7.400000000000009,5.199999999999946,10002684.386280729
-7.20000000000001,5.199999999999946,10002778.710517861
-7.000000000000011,5.199999999999946,10002871.930988751
-6.800000000000011,5.199999999999946,10002963.667943154
-6.600000000000012,5.199999999999946,10003053.528020142
-6.400000000000013,5.199999999999946,10003141.106441591
-6.2000000000000135,5.199999999999946,10003225.989517676
-6.000000000000014,5.199999999999946,10003307.757453654
-5.800000000000015,5.199999999999946,10003385.987440342
-5.600000000000016,5.199999999999946,10003460.25700382
-5.400000000000016,5.199999999999946,10003530.147582898
-5.200000000000017,5.199999999999946,10003595.248296281
-5.000000000000018,5.199999999999946,10003655.159855079
-4.8000000000000185,5.199999999999946,10003709.498570614
-4.600000000000019,5.199999999999946,10003757.900402557
-4.40000000000002,5.199999999999946,10003800.02498856
-4.200000000000021,5.199999999999946,10003835.559593486
-4.000000000000021,5.199999999999946,10003864.22291483
-3.800000000000022,5.199999999999946,10003885.768680442
-3.6000000000000227,5.199999999999946,10003899.988975657
-3.4000000000000234,5.199999999999946,10003906.717239272
-3.200000000000024,5.199999999999946,10003905.830871666
-3.000000000000025,5.199999999999946,10003897.253403215
-2.8000000000000256,5.199999999999946,10003880.956177702
-2.6000000000000263,5.199999999999946,10003856.959512677
-2.400000000000027,5.199999999999946,10003825.333307242
-2.2000000000000277,5.199999999999946,10003786.197076883
-2.0000000000000284,5.199999999999946,10003739.719404837
-1.8000000000000291,5.199999999999946,10003686.116809515
-1.6000000000000298,5.199999999999946,10003625.652037947
-1.4000000000000306,5.199999999999946,10003558.631805299
-1.2000000000000313,5.199999999999946,10003485.40401036
-1.000000000000032,5.199999999999946,10003406.354466239
-0.8000000000000327,5.199999999999946,10003321.903193844
-0.6000000000000334,5.199999999999946,10003232.500333404
-0.4000000000000341,5.199999999999946,10003138.621735454
-0.20000000000003482,5.199999999999946,10003040.764297897
-3.552713678800501e-14,5.199999999999946,10002939.441119388
0.19999999999996376,5.199999999999946,10002835.176541494
0.39999999999996305,5.199999999999946,10002728.501152862
0.5999999999999623,5.199999999999946,10002619.946827909
0.7999999999999616,5.199999999999946,10002510.041870365
0.9999999999999609,5.199999999999946,10002399.306328602
1.1999999999999602,5.199999999999946,10002288.24754485
1.3999999999999595,5.199999999999946,10002177.355994748
1.5999999999999588,5.199999999999946,10002067.101466881
1.799999999999958,5.199999999999946,10001957.929624487
1.9999999999999574,5.199999999999946,10001850.258983582
2.1999999999999567,5.199999999999946,10001744.47833329
2.399999999999956,5.199999999999946,10001640.944615792
2.5999999999999552,5.199999999999946,10001539.981274676
2.7999999999999545,5.199999999999946,10001441.877072334
2.999999999999954,5.199999999999946,10001346.885369197
3.199999999999953,5.199999999999946,10001255.223850185
3.3999999999999524,5.199999999999946,10001167.074677303
3.5999999999999517,5.199999999999946,10001082.58504123
3.799999999999951,5.199999999999946,10001001.868079986
3.9999999999999503,5.199999999999946,10000925.004128518
4.1999999999999496,5.199999999999946,10000852.042260053
4.399999999999949,5.199999999999946,10000783.002077755
4.599999999999948,5.199999999999946,10000717.87571417
4.799999999999947,5.199999999999946,10000656.629995385
4.999999999999947,5.199999999999946,10000599.208727552
5.199999999999946,5.199999999999946,10000545.53506445
5.399999999999945,5.199999999999946,10000495.513916919
5.599999999999945,5.199999999999946,10000449.034367366
5.799999999999944,5.199999999999946,10000405.972055571
5.999999999999943,5.199999999999946,10000366.191505468
6.1999999999999424,5.199999999999946,10000329.548366114
6.399999999999942,5.199999999999946,10000295.891543997
6.599999999999941,5.199999999999946,10000265.065207588
6.79999999999994,5.199999999999946,10000236.91064906
6.99999999999994,5.199999999999946,10000211.267991798
7.199999999999939,5.199999999999946,10000187.97773594
7.399999999999938,5.199999999999946,10000166.882137638
7.5999999999999375,5.199999999999946,10000147.826420806
7.799999999999937,5.199999999999946,10000130.659822948
7.999999999999936,5.199999999999946,10000115.236479169
8.199999999999935,5.199999999999946,10000101.416150544
8.399999999999935,5.199999999999946,10000089.064804861
8.599999999999934,5.199999999999946,10000078.055059137
8.799999999999933,5.199999999999946,10000068.266494434
8.999999999999932,5.199999999999946,10000059.585854208
9.199999999999932,5.199999999999946,10000051.907137949
9.399999999999931,5.199999999999946,10000045.131602054
9.59999999999993,5.199999999999946,10000039.167679781
9.79999999999993,5.199999999999946,10000033.930831954
-10.0,5.399999999999945,10001446.267280651
-9.8,5.399999999999945,10001527.814220304
-9.600000000000001,5.399999999999945,10001611.639608072
-9.400000000000002,5.399999999999945,10001697.62260487
-9.200000000000003,5.399999999999945,10001785.623332387
-9.000000000000004,5.399999999999945,10001875.482033482
-8.800000000000004,5.399999999999945,10001967.018326566
-8.600000000000005,5.399999999999945,10002060.030579543
-8.400000000000006,5.399999999999945,10002154.295430135
-8.200000000000006,5.399999999999945,10002249.567480111
-8.000000000000007,5.399999999999945,10002345.579191228
-7.800000000000008,5.399999999999945,10002442.041009894
-7.6000000000000085,5.399999999999945,10002538.641746439
-7.400000000000009,5.399999999999945,10002635.049232703
-7.20000000000001,5.399999999999945,10002730.91127864
-7.000000000000011,5.399999999999945,10002825.856945071
-6.800000000000011,5.399999999999945,10002919.498145016
-6.600000000000012,5.399999999999945,10003011.43158096
-6.400000000000013,5.399999999999945,10003101.241019355
-6.2000000000000135,5.399999999999945,10003188.499897335
-6.000000000000014,5.399999999999945,10003272.774249634
-5.800000000000015,5.399999999999945,10003353.625936704
-5.600000000000016,5.399999999999945,10003430.616147581
-5.400000000000016,5.399999999999945,10003503.309144108
-5.200000000000017,5.399999999999945,10003571.276205944
-5.000000000000018,5.399999999999945,10003634.099729588
-4.8000000000000185,5.399999999999945,10003691.377428554
-4.600000000000019,5.399999999999945,10003742.726577057
-4.40000000000002,5.399999999999945,10003787.788235437
-4.200000000000021,5.399999999999945,10003826.231392596
-4.000000000000021,5.399999999999945,10003857.756959284
-3.800000000000022,5.399999999999945,10003882.101545615
-3.6000000000000227,5.399999999999945,10003899.040957414
-3.4000000000000234,5.399999999999945,10003908.393348519
-3.200000000000024,5.399999999999945,10003910.021970185
-3.000000000000025,5.399999999999945,10003903.837464029
-2.8000000000000256,5.399999999999945,10003889.799651625
-2.6000000000000263,5.399999999999945,10003867.918781582
-2.400000000000027,5.399999999999945,10003838.256203748
-2.2000000000000277,5.399999999999945,10003800.924449688
-2.0000000000000284,5.399999999999945,10003756.086708764
-1.8000000000000291,5.399999999999945,10003703.955699664
-1.6000000000000298,5.399999999999945,10003644.79194783
-1.4000000000000306,5.399999999999945,10003578.901489738
-1.2000000000000313,5.399999999999945,10003506.63303512
-1.000000000000032,5.399999999999945,10003428.374627754
-0.8000000000000327,5.399999999999945,10003344.549854143
-0.6000000000000334,5.399999999999945,10003255.613657016
-0.4000000000000341,5.399999999999945,10003162.047817243
-0.20000000000003482,5.399999999999945,10003064.3561727
-3.552713678800501e-14,5.399999999999945,10002963.059646564
0.19999999999996376,5.399999999999945,10002858.691159608
0.39999999999996305,5.399999999999945,10002751.79050186
0.5999999999999623,5.399999999999945,10002642.899238225
0.7999999999999616,5.399999999999945,10002532.555720367
0.9999999999999609,5.399999999999945,10002421.29027355
1.1999999999999602,5.399999999999945,10002309.620622389
1.3999999999999595,5.399999999999945,10002198.047613256
1.5999999999999588,5.399999999999945,10002087.051284445
1.799999999999958,5.399999999999945,10001977.08732733
1.9999999999999574,5.399999999999945,10001868.583973607
2.1999999999999567,5.399999999999945,10001761.939335149
2.399999999999956,5.399999999999945,10001657.519214237
2.5999999999999552,5.399999999999945,10001555.655393248
2.7999999999999545,5.399999999999945,10001456.644404484
2.999999999999954,5.399999999999945,10001360.746772697
3.199999999999953,5.399999999999945,10001268.186715497
3.3999999999999524,5.399999999999945,10001179.152279945
3.5999999999999517,5.399999999999945,10001093.795887753
3.799999999999951,5.399999999999945,10001012.23525629
3.9999999999999503,5.399999999999945,10000934.55465857
4.1999999999999496,5.399999999999945,10000860.806482127
4.399999999999949,5.399999999999945,10000791.01304448
4.599999999999948,5.399999999999945,10000725.168621678
4.799999999999947,5.399999999999945,10000663.241645973
4.999999999999947,5.399999999999945,10000605.177029323
5.199999999999946,5.399999999999945,10000550.898570573
5.399999999999945,5.399999999999945,10000500.311406236
5.599999999999945,5.399999999999945,10000453.304467328
5.799999999999944,5.399999999999945,10000409.752907794
5.999999999999943,5.399999999999945,10000369.520473482
6.1999999999999424,5.399999999999945,10000332.461784383
6.399999999999942,5.399999999999945,10000298.424506713
6.599999999999941,5.399999999999945,10000267.251395408
6.79999999999994,5.399999999999945,10000238.782191558
6.99999999999994,5.399999999999945,10000212.85536316
7.199999999999939,5.399999999999945,10000189.309681235
7.399999999999938,5.399999999999945,10000167.985626897
7.5999999999999375,5.399999999999945,10000148.726628028
7.799999999999937,5.399999999999945,10000131.380127214
7.999999999999936,5.399999999999945,10000115.798484992
8.199999999999935,5.399999999999945,10000101.839724764
8.399999999999935,5.399999999999945,10000089.368127422
8.599999999999934,5.399999999999945,10000078.254685314
8.799999999999933,5.399999999999945,10000068.37742613
8.999999999999932,5.399999999999945,10000059.621618256
9.199999999999932,5.399999999999945,10000051.879869431
9.399999999999931,5.399999999999945,10000045.052130913
9.59999999999993,5.399999999999945,10000039.04561918
9.79999999999993,5.399999999999945,10000033.774667019
-10.0,5.599999999999945,10001396.774355793
-9.8,5.599999999999945,10001477.42798025
-9.600000000000001,5.599999999999945,10001560.502820563
-9.400000000000002,5.599999999999945,10001645.888171315
-9.200000000000003,5.599999999999945,10001733.453441883
-9.000000000000004,5.599999999999945,10001823.047185183
-8.800000000000004,5.599999999999945,10001914.496227322
-8.600000000000005,5.599999999999945,10002007.604925845
-8.400000000000006,5.599999999999945,10002102.154585391
-8.200000000000006,5.599999999999945,10002197.903060317
-8.000000000000007,5.599999999999945,10002294.584573727
-7.800000000000008,5.599999999999945,10002391.909781678
-7.6000000000000085,5.599999999999945,10002489.566109695
-7.400000000000009,5.599999999999945,10002587.218386471
-7.20000000000001,5.599999999999945,10002684.509796299
-7.000000000000011,5.599999999999945,10002781.063167838
-6.800000000000011,5.599999999999945,10002876.482611945
-6.600000000000012,5.599999999999945,10002970.355515653
-6.400000000000013,5.599999999999945,10003062.25489329
-6.2000000000000135,5.599999999999945,10003151.742088737
-6.000000000000014,5.599999999999945,10003238.369815849
-5.800000000000015,5.599999999999945,10003321.685516408
-5.600000000000016,5.599999999999945,10003401.235007606
-5.400000000000016,5.599999999999945,10003476.566383494
-5.200000000000017,5.599999999999945,10003547.234127749
-5.000000000000018,5.599999999999945,10003612.803388473
-4.8000000000000185,5.599999999999945,10003672.854359707
-4.600000000000019,5.599999999999945,10003726.986709328
-4.40000000000002,5.599999999999945,10003774.82398882
-4.200000000000021,5.599999999999945,10003816.017957669
-4.000000000000021,5.599999999999945,10003850.252753418
-3.800000000000022,5.599999999999945,10003877.248838354
-3.6000000000000227,5.599999999999945,10003896.766654994
-3.4000000000000234,5.599999999999945,10003908.609925358
-3.200000000000024,5.599999999999945,10003912.628533153
-3.000000000000025,5.599999999999945,10003908.720933722
-2.8000000000000256,5.599999999999945,10003896.836043337
-2.6000000000000263,5.599999999999945,10003876.9745677
-2.400000000000027,5.599999999999945,10003849.189738452
-2.2000000000000277,5.599999999999945,10003813.58743643
-2.0000000000000284,5.599999999999945,10003770.32569095
-1.8000000000000291,5.599999999999945,10003719.6135551
-1.6000000000000298,5.599999999999945,10003661.709368125
-1.4000000000000306,5.599999999999945,10003596.918426642
-1.2000000000000313,5.599999999999945,10003525.590096941
-1.000000000000032,5.599999999999945,10003448.114410253
-0.8000000000000327,5.599999999999945,10003364.918191977
-0.6000000000000334,5.599999999999945,10003276.460783463
-0.4000000000000341,5.599999999999945,10003183.229421774
-0.20000000000003482,5.599999999999945,10003085.734348029
-3.552713678800501e-14,5.599999999999945,10002984.50371869
0.19999999999996376,5.599999999999945,10002880.078396436
0.39999999999996305,5.599999999999945,10002773.006698025
0.5999999999999623,5.599999999999945,10002663.839175574
0.7999999999999616,5.599999999999945,10002553.123505468
0.9999999999999609,5.599999999999945,10002441.39955532
1.1999999999999602,5.599999999999945,10002329.194694398
1.3999999999999595,5.599999999999945,10002217.019406825
1.5999999999999588,5.599999999999945,10002105.363259714
1.799999999999958,5.599999999999945,10001994.691270553
1.9999999999999574,5.599999999999945,10001885.44070978
2.1999999999999567,5.599999999999945,10001778.01836563
2.399999999999956,5.599999999999945,10001672.798289416
2.5999999999999552,5.599999999999945,10001570.120030614
2.7999999999999545,5.599999999999945,10001470.287362339
2.999999999999954,5.599999999999945,10001373.567489754
3.199999999999953,5.599999999999945,10001280.190726172
3.3999999999999524,5.599999999999945,10001190.350614786
3.5999999999999517,5.599999999999945,10001104.204467826
3.799999999999951,5.599999999999945,10001021.874289745
3.9999999999999503,5.599999999999945,10000943.44804679
4.1999999999999496,5.599999999999945,10000868.981242117
4.399999999999949,5.599999999999945,10000798.498753265
4.599999999999948,5.599999999999945,10000731.996887652
4.799999999999947,5.599999999999945,10000669.445611287
4.999999999999947,5.599999999999945,10000610.79090648
5.199999999999946,5.599999999999945,10000555.957215676
5.399999999999945,5.599999999999945,10000504.849930488
5.599999999999945,5.599999999999945,10000457.35788767
5.799999999999944,5.599999999999945,10000413.355836939
5.999999999999943,5.599999999999945,10000372.706848938
6.1999999999999424,5.599999999999945,10000335.264635589
6.399999999999942,5.599999999999945,10000300.875758918
6.599999999999941,5.599999999999945,10000269.38170858
6.79999999999994,5.599999999999945,10000240.620832216
6.99999999999994,5.599999999999945,10000214.4301069
7.199999999999939,5.599999999999945,10000190.646743447
7.399999999999938,5.599999999999945,10000169.109619088
7.5999999999999375,5.599999999999945,10000149.660537165
7.799999999999937,5.599999999999945,10000132.145315358
7.999999999999936,5.599999999999945,10000116.414706718
8.199999999999935,5.599999999999945,10000102.32515976
8.399999999999935,5.599999999999945,10000089.739425898
8.599999999999934,5.599999999999945,10000078.527023904
8.799999999999933,5.599999999999945,10000068.564572195
8.999999999999932,5.599999999999945,10000059.736000571
9.199999999999932,5.599999999999945,10000051.932653544
9.399999999999931,5.599999999999945,10000045.053297505
9.59999999999993,5.599999999999945,10000039.004044045
9.79999999999993,5.599999999999945,10000033.698201424
-10.0,5.799999999999944,10001349.277995078
-9.8,5.799999999999944,10001429.052720513
-9.600000000000001,5.799999999999944,10001511.383022605
-9.400000000000002,5.799999999999944,10001596.167831143
-9.200000000000003,5.799999999999944,10001683.285395604
-9.000000000000004,5.799999999999944,10001772.592189664
-8.800000000000004,5.799999999999944,10001863.921923231
-8.600000000000005,5.799999999999944,10001957.084691571
-8.400000000000006,5.799999999999944,10002051.866292315
-8.200000000000006,5.799999999999944,10002148.027741706
-8.000000000000007,5.799999999999944,10002245.305021193
-7.800000000000008,5.799999999999944,10002343.409084646
-7.6000000000000085,5.799999999999944,10002442.02615461
-7.400000000000009,5.799999999999944,10002540.818333484
-7.20000000000001,5.799999999999944,10002639.424552014
-7.000000000000011,5.799999999999944,10002737.461873107
-6.800000000000011,5.799999999999944,10002834.527163925
-6.600000000000012,5.799999999999944,10002930.199143192
-6.400000000000013,5.799999999999944,10003024.04080426
-6.2000000000000135,5.799999999999944,10003115.602207115
-6.000000000000014,5.799999999999944,10003204.42362535
-5.800000000000015,5.799999999999944,10003290.039026003
-5.600000000000016,5.799999999999944,10003371.979852716
-5.400000000000016,5.799999999999944,10003449.779074676
-5.200000000000017,5.799999999999944,10003522.975456674
-5.000000000000018,5.799999999999944,10003591.117998693
-4.8000000000000185,5.799999999999944,10003653.770487325
-4.600000000000019,5.799999999999944,10003710.516096191
-4.40000000000002,5.799999999999944,10003760.961968405
-4.200000000000021,5.799999999999944,10003804.743711216
-4.000000000000021,5.799999999999944,10003841.529731499
-3.800000000000022,5.799999999999944,10003871.025340656
-3.6000000000000227,5.799999999999944,10003892.976558922
-3.4000000000000234,5.799999999999944,10003907.173551973
-3.200000000000024,5.799999999999944,10003913.453637214
-3.000000000000025,5.799999999999944,10003911.703802938
-2.8000000000000256,5.799999999999944,10003901.862690764
-2.6000000000000263,5.799999999999944,10003883.922000088
-2.400000000000027,5.799999999999944,10003857.927282732
-2.2000000000000277,5.799999999999944,10003823.978106113
-2.0000000000000284,5.799999999999944,10003782.227574136
-1.8000000000000291,5.799999999999944,10003732.881206028
-1.6000000000000298,5.799999999999944,10003676.19518471
-1.4000000000000306,5.799999999999944,10003612.473997267
-1.2000000000000313,5.799999999999944,10003542.06750075
-1.000000000000032,5.799999999999944,10003465.367456576
-0.8000000000000327,5.799999999999944,10003382.803585827
-0.6000000000000334,5.799999999999944,10003294.83920581
-0.4000000000000341,5.799999999999944,10003201.966514952
-0.20000000000003482,5.799999999999944,10003104.701598452
-3.552713678800501e-14,5.799999999999944,10003003.579230964
0.19999999999996376,5.799999999999944,10002899.147554832
0.39999999999996305,5.799999999999944,10002791.962713059
0.5999999999999623,5.799999999999944,10002682.583515326
0.7999999999999616,5.799999999999944,10002571.566212907
0.9999999999999609,5.799999999999944,10002459.459454535
1.1999999999999602,5.799999999999944,10002346.79949004
1.3999999999999595,5.799999999999944,10002234.105682401
1.5999999999999588,5.799999999999944,10002121.876381435
1.799999999999958,5.799999999999944,10002010.585204449
1.9999999999999574,5.799999999999944,10001900.677760456
2.1999999999999567,5.799999999999944,10001792.568845663
2.399999999999956,5.799999999999944,10001686.640128706
2.5999999999999552,5.799999999999944,10001583.238335226
2.7999999999999545,5.799999999999944,10001482.673932398
2.999999999999954,5.799999999999944,10001385.220305726
3.199999999999953,5.799999999999944,10001291.113412702
3.3999999999999524,5.799999999999944,10001200.551890729
3.5999999999999517,5.799999999999944,10001113.697590662
3.799999999999951,5.799999999999944,10001030.676501883
3.9999999999999503,5.799999999999944,10000951.580030646
4.1999999999999496,5.799999999999944,10000876.466590025
4.399999999999949,5.799999999999944,10000805.363457587
4.599999999999948,5.799999999999944,10000738.268855562
4.799999999999947,5.799999999999944,10000675.154208003
4.999999999999947,5.799999999999944,10000615.966529876
5.199999999999946,5.799999999999944,10000560.63090445
5.399999999999945,5.799999999999944,10000509.053007383
5.599999999999945,5.799999999999944,10000461.12163856
5.799999999999944,5.799999999999944,10000416.711225959
5.999999999999943,5.799999999999944,10000375.684269313
6.1999999999999424,5.799999999999944,10000337.893695347
6.399999999999942,5.799999999999944,10000303.185100213
6.599999999999941,5.799999999999944,10000271.398859013
6.79999999999994,5.799999999999944,10000242.372086309
6.99999999999994,5.799999999999944,10000215.94043557
7.199999999999939,5.799999999999944,10000191.939729255
7.399999999999938,5.799999999999944,10000170.20741488
7.5999999999999375,5.799999999999944,10000150.583845697
7.799999999999937,5.799999999999944,10000132.913387489
7.999999999999936,5.799999999999944,10000117.04535578
8.199999999999935,5.799999999999944,10000102.834789822
8.399999999999935,5.799999999999944,10000090.143071681
8.599999999999934,5.799999999999944,10000078.838400304
8.799999999999933,5.799999999999944,10000068.79613142
8.999999999999932,5.799999999999944,10000059.89899518
9.199999999999932,5.799999999999944,10000052.037203675
9.399999999999931,5.799999999999944,10000045.10846091
9.59999999999993,5.799999999999944,10000039.017887615
9.79999999999993,5.799999999999944,10000033.67787306
-10.0,5.999999999999943,10001303.749002911
-9.8,5.999999999999943,10001382.656105544
-9.600000000000001,5.999999999999943,10001464.244525654
-9.400000000000002,5.999999999999943,10001548.422328105
-9.200000000000003,5.999999999999943,10001635.076154634
-9.000000000000004,5.999999999999943,10001724.070011739
-8.800000000000004,5.999999999999943,10001815.244172249
-8.600000000000005,5.999999999999943,10001908.41422203
-8.400000000000006,5.999999999999943,10002003.37028442
-8.200000000000006,5.999999999999943,10002099.876455417
-8.000000000000007,5.999999999999943,10002197.670482334
-7.800000000000008,5.999999999999943,10002296.46371752
-7.6000000000000085,5.999999999999943,10002395.941376852
-7.400000000000009,5.999999999999943,10002495.763129737
-7.20000000000001,5.999999999999943,10002595.56404384
-7.000000000000011,5.999999999999943,10002694.955902897
-6.800000000000011,5.999999999999943,10002793.528910758
-6.600000000000012,5.999999999999943,10002890.8537885
-6.400000000000013,5.999999999999943,10002986.484264592
-6.2000000000000135,5.999999999999943,10003079.959950719
-6.000000000000014,5.999999999999943,10003170.80958811
-5.800000000000015,5.999999999999943,10003258.554641133
-5.600000000000016,5.999999999999943,10003342.7132069
-5.400000000000016,5.999999999999943,10003422.804201754
-5.200000000000017,5.999999999999943,10003498.35177786
-5.000000000000018,5.999999999999943,10003568.88991631
-4.8000000000000185,5.999999999999943,10003633.967136731
-4.600000000000019,5.999999999999943,10003693.151258307
-4.40000000000002,5.999999999999943,10003746.034142891
-4.200000000000021,5.999999999999943,10003792.236348001
-4.000000000000021,5.999999999999943,10003831.411616115
-3.800000000000022,5.999999999999943,10003863.251126604
-3.6000000000000227,5.999999999999943,10003887.487438267
-3.4000000000000234,5.999999999999943,10003903.898053477
-3.200000000000024,5.999999999999943,10003912.308539668
-3.000000000000025,5.999999999999943,10003912.595149843
-2.8000000000000256,5.999999999999943,10003904.686891386
-2.6000000000000263,5.999999999999943,10003888.567000974
-2.400000000000027,5.999999999999943,10003864.273793118
-2.2000000000000277,5.999999999999943,10003831.900860358
-2.0000000000000284,5.999999999999943,10003791.596614214
-1.8000000000000291,5.999999999999943,10003743.563167365
-1.6000000000000298,5.999999999999943,10003688.054569151
-1.4000000000000306,5.999999999999943,10003625.374417676
-1.2000000000000313,5.999999999999943,10003555.872882787
-1.000000000000032,5.999999999999943,10003479.943184301
-0.8000000000000327,5.999999999999943,10003398.017579217
-0.6000000000000334,5.999999999999943,10003310.5629197
-0.4000000000000341,5.999999999999943,10003218.075850613
-0.20000000000003482,5.999999999999943,10003121.077720609
-3.552713678800501e-14,5.999999999999943,10003020.109284861
0.19999999999996376,5.999999999999943,10002915.725279626
0.39999999999996305,5.999999999999943,10002808.488949595
0.5999999999999623,5.999999999999943,10002698.96660791
0.7999999999999616,5.999999999999943,10002587.722306337
0.9999999999999609,5.999999999999943,10002475.312689075
1.1999999999999602,5.999999999999943,10002362.282098342
1.3999999999999595,5.999999999999943,10002249.15799355
1.5999999999999588,5.999999999999943,10002136.446738372
1.799999999999958,5.999999999999943,10002024.62980179
1.9999999999999574,5.999999999999943,10001914.160410473
2.1999999999999567,5.999999999999943,10001805.460680647
2.399999999999956,5.999999999999943,10001698.91924831
2.5999999999999552,5.999999999999943,10001594.889407484
2.7999999999999545,5.999999999999943,10001493.687757188
2.999999999999954,5.999999999999943,10001395.593349265
3.199999999999953,5.999999999999943,10001300.84732138
3.3999999999999524,5.999999999999943,10001209.652992258
3.5999999999999517,5.999999999999943,10001122.176389934
3.799999999999951,5.999999999999943,10001038.547178477
3.9999999999999503,5.999999999999943,10000958.859944155
4.1999999999999496,5.999999999999943,10000883.17579882
4.399999999999949,5.999999999999943,10000811.52425581
4.599999999999948,5.999999999999943,10000743.90533251
4.799999999999947,5.999999999999943,10000680.291833235
4.999999999999947,5.999999999999943,10000620.631766764
5.199999999999946,5.999999999999943,10000564.850854138
5.399999999999945,5.999999999999943,10000512.855084466
5.599999999999945,5.999999999999943,10000464.533279255
5.799999999999944,5.999999999999943,10000419.75962888
5.999999999999943,5.999999999999943,10000378.39616861
6.1999999999999424,5.999999999999943,10000340.295165334
6.399999999999942,5.999999999999943,10000305.301390434
6.599999999999941,5.999999999999943,10000273.254258236
6.79999999999994,5.999999999999943,10000243.98981376
6.99999999999994,5.999999999999943,10000217.342557486
7.199999999999939,5.999999999999943,10000193.147098701
7.399999999999938,5.999999999999943,10000171.23963271
7.5999999999999375,5.999999999999943,10000151.45924044
7.799999999999937,5.999999999999943,10000133.649012018
7.999999999999936,5.999999999999943,10000117.656998573
8.199999999999935,5.999999999999943,10000103.336998748
8.399999999999935,5.999999999999943,10000090.549188348
8.599999999999934,5.999999999999943,10000079.160603018
8.799999999999933,5.999999999999943,10000069.045485102
8.999999999999932,5.999999999999943,10000060.085506536
9.199999999999932,5.999999999999943,10000052.16988024
9.399999999999931,5.999999999999943,10000045.195372606
9.59999999999993,5.999999999999943,10000039.066229679
9.79999999999993,5.999999999999943,10000033.694029355
-10.0,6.1999999999999424,10001260.14689288
-9.8,6.1999999999999424,10001338.194384404
-9.600000000000001,6.1999999999999424,10001419.040143967
-9.400000000000002,6.1999999999999424,10001502.600872513
-9.200000000000003,6.1999999999999424,10001588.771158578
-9.000000000000004,6.1999999999999424,10001677.422157202
-8.800000000000004,6.1999999999999424,10001768.40038831
-8.600000000000005,6.1999999999999424,10001861.52668774
-8.400000000000006,6.1999999999999424,10001956.595345246
-8.200000000000006,6.1999999999999424,10002053.373463973
-8.000000000000007,6.1999999999999424,10002151.60057567
-7.800000000000008,6.1999999999999424,10002250.98854447
-7.6000000000000085,6.1999999999999424,10002351.221790025
-7.400000000000009,6.1999999999999424,10002451.95785773
-7.20000000000001,6.1999999999999424,10002552.828359736
-7.000000000000011,6.1999999999999424,10002653.440305673
-6.800000000000011,6.1999999999999424,10002753.377836246
-6.600000000000012,6.1999999999999424,10002852.204366446
-6.400000000000013,6.1999999999999424,10002949.46513793
-6.2000000000000135,6.1999999999999424,10003044.69017248
-6.000000000000014,6.1999999999999424,10003137.397610407
-5.800000000000015,6.1999999999999424,10003227.097409481
-5.600000000000016,6.1999999999999424,10003313.295371667
-5.400000000000016,6.1999999999999424,10003395.497456877
-5.200000000000017,6.1999999999999424,10003473.214335212
-5.000000000000018,6.1999999999999424,10003545.966122007
-4.8000000000000185,6.1999999999999424,10003613.287233714
-4.600000000000019,6.1999999999999424,10003674.731297372
-4.40000000000002,6.1999999999999424,10003729.87604208
-4.200000000000021,6.1999999999999424,10003778.328098245
-4.000000000000021,6.1999999999999424,10003819.727628822
-3.800000000000022,6.1999999999999424,10003853.752716882
-3.6000000000000227,6.1999999999999424,10003880.123435652
-3.4000000000000234,6.1999999999999424,10003898.605530212
-3.200000000000024,6.1999999999999424,10003909.01364512
-3.000000000000025,6.1999999999999424,10003911.214038312
-2.8000000000000256,6.1999999999999424,10003905.126729434
-2.6000000000000263,6.1999999999999424,10003890.727039658
-2.400000000000027,6.1999999999999424,10003868.04648984
-2.2000000000000277,6.1999999999999424,10003837.17303486
-2.0000000000000284,6.1999999999999424,10003798.250623092
-1.8000000000000291,6.1999999999999424,10003751.478081817
-1.6000000000000298,6.1999999999999424,10003697.10734105
-1.4000000000000306,6.1999999999999424,10003635.441019824
-1.2000000000000313,6.1999999999999424,10003566.829410084
-1.000000000000032,6.1999999999999424,10003491.666903675
-0.8000000000000327,6.1999999999999424,10003410.38791741
-0.6000000000000334,6.1999999999999424,10003323.462379407
-0.4000000000000341,6.1999999999999424,10003231.390846899
-0.20000000000003482,6.1999999999999424,10003134.699331155
-3.552713678800501e-14,6.1999999999999424,10003033.933909109
0.19999999999996376,6.1999999999999424,10002929.655203503
0.39999999999996305,6.1999999999999424,10002822.432814032
0.5999999999999623,6.1999999999999424,10002712.839780916
0.7999999999999616,6.1999999999999424,10002601.447159793
0.9999999999999609,6.1999999999999424,10002488.81878267
1.1999999999999602,6.1999999999999424,10002375.506274423
1.3999999999999595,6.1999999999999424,10002262.044387562
1.5999999999999588,6.1999999999999424,10002148.946710609
1.799999999999958,6.1999999999999424,10002036.701796863
1.9999999999999574,6.1999999999999424,10001925.769751562
2.1999999999999567,6.1999999999999424,10001816.579305993
2.399999999999956,6.1999999999999424,10001709.525397776
2.5999999999999552,6.1999999999999424,10001604.967267068
2.7999999999999545,6.1999999999999424,10001503.2270694
2.999999999999954,6.1999999999999424,10001404.588997182
3.199999999999953,6.1999999999999424,10001309.298893882
3.3999999999999524,6.1999999999999424,10001217.564337617
3.5999999999999517,6.1999999999999424,10001129.555164488
3.799999999999951,6.1999999999999424,10001045.404396571
3.9999999999999503,6.1999999999999424,10000965.209535003
4.1999999999999496,6.1999999999999424,10000889.034175236
4.399999999999949,6.1999999999999424,10000816.90989922
4.599999999999948,6.1999999999999424,10000748.838397898
4.799999999999947,6.1999999999999424,10000684.79377708
4.999999999999947,6.1999999999999424,10000624.725000355
5.199999999999946,6.1999999999999424,10000568.558424035
5.399999999999945,6.1999999999999424,10000516.200381318
5.599999999999945,6.1999999999999424,10000467.539775588
5.799999999999944,6.1999999999999424,10000422.450646043
5.999999999999943,6.1999999999999424,10000380.794672517
6.1999999999999424,6.1999999999999424,10000342.423590403
6.399999999999942,6.1999999999999424,10000307.1814906
6.599999999999941,6.1999999999999424,10000274.906983789
6.79999999999994,6.1999999999999424,10000245.435212467
6.99999999999994,6.1999999999999424,10000218.599698251
7.199999999999939,6.1999999999999424,10000194.234015997
7.399999999999938,6.1999999999999424,10000172.173289804
7.5999999999999375,6.1999999999999424,10000152.255509498
7.799999999999937,6.1999999999999424,10000134.322669145
7.999999999999936,6.1999999999999424,10000118.221731858
8.199999999999935,6.1999999999999424,10000103.80542748
8.399999999999935,6.1999999999999424,10000090.932891592
8.599999999999934,6.1999999999999424,10000079.470155943
8.799999999999933,6.1999999999999424,10000069.290501455
8.999999999999932,6.1999999999999424,10000060.274685865
9.199999999999932,6.1999999999999424,10000052.311058564
9.399999999999931,6.1999999999999424,10000045.295575382
9.59999999999993,6.1999999999999424,10000039.131726021
9.79999999999993,6.1999999999999424,10000033.73038663
-10.0,6.399999999999942,10001218.421096748
-9.8,6.399999999999942,10001295.61364254
-9.600000000000001,6.399999999999942,10001375.712487932
-9.400000000000002,6.399999999999942,10001458.642474685
-9.200000000000003,6.399999999999942,10001544.3056974
-9.000000000000004,6.399999999999942,10001632.580081169
-8.800000000000004,6.399999999999942,10001723.31808404
-8.600000000000005,6.399999999999942,10001816.345559204
-8.400000000000006,6.399999999999942,10001911.460812636
-8.200000000000006,6.399999999999942,10002008.433892302
-8.000000000000007,6.399999999999942,10002107.006144386
-7.800000000000008,6.399999999999942,10002206.890070641
-7.6000000000000085,6.399999999999942,10002307.76951863
-7.400000000000009,6.399999999999942,10002409.300233416
-7.20000000000001,6.399999999999942,10002511.11079494
-7.000000000000011,6.399999999999942,10002612.80396045
-6.800000000000011,6.399999999999942,10002713.958425172
-6.600000000000012,6.399999999999942,10002814.131007833
-6.400000000000013,6.399999999999942,10002912.859260214
-6.2000000000000135,6.399999999999942,10003009.664491959
-6.000000000000014,6.399999999999942,10003104.055193609
-5.800000000000015,6.399999999999942,10003195.530832319
-5.600000000000016,6.399999999999942,10003283.585986191
-5.400000000000016,6.399999999999942,10003367.71477493
-5.200000000000017,6.399999999999942,10003447.415536536
-5.000000000000018,6.399999999999942,10003522.195692636
-4.8000000000000185,6.399999999999942,10003591.576738544
-4.600000000000019,6.399999999999942,10003655.099288741
-4.40000000000002,6.399999999999942,10003712.328104353
-4.200000000000021,6.399999999999942,10003762.857026309
-4.000000000000021,6.399999999999942,10003806.313736513
-3.800000000000022,6.399999999999942,10003842.364269553
-3.6000000000000227,6.399999999999942,10003870.717199283
-3.4000000000000234,6.399999999999942,10003891.127428055
-3.200000000000024,6.399999999999942,10003903.399511294
-3.000000000000025,6.399999999999942,10003907.390456723
-2.8000000000000256,6.399999999999942,10003903.01194537
-2.6000000000000263,6.399999999999942,10003890.231930612
-2.400000000000027,6.399999999999942,10003869.075581757
-2.2000000000000277,6.399999999999942,10003839.625549586
-2.0000000000000284,6.399999999999942,10003802.021542907
-1.8000000000000291,6.399999999999942,10003756.459217103
-1.6000000000000298,6.399999999999942,10003703.188387612
-1.4000000000000306,6.399999999999942,10003642.510593005
-1.2000000000000313,6.399999999999942,10003574.776043694
-1.000000000000032,6.399999999999942,10003500.380002754
-0.8000000000000327,6.399999999999942,10003419.758654954
-0.6000000000000334,6.399999999999942,10003333.384528507
-0.4000000000000341,6.399999999999942,10003241.761541056
-0.20000000000003482,6.399999999999942,10003145.419746965
-3.552713678800501e-14,6.399999999999942,10003044.909866892
0.19999999999996376,6.399999999999942,10002940.797682945
0.39999999999996305,6.399999999999942,10002833.658383287
0.5999999999999623,6.399999999999942,10002724.07093897
0.7999999999999616,6.399999999999942,10002612.612593144
0.9999999999999609,6.399999999999942,10002499.853538644
1.1999999999999602,6.399999999999942,10002386.351854421
1.3999999999999595,6.399999999999942,10002272.648764577
1.5999999999999588,6.399999999999942,10002159.264276084
1.799999999999958,6.399999999999942,10002046.693242725
1.9999999999999574,6.399999999999942,10001935.401893746
2.1999999999999567,6.399999999999942,10001825.824856184
2.399999999999956,6.399999999999942,10001718.36269032
2.5999999999999552,6.399999999999942,10001613.379948173
2.7999999999999545,6.399999999999942,10001511.203755677
2.999999999999954,6.399999999999942,10001412.122910494
3.199999999999953,6.399999999999942,10001316.387479212
3.3999999999999524,6.399999999999942,10001224.208870322
3.5999999999999517,6.399999999999942,10001135.760352958
3.799999999999951,6.399999999999942,10001051.177985769
3.9999999999999503,6.399999999999942,10000970.56191591
4.1999999999999496,6.399999999999942,10000893.978004606
4.399999999999949,6.399999999999942,10000821.459733533
4.599999999999948,6.399999999999942,10000753.010344759
4.799999999999947,6.399999999999942,10000688.60516676
4.999999999999947,6.399999999999942,10000628.194079576
5.199999999999946,6.399999999999942,10000571.704073586
5.399999999999945,6.399999999999942,10000519.041858522
5.599999999999945,6.399999999999942,10000470.096482208
5.799999999999944,6.399999999999942,10000424.74192172
5.999999999999943,6.399999999999942,10000382.839613523
6.1999999999999424,6.399999999999942,10000344.240893034
6.399999999999942,6.399999999999942,10000308.78931837
6.599999999999941,6.399999999999942,10000276.322857216
6.79999999999994,6.399999999999942,10000246.675920129
6.99999999999994,6.399999999999942,10000219.681227619
7.199999999999939,6.399999999999942,10000195.171502404
7.399999999999938,6.399999999999942,10000172.980981912
7.5999999999999375,6.399999999999942,10000152.94674953
7.799999999999937,6.399999999999942,10000134.909886194
7.999999999999936,6.399999999999942,10000118.716446584
8.199999999999935,6.399999999999942,10000104.218266586
8.399999999999935,6.399999999999942,10000091.273610543
8.599999999999934,6.399999999999942,10000079.747668456
8.799999999999933,6.399999999999942,10000069.512914412
8.999999999999932,6.399999999999942,10000060.449338414
9.199999999999932,6.399999999999942,10000052.444564292
9.399999999999931,6.399999999999942,10000045.393866517
9.59999999999993,6.399999999999942,10000039.200098816
9.79999999999993,6.399999999999942,10000033.773547135
-10.0,6.599999999999941,10001178.512200419
-9.8,6.599999999999941,10001254.851080718
-9.600000000000001,6.599999999999941,10001334.195284644
-9.400000000000002,6.599999999999941,10001416.477305582
-9.200000000000003,6.599999999999941,10001501.606310364
-9.000000000000004,6.599999999999941,10001589.466623291
-8.800000000000004,6.599999999999941,10001679.916340051
-8.600000000000005,6.599999999999941,10001772.78610779
-8.400000000000006,6.599999999999941,10001867.878108602
-8.200000000000006,6.599999999999941,10001964.96528376
-8.000000000000007,6.599999999999941,10002063.790835477
-7.800000000000008,6.599999999999941,10002164.068041278
-7.6000000000000085,6.599999999999941,10002265.480413774
-7.400000000000009,6.599999999999941,10002367.682235004
-7.20000000000001,6.599999999999941,10002470.299490238
-7.000000000000011,6.599999999999941,10002572.931220789
-6.800000000000011,6.599999999999941,10002675.151309209
-6.600000000000012,6.599999999999941,10002776.510703282
-6.400000000000013,6.599999999999941,10002876.540077576
-6.2000000000000135,6.599999999999941,10002974.752923224
-6.000000000000014,6.599999999999941,10003070.649048021
-5.800000000000015,6.599999999999941,10003163.718460247
-5.600000000000016,6.599999999999941,10003253.445600972
-5.400000000000016,6.599999999999941,10003339.313881025
-5.200000000000017,6.599999999999941,10003420.810470939
-5.000000000000018,6.599999999999941,10003497.431284694
-4.8000000000000185,6.599999999999941,10003568.686091678
-4.600000000000019,6.599999999999941,10003634.103685709
-4.40000000000002,6.599999999999941,10003693.23703595
-4.200000000000021,6.599999999999941,10003745.668341558
-4.000000000000021,6.599999999999941,10003791.013910638
-3.800000000000022,6.599999999999941,10003828.92878447
-3.6000000000000227,6.599999999999941,10003859.11102967
-3.4000000000000234,6.599999999999941,10003881.305624742
-3.200000000000024,6.599999999999941,10003895.307872443
-3.000000000000025,6.599999999999941,10003900.9662762
-2.8000000000000256,6.599999999999941,10003898.184826875
-2.6000000000000263,6.599999999999941,10003886.924655445
-2.400000000000027,6.599999999999941,10003867.205017725
-2.2000000000000277,6.599999999999941,10003839.103588268
-2.0000000000000284,6.599999999999941,10003802.756052595
-1.8000000000000291,6.599999999999941,10003758.354998855
-1.6000000000000298,6.599999999999941,10003706.148122352
-1.4000000000000306,6.599999999999941,10003646.435768155
-1.2000000000000313,6.599999999999941,10003579.567848641
-1.000000000000032,6.599999999999941,10003505.940183306
-0.8000000000000327,6.599999999999941,10003425.990318062
-0.6000000000000334,6.599999999999941,10003340.192889605
-0.4000000000000341,6.599999999999941,10003249.054607615
-0.20000000000003482,6.599999999999941,10003153.10893309
-3.552713678800501e-14,6.599999999999941,10003052.910535134
0.19999999999996376,6.599999999999941,10002949.029610697
0.39999999999996305,6.599999999999941,10002842.046152454
0.5999999999999623,6.599999999999941,10002732.544248741
0.7999999999999616,6.599999999999941,10002621.10649692
0.9999999999999609,6.599999999999941,10002508.308607122
1.1999999999999602,6.599999999999941,10002394.71426783
1.3999999999999595,6.599999999999941,10002280.870337918
1.5999999999999588,6.599999999999941,10002167.30242193
1.799999999999958,6.599999999999941,10002054.510876676
1.9999999999999574,6.599999999999941,10001942.967288187
2.1999999999999567,6.599999999999941,10001833.111448245
2.399999999999956,6.599999999999941,10001725.348850233
2.5999999999999552,6.599999999999941,10001620.048714234
2.7999999999999545,6.599999999999941,10001517.542542042
2.999999999999954,6.599999999999941,10001418.123193922
3.199999999999953,6.599999999999941,10001322.04447064
3.3999999999999524,6.599999999999941,10001229.521176858
3.5999999999999517,6.599999999999941,10001140.729635531
3.799999999999951,6.599999999999941,10001055.808617262
3.9999999999999503,6.599999999999941,10000974.86064409
4.1999999999999496,6.599999999999941,10000897.953623785
4.399999999999949,6.599999999999941,10000825.122768242
4.599999999999948,6.599999999999941,10000756.372748328
4.799999999999947,6.599999999999941,10000691.68003712
4.999999999999947,6.599999999999941,10000630.995394105
5.199999999999946,6.599999999999941,10000574.246444367
5.399999999999945,6.599999999999941,10000521.340308912
5.599999999999945,6.599999999999941,10000472.166245181
5.799999999999944,6.599999999999941,10000426.598260153
5.999999999999943,6.599999999999941,10000384.497662123
6.1999999999999424,6.599999999999941,10000345.715521421
6.399999999999942,6.599999999999941,10000310.095014514
6.599999999999941,6.599999999999941,10000277.47363026
6.79999999999994,6.599999999999941,10000247.685221415
6.99999999999994,6.599999999999941,10000220.56188863
7.199999999999939,6.599999999999941,10000195.935688265
7.399999999999938,6.599999999999941,10000173.640158996
7.5999999999999375,6.599999999999941,10000153.511665713
7.799999999999937,6.599999999999941,10000135.390562303
7.999999999999936,6.599999999999941,10000119.122177625
8.199999999999935,6.599999999999941,10000104.55763135
8.399999999999935,6.599999999999941,10000091.554488273
8.599999999999934,6.599999999999941,10000079.977261374
8.799999999999933,6.599999999999941,10000069.697774908
8.999999999999932,6.599999999999941,10000060.59539989
9.199999999999932,6.599999999999941,10000052.557174653
9.399999999999931,6.599999999999941,10000045.477823516
9.59999999999993,6.599999999999941,10000039.259686451
9.79999999999993,6.599999999999941,10000033.81257247
-10.0,6.79999999999994,10001140.353190511
-9.8,6.79999999999994,10001215.836304191
-9.600000000000001,6.79999999999994,10001294.414708197
-9.400000000000002,6.79999999999994,10001376.028066626
-9.200000000000003,6.79999999999994,10001460.592193466
-9.000000000000004,6.79999999999994,10001547.997450737
-8.800000000000004,6.79999999999994,10001638.107281107
-8.600000000000005,6.79999999999994,10001730.756912645
-8.400000000000006,6.79999999999994,10001825.752274225
-8.200000000000006,6.79999999999994,10001922.86916013
-8.000000000000007,6.79999999999994,10002021.852681758
-7.800000000000008,6.79999999999994,10002122.417042498
-7.6000000000000085,6.79999999999994,10002224.245669322
-7.400000000000009,6.79999999999994,10002326.991731
-7.20000000000001,6.79999999999994,10002430.279068228
-7.000000000000011,6.79999999999994,10002533.703555534
-6.800000000000011,6.79999999999994,10002636.834908333
-6.600000000000012,6.79999999999994,10002739.218941435
-6.400000000000013,6.79999999999994,10002840.380277408
-6.2000000000000135,6.79999999999994,10002939.825494828
-6.000000000000014,6.79999999999994,10003037.046697792
-5.800000000000015,6.79999999999994,10003131.52547911
-5.600000000000016,6.79999999999994,10003222.737240782
-5.400000000000016,6.79999999999994,10003310.15582671
-5.200000000000017,6.79999999999994,10003393.258414492
-5.000000000000018,6.79999999999994,10003471.530605681
-4.8000000000000185,6.79999999999994,10003544.471647255
-4.600000000000019,6.79999999999994,10003611.599711645
-4.40000000000002,6.79999999999994,10003672.457158424
-4.200000000000021,6.79999999999994,10003726.615697926
-4.000000000000021,6.79999999999994,10003773.681375839
-3.800000000000022,6.79999999999994,10003813.299298203
-3.6000000000000227,6.79999999999994,10003845.15801815
-3.4000000000000234,6.79999999999994,10003868.993509563
-3.200000000000024,6.79999999999994,10003884.592658
-3.000000000000025,6.79999999999994,10003891.796206191
-2.8000000000000256,6.79999999999994,10003890.501099624
-2.6000000000000263,6.79999999999994,10003880.662187299
-2.400000000000027,6.79999999999994,10003862.293243332
-2.2000000000000277,6.79999999999994,10003835.467286441
-2.0000000000000284,6.79999999999994,10003800.316186449
-1.8000000000000291,6.79999999999994,10003757.029559141
-1.6000000000000298,6.79999999999994,10003705.852963304
-1.4000000000000306,6.79999999999994,10003647.085425723
-1.2000000000000313,6.79999999999994,10003581.07633163
-1.000000000000032,6.79999999999994,10003508.221728848
-0.8000000000000327,6.79999999999994,10003428.96010372
-0.6000000000000334,6.79999999999994,10003343.76769544
-0.4000000000000341,6.79999999999994,10003253.153422615
-0.20000000000003482,6.79999999999994,10003157.65350152
-3.552713678800501e-14,6.79999999999994,10003057.825839406
0.19999999999996376,6.79999999999994,10002954.244288584
0.39999999999996305,6.79999999999994,10002847.492847485
0.5999999999999623,6.79999999999994,10002738.159893727
0.7999999999999616,6.79999999999994,10002626.832531476
0.9999999999999609,6.79999999999994,10002514.091131043
1.1999999999999602,6.79999999999994,10002400.50413294
1.3999999999999595,6.79999999999994,10002286.62318174
1.5999999999999588,6.79999999999994,10002172.978647137
1.799999999999958,6.79999999999994,10002060.075580833
1.9999999999999574,6.79999999999994,10001948.390148595
2.1999999999999567,6.79999999999994,10001838.366567064
2.399999999999956,6.79999999999994,10001730.414565194
2.5999999999999552,6.79999999999994,10001624.907380303
2.7999999999999545,6.79999999999994,10001522.180289438
2.999999999999954,6.79999999999994,10001422.529667683
3.199999999999953,6.79999999999994,10001326.212556817
3.3999999999999524,6.79999999999994,10001233.446720133
3.5999999999999517,6.79999999999994,10001144.411152719
3.799999999999951,6.79999999999994,10001059.247010801
3.9999999999999503,6.79999999999994,10000978.058919268
4.1999999999999496,6.79999999999994,10000900.916612936
4.399999999999949,6.79999999999994,10000827.856864814
4.599999999999948,6.79999999999994,10000758.885653205
4.799999999999947,6.79999999999994,10000693.980519196
4.999999999999947,6.79999999999994,10000633.09306662
5.199999999999946,6.79999999999994,10000576.151558196
5.399999999999945,6.79999999999994,10000523.063563535
5.599999999999945,6.79999999999994,10000473.718617778
5.799999999999944,6.79999999999994,10000427.990852866
5.999999999999943,6.79999999999994,10000385.74156735
6.1999999999999424,6.79999999999994,10000346.821704658
6.399999999999942,6.79999999999994,10000311.074214121
6.599999999999941,6.79999999999994,10000278.336273313
6.79999999999994,6.79999999999994,10000248.441354664
6.99999999999994,6.79999999999994,10000221.221123544
7.199999999999939,6.79999999999994,10000196.507158946
7.399999999999938,6.79999999999994,10000174.132491833
7.5999999999999375,6.79999999999994,10000153.932959538
7.799999999999937,6.79999999999994,10000135.748377874
7.999999999999936,6.79999999999994,10000119.423535207
8.199999999999935,6.79999999999994,10000104.809015308
8.399999999999935,6.79999999999994,10000091.761857577
8.599999999999934,6.79999999999994,10000080.146064967
8.799999999999933,6.79999999999994,10000069.832971059
8.999999999999932,6.79999999999994,10000060.701478597
9.199999999999932,6.79999999999994,10000052.638182364
9.399999999999931,6.79999999999994,10000045.537389444
9.59999999999993,6.79999999999994,10000039.30104989
9.79999999999993,6.79999999999994,10000033.83861054
-10.0,6.99999999999994,10001103.870696224
-9.8,6.99999999999994,10001178.492606115
-9.600000000000001,6.99999999999994,10001256.290703211
-9.400000000000002,6.99999999999994,10001337.211351546
-9.200000000000003,6.99999999999994,10001421.176597705
-9.000000000000004,6.99999999999994,10001508.082490707
-8.800000000000004,6.99999999999994,10001597.797540566
-8.600000000000005,6.99999999999994,10001690.161354432
-8.400000000000006,6.99999999999994,10001784.983489936
-8.200000000000006,6.99999999999994,10001882.04256548
-8.000000000000007,6.99999999999994,10001981.085666228
-7.800000000000008,6.99999999999994,10002081.828082867
-7.6000000000000085,6.99999999999994,10002183.953417305
-7.400000000000009,6.99999999999994,10002287.114085881
-7.20000000000001,6.99999999999994,10002390.932245685
-7.000000000000011,6.99999999999994,10002495.001164157
-6.800000000000011,6.99999999999994,10002598.887045322
-6.600000000000012,6.99999999999994,10002702.13131881
-6.400000000000013,6.99999999999994,10002804.253389714
-6.2000000000000135,6.99999999999994,10002904.753838807
-6.000000000000014,6.99999999999994,10003003.118053742
-5.800000000000015,6.99999999999994,10003098.820262799
-5.600000000000016,6.99999999999994,10003191.327933729
-5.400000000000016,6.99999999999994,10003280.106491532
-5.200000000000017,6.99999999999994,10003364.624300702
-5.000000000000018,6.99999999999994,10003444.357849985
-4.8000000000000185,6.99999999999994,10003518.797071023
-4.600000000000019,6.99999999999994,10003587.450716713
-4.40000000000002,6.99999999999994,10003649.851721028
-4.200000000000021,6.99999999999994,10003705.562459081
-4.000000000000021,6.99999999999994,10003754.17982513
-3.800000000000022,6.99999999999994,10003795.340046644
-3.6000000000000227,6.99999999999994,10003828.723154588
-3.4000000000000234,6.99999999999994,10003854.057033986
-3.200000000000024,6.99999999999994,10003871.120984193
-3.000000000000025,6.99999999999994,10003879.748725347
-2.8000000000000256,6.99999999999994,10003879.830795934
-2.6000000000000263,6.99999999999994,10003871.31629604
-2.400000000000027,6.99999999999994,10003854.213941634
-2.2000000000000277,6.99999999999994,10003828.592406917
-2.0000000000000284,6.99999999999994,10003794.57994378
-1.8000000000000291,6.99999999999994,10003752.363280019
-1.6000000000000298,6.99999999999994,10003702.185810419
-1.4000000000000306,6.99999999999994,10003644.345107052
-1.2000000000000313,6.99999999999994,10003579.189786851
-1.000000000000032,6.99999999999994,10003507.115785474
-0.8000000000000327,6.99999999999994,10003428.562096346
-0.6000000000000334,6.99999999999994,10003344.006042404
-0.4000000000000341,6.99999999999994,10003253.958155293
-0.20000000000003482,6.99999999999994,10003158.95674244
-3.552713678800501e-14,6.99999999999994,10003059.562226376
0.19999999999996376,6.99999999999994,10002956.351342957
0.39999999999996305,6.99999999999994,10002849.911285643
0.5999999999999623,6.99999999999994,10002740.833881726
0.7999999999999616,6.99999999999994,10002629.709883735
0.9999999999999609,6.99999999999994,10002517.123454556
1.1999999999999602,6.99999999999994,10002403.64691936
1.3999999999999595,6.99999999999994,10002289.835850162
1.5999999999999588,6.99999999999994,10002176.224540962
1.799999999999958,6.99999999999994,10002063.321922515
1.9999999999999574,6.99999999999994,10001951.607956376
2.1999999999999567,6.99999999999994,10001841.530538058
2.399999999999956,6.99999999999994,10001733.502929242
2.5999999999999552,6.99999999999994,10001627.901729168
2.7999999999999545,6.99999999999994,10001525.065385789
2.999999999999954,6.99999999999994,10001425.293238277
3.199999999999953,6.99999999999994,10001328.845074037
3.3999999999999524,6.99999999999994,10001235.941175943
3.5999999999999517,6.99999999999994,10001146.762828654
3.799999999999951,6.99999999999994,10001061.453247476
3.9999999999999503,6.99999999999994,10000980.118888402
4.1999999999999496,6.99999999999994,10000902.83109466
4.399999999999949,6.99999999999994,10000829.628032573
4.599999999999948,6.99999999999994,10000760.516868232
4.799999999999947,6.99999999999994,10000695.476136196
4.999999999999947,6.99999999999994,10000634.458251925
5.199999999999946,6.99999999999994,10000577.392121313
5.399999999999945,6.99999999999994,10000524.185802741
5.599999999999945,6.99999999999994,10000474.72918006
5.799999999999944,6.99999999999994,10000428.896608328
5.999999999999943,6.99999999999994,10000386.549497899
6.1999999999999424,6.99999999999994,10000347.538806658
6.399999999999942,6.99999999999994,10000311.707414456
6.599999999999941,6.99999999999994,10000278.892358234
6.79999999999994,6.99999999999994,10000248.926910652
6.99999999999994,6.99999999999994,10000221.642489307
7.199999999999939,6.99999999999994,10000196.87038769
7.399999999999938,6.99999999999994,10000174.44332284
7.5999999999999375,6.99999999999994,10000154.196798103
7.799999999999937,6.99999999999994,10000135.970282646
7.999999999999936,6.99999999999994,10000119.60821203
8.199999999999935,6.99999999999994,10000104.96081664
8.399999999999935,6.99999999999994,10000091.884786671
8.599999999999934,6.99999999999994,10000080.243783982
8.799999999999933,6.99999999999994,10000069.9088124
8.999999999999932,6.99999999999994,10000060.758458776
9.199999999999932,6.99999999999994,10000052.679017818
9.399999999999931,6.99999999999994,10000045.564513711
9.59999999999993,6.99999999999994,10000039.316631712
9.79999999999993,6.99999999999994,10000033.84457246
-10.0,7.199999999999939,10001068.986212
-9.8,7.199999999999939,10001142.73823029
-9.600000000000001,7.199999999999939,10001219.738286061
-9.400000000000002,7.199999999999939,10001299.938984353
-9.200000000000003,7.199999999999939,10001383.26820176
-9.000000000000004,7.199999999999939,10001469.627335595
-8.800000000000004,7.199999999999939,10001558.889695581
-8.600000000000005,7.199999999999939,10001650.899077963
-8.400000000000006,7.199999999999939,10001745.46856282
-8.200000000000006,7.199999999999939,10001842.37957518
-8.000000000000007,7.199999999999939,10001941.38124963
-7.800000000000008,7.199999999999939,10002042.190136258
-7.6000000000000085,7.199999999999939,10002144.490282679
-7.400000000000009,7.199999999999939,10002247.933723263
-7.20000000000001,7.199999999999939,10002352.141401513
-7.000000000000011,7.199999999999939,10002456.704545857
-6.800000000000011,7.199999999999939,10002561.186512338
-6.600000000000012,7.199999999999939,10002665.125100087
-6.400000000000013,7.199999999999939,10002768.035337366
-6.2000000000000135,7.199999999999939,10002869.41272716
-6.000000000000014,7.199999999999939,10002968.736932332
-5.800000000000015,7.199999999999939,10003065.475871082
-5.600000000000016,7.199999999999939,10003159.090184338
-5.400000000000016,7.199999999999939,10003249.0380279
-5.200000000000017,7.199999999999939,10003334.780133724
-5.000000000000018,7.199999999999939,10003415.785077201
-4.8000000000000185,7.199999999999939,10003491.53468057
-4.600000000000019,7.199999999999939,10003561.529477026
-4.40000000000002,7.199999999999939,10003625.294156
-4.200000000000021,7.199999999999939,10003682.382907152
-4.000000000000021,7.199999999999939,10003732.38457961
-3.800000000000022,7.199999999999939,10003774.92757344
-3.6000000000000227,7.199999999999939,10003809.684382454
-3.4000000000000234,7.199999999999939,10003836.37571153
-3.200000000000024,7.199999999999939,10003854.774097053
-3.000000000000025,7.199999999999939,10003864.7069663
-2.8000000000000256,7.199999999999939,10003866.059080126
-2.6000000000000263,7.199999999999939,10003858.774313204
-2.400000000000027,7.199999999999939,10003842.85673694
-2.2000000000000277,7.199999999999939,10003818.37098192
-2.0000000000000284,7.199999999999939,10003785.441869149
-1.8000000000000291,7.199999999999939,10003744.253311796
-1.6000000000000298,7.199999999999939,10003695.046501987
-1.4000000000000306,7.199999999999939,10003638.117409362
-1.2000000000000313,7.199999999999939,10003573.81363007
-1.000000000000032,7.199999999999939,10003502.530635841
-0.8000000000000327,7.199999999999939,10003424.70748267
-0.6000000000000334,7.199999999999939,10003340.8220475
-0.4000000000000341,7.199999999999939,10003251.38586839
-0.20000000000003482,7.199999999999939,10003156.938669419
-3.552713678800501e-14,7.199999999999939,10003058.042655518
0.19999999999996376,7.199999999999939,10002955.276664713
0.39999999999996305,7.199999999999939,10002849.230265684
0.5999999999999623,7.199999999999939,10002740.49788732
0.7999999999999616,7.199999999999939,10002629.673064094
0.9999999999999609,7.199999999999939,10002517.342876574
1.1999999999999602,7.199999999999939,10002404.082660552
1.3999999999999595,7.199999999999939,10002290.451051215
1.5999999999999588,7.199999999999939,10002176.985420695
1.799999999999958,7.199999999999939,10002064.19775833
1.9999999999999574,7.199999999999939,10001952.571033558
2.1999999999999567,7.199999999999939,10001842.556071471
2.399999999999956,7.199999999999939,10001734.56896102
2.5999999999999552,7.199999999999939,10001628.989006044
2.7999999999999545,7.199999999999939,10001526.157219686
2.999999999999954,7.199999999999939,10001426.375353655
3.199999999999953,7.199999999999939,10001329.905445365
3.3999999999999524,7.199999999999939,10001236.96985844
3.5999999999999517,7.199999999999939,10001147.751785288
3.799999999999951,7.199999999999939,10001062.396174867
3.9999999999999503,7.199999999999939,10000981.011044063
4.1999999999999496,7.199999999999939,10000903.669127721
4.399999999999949,7.199999999999939,10000830.409819802
4.599999999999948,7.199999999999939,10000761.241356911
4.799999999999947,7.199999999999939,10000696.14319512
4.999999999999947,7.199999999999939,10000635.06853151
5.199999999999946,7.199999999999939,10000577.946923539
5.399999999999945,7.199999999999939,10000524.68696142
5.599999999999945,7.199999999999939,10000475.178951697
5.799999999999944,7.199999999999939,10000429.297573652
5.999999999999943,7.199999999999939,10000386.904473945
6.1999999999999424,7.199999999999939,10000347.85076916
6.399999999999942,7.199999999999939,10000311.979430161
6.599999999999941,7.199999999999939,10000279.127526661
6.79999999999994,7.199999999999939,10000249.128314724
6.99999999999994,7.199999999999939,10000221.81315423
7.199999999999939,7.199999999999939,10000197.013247434
7.399999999999938,7.199999999999939,10000174.561193505
7.5999999999999375,7.199999999999939,10000154.2923575
7.799999999999937,7.199999999999939,10000136.046055382
7.999999999999936,7.199999999999939,10000119.666559454
8.199999999999935,7.199999999999939,10000105.003930964
8.399999999999935,7.199999999999939,10000091.914688686
8.599999999999934,7.199999999999939,10000080.262323799
8.799999999999933,7.199999999999939,10000069.917672643
8.999999999999932,7.199999999999939,10000060.759159824
9.199999999999932,7.199999999999939,10000052.672924563
9.399999999999931,7.199999999999939,10000045.55284354
9.59999999999993,7.199999999999939,10000039.300463308
9.79999999999993,7.199999999999939,10000033.824855158
-10.0,7.399999999999938,10001035.617287882
-9.8,7.399999999999938,10001108.48759956
-9.600000000000001,7.399999999999938,10001184.668809677
-9.400000000000002,7.399999999999938,10001264.11931869
-9.200000000000003,7.399999999999938,10001346.772443857
-9.000000000000004,7.399999999999938,10001432.53460514
-8.800000000000004,7.399999999999938,10001521.283657068
-8.600000000000005,7.399999999999938,10001612.867407376
-8.400000000000006,7.399999999999938,10001707.102364128
-8.200000000000006,7.399999999999938,10001803.772752773
-8.000000000000007,7.399999999999938,10001902.629843593
-7.800000000000008,7.399999999999938,10002003.391628006
-7.6000000000000085,7.399999999999938,10002105.74287912
-7.400000000000009,7.399999999999938,10002209.335627919
-7.20000000000001,7.399999999999938,10002313.790081449
-7.000000000000011,7.399999999999938,10002418.696003351
-6.800000000000011,7.399999999999938,10002523.614570169
-6.600000000000012,7.399999999999938,10002628.080709215
-6.400000000000013,7.399999999999938,10002731.605915433
-6.2000000000000135,7.399999999999938,10002833.681535812
-6.000000000000014,7.399999999999938,10002933.782500727
-5.800000000000015,7.399999999999938,10003031.371472279
-5.600000000000016,7.399999999999938,10003125.903370436
-5.400000000000016,7.399999999999938,10003216.830228867
-5.200000000000017,7.399999999999938,10003303.606323887
-5.000000000000018,7.399999999999938,10003385.69351232
-4.8000000000000185,7.399999999999938,10003462.566707337
-4.600000000000019,7.399999999999938,10003533.71941576
-4.40000000000002,7.399999999999938,10003598.669256192
-4.200000000000021,7.399999999999938,10003656.963374516
-4.000000000000021,7.399999999999938,10003708.183672259
-3.800000000000022,7.399999999999938,10003751.951763822
-3.6000000000000227,7.399999999999938,10003787.933580924
-3.4000000000000234,7.399999999999938,10003815.843546597
-3.200000000000024,7.399999999999938,10003835.448246699
-3.000000000000025,7.399999999999938,10003846.569534237
-2.8000000000000256,7.399999999999938,10003849.087010482
-2.6000000000000263,7.399999999999938,10003842.939836752
-2.400000000000027,7.399999999999938,10003828.127841888
-2.2000000000000277,7.399999999999938,10003804.711902268
-2.0000000000000284,7.399999999999938,10003772.813583603
-1.8000000000000291,7.399999999999938,10003732.614046533
-1.6000000000000298,7.399999999999938,10003684.352230804
-1.4000000000000306,7.399999999999938,10003628.322345152
-1.2000000000000313,7.399999999999938,10003564.870702073
-1.000000000000032,7.399999999999938,10003494.391947573
-0.8000000000000327,7.399999999999938,10003417.324746182
-0.6000000000000334,7.399999999999938,10003334.146990096
-0.4000000000000341,7.399999999999938,10003245.370608676
-0.20000000000003482,7.399999999999938,10003151.536060233
-3.552713678800501e-14,7.399999999999938,10003053.206591915
0.19999999999996376,7.399999999999938,10002950.962355876
0.39999999999996305,7.399999999999938,10002845.394470181
0.5999999999999623,7.399999999999938,10002737.099111827
0.7999999999999616,7.399999999999938,10002626.671726136
0.9999999999999609,7.399999999999938,10002514.701432364
1.1999999999999602,7.399999999999938,10002401.765699465
1.3999999999999595,7.399999999999938,10002288.425358761
1.5999999999999588,7.399999999999938,10002175.220012167
1.799999999999958,7.399999999999938,10002062.66388555
1.9999999999999574,7.399999999999938,10001951.24216732
2.1999999999999567,7.399999999999938,10001841.407862391
2.399999999999956,7.399999999999938,10001733.579181535
2.5999999999999552,7.399999999999938,10001628.137476385
2.7999999999999545,7.399999999999938,10001525.425720477
2.999999999999954,7.399999999999938,10001425.747527825
3.199999999999953,7.399999999999938,10001329.366691874
3.3999999999999524,7.399999999999938,10001236.507220156
3.5999999999999517,7.399999999999938,10001147.353833223
3.799999999999951,7.399999999999938,10001062.0528907
3.9999999999999503,7.399999999999938,10000980.713702798
4.1999999999999496,7.399999999999938,10000903.410181949
4.399999999999949,7.399999999999938,10000830.182786953
4.599999999999948,7.399999999999938,10000761.0407106
4.799999999999947,7.399999999999938,10000695.964261502
4.999999999999947,7.399999999999938,10000634.90739134
5.199999999999946,7.399999999999938,10000577.800320487
5.399999999999945,7.399999999999938,10000524.552216968
5.599999999999945,7.399999999999938,10000475.053886862
5.799999999999944,7.399999999999938,10000429.180437535
5.999999999999943,7.399999999999938,10000386.793879116
6.1999999999999424,7.399999999999938,10000347.745633671
6.399999999999942,7.399999999999938,10000311.878925994
6.599999999999941,7.399999999999938,10000279.03103424
6.79999999999994,7.399999999999938,10000249.0353832
6.99999999999994,7.399999999999938,10000221.723467099
7.199999999999939,7.399999999999938,10000196.926593067
7.399999999999938,7.399999999999938,10000174.477440182
7.5999999999999375,7.399999999999938,10000154.211432485
7.799999999999937,7.399999999999938,10000135.967927631
7.999999999999936,7.399999999999938,10000119.59122551
8.199999999999935,7.399999999999938,10000104.931403685
8.399999999999935,7.399999999999938,10000091.84498839
8.599999999999934,7.399999999999938,10000080.195471488
8.799999999999933,7.399999999999938,10000069.853685006
8.999999999999932,7.399999999999938,10000060.69804571
9.199999999999932,7.399999999999938,10000052.614682667
9.399999999999931,7.399999999999938,10000045.497461068
9.59999999999993,7.399999999999938,10000039.247915428
9.79999999999993,7.399999999999938,10000033.775105063
-10.0,7.5999999999999375,10001003.678675553
-9.8,7.5999999999999375,10001075.652497424
-9.600000000000001,7.5999999999999375,10001150.991179084
-9.400000000000002,7.5999999999999375,10001229.658485424
-9.200000000000003,7.5999999999999375,10001311.5927993
-9.000000000000004,7.5999999999999375,10001396.705251576
-8.800000000000004,7.5999999999999375,10001484.878000023
-8.600000000000005,7.5999999999999375,10001575.962698942
-8.400000000000006,7.5999999999999375,10001669.7792018
-8.200000000000006,7.5999999999999375,10001766.114539253
-8.000000000000007,7.5999999999999375,10001864.722213533
-7.800000000000008,7.5999999999999375,10001965.321848253
-7.6000000000000085,7.5999999999999375,10002067.599229498
-7.400000000000009,7.5999999999999375,10002171.206769943
-7.20000000000001,7.5999999999999375,10002275.764422527
-7.000000000000011,7.5999999999999375,10002380.86106415
-6.800000000000011,7.5999999999999375,10002486.056362813
-6.600000000000012,7.5999999999999375,10002590.883133769
-6.400000000000013,7.5999999999999375,10002694.850181865
-6.2000000000000135,7.5999999999999375,10002797.445618184
-6.000000000000014,7.5999999999999375,10002898.140629869
-5.800000000000015,7.5999999999999375,10002996.393672548
-5.600000000000016,7.5999999999999375,10003091.65504547
-5.400000000000016,7.5999999999999375,10003183.371800425
-5.200000000000017,7.5999999999999375,10003270.992927039
-5.000000000000018,7.5999999999999375,10003353.974749368
-4.8000000000000185,7.5999999999999375,10003431.786461897
-4.600000000000019,7.5999999999999375,10003503.915727612
-4.40000000000002,7.5999999999999375,10003569.874256477
-4.200000000000021,7.5999999999999375,10003629.203280116
-4.000000000000021,7.5999999999999375,10003681.478837257
-3.800000000000022,7.5999999999999375,10003726.316785295
-3.6000000000000227,7.5999999999999375,10003763.377455523
-3.4000000000000234,7.5999999999999375,10003792.369873842
-3.200000000000024,7.5999999999999375,10003813.055474374
-3.000000000000025,7.5999999999999375,10003825.251240883
-2.8000000000000256,7.5999999999999375,10003828.832219627
-2.6000000000000263,7.5999999999999375,10003823.733357402
-2.400000000000027,7.5999999999999375,10003809.950629652
-2.2000000000000277,7.5999999999999375,10003787.541435478
-2.0000000000000284,7.5999999999999375,10003756.62424895
-1.8000000000000291,7.5999999999999375,10003717.377528904
-1.6000000000000298,7.5999999999999375,10003670.037902249
-1.4000000000000306,7.5999999999999375,10003614.897648303
-1.2000000000000313,7.5999999999999375,10003552.301523685
-1.000000000000032,7.5999999999999375,10003482.642978372
-0.8000000000000327,7.5999999999999375,10003406.35982362
-0.6000000000000334,7.5999999999999375,10003323.92942115
-0.4000000000000341,7.5999999999999375,10003235.863470396
-0.20000000000003482,7.5999999999999375,10003142.70247616
-3.552713678800501e-14,7.5999999999999375,10003045.009983143
0.19999999999996376,7.5999999999999375,10002943.366665846
0.39999999999996305,7.5999999999999375,10002838.364362983
0.5999999999999623,7.5999999999999375,10002730.600143995
0.7999999999999616,7.5999999999999375,10002620.67049247
0.9999999999999609,7.5999999999999375,10002509.165686602
1.1999999999999602,7.5999999999999375,10002396.664450908
1.3999999999999595,7.5999999999999375,10002283.728946244
1.5999999999999588,7.5999999999999375,10002170.90015696
1.799999999999958,7.5999999999999375,10002058.693724891
1.9999999999999574,7.5999999999999375,10001947.596270442
2.1999999999999567,7.5999999999999375,10001838.06223091
2.399999999999956,7.5999999999999375,10001730.511236135
2.5999999999999552,7.5999999999999375,10001625.326031659
2.7999999999999545,7.5999999999999375,10001522.850949826
2.999999999999954,7.5999999999999375,10001423.390920106
3.199999999999953,7.5999999999999375,10001327.21100152
3.3999999999999524,7.5999999999999375,10001234.536412284
3.5999999999999517,7.5999999999999375,10001145.553025156
3.799999999999951,7.5999999999999375,10001060.408291169
3.9999999999999503,7.5999999999999375,10000979.212549942
4.1999999999999496,7.5999999999999375,10000902.040681088
4.399999999999949,7.5999999999999375,10000828.934048997
4.599999999999948,7.5999999999999375,10000759.902691765
4.799999999999947,7.5999999999999375,10000694.927704863
4.999999999999947,7.5999999999999375,10000633.963770734
5.199999999999946,7.5999999999999375,10000576.941787021
5.399999999999945,7.5999999999999375,10000523.771548394
5.599999999999945,7.5999999999999375,10000474.344439944
5.799999999999944,7.5999999999999375,10000428.53610348
5.999999999999943,7.5999999999999375,10000386.209042037
6.1999999999999424,7.5999999999999375,10000347.21513207
6.399999999999942,7.5999999999999375,10000311.39801711
6.599999999999941,7.5999999999999375,10000278.595361197
6.79999999999994,7.5999999999999375,10000248.640944723
6.99999999999994,7.5999999999999375,10000221.36658971
7.199999999999939,7.5999999999999375,10000196.60390553
7.399999999999938,7.5999999999999375,10000174.185850037
7.5999999999999375,7.5999999999999375,10000153.948104486
7.799999999999937,7.5999999999999375,10000135.730263932
7.999999999999936,7.5999999999999375,10000119.376847435
8.199999999999935,7.5999999999999375,10000104.738134919
8.399999999999935,7.5999999999999375,10000091.670839453
8.599999999999934,7.5999999999999375,10000080.038625406
8.799999999999933,7.5999999999999375,10000069.71248401
8.999999999999932,7.5999999999999375,10000060.570978893
9.199999999999932,7.5999999999999375,10000052.500374531
9.399999999999931,7.5999999999999375,10000045.394660853
9.59999999999993,7.5999999999999375,10000039.155487167
9.79999999999993,7.5999999999999375,10000033.692018306
-10.0,7.799999999999937,10000973.083419608
-9.8,7.799999999999937,10001044.143192064
-9.600000000000001,7.799999999999937,10001118.613006454
-9.400000000000002,7.799999999999937,10001196.46157675
-9.200000000000003,7.799999999999937,10001277.631991558
-9.000000000000004,7.799999999999937,10001362.039795393
-8.800000000000004,7.799999999999937,10001449.571221486
-8.600000000000005,7.799999999999937,10001540.081618553
-8.400000000000006,7.799999999999937,10001633.394114675
-8.200000000000006,7.799999999999937,10001729.298561065
-8.000000000000007,7.799999999999937,10001827.550797416
-7.800000000000008,7.799999999999937,10001927.872278245
-7.6000000000000085,7.799999999999937,10002029.950096508
-7.400000000000009,7.799999999999937,10002133.437436447
-7.20000000000001,7.799999999999937,10002237.954482414
-7.000000000000011,7.799999999999937,10002343.089804178
-6.800000000000011,7.799999999999937,10002448.402232014
-6.600000000000012,7.799999999999937,10002553.42322708
-6.400000000000013,7.799999999999937,10002657.659743868
-6.2000000000000135,7.799999999999937,10002760.597572561
-6.000000000000014,7.799999999999937,10002861.705139682
-5.800000000000015,7.799999999999937,10002960.43773586
-5.600000000000016,7.799999999999937,10003056.242130296
-5.400000000000016,7.799999999999937,10003148.56152227
-5.200000000000017,7.799999999999937,10003236.840771599
-5.000000000000018,7.799999999999937,10003320.531842202
-4.8000000000000185,7.799999999999937,10003399.099386195
-4.600000000000019,7.799999999999937,10003472.026390353
-4.40000000000002,7.799999999999937,10003538.819802655
-4.200000000000021,7.799999999999937,10003599.016053917
-4.000000000000021,7.799999999999937,10003652.186388515
-3.800000000000022,7.799999999999937,10003697.94191889
-3.6000000000000227,7.799999999999937,10003735.938320972
-3.4000000000000234,7.799999999999937,10003765.880091725
-3.200000000000024,7.799999999999937,10003787.524296083
-3.000000000000025,7.799999999999937,10003800.683737682
-2.8000000000000256,7.799999999999937,10003805.229496995
-2.6000000000000263,7.799999999999937,10003801.092790402
-2.400000000000027,7.799999999999937,10003788.266115094
-2.2000000000000277,7.799999999999937,10003766.803656656
-2.0000000000000284,7.799999999999937,10003736.820948912
-1.8000000000000291,7.799999999999937,10003698.493788319
-1.6000000000000298,7.799999999999937,10003652.05641823
-1.4000000000000306,7.799999999999937,10003597.799010828
-1.2000000000000313,7.799999999999937,10003536.064486558
-1.000000000000032,7.799999999999937,10003467.24472206
-0.8000000000000327,7.799999999999937,10003391.776207635
-0.6000000000000334,7.799999999999937,10003310.135224054
-0.4000000000000341,7.799999999999937,10003222.832615888
-0.20000000000003482,7.799999999999937,10003130.408244075
-3.552713678800501e-14,7.799999999999937,10003033.425204536
0.19999999999996376,7.799999999999937,10002932.463901713
0.39999999999996305,7.799999999999937,10002828.116066422
0.5999999999999623,7.799999999999937,10002720.978805957
0.7999999999999616,7.799999999999937,10002611.648771428
0.9999999999999609,7.799999999999937,10002500.716522722
1.1999999999999602,7.799999999999937,10002388.761165464
1.3999999999999595,7.799999999999937,10002276.345327146
1.5999999999999588,7.799999999999937,10002164.010531336
1.799999999999958,7.799999999999937,10002052.273019828
1.9999999999999574,7.799999999999937,10001941.62006289
2.1999999999999567,7.799999999999937,10001832.506787866
2.399999999999956,7.799999999999937,10001725.353546156
2.5999999999999552,7.799999999999937,10001620.543828728
2.7999999999999545,7.799999999999937,10001518.42273053
2.999999999999954,7.799999999999937,10001419.295955045
3.199999999999953,7.799999999999937,10001323.429341752
3.3999999999999524,7.799999999999937,10001231.048891544
3.5999999999999517,7.799999999999937,10001142.341258517
3.799999999999951,7.799999999999937,10001057.454670696
3.9999999999999503,7.799999999999937,10000976.500237852
4.1999999999999496,7.799999999999937,10000899.553600794
4.399999999999949,7.799999999999937,10000826.65687439
4.599999999999948,7.799999999999937,10000757.820834998
4.799999999999947,7.799999999999937,10000693.027302867
4.999999999999947,7.799999999999937,10000632.231670627
5.199999999999946,7.799999999999937,10000575.365530526
5.399999999999945,7.799999999999937,10000522.339355402
5.599999999999945,7.799999999999937,10000473.045191236
5.799999999999944,7.799999999999937,10000427.359322747
5.999999999999943,7.799999999999937,10000385.144877193
6.1999999999999424,7.799999999999937,10000346.254335893
6.399999999999942,7.799999999999937,10000310.53192731
6.599999999999941,7.799999999999937,10000277.815879913
6.79999999999994,7.799999999999937,10000247.940517528
6.99999999999994,7.799999999999937,10000220.73818416
7.199999999999939,7.799999999999937,10000196.040989356
7.399999999999938,7.799999999999937,10000173.682369016
7.5999999999999375,7.799999999999937,10000153.498460134
7.799999999999937,7.799999999999937,10000135.329291042
7.999999999999936,7.799999999999937,10000119.019791596
8.199999999999935,7.799999999999937,10000104.420630101
8.399999999999935,7.799999999999937,10000091.388885766
8.599999999999934,7.799999999999937,10000079.788567098
8.799999999999933,7.799999999999937,10000069.490987862
8.999999999999932,7.799999999999937,10000060.375013027
9.199999999999932,7.799999999999937,10000052.327187782
9.399999999999931,7.799999999999937,10000045.241762739
9.59999999999993,7.799999999999937,10000039.020628557
9.79999999999993,7.799999999999937,10000033.573172824
-10.0,7.999999999999936,10000943.743884986
-9.8,7.999999999999936,10001013.869493343
-9.600000000000001,7.999999999999936,10001087.44169589
-9.400000000000002,7.999999999999936,10001164.433756879
-9.200000000000003,7.999999999999936,10001244.79312664
-9.000000000000004,7.999999999999936,10001328.439481132
-8.800000000000004,7.999999999999936,10001415.262915201
-8.600000000000005,7.999999999999936,10001505.1223327
-8.400000000000006,7.999999999999936,10001597.844076963
-8.200000000000006,7.999999999999936,10001693.22084515
-8.000000000000007,7.999999999999936,10001791.01092837
-7.800000000000008,7.999999999999936,10001890.937817492
-7.6000000000000085,7.999999999999936,10001992.690211156
-7.400000000000009,7.999999999999936,10002095.92245813
-7.20000000000001,7.999999999999936,10002200.2554609
-7.000000000000011,7.999999999999936,10002305.27806091
-6.800000000000011,7.999999999999936,10002410.548918827
-6.600000000000012,7.999999999999936,10002515.59889499
-6.400000000000013,7.999999999999936,10002619.933926731
-6.2000000000000135,7.999999999999936,10002723.038389951
-6.000000000000014,7.999999999999936,10002824.37892297
-5.800000000000015,7.999999999999936,10002923.408681067
-5.600000000000016,7.999999999999936,10003019.571980702
-5.400000000000016,7.999999999999936,10003112.309283229
-5.200000000000017,7.999999999999936,10003201.062459473
-5.000000000000018,7.999999999999936,10003285.280268729
-4.8000000000000185,7.999999999999936,10003364.42397897
-4.600000000000019,7.999999999999936,10003437.973049609
-4.40000000000002,7.999999999999936,10003505.430793934
-4.200000000000021,7.999999999999936,10003566.329935709
-4.000000000000021,7.999999999999936,10003620.237973519
-3.800000000000022,7.999999999999936,10003666.762267089
-3.6000000000000227,7.999999999999936,10003705.554762382
-3.4000000000000234,7.999999999999936,10003736.316276427
-3.200000000000024,7.999999999999936,10003758.800268812
-3.000000000000025,7.999999999999936,10003772.81603425
-2.8000000000000256,7.999999999999936,10003778.23125957
-2.6000000000000263,7.999999999999936,10003774.973898772
-2.400000000000027,7.999999999999936,10003763.033330984
-2.2000000000000277,7.999999999999936,10003742.46077833
-2.0000000000000284,7.999999999999936,10003713.36897334
-1.8000000000000291,7.999999999999936,10003675.931078464
-1.6000000000000298,7.999999999999936,10003630.37887314
-1.4000000000000306,7.999999999999936,10003577.000236494
-1.2000000000000313,7.999999999999936,10003516.135965755
-1.000000000000032,7.999999999999936,10003448.175981611
-0.8000000000000327,7.999999999999936,10003373.554981837
-0.6000000000000334,7.999999999999936,10003292.747613281
-0.4000000000000341,7.999999999999936,10003206.263239551
-0.20000000000003482,7.999999999999936,10003114.640387453
-3.552713678800501e-14,7.999999999999936,10003018.440959094
0.19999999999996376,7.999999999999936,10002918.24429882
0.39999999999996305,7.999999999999936,10002814.641204417
0.5999999999999623,7.999999999999936,10002708.227970742
0.7999999999999616,7.999999999999936,10002599.6005508
0.9999999999999609,7.999999999999936,10002489.34891476
1.1999999999999602,7.999999999999936,10002378.0516813
1.3999999999999595,7.999999999999936,10002266.271088531
1.5999999999999588,7.999999999999936,10002154.548363322
1.799999999999958,7.999999999999936,10002043.399538945
1.9999999999999574,7.999999999999936,10001933.311761139
2.1999999999999567,7.999999999999936,10001824.740112761
2.399999999999956,7.999999999999936,10001718.104977079
2.5999999999999552,7.999999999999936,10001613.789949711
2.7999999999999545,7.999999999999936,10001512.140299601
2.999999999999954,7.999999999999936,10001413.461970141
3.199999999999953,7.999999999999936,10001318.021103209
3.3999999999999524,7.999999999999936,10001226.044061115
3.5999999999999517,7.999999999999936,10001137.717914803
3.799999999999951,7.999999999999936,10001053.191360876
3.9999999999999503,7.999999999999936,10000972.576025542
4.1999999999999496,7.999999999999936,10000895.94810993
4.399999999999949,7.999999999999936,10000823.35032894
4.599999999999948,7.999999999999936,10000754.79409438
4.799999999999947,7.999999999999936,10000690.261892943
4.999999999999947,7.999999999999936,10000629.70981019
5.199999999999946,7.999999999999936,10000573.0701532
5.399999999999945,7.999999999999936,10000520.254126957
5.599999999999945,7.999999999999936,10000471.154522318
5.799999999999944,7.999999999999936,10000425.64837708
5.999999999999943,7.999999999999936,10000383.599575363
6.1999999999999424,7.999999999999936,10000344.861354906
6.399999999999942,7.999999999999936,10000309.278696025
6.599999999999941,7.999999999999936,10000276.690570654
6.79999999999994,7.999999999999936,10000246.932034113
6.99999999999994,7.999999999999936,10000219.83614662
7.199999999999939,7.999999999999936,10000195.235715669
7.399999999999938,7.999999999999936,10000172.964854205
7.5999999999999375,7.999999999999936,10000152.860353028
7.799999999999937,7.999999999999936,10000134.762869084
7.999999999999936,7.999999999999936,10000118.517934032
8.199999999999935,7.999999999999936,10000103.976789892
8.399999999999935,7.999999999999936,10000090.997060558
8.599999999999934,7.999999999999936,10000079.443269575
8.799999999999933,7.999999999999936,10000069.18721576
8.999999999999932,7.999999999999936,10000060.108219136
9.199999999999932,7.999999999999936,10000052.093250118
9.399999999999931,7.999999999999936,10000045.036955206
9.59999999999993,7.999999999999936,10000038.841592228
9.79999999999993,7.999999999999936,10000033.416888071
-10.0,8.199999999999935,10000915.572712945
-9.8,8.199999999999935,10000984.741734922
-9.600000000000001,8.199999999999935,10001057.385449901
-9.400000000000002,8.199999999999935,10001133.481290845
-9.200000000000003,8.199999999999935,10001212.980742149
-9.000000000000004,8.199999999999935,10001295.807344284
-8.800000000000004,8.199999999999935,10001381.854853991
-8.600000000000005,8.199999999999935,10001470.985603584
-8.400000000000006,8.199999999999935,10001563.02910344
-8.200000000000006,8.199999999999935,10001657.780931385
-8.000000000000007,8.199999999999935,10001755.001951404
-7.800000000000008,8.199999999999935,10001854.417901695
-7.6000000000000085,8.199999999999935,10001955.719388865
-7.400000000000009,8.199999999999935,10002058.562320504
-7.20000000000001,8.199999999999935,10002162.568803051
-7.000000000000011,8.199999999999935,10002267.328525394
-6.800000000000011,8.199999999999935,10002372.400641395
-6.600000000000012,8.199999999999935,10002477.316156413
-6.400000000000013,8.199999999999935,10002581.580814214
-6.2000000000000135,8.199999999999935,10002684.678471385
-6.000000000000014,8.199999999999935,10002786.074936919
-5.800000000000015,8.199999999999935,10002885.222245015
-5.600000000000016,8.199999999999935,10002981.563319637
-5.400000000000016,8.199999999999935,10003074.536980262
-5.200000000000017,8.199999999999935,10003163.583229728
-5.000000000000018,8.199999999999935,10003248.148757251
-4.8000000000000185,8.199999999999935,10003327.692583071
-4.600000000000019,8.199999999999935,10003401.691765586
-4.40000000000002,8.199999999999935,10003469.647087742
-4.200000000000021,8.199999999999935,10003531.08863686
-4.000000000000021,8.199999999999935,10003585.58119117
-3.800000000000022,8.199999999999935,10003632.729327023
-3.6000000000000227,8.199999999999935,10003672.182163423
-3.4000000000000234,8.199999999999935,10003703.637664696
-3.200000000000024,8.199999999999935,10003726.846428093
-3.000000000000025,8.199999999999935,10003741.614890773
-2.8000000000000256,8.199999999999935,10003747.807899496
-2.6000000000000263,8.199999999999935,10003745.350596696
-2.400000000000027,8.199999999999935,10003734.229587931
-2.2000000000000277,8.199999999999935,10003714.493367776
-2.0000000000000284,8.199999999999935,10003686.25199402
-1.8000000000000291,8.199999999999935,10003649.676012782
-1.6000000000000298,8.199999999999935,10003604.994650336
-1.4000000000000306,8.199999999999935,10003552.493299738
-1.2000000000000313,8.199999999999935,10003492.510342637
-1.000000000000032,8.199999999999935,10003425.433357611
-0.8000000000000327,8.199999999999935,10003351.694776531
-0.6000000000000334,8.199999999999935,10003271.767059157
-0.4000000000000341,8.199999999999935,10003186.157463428
-0.20000000000003482,8.199999999999935,10003095.402494594
-3.552713678800501e-14,8.199999999999935,10003000.062120155
0.19999999999996376,8.199999999999935,10002900.713839764
0.39999999999996305,8.199999999999935,10002797.946699625
0.5999999999999623,8.199999999999935,10002692.355339414
0.7999999999999616,8.199999999999935,10002584.53415679
0.9999999999999609,8.199999999999935,10002475.071669856
1.1999999999999602,8.199999999999935,10002364.545151945
1.3999999999999595,8.199999999999935,10002253.515605818
1.5999999999999588,8.199999999999935,10002142.523136066
1.799999999999958,8.199999999999935,10002032.082769474
1.9999999999999574,8.199999999999935,10001922.68076338
2.1999999999999567,8.199999999999935,10001814.771432104
2.399999999999956,8.199999999999935,10001708.77451136
2.5999999999999552,8.199999999999935,10001605.07307067
2.7999999999999545,8.199999999999935,10001504.011973994
2.999999999999954,8.199999999999935,10001405.896879759
3.199999999999953,8.199999999999935,10001310.993762946
3.3999999999999524,8.199999999999935,10001219.528934216
3.5999999999999517,8.199999999999935,10001131.68952449
3.799999999999951,8.199999999999935,10001047.624397539
3.9999999999999503,8.199999999999935,10000967.445448712
4.1999999999999496,8.199999999999935,10000891.229244335
4.399999999999949,8.199999999999935,10000819.018954024
4.599999999999948,8.199999999999935,10000750.82652672
4.799999999999947,8.199999999999935,10000686.635061122
4.999999999999947,8.199999999999935,10000626.401321769
5.199999999999946,8.199999999999935,10000570.058353541
5.399999999999945,8.199999999999935,10000517.518149752
5.599999999999945,8.199999999999935,10000468.674331808
5.799999999999944,8.199999999999935,10000423.404801995
5.999999999999943,8.199999999999935,10000381.574334795
6.1999999999999424,8.199999999999935,10000343.037076306
6.399999999999942,8.199999999999935,10000307.63892573
6.599999999999941,8.199999999999935,10000275.219777288
6.79999999999994,8.199999999999935,10000245.61560538
6.99999999999994,8.199999999999935,10000218.660379954
7.199999999999939,8.199999999999935,10000194.187803349
7.399999999999938,8.199999999999935,10000172.032863472
7.5999999999999375,8.199999999999935,10000152.033201838
7.799999999999937,8.199999999999935,10000134.030298075
7.999999999999936,8.199999999999935,10000117.870475316
8.199999999999935,8.199999999999935,10000103.405733252
8.399999999999935,8.199999999999935,10000090.49441762
8.599999999999934,8.199999999999935,10000079.001736492
8.799999999999933,8.199999999999935,10000068.800134897
8.999999999999932,8.199999999999935,10000059.769540243
9.199999999999932,8.199999999999935,10000051.797491414
9.399999999999931,8.199999999999935,10000044.779164728
9.59999999999993,8.199999999999935,10000038.617309822
9.79999999999993,8.199999999999935,10000033.222108278
-10.0,8.399999999999935,10000888.483699521
-9.8,8.399999999999935,10000956.6716752
-9.600000000000001,8.399999999999935,10001028.354191028
-9.400000000000002,8.399999999999935,10001103.512484819
-9.200000000000003,8.399999999999935,10001182.101764081
-9.000000000000004,8.399999999999935,10001264.049182346
-8.800000000000004,8.399999999999935,10001349.251972511
-8.600000000000005,8.399999999999935,10001437.575781103
-8.400000000000006,8.399999999999935,10001528.853247872
-8.200000000000006,8.399999999999935,10001622.88287467
-8.000000000000007,8.399999999999935,10001719.428226305
-7.800000000000008,8.399999999999935,10001818.217503553
-7.6000000000000085,8.399999999999935,10001918.943525223
-7.400000000000009,8.399999999999935,10002021.264151545
-7.20000000000001,8.399999999999935,10002124.80317586
-7.000000000000011,8.399999999999935,10002229.151704881
-6.800000000000011,8.399999999999935,10002333.870040687
-6.600000000000012,8.399999999999935,10002438.490069292
-6.400000000000013,8.399999999999935,10002542.518151969
-6.2000000000000135,8.399999999999935,10002645.438506216
-6.000000000000014,8.399999999999935,10002746.71705372
-5.800000000000015,8.399999999999935,10002845.805703068
-5.600000000000016,8.399999999999935,10002942.147025444
-5.400000000000016,8.399999999999935,10003035.179272396
-5.200000000000017,8.399999999999935,10003124.341676312
-5.000000000000018,8.399999999999935,10003209.079966357
-4.8000000000000185,8.399999999999935,10003288.85202604
-4.600000000000019,8.399999999999935,10003363.133613102
-4.40000000000002,8.399999999999935,10003431.424058193
-4.200000000000021,8.399999999999935,10003493.251856431
-4.000000000000021,8.399999999999935,10003548.180064954
-3.800000000000022,8.399999999999935,10003595.811420389
-3.6000000000000227,8.399999999999935,10003635.793092804
-3.4000000000000234,8.399999999999935,10003667.820997017
-3.200000000000024,8.399999999999935,10003691.6435881
-3.000000000000025,8.399999999999935,10003707.06507557
-2.8000000000000256,8.399999999999935,10003713.947999777
-2.6000000000000263,8.399999999999935,10003712.215124227
-2.400000000000027,8.399999999999935,10003701.850609077
-2.2000000000000277,8.399999999999935,10003682.900442949
-2.0000000000000284,8.399999999999935,10003655.472123109
-1.8000000000000291,8.399999999999935,10003619.733586885
-1.6000000000000298,8.399999999999935,10003575.911410065
-1.4000000000000306,8.399999999999935,10003524.288300734
-1.2000000000000313,8.399999999999935,10003465.199928815
-1.000000000000032,8.399999999999935,10003399.031142903
-0.8000000000000327,8.399999999999935,10003326.211635852
-0.6000000000000334,8.399999999999935,10003247.211129349
-0.4000000000000341,8.399999999999935,10003162.534154927
-0.20000000000003482,8.399999999999935,10003072.7145145
-3.552713678800501e-14,8.399999999999935,10002978.30950728
0.19999999999996376,8.399999999999935,10002879.894012177
0.39999999999996305,8.399999999999935,10002778.054514946
0.5999999999999623,8.399999999999935,10002673.383168086
0.7999999999999616,8.399999999999935,10002566.471968262
0.9999999999999609,8.399999999999935,10002457.907131463
1.1999999999999602,8.399999999999935,10002348.263740074
1.3999999999999595,8.399999999999935,10002238.100728696
1.5999999999999588,8.399999999999935,10002127.956267398
1.799999999999958,8.399999999999935,10002018.343591893
1.9999999999999574,8.399999999999935,10001909.747320533
2.1999999999999567,8.399999999999935,10001802.620288057
2.399999999999956,8.399999999999935,10001697.380915908
2.5999999999999552,8.399999999999935,10001594.411128957
2.7999999999999545,8.399999999999935,10001494.054818887
2.999999999999954,8.399999999999935,10001396.616845319
3.199999999999953,8.399999999999935,10001302.36255734
3.3999999999999524,8.399999999999935,10001211.517810494
3.5999999999999517,8.399999999999935,10001124.26944761
3.799999999999951,8.399999999999935,10001040.766206201
3.9999999999999503,8.399999999999935,10000961.120010616
4.1999999999999496,8.399999999999935,10000885.40760361
4.399999999999949,8.399999999999935,10000813.672469724
4.599999999999948,8.399999999999935,10000745.927001452
4.799999999999947,8.399999999999935,10000682.15485903
4.999999999999947,8.399999999999935,10000622.313475253
5.199999999999946,8.399999999999935,10000566.336658312
5.399999999999945,8.399999999999935,10000514.137247933
5.599999999999945,8.399999999999935,10000465.609783037
5.799999999999944,8.399999999999935,10000420.633142555
5.999999999999943,8.399999999999935,10000379.07312505
6.1999999999999424,8.399999999999935,10000340.784936752
6.399999999999942,8.399999999999935,10000305.615562167
6.599999999999941,8.399999999999935,10000273.40599571
6.79999999999994,8.399999999999935,10000243.993317198
6.99999999999994,8.399999999999935,10000217.212598378
7.199999999999939,8.399999999999935,10000192.89863165
7.399999999999938,8.399999999999935,10000170.887476001
7.5999999999999375,8.399999999999935,10000151.017818637
7.799999999999937,8.399999999999935,10000133.132153919
7.999999999999936,8.399999999999935,10000117.077784067
8.199999999999935,8.399999999999935,10000102.70764833
8.399999999999935,8.399999999999935,10000089.880989373
8.599999999999934,8.399999999999935,10000078.463867247
8.799999999999933,8.399999999999935,10000068.329532372
8.999999999999932,8.399999999999935,10000059.358669963
9.199999999999932,8.399999999999935,10000051.43952875
9.399999999999931,8.399999999999935,10000044.46794706
9.59999999999993,8.399999999999935,10000038.347289307
9.79999999999993,8.399999999999935,10000032.988305628
-10.0,8.599999999999934,10000862.392591763
-9.8,8.599999999999934,10000929.57331229
-9.600000000000001,8.599999999999934,10001000.260393664
-9.400000000000002,8.599999999999934,10001074.438532796
-9.200000000000003,8.599999999999934,10001152.066366242
-9.000000000000004,8.599999999999934,10001233.074424606
-8.800000000000004,8.599999999999934,10001317.363245051
-8.600000000000005,8.599999999999934,10001404.801686054
-8.400000000000006,8.599999999999934,10001495.225489048
-8.200000000000006,8.599999999999934,10001588.436131038
-8.000000000000007,8.599999999999934,10001684.200011037
-7.800000000000008,8.599999999999934,10001782.248010622
-7.6000000000000085,8.599999999999934,10001882.27546541
-7.400000000000009,8.599999999999934,10001983.942579886
-7.20000000000001,8.599999999999934,10002086.875312302
-7.000000000000011,8.599999999999934,10002190.666750005
-6.800000000000011,8.599999999999934,10002294.878988054
-6.600000000000012,8.599999999999934,10002399.045515891
-6.400000000000013,8.599999999999934,10002502.67410801
-6.2000000000000135,8.599999999999934,10002605.25020529
-6.000000000000014,8.599999999999934,10002706.24076415
-5.800000000000015,8.599999999999934,10002805.098541008
-5.600000000000016,8.599999999999934,10002901.266770087
-5.400000000000016,8.599999999999934,10002994.184183473
-5.200000000000017,8.599999999999934,10003083.290313793
-5.000000000000018,8.599999999999934,10003168.031012237
-4.8000000000000185,8.599999999999934,10003247.864107866
-4.600000000000019,8.599999999999934,10003322.265128864
-4.40000000000002,8.599999999999934,10003390.733002167
-4.200000000000021,8.599999999999934,10003452.795645567
-4.000000000000021,8.599999999999934,10003508.015365407
-3.800000000000022,8.599999999999934,10003555.993973931
-3.6000000000000227,8.599999999999934,10003596.377542973
-3.4000000000000234,8.599999999999934,10003628.860714938
-3.200000000000024,8.599999999999934,10003653.190498231
-3.000000000000025,8.599999999999934,10003669.169481704
-2.8000000000000256,8.599999999999934,10003676.658411901
-2.6000000000000263,8.599999999999934,10003675.578087086
-2.400000000000027,8.599999999999934,10003665.910533406
-2.2000000000000277,8.599999999999934,10003647.699440671
-2.0000000000000284,8.599999999999934,10003621.049847858
-1.8000000000000291,8.599999999999934,10003586.127081424
-1.6000000000000298,8.599999999999934,10003543.154962301
-1.4000000000000306,8.599999999999934,10003492.413310032
-1.2000000000000313,8.599999999999934,10003434.234784482
-1.000000000000032,8.599999999999934,10003369.001116538
-0.8000000000000327,8.599999999999934,10003297.138789328
-0.6000000000000334,8.599999999999934,10003219.114240024
-0.4000000000000341,8.599999999999934,10003135.428659564
-0.20000000000003482,8.599999999999934,10003046.612473108
-3.552713678800501e-14,8.599999999999934,10002953.219587976
0.19999999999996376,8.599999999999934,10002855.821497755
0.39999999999996305,8.599999999999934,10002755.001331711
0.5999999999999623,8.599999999999934,10002651.347937036
0.7999999999999616,8.599999999999934,10002545.4500785
0.9999999999999609,8.599999999999934,10002437.890835349
1.1999999999999602,8.599999999999934,10002329.242269292
1.3999999999999595,8.599999999999934,10002220.060430137
1.5999999999999588,8.599999999999934,10002110.880757436
1.799999999999958,8.599999999999934,10002002.213927398
1.9999999999999574,8.599999999999934,10001894.542184709
2.1999999999999567,8.599999999999934,10001788.316189025
2.399999999999956,8.599999999999934,10001683.952395752
2.5999999999999552,8.599999999999934,10001581.8309809
2.7999999999999545,8.599999999999934,10001482.294310154
2.999999999999954,8.599999999999934,10001385.645943219
3.199999999999953,8.599999999999934,10001292.150156155
3.3999999999999524,8.599999999999934,10001202.031956783
3.5999999999999517,8.599999999999934,10001115.477561668
3.799999999999951,8.599999999999934,10001032.635297533
3.9999999999999503,8.599999999999934,10000953.616885446
4.1999999999999496,8.599999999999934,10000878.499062678
4.399999999999949,8.599999999999934,10000807.325494781
4.599999999999948,8.599999999999934,10000740.108929148
4.799999999999947,8.599999999999934,10000676.833541065
4.999999999999947,8.599999999999934,10000617.457424
5.199999999999946,8.599999999999934,10000561.915177256
5.399999999999945,8.599999999999934,10000510.12054661
5.599999999999945,8.599999999999934,10000461.969076293
5.799999999999944,8.599999999999934,10000417.34073427
5.999999999999943,8.599999999999934,10000376.102476541
6.1999999999999424,8.599999999999934,10000338.110720381
6.399999999999942,8.599999999999934,10000303.21370073
6.599999999999941,8.599999999999934,10000271.253688404
6.79999999999994,8.599999999999934,10000242.069053028
6.99999999999994,8.599999999999934,10000215.496157952
7.199999999999939,8.599999999999934,10000191.371078426
7.399999999999938,8.599999999999934,10000169.531138042
7.5999999999999375,8.599999999999934,10000149.816261955
7.799999999999937,8.599999999999934,10000132.07014857
7.999999999999936,8.599999999999934,10000116.141264025
8.199999999999935,8.599999999999934,10000101.883666221
8.399999999999935,8.599999999999934,10000089.157667123
8.599999999999934,8.599999999999934,10000077.830343528
8.799999999999933,8.599999999999934,10000067.775907818
8.999999999999932,8.599999999999934,10000058.875950957
9.199999999999932,8.599999999999934,10000051.01957052
9.399999999999931,8.599999999999934,10000044.10339677
9.59999999999993,8.599999999999934,10000038.031529749
9.79999999999993,8.599999999999934,10000032.715400007
-10.0,8.799999999999933,10000837.217798559
-9.8,8.799999999999933,10000903.363609664
-9.600000000000001,8.799999999999933,10000973.019822698
-9.400000000000002,8.799999999999933,10001046.174266217
-9.200000000000003,8.799999999999933,10001122.788728692
-9.000000000000004,8.799999999999933,10001202.79689716
-8.800000000000004,8.799999999999933,10001286.10245469
-8.600000000000005,8.799999999999933,10001372.577380965
-8.400000000000006,8.799999999999933,10001462.060500672
-8.200000000000006,8.799999999999933,10001554.356323969
-8.000000000000007,8.799999999999933,10001649.2342218
-7.800000000000008,8.799999999999933,10001746.427976359
-7.6000000000000085,8.799999999999933,10001845.635743566
-7.400000000000009,8.799999999999933,10001946.520459725
-7.20000000000001,8.799999999999933,10002048.710719138
-7.000000000000011,8.799999999999933,10002151.802142804
-6.800000000000011,8.799999999999933,10002255.359250894
-6.600000000000012,8.799999999999933,10002358.917843647
-6.400000000000013,8.799999999999933,10002461.9878864
-6.2000000000000135,8.799999999999933,10002564.056885282
-6.000000000000014,8.799999999999933,10002664.593730502
-5.800000000000015,8.799999999999933,10002763.052974632
-5.600000000000016,8.799999999999933,10002858.87950374
-5.400000000000016,8.799999999999933,10002951.51355021
-5.200000000000017,8.799999999999933,10003040.39598757
-5.000000000000018,8.799999999999933,10003124.973839989
-4.8000000000000185,8.799999999999933,10003204.70593249
-4.600000000000019,8.799999999999933,10003279.068602525
-4.40000000000002,8.799999999999933,10003347.561389536
-4.200000000000021,8.799999999999933,10003409.71261673
-4.000000000000021,8.799999999999933,10003465.084778393
-3.800000000000022,8.799999999999933,10003513.279647086
-3.6000000000000227,8.799999999999933,10003553.943017617
-3.4000000000000234,8.799999999999933,10003586.769009119
-3.200000000000024,8.799999999999933,10003611.503852619
-3.000000000000025,8.799999999999933,10003627.94909905
-2.8000000000000256,8.799999999999933,10003635.964191774
-2.6000000000000263,8.799999999999933,10003635.468357852
-2.400000000000027,8.799999999999933,10003626.441783778
-2.2000000000000277,8.799999999999933,10003608.926053284
-2.0000000000000284,8.799999999999933,10003583.023837615
-1.8000000000000291,8.799999999999933,10003548.897841427
-1.6000000000000298,8.799999999999933,10003506.769020323
-1.4000000000000306,8.799999999999933,10003456.914098471
-1.2000000000000313,8.799999999999933,10003399.662426727
-1.000000000000032,8.799999999999933,10003335.392232586
-0.8000000000000327,8.799999999999933,10003264.526323285
-0.6000000000000334,8.799999999999933,10003187.527311949
-0.4000000000000341,8.799999999999933,10003104.892443795
-0.20000000000003482,8.799999999999933,10003017.148104923
-3.552713678800501e-14,8.799999999999933,10002924.844100008
0.19999999999996376,8.799999999999933,10002828.547787234
0.39999999999996305,8.799999999999933,10002728.838159118
0.5999999999999623,8.799999999999933,10002626.299956342
0.7999999999999616,8.799999999999933,10002521.517898692
0.9999999999999609,8.799999999999933,10002415.07111248
1.1999999999999602,8.799999999999933,10002307.52782789
1.3999999999999595,8.799999999999933,10002199.440412352
1.5999999999999588,8.799999999999933,10002091.340797957
1.799999999999958,8.799999999999933,10001983.736351814
1.9999999999999574,8.799999999999933,10001877.106228724
2.1999999999999567,8.799999999999933,10001771.898235613
2.399999999999956,8.799999999999933,10001668.526227282
2.5999999999999552,8.799999999999933,10001567.36804301
2.7999999999999545,8.799999999999933,10001468.763984146
2.999999999999954,8.799999999999933,10001373.01582374
3.199999999999953,8.799999999999933,10001280.38633094
3.3999999999999524,8.799999999999933,10001191.099285347
3.5999999999999517,8.799999999999933,10001105.339949997
3.799999999999951,8.799999999999933,10001023.255965987
3.9999999999999503,8.799999999999933,10000944.95862735
4.1999999999999496,8.799999999999933,10000870.524491277
4.399999999999949,8.799999999999933,10000799.997276576
4.599999999999948,8.799999999999933,10000733.390001917
4.799999999999947,8.799999999999933,10000670.68731515
4.999999999999947,8.799999999999933,10000611.847965788
5.199999999999946,8.799999999999933,10000556.807374105
5.399999999999945,8.799999999999933,10000505.480252717
5.599999999999945,8.799999999999933,10000457.763239367
5.799999999999944,8.799999999999933,10000413.53750308
5.999999999999943,8.799999999999933,10000372.671289694
6.1999999999999424,8.799999999999933,10000335.022376897
6.399999999999942,8.799999999999933,10000300.440413196
6.599999999999941,8.799999999999933,10000268.769119613
6.79999999999994,8.799999999999933,10000239.848337196
6.99999999999994,8.799999999999933,10000213.51590771
7.199999999999939,8.799999999999933,10000189.609378817
7.399999999999938,8.799999999999933,10000167.967528854
7.5999999999999375,8.799999999999933,10000148.431709757
7.799999999999937,8.799999999999933,10000130.847009765
7.999999999999936,8.799999999999933,10000115.06324025
8.199999999999935,8.799999999999933,10000100.935753416
8.399999999999935,8.799999999999933,10000088.326099455
8.599999999999934,8.799999999999933,10000077.102533393
8.799999999999933,8.799999999999933,10000067.14038296
8.999999999999932,8.799999999999933,10000058.322289735
9.199999999999932,8.799999999999933,10000050.538336225
9.399999999999931,8.799999999999933,10000043.686071817
9.59999999999993,8.799999999999933,10000037.670450443
9.79999999999993,8.799999999999933,10000032.403692506
-10.0,8.999999999999932,10000812.881014105
-9.8,8.999999999999932,10000877.963130575
-9.600000000000001,8.999999999999932,10000946.552177032
-9.400000000000002,8.999999999999932,10001018.638804553
-9.200000000000003,8.999999999999932,10001094.18769326
-9.000000000000004,8.999999999999932,10001173.135481104
-8.800000000000004,8.999999999999932,10001255.388851836
-8.600000000000005,8.999999999999932,10001340.822826507
-8.400000000000006,8.999999999999932,10001429.279303163
-8.200000000000006,8.999999999999932,10001520.56588904
-8.000000000000007,8.999999999999932,10001614.455067866
-7.800000000000008,8.999999999999932,10001710.683742598
-7.6000000000000085,8.999999999999932,10001808.953190204
-7.400000000000009,8.999999999999932,10001908.929460648
-7.20000000000001,8.999999999999932,10002010.244246595
-7.000000000000011,8.999999999999932,10002112.496243805
-6.800000000000011,8.999999999999932,10002215.253014773
-6.600000000000012,8.999999999999932,10002318.05336004
-6.400000000000013,8.999999999999932,10002420.410192747
-6.2000000000000135,8.999999999999932,10002521.81390279
-6.000000000000014,8.999999999999932,10002621.736187454
-5.800000000000015,8.999999999999932,10002719.634315768
-5.600000000000016,8.999999999999932,10002814.955784459
-5.400000000000016,8.999999999999932,10002907.143314311
-5.200000000000017,8.999999999999932,10002995.640127372
-5.000000000000018,8.999999999999932,10003079.895437691
-4.8000000000000185,8.999999999999932,10003159.370081909
-4.600000000000019,8.999999999999932,10003233.54221049
-4.40000000000002,8.999999999999932,10003301.912956547
-4.200000000000021,8.999999999999932,10003364.011996783
-4.000000000000021,8.999999999999932,10003419.402918275
-3.800000000000022,8.999999999999932,10003467.688305775
-3.6000000000000227,8.999999999999932,10003508.514466919
-3.4000000000000234,8.999999999999932,10003541.575717056
-3.200000000000024,8.999999999999932,10003566.618151525
-3.000000000000025,8.999999999999932,10003583.442840785
-2.8000000000000256,8.999999999999932,10003591.908392804
-2.6000000000000263,8.999999999999932,10003591.93283741
-2.400000000000027,8.999999999999932,10003583.494798549
-2.2000000000000277,8.999999999999932,10003566.633932356
-2.0000000000000284,8.999999999999932,10003541.450621713
-1.8000000000000291,8.999999999999932,10003508.104930455
-1.6000000000000298,8.999999999999932,10003466.814833388
-1.4000000000000306,8.999999999999932,10003417.853750525
-1.2000000000000313,8.999999999999932,10003361.547425827
-1.000000000000032,8.999999999999932,10003298.270201627
-0.8000000000000327,8.999999999999932,10003228.440749759
-0.6000000000000334,8.999999999999932,10003152.517328985
-0.4000000000000341,8.999999999999932,10003070.992645273
-0.20000000000003482,8.999999999999932,10002984.388397083
-3.552713678800501e-14,8.999999999999932,10002893.249591349
0.19999999999996376,8.999999999999932,10002798.138718076
0.39999999999996305,8.999999999999932,10002699.629871495
0.5999999999999623,8.999999999999932,10002598.30290445
0.7999999999999616,8.999999999999932,10002494.73769939
0.9999999999999609,8.999999999999932,10002389.50863487
1.1999999999999602,8.999999999999932,10002283.179320415
1.3999999999999595,8.999999999999932,10002176.297665339
1.5999999999999588,8.999999999999932,10002069.39133905
1.799999999999958,8.999999999999932,10001962.963671366
1.9999999999999574,8.999999999999932,10001857.490031796
2.1999999999999567,8.999999999999932,10001753.41471706
2.399999999999956,8.999999999999932,10001651.148366025
2.5999999999999552,8.999999999999932,10001551.065911604
2.7999999999999545,8.999999999999932,10001453.505069595
2.999999999999954,8.999999999999932,10001358.765355531
3.199999999999953,8.999999999999932,10001267.107612332
3.3999999999999524,8.999999999999932,10001178.754024118
3.5999999999999517,8.999999999999932,10001093.888584979
3.799999999999951,8.999999999999932,10001012.657986026
3.9999999999999503,8.999999999999932,10000935.172879556
4.1999999999999496,8.999999999999932,10000861.509475809
4.399999999999949,8.999999999999932,10000791.71142551
4.599999999999948,8.999999999999932,10000725.791940102
4.799999999999947,8.999999999999932,10000663.73610144
4.999999999999947,8.999999999999932,10000605.503313268
5.199999999999946,8.999999999999932,10000551.029848406
5.399999999999945,8.999999999999932,10000500.231447894
5.599999999999945,8.999999999999932,10000453.005931063
5.799999999999944,8.999999999999932,10000409.235779138
5.999999999999943,8.999999999999932,10000368.790658599
6.1999999999999424,8.999999999999932,10000331.529854724
6.399999999999942,8.999999999999932,10000297.304589992
6.599999999999941,8.999999999999932,10000265.960206274
6.79999999999994,8.999999999999932,10000237.338194167
6.99999999999994,8.999999999999932,10000211.278056864
7.199999999999939,8.999999999999932,10000187.619000003
7.399999999999938,8.999999999999932,10000166.201442702
7.5999999999999375,8.999999999999932,10000146.868348286
7.799999999999937,8.999999999999932,10000129.46637637
7.999999999999936,8.999999999999932,10000113.84686068
8.199999999999935,8.999999999999932,10000099.866619203
8.399999999999935,8.999999999999932,10000087.38860525
8.599999999999934,8.999999999999932,10000076.2824096
8.799999999999933,8.999999999999932,10000066.424624942
8.999999999999932,8.999999999999932,10000057.699084727
9.199999999999932,8.999999999999932,10000049.996989064
9.399999999999931,8.999999999999932,10000043.216930406
9.59999999999993,8.999999999999932,10000037.264831793
9.79999999999993,8.999999999999932,10000032.053810107
-10.0,9.199999999999932,10000789.307753384
-9.8,9.199999999999932,10000853.29658065
-9.600000000000001,9.199999999999932,10000920.781637352
-9.400000000000002,9.199999999999932,10000991.756106287
-9.200000000000003,9.199999999999932,10001066.187315632
-9.000000000000004,9.199999999999932,10001144.0146635
-8.800000000000004,9.199999999999932,10001225.14770175
-8.600000000000005,9.199999999999932,10001309.464423222
-8.400000000000006,9.199999999999932,10001396.809797138
-8.200000000000006,9.199999999999932,10001486.994596636
-8.000000000000007,9.199999999999932,10001579.794561103
-7.800000000000008,9.199999999999932,10001674.949933294
-7.6000000000000085,9.199999999999932,10001772.165407775
-7.400000000000009,9.199999999999932,10001871.110522548
-7.20000000000001,9.199999999999932,10001971.420520237
-7.000000000000011,9.199999999999932,10002072.697698547
-6.800000000000011,9.199999999999932,10002174.513262404
-6.600000000000012,9.199999999999932,10002276.40968197
-6.400000000000013,9.199999999999932,10002377.903552013
-6.2000000000000135,9.199999999999932,10002478.488938842
-6.000000000000014,9.199999999999932,10002577.641191661
-5.800000000000015,9.199999999999932,10002674.821185533
-5.600000000000016,9.199999999999932,10002769.479953911
-5.400000000000016,9.199999999999932,10002861.063659672
-5.200000000000017,9.199999999999932,10002949.018845199
-5.000000000000018,9.199999999999932,10003032.797894545
-4.8000000000000185,9.199999999999932,10003111.864634212
-4.600000000000019,9.199999999999932,10003185.699993774
-4.40000000000002,9.199999999999932,10003253.807643691
-4.200000000000021,9.199999999999932,10003315.719525307
-4.000000000000021,9.199999999999932,10003371.0011873
-3.800000000000022,9.199999999999932,10003419.256843776
-3.6000000000000227,9.199999999999932,10003460.134071978
-3.4000000000000234,9.199999999999932,10003493.328071864
-3.200000000000024,9.199999999999932,10003518.585415987
-3.000000000000025,9.199999999999932,10003535.707225502
-2.8000000000000256,9.199999999999932,10003544.55171736
-2.6000000000000263,9.199999999999932,10003545.036077673
-2.400000000000027,9.199999999999932,10003537.137627648
-2.2000000000000277,9.199999999999932,10003520.89426034
-2.0000000000000284,9.199999999999932,10003496.404138975
-1.8000000000000291,9.199999999999932,10003463.82466028
-1.6000000000000298,9.199999999999932,10003423.370698933
-1.4000000000000306,9.199999999999932,10003375.31216145
-1.2000000000000313,9.199999999999932,10003319.970889708
-1.000000000000032,9.199999999999932,10003257.716964899
-0.8000000000000327,9.199999999999932,10003188.964472687
-0.6000000000000334,9.199999999999932,10003114.166798627
-0.4000000000000341,9.199999999999932,10003033.811529938
-0.20000000000003482,9.199999999999932,10002948.415045144
-3.552713678800501e-14,9.199999999999932,10002858.516876673
0.19999999999996376,9.199999999999932,10002764.673933621
0.39999999999996305,9.199999999999932,10002667.454671944
0.5999999999999623,9.199999999999932,10002567.433297971
0.7999999999999616,9.199999999999932,10002465.184088025
0.9999999999999609,9.199999999999932,10002361.27590223
1.1999999999999602,9.199999999999932,10002256.266964767
1.3999999999999595,9.199999999999932,10002150.699975561
1.5999999999999588,9.199999999999932,10002045.097610382
1.799999999999958,9.199999999999932,10001939.958457338
1.9999999999999574,9.199999999999932,10001835.753428414
2.1999999999999567,9.199999999999932,10001732.922674857
2.399999999999956,9.199999999999932,10001631.8730255
2.5999999999999552,9.199999999999932,10001532.975957278
2.7999999999999545,9.199999999999932,10001436.56609792
2.999999999999954,9.199999999999932,10001342.940251863
3.199999999999953,9.199999999999932,10001252.356932307
3.3999999999999524,9.199999999999932,10001165.036374887
3.5999999999999517,9.199999999999932,10001081.161002047
3.799999999999951,9.199999999999932,10001000.876301678
3.9999999999999503,9.199999999999932,10000924.292079244
4.1999999999999496,9.199999999999932,10000851.484039215
4.399999999999949,9.199999999999932,10000782.49564946
4.599999999999948,9.199999999999932,10000717.34024091
4.799999999999947,9.199999999999932,10000656.00329469
4.999999999999947,9.199999999999932,10000598.44486953
5.199999999999946,9.199999999999932,10000544.60212383
5.399999999999945,9.199999999999932,10000494.391888978
5.599999999999945,9.199999999999932,10000447.713253384
5.799999999999944,9.199999999999932,10000404.450120155
5.999999999999943,9.199999999999932,10000364.473705
6.1999999999999424,9.199999999999932,10000327.644945096
6.399999999999942,9.199999999999932,10000293.81679386
6.599999999999941,9.199999999999932,10000262.836380797
6.79999999999994,9.199999999999932,10000234.547019904
6.99999999999994,9.199999999999932,10000208.790054278
7.199999999999939,9.199999999999932,10000185.406528376
7.399999999999938,9.199999999999932,10000164.238683239
7.5999999999999375,9.199999999999932,10000145.131273238
7.799999999999937,9.199999999999932,10000127.93270599
7.999999999999936,9.199999999999932,10000112.496009763
8.199999999999935,9.199999999999932,10000098.679634983
8.399999999999935,9.199999999999932,10000086.348098284
8.599999999999934,9.199999999999932,10000075.372479202
8.799999999999933,9.199999999999932,10000065.63078063
8.999999999999932,9.199999999999932,10000057.008165007
9.199999999999932,9.199999999999932,10000049.397078773
9.399999999999931,9.199999999999932,10000042.69727769
9.59999999999993,9.199999999999932,10000036.815765671
9.79999999999993,9.199999999999932,10000031.666659465
-10.0,9.399999999999931,10000766.427800227
-9.8,9.399999999999931,10000829.293259205
-9.600000000000001,9.399999999999931,10000895.637318883
-9.400000000000002,9.399999999999931,10000965.455421105
-9.200000000000003,9.399999999999931,10001038.717314871
-9.000000000000004,9.399999999999931,10001115.364982069
-8.800000000000004,9.399999999999931,10001195.31072213
-8.600000000000005,9.399999999999931,10001278.435439708
-8.400000000000006,9.399999999999931,10001364.587179802
-8.200000000000006,9.399999999999931,10001453.579954207
-8.000000000000007,9.399999999999931,10001545.192901637
-7.800000000000008,9.399999999999931,10001639.169821294
-7.6000000000000085,9.399999999999931,10001735.21911614
-7.400000000000009,9.399999999999931,10001833.014177494
-7.20000000000001,9.399999999999931,10001932.194237035
-7.000000000000011,9.399999999999931,10002032.365705727
-6.800000000000011,9.399999999999931,10002133.104011849
-6.600000000000012,9.399999999999931,10002233.955942115
-6.400000000000013,9.399999999999931,10002334.442481324
-6.2000000000000135,9.399999999999931,10002434.062136574
-6.000000000000014,9.399999999999931,10002532.294722928
-5.800000000000015,9.399999999999931,10002628.605577823
-5.600000000000016,9.399999999999931,10002722.45016225
-5.400000000000016,9.399999999999931,10002813.278997878
-5.200000000000017,9.399999999999931,10002900.542880934
-5.000000000000018,9.399999999999931,10002983.698306328
-4.8000000000000185,9.399999999999931,10003062.213028852
-4.600000000000019,9.399999999999931,10003135.571683329
-4.40000000000002,9.399999999999931,10003203.281381547
-4.200000000000021,9.399999999999931,10003264.87720164
-4.000000000000021,9.399999999999931,10003319.927484786
-3.800000000000022,9.399999999999931,10003368.038855195
-3.6000000000000227,9.399999999999931,10003408.860881932
-3.4000000000000234,9.399999999999931,10003442.090305625
-3.200000000000024,9.399999999999931,10003467.474759094
-3.000000000000025,9.399999999999931,10003484.815918408
-2.8000000000000256,9.399999999999931,10003493.972029923
-2.6000000000000263,9.399999999999931,10003494.859768894
-2.400000000000027,9.399999999999931,10003487.455396412
-2.2000000000000277,9.399999999999931,10003471.795193268
-2.0000000000000284,9.399999999999931,10003447.975161733
-1.8000000000000291,9.399999999999931,10003416.149998778
-1.6000000000000298,9.399999999999931,10003376.531356879
-1.4000000000000306,9.399999999999931,10003329.385420572
-1.2000000000000313,9.399999999999931,10003275.029838752
-1.000000000000032,9.399999999999931,10003213.830063127
-0.8000000000000327,9.399999999999931,10003146.195153182
-0.6000000000000334,9.399999999999931,10003072.573116109
-0.4000000000000341,9.399999999999931,10002993.445857229
-0.20000000000003482,9.399999999999931,10002909.323821599
-3.552713678800501e-14,9.399999999999931,10002820.740411244
0.19999999999996376,9.399999999999931,10002728.24626432
0.39999999999996305,9.399999999999931,10002632.403482653
0.5999999999999623,9.399999999999931,10002533.77989279
0.7999999999999616,9.399999999999931,10002432.943422334
0.9999999999999609,9.399999999999931,10002330.45666907
1.1999999999999602,9.399999999999931,10002226.87173415
1.3999999999999595,9.399999999999931,10002122.725383816
1.5999999999999588,9.399999999999931,10002018.534595868
1.799999999999958,9.399999999999931,10001914.792538371
1.9999999999999574,9.399999999999931,10001811.965018759
2.1999999999999567,9.399999999999931,10001710.48743181
2.399999999999956,9.399999999999931,10001610.762225233
2.5999999999999552,9.399999999999931,10001513.156892043
2.7999999999999545,9.399999999999931,10001418.00248956
2.999999999999954,9.399999999999931,10001325.592676148
3.199999999999953,9.399999999999931,10001236.183248723
3.3999999999999524,9.399999999999931,10001149.992156655
3.5999999999999517,9.399999999999931,10001067.199961508
3.799999999999951,9.399999999999931,10000987.950706473
3.9999999999999503,9.399999999999931,10000912.35315509
4.1999999999999496,9.399999999999931,10000840.482355619
4.399999999999949,9.399999999999931,10000772.381485034
4.599999999999948,9.399999999999931,10000708.063925626
4.799999999999947,9.399999999999931,10000647.51552679
4.999999999999947,9.399999999999931,10000590.697005384
5.199999999999946,9.399999999999931,10000537.546439493
5.399999999999945,9.399999999999931,10000487.981812732
5.599999999999945,9.399999999999931,10000441.90356899
5.799999999999944,9.399999999999931,10000399.197140917
5.999999999999943,9.399999999999931,10000359.735419208
6.1999999999999424,9.399999999999931,10000323.381133728
6.399999999999942,9.399999999999931,10000289.9891217
6.599999999999941,9.399999999999931,10000259.40846242
6.79999999999994,9.399999999999931,10000231.484462181
6.99999999999994,9.399999999999931,10000206.060477197
7.199999999999939,9.399999999999931,10000182.979566094
7.399999999999938,9.399999999999931,10000162.085967395
7.5999999999999375,9.399999999999931,10000143.226400532
7.799999999999937,9.399999999999931,10000126.251192093
7.999999999999936,9.399999999999931,10000111.015231518
8.199999999999935,9.399999999999931,10000097.378762873
8.399999999999935,9.399999999999931,10000085.208021017
8.599999999999934,9.399999999999931,10000074.375722125
8.799999999999933,9.399999999999931,10000064.761419645
8.999999999999932,9.399999999999931,10000056.251737457
9.199999999999932,9.399999999999931,10000048.74049265
9.399999999999931,9.399999999999931,10000042.128720395
9.59999999999993,9.399999999999931,10000036.324613368
9.79999999999993,9.399999999999931,10000031.243387943
-10.0,9.59999999999993,10000744.175569523
-9.8,9.59999999999993,10000805.887421083
-9.600000000000001,9.59999999999993,10000871.053630976
-9.400000000000002,9.59999999999993,10000939.671645261
-9.200000000000003,9.59999999999993,10001011.71342252
-9.000000000000004,9.59999999999993,10001087.12336585
-8.800000000000004,9.59999999999993,10001165.816413203
-8.600000000000005,9.59999999999993,10001247.676329825
-8.400000000000006,9.59999999999993,10001332.554247046
-8.200000000000006,9.59999999999993,10001420.267490923
-8.000000000000007,9.59999999999993,10001510.598742817
-7.800000000000008,9.59999999999993,10001603.295571286
-7.6000000000000085,9.59999999999993,10001698.070371326
-7.400000000000009,9.59999999999993,10001794.600742148
-7.20000000000001,9.59999999999993,10001892.53032937
-7.000000000000011,9.59999999999993,10001991.470150823
-6.800000000000011,9.59999999999993,10002091.000417907
-6.600000000000012,9.59999999999993,10002190.672856426
-6.400000000000013,9.59999999999993,10002290.013522038
-6.2000000000000135,9.59999999999993,10002388.526096502
-6.000000000000014,9.59999999999993,10002485.695641551
-5.800000000000015,9.59999999999993,10002580.992777798
-5.600000000000016,9.59999999999993,10002673.878246984
-5.400000000000016,9.59999999999993,10002763.80780697
-5.200000000000017,9.59999999999993,10002850.237400763
-5.000000000000018,9.59999999999993,10002932.628533453
-4.8000000000000185,9.59999999999993,10003010.453784576
-4.600000000000019,9.59999999999993,10003083.202378301
-4.40000000000002,9.59999999999993,10003150.385730099
-4.200000000000021,9.59999999999993,10003211.542886209
-4.000000000000021,9.59999999999993,10003266.245771667
-3.800000000000022,9.59999999999993,10003314.104163626
-3.6000000000000227,9.59999999999993,10003354.77030936
-3.4000000000000234,9.59999999999993,10003387.943112824
-3.200000000000024,9.59999999999993,10003413.371819528
-3.000000000000025,9.59999999999993,10003430.85913705
-2.8000000000000256,9.59999999999993,10003440.263737317
-2.6000000000000263,9.59999999999993,10003441.502096847
-2.400000000000027,9.59999999999993,10003434.54964217
-2.2000000000000277,9.59999999999993,10003419.441179415
-2.0000000000000284,9.59999999999993,10003396.270599237
-1.8000000000000291,9.59999999999993,10003365.189860756
-1.6000000000000298,9.59999999999993,10003326.407270594
-1.4000000000000306,9.59999999999993,10003280.18508505
-1.2000000000000313,9.59999999999993,10003226.836475035
-1.000000000000032,9.59999999999993,10003166.721903848
-0.8000000000000327,9.59999999999993,10003100.244977491
-0.6000000000000334,9.59999999999993,10003027.84783545
-0.4000000000000341,9.59999999999993,10002950.00615657
-0.20000000000003482,9.59999999999993,10002867.223860014
-3.552713678800501e-14,9.59999999999993,10002780.027584804
0.19999999999996376,9.59999999999993,10002688.961033262
0.39999999999996305,9.59999999999993,10002594.579263972
0.5999999999999623,9.59999999999993,10002497.443018245
0.7999999999999616,9.59999999999993,10002398.11316113
0.9999999999999609,9.59999999999993,10002297.145313352
1.1999999999999602,9.59999999999993,10002195.084744776
1.3999999999999595,9.59999999999993,10002092.461592935
1.5999999999999588,9.59999999999993,10001989.786462177
1.799999999999958,9.59999999999993,10001887.54645034
1.9999999999999574,9.59999999999993,10001786.201640524
2.1999999999999567,9.59999999999993,10001686.18208607
2.399999999999956,9.59999999999993,10001587.88530719
2.5999999999999552,9.59999999999993,10001491.674308212
2.7999999999999545,9.59999999999993,10001397.876115257
2.999999999999954,9.59999999999993,10001306.780825417
3.199999999999953,9.59999999999993,10001218.641150685
3.3999999999999524,9.59999999999993,10001133.672432462
3.5999999999999517,9.59999999999993,10001052.05309638
3.799999999999951,9.59999999999993,10000973.92551171
3.9999999999999503,9.59999999999993,10000899.397215413
4.1999999999999496,9.59999999999993,10000828.542457638
4.399999999999949,9.59999999999993,10000761.404023284
4.599999999999948,9.59999999999993,10000697.99528304
4.799999999999947,9.59999999999993,10000638.302427158
4.999999999999947,9.59999999999993,10000582.286835853
5.199999999999946,9.59999999999993,10000529.887541788
5.399999999999945,9.59999999999993,10000481.023742216
5.599999999999945,9.59999999999993,10000435.597321304
5.799999999999944,9.59999999999993,10000393.495346343
5.999999999999943,9.59999999999993,10000354.59250536
6.1999999999999424,9.59999999999993,10000318.753457526
6.399999999999942,9.59999999999993,10000285.835071947
6.599999999999941,9.59999999999993,10000255.688534612
6.79999999999994,9.59999999999993,10000228.161307324
6.99999999999994,9.59999999999993,10000203.098926637
7.199999999999939,9.59999999999993,10000180.346634556
7.399999999999938,9.59999999999993,10000159.750836348
7.5999999999999375,9.59999999999993,10000141.160384212
7.799999999999937,9.59999999999993,10000124.427688358
7.999999999999936,9.59999999999993,10000109.409659844
8.199999999999935,9.59999999999993,10000095.968491513
8.399999999999935,9.59999999999993,10000083.97228545
8.599999999999934,9.59999999999993,10000073.295536704
8.799999999999933,9.59999999999993,10000063.81948421
8.999999999999932,9.59999999999993,10000055.43234059
9.199999999999932,9.59999999999993,10000048.029413048
9.399999999999931,9.59999999999993,10000041.51312768
9.59999999999993,9.59999999999993,10000035.792969534
9.79999999999993,9.59999999999993,10000030.785350418
-10.0,9.79999999999993,10000722.490386127
-9.8,9.79999999999993,10000783.018551696
-9.600000000000001,9.79999999999993,10000846.970546402
-9.400000000000002,9.79999999999993,10000914.345583191
-9.200000000000003,9.79999999999993,10000985.117634486
-9.000000000000004,9.79999999999993,10001059.233375339
-8.800000000000004,9.79999999999993,10001136.61028388
-8.600000000000005,9.79999999999993,10001217.134942755
-8.400000000000006,9.79999999999993,10001300.661585182
-8.200000000000006,9.79999999999993,10001387.010928927
-8.000000000000007,9.79999999999993,10001475.969339771
-7.800000000000008,9.79999999999993,10001567.28836357
-7.6000000000000085,9.79999999999993,10001660.684662389
-7.400000000000009,9.79999999999993,10001755.84038572
-7.20000000000001,9.79999999999993,10001852.404002171
-7.000000000000011,9.79999999999993,10001949.991610594
-6.800000000000011,9.79999999999993,10002048.18874238
-6.600000000000012,9.79999999999993,10002146.552658597
-6.400000000000013,9.79999999999993,10002244.615137078
-6.2000000000000135,9.79999999999993,10002341.885735633
-6.000000000000014,9.79999999999993,10002437.855508232
-5.800000000000015,9.79999999999993,10002532.00114186
-5.600000000000016,9.79999999999993,10002623.789472528
-5.400000000000016,9.79999999999993,10002712.68233033
-5.200000000000017,9.79999999999993,10002798.141655328
-5.000000000000018,9.79999999999993,10002879.634818643
-4.8000000000000185,9.79999999999993,10002956.640077079
-4.600000000000019,9.79999999999993,10003028.652084414
-4.40000000000002,9.79999999999993,10003095.187378779
-4.200000000000021,9.79999999999993,10003155.789763454
-4.000000000000021,9.79999999999993,10003210.035497708
-3.800000000000022,9.79999999999993,10003257.53821533
-3.6000000000000227,9.79999999999993,10003297.953491287
-3.4000000000000234,9.79999999999993,10003330.982981231
-3.200000000000024,9.79999999999993,10003356.378064485
-3.000000000000025,9.79999999999993,10003373.942928722
-2.8000000000000256,9.79999999999993,10003383.537043104
-2.6000000000000263,9.79999999999993,10003385.076976806
-2.400000000000027,9.79999999999993,10003378.537530575
-2.2000000000000277,9.79999999999993,10003363.952160724
-2.0000000000000284,9.79999999999993,10003341.412686996
-1.8000000000000291,9.79999999999993,10003311.06828806
-1.6000000000000298,9.79999999999993,10003273.12380062
-1.4000000000000306,9.79999999999993,10003227.837350054
-1.2000000000000313,9.79999999999993,10003175.517351734
-1.000000000000032,9.79999999999993,10003116.518932737
-0.8000000000000327,9.79999999999993,10003051.239832891
-0.6000000000000334,9.79999999999993,10002980.11585239
-0.4000000000000341,9.79999999999993,10002903.615919746
-0.20000000000003482,9.79999999999993,10002822.236859117
-3.552713678800501e-14,9.79999999999993,10002736.497939467
0.19999999999996376,9.79999999999993,10002646.935289904
0.39999999999996305,9.79999999999993,10002554.09626563
0.5999999999999623,9.79999999999993,10002458.53384753
0.7999999999999616,9.79999999999993,10002360.80115525
0.9999999999999609,9.79999999999993,10002261.44614928
1.1999999999999602,9.79999999999993,10002161.006591534
1.3999999999999595,9.79999999999993,10002060.00532721
1.5999999999999588,9.79999999999993,10001958.945942624
1.799999999999958,9.79999999999993,10001858.30884528
1.9999999999999574,9.79999999999993,10001758.547803167
2.1999999999999567,9.79999999999993,10001660.086970964
2.399999999999956,9.79999999999993,10001563.318421226
2.5999999999999552,9.79999999999993,10001468.600189405
2.7999999999999545,9.79999999999993,10001376.254832357
2.999999999999954,9.79999999999993,10001286.568491556
3.199999999999953,9.79999999999993,10001199.790444303
3.3999999999999524,9.79999999999993,10001116.133119142
3.5999999999999517,9.79999999999993,10001035.772545489
3.799999999999951,9.79999999999993,10000958.84920221
3.9999999999999503,9.79999999999993,10000885.469225738
4.1999999999999496,9.79999999999993,10000815.705935016
4.399999999999949,9.79999999999993,10000749.601628555
4.599999999999948,9.79999999999993,10000687.169607589
4.799999999999947,9.79999999999993,10000628.396379232
4.999999999999947,9.79999999999993,10000573.243994173
5.199999999999946,9.79999999999993,10000521.652474934
5.399999999999945,9.79999999999993,10000473.542292936
5.599999999999945,9.79999999999993,10000428.816855373
5.799999999999944,9.79999999999993,10000387.36496618
5.999999999999943,9.79999999999993,10000349.063229037
6.1999999999999424,9.79999999999993,10000313.77836427
6.399999999999942,9.79999999999993,10000281.369415563
6.599999999999941,9.79999999999993,10000251.689826535
6.79999999999994,9.79999999999993,10000224.589371376
6.99999999999994,9.79999999999993,10000199.915927604
7.199999999999939,9.79999999999993,10000177.517082945
7.399999999999938,9.79999999999993,10000157.241571758
7.5999999999999375,9.79999999999993,10000138.940539734
7.799999999999937,9.79999999999993,10000122.468638495
7.999999999999936,9.79999999999993,10000107.684954314
8.199999999999935,9.79999999999993,10000094.453777324
8.399999999999935,9.79999999999993,10000082.645219432
8.599999999999934,9.79999999999993,10000072.135690596
8.799999999999933,9.79999999999993,10000062.808244275
8.999999999999932,9.79999999999993,10000054.552803537
9.199999999999932,9.79999999999993,10000047.266279861
9.399999999999931,9.79999999999993,10000040.852596836
9.59999999999993,9.79999999999993,10000035.222630847
9.79999999999993,9.79999999999993,10000030.294080624
